2026-07-25 23:35:42,642 - snakemake_workflow - log - INFO - HydroMT version: 0.9.3
2026-07-25 23:35:42,642 - snakemake_workflow - data_catalog - INFO - Parsing data catalog from C:\Users\schlumbe\GFM_Matrix_Snakemake\snakemake_workflow/config/data_catalog_gfm.yml
Building DAG of jobs...
Considering only batch 18/20 (rule preprocess) for DAG computation.
All jobs beyond the batching rule are omitted until the final batch.
Don't forget to run the other batches too.
Provided cores: 4
Rules claiming more threads will be scaled down.
Job stats:
job                      count
---------------------  -------
compute_friction             5
compute_model_bbox           4
extract_boundaries         180
extract_dem                  4
extract_dem_mask             4
extract_tile_geometry        3
write_aqueduct_config      225
total                      425

Select jobs to execute...

[Sat Jul 25 23:42:22 2026]
rule extract_boundaries:
    input: P:/11212688-004-global-floodmaps/modelling/model_outputs/7172/inputs/tile_geometry.gpkg
    output: P:/11212688-004-global-floodmaps/modelling/model_outputs/7172/inputs/boundaries_RP10_SLR_500.gpkg
    jobid: 5090
    reason: Missing output files: P:/11212688-004-global-floodmaps/modelling/model_outputs/7172/inputs/boundaries_RP10_SLR_500.gpkg
    wildcards: tile_id=7172, return_period=RP10, waterlevel_name=SLR_500
    resources: tmpdir=C:\Users\schlumbe\AppData\Local\Temp

[Sat Jul 25 23:42:22 2026]
rule extract_boundaries:
    input: P:/11212688-004-global-floodmaps/modelling/model_outputs/7172/inputs/tile_geometry.gpkg
    output: P:/11212688-004-global-floodmaps/modelling/model_outputs/7172/inputs/boundaries_RP2_SLR_500.gpkg
    jobid: 5120
    reason: Missing output files: P:/11212688-004-global-floodmaps/modelling/model_outputs/7172/inputs/boundaries_RP2_SLR_500.gpkg
    wildcards: tile_id=7172, return_period=RP2, waterlevel_name=SLR_500
    resources: tmpdir=C:\Users\schlumbe\AppData\Local\Temp

[Sat Jul 25 23:42:22 2026]
rule compute_friction:
    input: P:/11212688-004-global-floodmaps/modelling/model_outputs/71/inputs/dem.tif
    output: P:/11212688-004-global-floodmaps/modelling/model_outputs/71/inputs/friction.tif
    jobid: 3921
    reason: Missing output files: P:/11212688-004-global-floodmaps/modelling/model_outputs/71/inputs/friction.tif
    wildcards: tile_id=71
    resources: tmpdir=C:\Users\schlumbe\AppData\Local\Temp

[Sat Jul 25 23:42:22 2026]
rule extract_boundaries:
    input: P:/11212688-004-global-floodmaps/modelling/model_outputs/7172/inputs/tile_geometry.gpkg
    output: P:/11212688-004-global-floodmaps/modelling/model_outputs/7172/inputs/boundaries_RP5_SLR_500.gpkg
    jobid: 5150
    reason: Missing output files: P:/11212688-004-global-floodmaps/modelling/model_outputs/7172/inputs/boundaries_RP5_SLR_500.gpkg
    wildcards: tile_id=7172, return_period=RP5, waterlevel_name=SLR_500
    resources: tmpdir=C:\Users\schlumbe\AppData\Local\Temp

2026-07-25 23:42:32,537 - snakemake_workflow - log - INFO - HydroMT version: 0.9.3
2026-07-25 23:42:32,538 - snakemake_workflow - data_catalog - INFO - Parsing data catalog from snakemake_workflow/config/data_catalog_gfm.yml
2026-07-25 23:42:32,576 - snakemake_workflow - rasterdataset - INFO - Reading land_use raster data from P:\11212688-004-global-floodmaps\modelling\inputs\Copernicus\Copernicus_LandUse.tif
2026-07-25 23:42:32,717 - snakemake_workflow - rasterdataset - DEBUG - Clip to [-62.875, 79.999, -59.625, 82.536] (epsg:4326))
2026-07-25 23:42:32,719 - snakemake_workflow - rasterdataset - WARNING - Dataset does [-62.875000000000384, 79.99900793650794, -59.6250000000004, 80.0] does not fully cover bbox [-62.875, 79.999, -59.625, 82.536]
[Sat Jul 25 23:42:33 2026]
Finished job 5090.
1 of 425 steps (0.2%) done
Select jobs to execute...

[Sat Jul 25 23:42:33 2026]
rule extract_boundaries:
    input: P:/11212688-004-global-floodmaps/modelling/model_outputs/7172/inputs/tile_geometry.gpkg
    output: P:/11212688-004-global-floodmaps/modelling/model_outputs/7172/inputs/boundaries_RP250_SLR_2000.gpkg
    jobid: 5098
    reason: Missing output files: P:/11212688-004-global-floodmaps/modelling/model_outputs/7172/inputs/boundaries_RP250_SLR_2000.gpkg
    wildcards: tile_id=7172, return_period=RP250, waterlevel_name=SLR_2000
    resources: tmpdir=C:\Users\schlumbe\AppData\Local\Temp

[Sat Jul 25 23:42:33 2026]
Finished job 5120.
2 of 425 steps (0.5%) done
[Sat Jul 25 23:42:33 2026]
Finished job 5150.
3 of 425 steps (1%) done
Select jobs to execute...

[Sat Jul 25 23:42:33 2026]
rule extract_boundaries:
    input: P:/11212688-004-global-floodmaps/modelling/model_outputs/7172/inputs/tile_geometry.gpkg
    output: P:/11212688-004-global-floodmaps/modelling/model_outputs/7172/inputs/boundaries_RP1000_SLR_2000.gpkg
    jobid: 5068
    reason: Missing output files: P:/11212688-004-global-floodmaps/modelling/model_outputs/7172/inputs/boundaries_RP1000_SLR_2000.gpkg
    wildcards: tile_id=7172, return_period=RP1000, waterlevel_name=SLR_2000
    resources: tmpdir=C:\Users\schlumbe\AppData\Local\Temp

[Sat Jul 25 23:42:33 2026]
rule extract_boundaries:
    input: P:/11212688-004-global-floodmaps/modelling/model_outputs/7172/inputs/tile_geometry.gpkg
    output: P:/11212688-004-global-floodmaps/modelling/model_outputs/7172/inputs/boundaries_RP500_SLR_2000.gpkg
    jobid: 5128
    reason: Missing output files: P:/11212688-004-global-floodmaps/modelling/model_outputs/7172/inputs/boundaries_RP500_SLR_2000.gpkg
    wildcards: tile_id=7172, return_period=RP500, waterlevel_name=SLR_2000
    resources: tmpdir=C:\Users\schlumbe\AppData\Local\Temp

Select jobs to execute...
[Sat Jul 25 23:42:34 2026]
Finished job 3921.
4 of 425 steps (1%) done

[Sat Jul 25 23:42:35 2026]
rule write_aqueduct_config:
    input: P:/11212688-004-global-floodmaps/modelling/model_outputs/71/inputs/dem.tif, P:/11212688-004-global-floodmaps/modelling/model_outputs/71/inputs/mask.tif, P:/11212688-004-global-floodmaps/modelling/model_outputs/71/inputs/friction.tif, P:/11212688-004-global-floodmaps/modelling/model_outputs/71/inputs/boundaries_RP100_SLR_1500.gpkg
    output: P:/11212688-004-global-floodmaps/modelling/model_outputs/71/inputs/aqueduct_RP100_SLR_1500.toml
    jobid: 3935
    reason: Missing output files: P:/11212688-004-global-floodmaps/modelling/model_outputs/71/inputs/aqueduct_RP100_SLR_1500.toml; Input files updated by another job: P:/11212688-004-global-floodmaps/modelling/model_outputs/71/inputs/friction.tif
    wildcards: tile_id=71, return_period=RP100, waterlevel_name=SLR_1500
    resources: tmpdir=C:\Users\schlumbe\AppData\Local\Temp

[Sat Jul 25 23:42:35 2026]
Finished job 3935.
5 of 425 steps (1%) done
Select jobs to execute...

[Sat Jul 25 23:42:35 2026]
rule write_aqueduct_config:
    input: P:/11212688-004-global-floodmaps/modelling/model_outputs/71/inputs/dem.tif, P:/11212688-004-global-floodmaps/modelling/model_outputs/71/inputs/mask.tif, P:/11212688-004-global-floodmaps/modelling/model_outputs/71/inputs/friction.tif, P:/11212688-004-global-floodmaps/modelling/model_outputs/71/inputs/boundaries_RP50_SLR_1500.gpkg
    output: P:/11212688-004-global-floodmaps/modelling/model_outputs/71/inputs/aqueduct_RP50_SLR_1500.toml
    jobid: 3995
    reason: Missing output files: P:/11212688-004-global-floodmaps/modelling/model_outputs/71/inputs/aqueduct_RP50_SLR_1500.toml; Input files updated by another job: P:/11212688-004-global-floodmaps/modelling/model_outputs/71/inputs/friction.tif
    wildcards: tile_id=71, return_period=RP50, waterlevel_name=SLR_1500
    resources: tmpdir=C:\Users\schlumbe\AppData\Local\Temp

[Sat Jul 25 23:42:36 2026]
Finished job 3995.
6 of 425 steps (1%) done
Select jobs to execute...

[Sat Jul 25 23:42:36 2026]
rule write_aqueduct_config:
    input: P:/11212688-004-global-floodmaps/modelling/model_outputs/71/inputs/dem.tif, P:/11212688-004-global-floodmaps/modelling/model_outputs/71/inputs/mask.tif, P:/11212688-004-global-floodmaps/modelling/model_outputs/71/inputs/friction.tif, P:/11212688-004-global-floodmaps/modelling/model_outputs/71/inputs/boundaries_RP25_SLR_1500.gpkg
    output: P:/11212688-004-global-floodmaps/modelling/model_outputs/71/inputs/aqueduct_RP25_SLR_1500.toml
    jobid: 3965
    reason: Missing output files: P:/11212688-004-global-floodmaps/modelling/model_outputs/71/inputs/aqueduct_RP25_SLR_1500.toml; Input files updated by another job: P:/11212688-004-global-floodmaps/modelling/model_outputs/71/inputs/friction.tif
    wildcards: tile_id=71, return_period=RP25, waterlevel_name=SLR_1500
    resources: tmpdir=C:\Users\schlumbe\AppData\Local\Temp

[Sat Jul 25 23:42:36 2026]
Finished job 3965.
7 of 425 steps (2%) done
Select jobs to execute...

[Sat Jul 25 23:42:36 2026]
rule write_aqueduct_config:
    input: P:/11212688-004-global-floodmaps/modelling/model_outputs/71/inputs/dem.tif, P:/11212688-004-global-floodmaps/modelling/model_outputs/71/inputs/mask.tif, P:/11212688-004-global-floodmaps/modelling/model_outputs/71/inputs/friction.tif, P:/11212688-004-global-floodmaps/modelling/model_outputs/71/inputs/boundaries_RP100_SLR_2000.gpkg
    output: P:/11212688-004-global-floodmaps/modelling/model_outputs/71/inputs/aqueduct_RP100_SLR_2000.toml
    jobid: 3937
    reason: Missing output files: P:/11212688-004-global-floodmaps/modelling/model_outputs/71/inputs/aqueduct_RP100_SLR_2000.toml; Input files updated by another job: P:/11212688-004-global-floodmaps/modelling/model_outputs/71/inputs/friction.tif
    wildcards: tile_id=71, return_period=RP100, waterlevel_name=SLR_2000
    resources: tmpdir=C:\Users\schlumbe\AppData\Local\Temp

[Sat Jul 25 23:42:37 2026]
Finished job 3937.
8 of 425 steps (2%) done
Select jobs to execute...

[Sat Jul 25 23:42:37 2026]
rule write_aqueduct_config:
    input: P:/11212688-004-global-floodmaps/modelling/model_outputs/71/inputs/dem.tif, P:/11212688-004-global-floodmaps/modelling/model_outputs/71/inputs/mask.tif, P:/11212688-004-global-floodmaps/modelling/model_outputs/71/inputs/friction.tif, P:/11212688-004-global-floodmaps/modelling/model_outputs/71/inputs/boundaries_RP50_SLR_2000.gpkg
    output: P:/11212688-004-global-floodmaps/modelling/model_outputs/71/inputs/aqueduct_RP50_SLR_2000.toml
    jobid: 3997
    reason: Missing output files: P:/11212688-004-global-floodmaps/modelling/model_outputs/71/inputs/aqueduct_RP50_SLR_2000.toml; Input files updated by another job: P:/11212688-004-global-floodmaps/modelling/model_outputs/71/inputs/friction.tif
    wildcards: tile_id=71, return_period=RP50, waterlevel_name=SLR_2000
    resources: tmpdir=C:\Users\schlumbe\AppData\Local\Temp

[Sat Jul 25 23:42:37 2026]
Finished job 3997.
9 of 425 steps (2%) done
Select jobs to execute...

[Sat Jul 25 23:42:37 2026]
rule write_aqueduct_config:
    input: P:/11212688-004-global-floodmaps/modelling/model_outputs/71/inputs/dem.tif, P:/11212688-004-global-floodmaps/modelling/model_outputs/71/inputs/mask.tif, P:/11212688-004-global-floodmaps/modelling/model_outputs/71/inputs/friction.tif, P:/11212688-004-global-floodmaps/modelling/model_outputs/71/inputs/boundaries_RP25_SLR_2000.gpkg
    output: P:/11212688-004-global-floodmaps/modelling/model_outputs/71/inputs/aqueduct_RP25_SLR_2000.toml
    jobid: 3967
    reason: Missing output files: P:/11212688-004-global-floodmaps/modelling/model_outputs/71/inputs/aqueduct_RP25_SLR_2000.toml; Input files updated by another job: P:/11212688-004-global-floodmaps/modelling/model_outputs/71/inputs/friction.tif
    wildcards: tile_id=71, return_period=RP25, waterlevel_name=SLR_2000
    resources: tmpdir=C:\Users\schlumbe\AppData\Local\Temp

[Sat Jul 25 23:42:38 2026]
Finished job 3967.
10 of 425 steps (2%) done
Select jobs to execute...

[Sat Jul 25 23:42:38 2026]
rule write_aqueduct_config:
    input: P:/11212688-004-global-floodmaps/modelling/model_outputs/71/inputs/dem.tif, P:/11212688-004-global-floodmaps/modelling/model_outputs/71/inputs/mask.tif, P:/11212688-004-global-floodmaps/modelling/model_outputs/71/inputs/friction.tif, P:/11212688-004-global-floodmaps/modelling/model_outputs/71/inputs/boundaries_RP100_SLR_500.gpkg
    output: P:/11212688-004-global-floodmaps/modelling/model_outputs/71/inputs/aqueduct_RP100_SLR_500.toml
    jobid: 3939
    reason: Missing output files: P:/11212688-004-global-floodmaps/modelling/model_outputs/71/inputs/aqueduct_RP100_SLR_500.toml; Input files updated by another job: P:/11212688-004-global-floodmaps/modelling/model_outputs/71/inputs/friction.tif
    wildcards: tile_id=71, return_period=RP100, waterlevel_name=SLR_500
    resources: tmpdir=C:\Users\schlumbe\AppData\Local\Temp

[Sat Jul 25 23:42:38 2026]
Finished job 3939.
11 of 425 steps (3%) done
Select jobs to execute...

[Sat Jul 25 23:42:38 2026]
rule write_aqueduct_config:
    input: P:/11212688-004-global-floodmaps/modelling/model_outputs/71/inputs/dem.tif, P:/11212688-004-global-floodmaps/modelling/model_outputs/71/inputs/mask.tif, P:/11212688-004-global-floodmaps/modelling/model_outputs/71/inputs/friction.tif, P:/11212688-004-global-floodmaps/modelling/model_outputs/71/inputs/boundaries_RP50_SLR_500.gpkg
    output: P:/11212688-004-global-floodmaps/modelling/model_outputs/71/inputs/aqueduct_RP50_SLR_500.toml
    jobid: 3999
    reason: Missing output files: P:/11212688-004-global-floodmaps/modelling/model_outputs/71/inputs/aqueduct_RP50_SLR_500.toml; Input files updated by another job: P:/11212688-004-global-floodmaps/modelling/model_outputs/71/inputs/friction.tif
    wildcards: tile_id=71, return_period=RP50, waterlevel_name=SLR_500
    resources: tmpdir=C:\Users\schlumbe\AppData\Local\Temp

[Sat Jul 25 23:42:39 2026]
Finished job 3999.
12 of 425 steps (3%) done
Select jobs to execute...

[Sat Jul 25 23:42:39 2026]
rule write_aqueduct_config:
    input: P:/11212688-004-global-floodmaps/modelling/model_outputs/71/inputs/dem.tif, P:/11212688-004-global-floodmaps/modelling/model_outputs/71/inputs/mask.tif, P:/11212688-004-global-floodmaps/modelling/model_outputs/71/inputs/friction.tif, P:/11212688-004-global-floodmaps/modelling/model_outputs/71/inputs/boundaries_RP25_SLR_500.gpkg
    output: P:/11212688-004-global-floodmaps/modelling/model_outputs/71/inputs/aqueduct_RP25_SLR_500.toml
    jobid: 3969
    reason: Missing output files: P:/11212688-004-global-floodmaps/modelling/model_outputs/71/inputs/aqueduct_RP25_SLR_500.toml; Input files updated by another job: P:/11212688-004-global-floodmaps/modelling/model_outputs/71/inputs/friction.tif
    wildcards: tile_id=71, return_period=RP25, waterlevel_name=SLR_500
    resources: tmpdir=C:\Users\schlumbe\AppData\Local\Temp

[Sat Jul 25 23:42:39 2026]
Finished job 3969.
13 of 425 steps (3%) done
Select jobs to execute...

[Sat Jul 25 23:42:39 2026]
rule write_aqueduct_config:
    input: P:/11212688-004-global-floodmaps/modelling/model_outputs/71/inputs/dem.tif, P:/11212688-004-global-floodmaps/modelling/model_outputs/71/inputs/mask.tif, P:/11212688-004-global-floodmaps/modelling/model_outputs/71/inputs/friction.tif, P:/11212688-004-global-floodmaps/modelling/model_outputs/71/inputs/boundaries_RP10_SLR_0.gpkg
    output: P:/11212688-004-global-floodmaps/modelling/model_outputs/71/inputs/aqueduct_RP10_SLR_0.toml
    jobid: 3941
    reason: Missing output files: P:/11212688-004-global-floodmaps/modelling/model_outputs/71/inputs/aqueduct_RP10_SLR_0.toml; Input files updated by another job: P:/11212688-004-global-floodmaps/modelling/model_outputs/71/inputs/friction.tif
    wildcards: tile_id=71, return_period=RP10, waterlevel_name=SLR_0
    resources: tmpdir=C:\Users\schlumbe\AppData\Local\Temp

[Sat Jul 25 23:42:40 2026]
Finished job 3941.
14 of 425 steps (3%) done
Select jobs to execute...

[Sat Jul 25 23:42:40 2026]
rule write_aqueduct_config:
    input: P:/11212688-004-global-floodmaps/modelling/model_outputs/71/inputs/dem.tif, P:/11212688-004-global-floodmaps/modelling/model_outputs/71/inputs/mask.tif, P:/11212688-004-global-floodmaps/modelling/model_outputs/71/inputs/friction.tif, P:/11212688-004-global-floodmaps/modelling/model_outputs/71/inputs/boundaries_RP5_SLR_0.gpkg
    output: P:/11212688-004-global-floodmaps/modelling/model_outputs/71/inputs/aqueduct_RP5_SLR_0.toml
    jobid: 4001
    reason: Missing output files: P:/11212688-004-global-floodmaps/modelling/model_outputs/71/inputs/aqueduct_RP5_SLR_0.toml; Input files updated by another job: P:/11212688-004-global-floodmaps/modelling/model_outputs/71/inputs/friction.tif
    wildcards: tile_id=71, return_period=RP5, waterlevel_name=SLR_0
    resources: tmpdir=C:\Users\schlumbe\AppData\Local\Temp

[Sat Jul 25 23:42:40 2026]
Finished job 4001.
15 of 425 steps (4%) done
Select jobs to execute...

[Sat Jul 25 23:42:40 2026]
rule write_aqueduct_config:
    input: P:/11212688-004-global-floodmaps/modelling/model_outputs/71/inputs/dem.tif, P:/11212688-004-global-floodmaps/modelling/model_outputs/71/inputs/mask.tif, P:/11212688-004-global-floodmaps/modelling/model_outputs/71/inputs/friction.tif, P:/11212688-004-global-floodmaps/modelling/model_outputs/71/inputs/boundaries_RP2_SLR_0.gpkg
    output: P:/11212688-004-global-floodmaps/modelling/model_outputs/71/inputs/aqueduct_RP2_SLR_0.toml
    jobid: 3971
    reason: Missing output files: P:/11212688-004-global-floodmaps/modelling/model_outputs/71/inputs/aqueduct_RP2_SLR_0.toml; Input files updated by another job: P:/11212688-004-global-floodmaps/modelling/model_outputs/71/inputs/friction.tif
    wildcards: tile_id=71, return_period=RP2, waterlevel_name=SLR_0
    resources: tmpdir=C:\Users\schlumbe\AppData\Local\Temp

[Sat Jul 25 23:42:41 2026]
Finished job 3971.
16 of 425 steps (4%) done
Select jobs to execute...

[Sat Jul 25 23:42:41 2026]
rule write_aqueduct_config:
    input: P:/11212688-004-global-floodmaps/modelling/model_outputs/71/inputs/dem.tif, P:/11212688-004-global-floodmaps/modelling/model_outputs/71/inputs/mask.tif, P:/11212688-004-global-floodmaps/modelling/model_outputs/71/inputs/friction.tif, P:/11212688-004-global-floodmaps/modelling/model_outputs/71/inputs/boundaries_RP10_SLR_1000.gpkg
    output: P:/11212688-004-global-floodmaps/modelling/model_outputs/71/inputs/aqueduct_RP10_SLR_1000.toml
    jobid: 3943
    reason: Missing output files: P:/11212688-004-global-floodmaps/modelling/model_outputs/71/inputs/aqueduct_RP10_SLR_1000.toml; Input files updated by another job: P:/11212688-004-global-floodmaps/modelling/model_outputs/71/inputs/friction.tif
    wildcards: tile_id=71, return_period=RP10, waterlevel_name=SLR_1000
    resources: tmpdir=C:\Users\schlumbe\AppData\Local\Temp

[Sat Jul 25 23:42:41 2026]
Finished job 3943.
17 of 425 steps (4%) done
Select jobs to execute...

[Sat Jul 25 23:42:41 2026]
rule write_aqueduct_config:
    input: P:/11212688-004-global-floodmaps/modelling/model_outputs/71/inputs/dem.tif, P:/11212688-004-global-floodmaps/modelling/model_outputs/71/inputs/mask.tif, P:/11212688-004-global-floodmaps/modelling/model_outputs/71/inputs/friction.tif, P:/11212688-004-global-floodmaps/modelling/model_outputs/71/inputs/boundaries_RP5_SLR_1000.gpkg
    output: P:/11212688-004-global-floodmaps/modelling/model_outputs/71/inputs/aqueduct_RP5_SLR_1000.toml
    jobid: 4003
    reason: Missing output files: P:/11212688-004-global-floodmaps/modelling/model_outputs/71/inputs/aqueduct_RP5_SLR_1000.toml; Input files updated by another job: P:/11212688-004-global-floodmaps/modelling/model_outputs/71/inputs/friction.tif
    wildcards: tile_id=71, return_period=RP5, waterlevel_name=SLR_1000
    resources: tmpdir=C:\Users\schlumbe\AppData\Local\Temp

[Sat Jul 25 23:42:42 2026]
Finished job 4003.
18 of 425 steps (4%) done
Select jobs to execute...

[Sat Jul 25 23:42:42 2026]
rule write_aqueduct_config:
    input: P:/11212688-004-global-floodmaps/modelling/model_outputs/71/inputs/dem.tif, P:/11212688-004-global-floodmaps/modelling/model_outputs/71/inputs/mask.tif, P:/11212688-004-global-floodmaps/modelling/model_outputs/71/inputs/friction.tif, P:/11212688-004-global-floodmaps/modelling/model_outputs/71/inputs/boundaries_RP2_SLR_1000.gpkg
    output: P:/11212688-004-global-floodmaps/modelling/model_outputs/71/inputs/aqueduct_RP2_SLR_1000.toml
    jobid: 3973
    reason: Missing output files: P:/11212688-004-global-floodmaps/modelling/model_outputs/71/inputs/aqueduct_RP2_SLR_1000.toml; Input files updated by another job: P:/11212688-004-global-floodmaps/modelling/model_outputs/71/inputs/friction.tif
    wildcards: tile_id=71, return_period=RP2, waterlevel_name=SLR_1000
    resources: tmpdir=C:\Users\schlumbe\AppData\Local\Temp

[Sat Jul 25 23:42:42 2026]
Finished job 3973.
19 of 425 steps (4%) done
Select jobs to execute...

[Sat Jul 25 23:42:42 2026]
rule write_aqueduct_config:
    input: P:/11212688-004-global-floodmaps/modelling/model_outputs/71/inputs/dem.tif, P:/11212688-004-global-floodmaps/modelling/model_outputs/71/inputs/mask.tif, P:/11212688-004-global-floodmaps/modelling/model_outputs/71/inputs/friction.tif, P:/11212688-004-global-floodmaps/modelling/model_outputs/71/inputs/boundaries_RP250_SLR_0.gpkg
    output: P:/11212688-004-global-floodmaps/modelling/model_outputs/71/inputs/aqueduct_RP250_SLR_0.toml
    jobid: 3951
    reason: Missing output files: P:/11212688-004-global-floodmaps/modelling/model_outputs/71/inputs/aqueduct_RP250_SLR_0.toml; Input files updated by another job: P:/11212688-004-global-floodmaps/modelling/model_outputs/71/inputs/friction.tif
    wildcards: tile_id=71, return_period=RP250, waterlevel_name=SLR_0
    resources: tmpdir=C:\Users\schlumbe\AppData\Local\Temp

[Sat Jul 25 23:42:43 2026]
Finished job 3951.
20 of 425 steps (5%) done
Select jobs to execute...

[Sat Jul 25 23:42:43 2026]
rule write_aqueduct_config:
    input: P:/11212688-004-global-floodmaps/modelling/model_outputs/71/inputs/dem.tif, P:/11212688-004-global-floodmaps/modelling/model_outputs/71/inputs/mask.tif, P:/11212688-004-global-floodmaps/modelling/model_outputs/71/inputs/friction.tif, P:/11212688-004-global-floodmaps/modelling/model_outputs/71/inputs/boundaries_RP500_SLR_0.gpkg
    output: P:/11212688-004-global-floodmaps/modelling/model_outputs/71/inputs/aqueduct_RP500_SLR_0.toml
    jobid: 3981
    reason: Missing output files: P:/11212688-004-global-floodmaps/modelling/model_outputs/71/inputs/aqueduct_RP500_SLR_0.toml; Input files updated by another job: P:/11212688-004-global-floodmaps/modelling/model_outputs/71/inputs/friction.tif
    wildcards: tile_id=71, return_period=RP500, waterlevel_name=SLR_0
    resources: tmpdir=C:\Users\schlumbe\AppData\Local\Temp

[Sat Jul 25 23:42:43 2026]
Finished job 3981.
21 of 425 steps (5%) done
Select jobs to execute...

[Sat Jul 25 23:42:43 2026]
rule write_aqueduct_config:
    input: P:/11212688-004-global-floodmaps/modelling/model_outputs/71/inputs/dem.tif, P:/11212688-004-global-floodmaps/modelling/model_outputs/71/inputs/mask.tif, P:/11212688-004-global-floodmaps/modelling/model_outputs/71/inputs/friction.tif, P:/11212688-004-global-floodmaps/modelling/model_outputs/71/inputs/boundaries_RP250_SLR_500.gpkg
    output: P:/11212688-004-global-floodmaps/modelling/model_outputs/71/inputs/aqueduct_RP250_SLR_500.toml
    jobid: 3959
    reason: Missing output files: P:/11212688-004-global-floodmaps/modelling/model_outputs/71/inputs/aqueduct_RP250_SLR_500.toml; Input files updated by another job: P:/11212688-004-global-floodmaps/modelling/model_outputs/71/inputs/friction.tif
    wildcards: tile_id=71, return_period=RP250, waterlevel_name=SLR_500
    resources: tmpdir=C:\Users\schlumbe\AppData\Local\Temp

[Sat Jul 25 23:42:44 2026]
Finished job 3959.
22 of 425 steps (5%) done
Select jobs to execute...

[Sat Jul 25 23:42:44 2026]
rule write_aqueduct_config:
    input: P:/11212688-004-global-floodmaps/modelling/model_outputs/71/inputs/dem.tif, P:/11212688-004-global-floodmaps/modelling/model_outputs/71/inputs/mask.tif, P:/11212688-004-global-floodmaps/modelling/model_outputs/71/inputs/friction.tif, P:/11212688-004-global-floodmaps/modelling/model_outputs/71/inputs/boundaries_RP1000_SLR_500.gpkg
    output: P:/11212688-004-global-floodmaps/modelling/model_outputs/71/inputs/aqueduct_RP1000_SLR_500.toml
    jobid: 3929
    reason: Missing output files: P:/11212688-004-global-floodmaps/modelling/model_outputs/71/inputs/aqueduct_RP1000_SLR_500.toml; Input files updated by another job: P:/11212688-004-global-floodmaps/modelling/model_outputs/71/inputs/friction.tif
    wildcards: tile_id=71, return_period=RP1000, waterlevel_name=SLR_500
    resources: tmpdir=C:\Users\schlumbe\AppData\Local\Temp

[Sat Jul 25 23:42:44 2026]
Finished job 5098.
23 of 425 steps (5%) done
Select jobs to execute...

[Sat Jul 25 23:42:44 2026]
rule write_aqueduct_config:
    input: P:/11212688-004-global-floodmaps/modelling/model_outputs/71/inputs/dem.tif, P:/11212688-004-global-floodmaps/modelling/model_outputs/71/inputs/mask.tif, P:/11212688-004-global-floodmaps/modelling/model_outputs/71/inputs/friction.tif, P:/11212688-004-global-floodmaps/modelling/model_outputs/71/inputs/boundaries_RP500_SLR_500.gpkg
    output: P:/11212688-004-global-floodmaps/modelling/model_outputs/71/inputs/aqueduct_RP500_SLR_500.toml
    jobid: 3989
    reason: Missing output files: P:/11212688-004-global-floodmaps/modelling/model_outputs/71/inputs/aqueduct_RP500_SLR_500.toml; Input files updated by another job: P:/11212688-004-global-floodmaps/modelling/model_outputs/71/inputs/friction.tif
    wildcards: tile_id=71, return_period=RP500, waterlevel_name=SLR_500
    resources: tmpdir=C:\Users\schlumbe\AppData\Local\Temp

[Sat Jul 25 23:42:44 2026]
Finished job 5068.
24 of 425 steps (6%) done
Select jobs to execute...

[Sat Jul 25 23:42:44 2026]
rule write_aqueduct_config:
    input: P:/11212688-004-global-floodmaps/modelling/model_outputs/71/inputs/dem.tif, P:/11212688-004-global-floodmaps/modelling/model_outputs/71/inputs/mask.tif, P:/11212688-004-global-floodmaps/modelling/model_outputs/71/inputs/friction.tif, P:/11212688-004-global-floodmaps/modelling/model_outputs/71/inputs/boundaries_RP10_SLR_1500.gpkg
    output: P:/11212688-004-global-floodmaps/modelling/model_outputs/71/inputs/aqueduct_RP10_SLR_1500.toml
    jobid: 3945
    reason: Missing output files: P:/11212688-004-global-floodmaps/modelling/model_outputs/71/inputs/aqueduct_RP10_SLR_1500.toml; Input files updated by another job: P:/11212688-004-global-floodmaps/modelling/model_outputs/71/inputs/friction.tif
    wildcards: tile_id=71, return_period=RP10, waterlevel_name=SLR_1500
    resources: tmpdir=C:\Users\schlumbe\AppData\Local\Temp

[Sat Jul 25 23:42:44 2026]
Finished job 3929.
25 of 425 steps (6%) done
[Sat Jul 25 23:42:44 2026]
Finished job 5128.
26 of 425 steps (6%) done
Select jobs to execute...

[Sat Jul 25 23:42:44 2026]
rule write_aqueduct_config:
    input: P:/11212688-004-global-floodmaps/modelling/model_outputs/71/inputs/dem.tif, P:/11212688-004-global-floodmaps/modelling/model_outputs/71/inputs/mask.tif, P:/11212688-004-global-floodmaps/modelling/model_outputs/71/inputs/friction.tif, P:/11212688-004-global-floodmaps/modelling/model_outputs/71/inputs/boundaries_RP5_SLR_1500.gpkg
    output: P:/11212688-004-global-floodmaps/modelling/model_outputs/71/inputs/aqueduct_RP5_SLR_1500.toml
    jobid: 4005
    reason: Missing output files: P:/11212688-004-global-floodmaps/modelling/model_outputs/71/inputs/aqueduct_RP5_SLR_1500.toml; Input files updated by another job: P:/11212688-004-global-floodmaps/modelling/model_outputs/71/inputs/friction.tif
    wildcards: tile_id=71, return_period=RP5, waterlevel_name=SLR_1500
    resources: tmpdir=C:\Users\schlumbe\AppData\Local\Temp

[Sat Jul 25 23:42:44 2026]
rule write_aqueduct_config:
    input: P:/11212688-004-global-floodmaps/modelling/model_outputs/71/inputs/dem.tif, P:/11212688-004-global-floodmaps/modelling/model_outputs/71/inputs/mask.tif, P:/11212688-004-global-floodmaps/modelling/model_outputs/71/inputs/friction.tif, P:/11212688-004-global-floodmaps/modelling/model_outputs/71/inputs/boundaries_RP2_SLR_1500.gpkg
    output: P:/11212688-004-global-floodmaps/modelling/model_outputs/71/inputs/aqueduct_RP2_SLR_1500.toml
    jobid: 3975
    reason: Missing output files: P:/11212688-004-global-floodmaps/modelling/model_outputs/71/inputs/aqueduct_RP2_SLR_1500.toml; Input files updated by another job: P:/11212688-004-global-floodmaps/modelling/model_outputs/71/inputs/friction.tif
    wildcards: tile_id=71, return_period=RP2, waterlevel_name=SLR_1500
    resources: tmpdir=C:\Users\schlumbe\AppData\Local\Temp

[Sat Jul 25 23:42:44 2026]
Finished job 3989.
27 of 425 steps (6%) done
Select jobs to execute...

[Sat Jul 25 23:42:44 2026]
rule write_aqueduct_config:
    input: P:/11212688-004-global-floodmaps/modelling/model_outputs/71/inputs/dem.tif, P:/11212688-004-global-floodmaps/modelling/model_outputs/71/inputs/mask.tif, P:/11212688-004-global-floodmaps/modelling/model_outputs/71/inputs/friction.tif, P:/11212688-004-global-floodmaps/modelling/model_outputs/71/inputs/boundaries_RP250_SLR_1000.gpkg
    output: P:/11212688-004-global-floodmaps/modelling/model_outputs/71/inputs/aqueduct_RP250_SLR_1000.toml
    jobid: 3953
    reason: Missing output files: P:/11212688-004-global-floodmaps/modelling/model_outputs/71/inputs/aqueduct_RP250_SLR_1000.toml; Input files updated by another job: P:/11212688-004-global-floodmaps/modelling/model_outputs/71/inputs/friction.tif
    wildcards: tile_id=71, return_period=RP250, waterlevel_name=SLR_1000
    resources: tmpdir=C:\Users\schlumbe\AppData\Local\Temp

Select jobs to execute...
[Sat Jul 25 23:42:45 2026]
Finished job 3945.
28 of 425 steps (7%) done

[Sat Jul 25 23:42:45 2026]
rule write_aqueduct_config:
    input: P:/11212688-004-global-floodmaps/modelling/model_outputs/71/inputs/dem.tif, P:/11212688-004-global-floodmaps/modelling/model_outputs/71/inputs/mask.tif, P:/11212688-004-global-floodmaps/modelling/model_outputs/71/inputs/friction.tif, P:/11212688-004-global-floodmaps/modelling/model_outputs/71/inputs/boundaries_RP1000_SLR_1000.gpkg
    output: P:/11212688-004-global-floodmaps/modelling/model_outputs/71/inputs/aqueduct_RP1000_SLR_1000.toml
    jobid: 3923
    reason: Missing output files: P:/11212688-004-global-floodmaps/modelling/model_outputs/71/inputs/aqueduct_RP1000_SLR_1000.toml; Input files updated by another job: P:/11212688-004-global-floodmaps/modelling/model_outputs/71/inputs/friction.tif
    wildcards: tile_id=71, return_period=RP1000, waterlevel_name=SLR_1000
    resources: tmpdir=C:\Users\schlumbe\AppData\Local\Temp

[Sat Jul 25 23:42:45 2026]
Finished job 4005.
29 of 425 steps (7%) done
Select jobs to execute...

[Sat Jul 25 23:42:45 2026]
rule write_aqueduct_config:
    input: P:/11212688-004-global-floodmaps/modelling/model_outputs/71/inputs/dem.tif, P:/11212688-004-global-floodmaps/modelling/model_outputs/71/inputs/mask.tif, P:/11212688-004-global-floodmaps/modelling/model_outputs/71/inputs/friction.tif, P:/11212688-004-global-floodmaps/modelling/model_outputs/71/inputs/boundaries_RP500_SLR_1000.gpkg
    output: P:/11212688-004-global-floodmaps/modelling/model_outputs/71/inputs/aqueduct_RP500_SLR_1000.toml
    jobid: 3983
    reason: Missing output files: P:/11212688-004-global-floodmaps/modelling/model_outputs/71/inputs/aqueduct_RP500_SLR_1000.toml; Input files updated by another job: P:/11212688-004-global-floodmaps/modelling/model_outputs/71/inputs/friction.tif
    wildcards: tile_id=71, return_period=RP500, waterlevel_name=SLR_1000
    resources: tmpdir=C:\Users\schlumbe\AppData\Local\Temp

[Sat Jul 25 23:42:45 2026]
Finished job 3975.
30 of 425 steps (7%) done
Select jobs to execute...

[Sat Jul 25 23:42:45 2026]
rule write_aqueduct_config:
    input: P:/11212688-004-global-floodmaps/modelling/model_outputs/71/inputs/dem.tif, P:/11212688-004-global-floodmaps/modelling/model_outputs/71/inputs/mask.tif, P:/11212688-004-global-floodmaps/modelling/model_outputs/71/inputs/friction.tif, P:/11212688-004-global-floodmaps/modelling/model_outputs/71/inputs/boundaries_RP25_SLR_0.gpkg
    output: P:/11212688-004-global-floodmaps/modelling/model_outputs/71/inputs/aqueduct_RP25_SLR_0.toml
    jobid: 3961
    reason: Missing output files: P:/11212688-004-global-floodmaps/modelling/model_outputs/71/inputs/aqueduct_RP25_SLR_0.toml; Input files updated by another job: P:/11212688-004-global-floodmaps/modelling/model_outputs/71/inputs/friction.tif
    wildcards: tile_id=71, return_period=RP25, waterlevel_name=SLR_0
    resources: tmpdir=C:\Users\schlumbe\AppData\Local\Temp

[Sat Jul 25 23:42:45 2026]
Finished job 3953.
31 of 425 steps (7%) done
Select jobs to execute...

[Sat Jul 25 23:42:45 2026]
rule write_aqueduct_config:
    input: P:/11212688-004-global-floodmaps/modelling/model_outputs/71/inputs/dem.tif, P:/11212688-004-global-floodmaps/modelling/model_outputs/71/inputs/mask.tif, P:/11212688-004-global-floodmaps/modelling/model_outputs/71/inputs/friction.tif, P:/11212688-004-global-floodmaps/modelling/model_outputs/71/inputs/boundaries_RP1000_SLR_0.gpkg
    output: P:/11212688-004-global-floodmaps/modelling/model_outputs/71/inputs/aqueduct_RP1000_SLR_0.toml
    jobid: 3916
    reason: Missing output files: P:/11212688-004-global-floodmaps/modelling/model_outputs/71/inputs/aqueduct_RP1000_SLR_0.toml; Input files updated by another job: P:/11212688-004-global-floodmaps/modelling/model_outputs/71/inputs/friction.tif
    wildcards: tile_id=71, return_period=RP1000, waterlevel_name=SLR_0
    resources: tmpdir=C:\Users\schlumbe\AppData\Local\Temp

[Sat Jul 25 23:42:45 2026]
Finished job 3923.
32 of 425 steps (8%) done
Select jobs to execute...

[Sat Jul 25 23:42:45 2026]
rule write_aqueduct_config:
    input: P:/11212688-004-global-floodmaps/modelling/model_outputs/71/inputs/dem.tif, P:/11212688-004-global-floodmaps/modelling/model_outputs/71/inputs/mask.tif, P:/11212688-004-global-floodmaps/modelling/model_outputs/71/inputs/friction.tif, P:/11212688-004-global-floodmaps/modelling/model_outputs/71/inputs/boundaries_RP100_SLR_0.gpkg
    output: P:/11212688-004-global-floodmaps/modelling/model_outputs/71/inputs/aqueduct_RP100_SLR_0.toml
    jobid: 3931
    reason: Missing output files: P:/11212688-004-global-floodmaps/modelling/model_outputs/71/inputs/aqueduct_RP100_SLR_0.toml; Input files updated by another job: P:/11212688-004-global-floodmaps/modelling/model_outputs/71/inputs/friction.tif
    wildcards: tile_id=71, return_period=RP100, waterlevel_name=SLR_0
    resources: tmpdir=C:\Users\schlumbe\AppData\Local\Temp

[Sat Jul 25 23:42:45 2026]
Finished job 3983.
33 of 425 steps (8%) done
Select jobs to execute...

[Sat Jul 25 23:42:45 2026]
rule write_aqueduct_config:
    input: P:/11212688-004-global-floodmaps/modelling/model_outputs/71/inputs/dem.tif, P:/11212688-004-global-floodmaps/modelling/model_outputs/71/inputs/mask.tif, P:/11212688-004-global-floodmaps/modelling/model_outputs/71/inputs/friction.tif, P:/11212688-004-global-floodmaps/modelling/model_outputs/71/inputs/boundaries_RP50_SLR_0.gpkg
    output: P:/11212688-004-global-floodmaps/modelling/model_outputs/71/inputs/aqueduct_RP50_SLR_0.toml
    jobid: 3991
    reason: Missing output files: P:/11212688-004-global-floodmaps/modelling/model_outputs/71/inputs/aqueduct_RP50_SLR_0.toml; Input files updated by another job: P:/11212688-004-global-floodmaps/modelling/model_outputs/71/inputs/friction.tif
    wildcards: tile_id=71, return_period=RP50, waterlevel_name=SLR_0
    resources: tmpdir=C:\Users\schlumbe\AppData\Local\Temp

[Sat Jul 25 23:42:45 2026]
Finished job 3961.
34 of 425 steps (8%) done
Select jobs to execute...

[Sat Jul 25 23:42:45 2026]
rule write_aqueduct_config:
    input: P:/11212688-004-global-floodmaps/modelling/model_outputs/71/inputs/dem.tif, P:/11212688-004-global-floodmaps/modelling/model_outputs/71/inputs/mask.tif, P:/11212688-004-global-floodmaps/modelling/model_outputs/71/inputs/friction.tif, P:/11212688-004-global-floodmaps/modelling/model_outputs/71/inputs/boundaries_RP10_SLR_2000.gpkg
    output: P:/11212688-004-global-floodmaps/modelling/model_outputs/71/inputs/aqueduct_RP10_SLR_2000.toml
    jobid: 3947
    reason: Missing output files: P:/11212688-004-global-floodmaps/modelling/model_outputs/71/inputs/aqueduct_RP10_SLR_2000.toml; Input files updated by another job: P:/11212688-004-global-floodmaps/modelling/model_outputs/71/inputs/friction.tif
    wildcards: tile_id=71, return_period=RP10, waterlevel_name=SLR_2000
    resources: tmpdir=C:\Users\schlumbe\AppData\Local\Temp

[Sat Jul 25 23:42:45 2026]
Finished job 3916.
35 of 425 steps (8%) done
Select jobs to execute...

[Sat Jul 25 23:42:45 2026]
rule write_aqueduct_config:
    input: P:/11212688-004-global-floodmaps/modelling/model_outputs/71/inputs/dem.tif, P:/11212688-004-global-floodmaps/modelling/model_outputs/71/inputs/mask.tif, P:/11212688-004-global-floodmaps/modelling/model_outputs/71/inputs/friction.tif, P:/11212688-004-global-floodmaps/modelling/model_outputs/71/inputs/boundaries_RP5_SLR_2000.gpkg
    output: P:/11212688-004-global-floodmaps/modelling/model_outputs/71/inputs/aqueduct_RP5_SLR_2000.toml
    jobid: 4007
    reason: Missing output files: P:/11212688-004-global-floodmaps/modelling/model_outputs/71/inputs/aqueduct_RP5_SLR_2000.toml; Input files updated by another job: P:/11212688-004-global-floodmaps/modelling/model_outputs/71/inputs/friction.tif
    wildcards: tile_id=71, return_period=RP5, waterlevel_name=SLR_2000
    resources: tmpdir=C:\Users\schlumbe\AppData\Local\Temp

[Sat Jul 25 23:42:46 2026]
Finished job 3931.
36 of 425 steps (8%) done
Select jobs to execute...

[Sat Jul 25 23:42:46 2026]
rule write_aqueduct_config:
    input: P:/11212688-004-global-floodmaps/modelling/model_outputs/71/inputs/dem.tif, P:/11212688-004-global-floodmaps/modelling/model_outputs/71/inputs/mask.tif, P:/11212688-004-global-floodmaps/modelling/model_outputs/71/inputs/friction.tif, P:/11212688-004-global-floodmaps/modelling/model_outputs/71/inputs/boundaries_RP2_SLR_2000.gpkg
    output: P:/11212688-004-global-floodmaps/modelling/model_outputs/71/inputs/aqueduct_RP2_SLR_2000.toml
    jobid: 3977
    reason: Missing output files: P:/11212688-004-global-floodmaps/modelling/model_outputs/71/inputs/aqueduct_RP2_SLR_2000.toml; Input files updated by another job: P:/11212688-004-global-floodmaps/modelling/model_outputs/71/inputs/friction.tif
    wildcards: tile_id=71, return_period=RP2, waterlevel_name=SLR_2000
    resources: tmpdir=C:\Users\schlumbe\AppData\Local\Temp

[Sat Jul 25 23:42:46 2026]
Finished job 3991.
37 of 425 steps (9%) done
Select jobs to execute...

[Sat Jul 25 23:42:46 2026]
rule write_aqueduct_config:
    input: P:/11212688-004-global-floodmaps/modelling/model_outputs/71/inputs/dem.tif, P:/11212688-004-global-floodmaps/modelling/model_outputs/71/inputs/mask.tif, P:/11212688-004-global-floodmaps/modelling/model_outputs/71/inputs/friction.tif, P:/11212688-004-global-floodmaps/modelling/model_outputs/71/inputs/boundaries_RP250_SLR_1500.gpkg
    output: P:/11212688-004-global-floodmaps/modelling/model_outputs/71/inputs/aqueduct_RP250_SLR_1500.toml
    jobid: 3955
    reason: Missing output files: P:/11212688-004-global-floodmaps/modelling/model_outputs/71/inputs/aqueduct_RP250_SLR_1500.toml; Input files updated by another job: P:/11212688-004-global-floodmaps/modelling/model_outputs/71/inputs/friction.tif
    wildcards: tile_id=71, return_period=RP250, waterlevel_name=SLR_1500
    resources: tmpdir=C:\Users\schlumbe\AppData\Local\Temp

[Sat Jul 25 23:42:46 2026]
Finished job 3947.
38 of 425 steps (9%) done
Select jobs to execute...

[Sat Jul 25 23:42:46 2026]
rule write_aqueduct_config:
    input: P:/11212688-004-global-floodmaps/modelling/model_outputs/71/inputs/dem.tif, P:/11212688-004-global-floodmaps/modelling/model_outputs/71/inputs/mask.tif, P:/11212688-004-global-floodmaps/modelling/model_outputs/71/inputs/friction.tif, P:/11212688-004-global-floodmaps/modelling/model_outputs/71/inputs/boundaries_RP1000_SLR_1500.gpkg
    output: P:/11212688-004-global-floodmaps/modelling/model_outputs/71/inputs/aqueduct_RP1000_SLR_1500.toml
    jobid: 3925
    reason: Missing output files: P:/11212688-004-global-floodmaps/modelling/model_outputs/71/inputs/aqueduct_RP1000_SLR_1500.toml; Input files updated by another job: P:/11212688-004-global-floodmaps/modelling/model_outputs/71/inputs/friction.tif
    wildcards: tile_id=71, return_period=RP1000, waterlevel_name=SLR_1500
    resources: tmpdir=C:\Users\schlumbe\AppData\Local\Temp

[Sat Jul 25 23:42:46 2026]
Finished job 4007.
39 of 425 steps (9%) done
Select jobs to execute...

[Sat Jul 25 23:42:46 2026]
rule write_aqueduct_config:
    input: P:/11212688-004-global-floodmaps/modelling/model_outputs/71/inputs/dem.tif, P:/11212688-004-global-floodmaps/modelling/model_outputs/71/inputs/mask.tif, P:/11212688-004-global-floodmaps/modelling/model_outputs/71/inputs/friction.tif, P:/11212688-004-global-floodmaps/modelling/model_outputs/71/inputs/boundaries_RP500_SLR_1500.gpkg
    output: P:/11212688-004-global-floodmaps/modelling/model_outputs/71/inputs/aqueduct_RP500_SLR_1500.toml
    jobid: 3985
    reason: Missing output files: P:/11212688-004-global-floodmaps/modelling/model_outputs/71/inputs/aqueduct_RP500_SLR_1500.toml; Input files updated by another job: P:/11212688-004-global-floodmaps/modelling/model_outputs/71/inputs/friction.tif
    wildcards: tile_id=71, return_period=RP500, waterlevel_name=SLR_1500
    resources: tmpdir=C:\Users\schlumbe\AppData\Local\Temp

[Sat Jul 25 23:42:46 2026]
Finished job 3977.
40 of 425 steps (9%) done
Select jobs to execute...

[Sat Jul 25 23:42:46 2026]
rule write_aqueduct_config:
    input: P:/11212688-004-global-floodmaps/modelling/model_outputs/71/inputs/dem.tif, P:/11212688-004-global-floodmaps/modelling/model_outputs/71/inputs/mask.tif, P:/11212688-004-global-floodmaps/modelling/model_outputs/71/inputs/friction.tif, P:/11212688-004-global-floodmaps/modelling/model_outputs/71/inputs/boundaries_RP25_SLR_1000.gpkg
    output: P:/11212688-004-global-floodmaps/modelling/model_outputs/71/inputs/aqueduct_RP25_SLR_1000.toml
    jobid: 3963
    reason: Missing output files: P:/11212688-004-global-floodmaps/modelling/model_outputs/71/inputs/aqueduct_RP25_SLR_1000.toml; Input files updated by another job: P:/11212688-004-global-floodmaps/modelling/model_outputs/71/inputs/friction.tif
    wildcards: tile_id=71, return_period=RP25, waterlevel_name=SLR_1000
    resources: tmpdir=C:\Users\schlumbe\AppData\Local\Temp

[Sat Jul 25 23:42:46 2026]
Finished job 3955.
41 of 425 steps (10%) done
Select jobs to execute...

[Sat Jul 25 23:42:46 2026]
rule write_aqueduct_config:
    input: P:/11212688-004-global-floodmaps/modelling/model_outputs/71/inputs/dem.tif, P:/11212688-004-global-floodmaps/modelling/model_outputs/71/inputs/mask.tif, P:/11212688-004-global-floodmaps/modelling/model_outputs/71/inputs/friction.tif, P:/11212688-004-global-floodmaps/modelling/model_outputs/71/inputs/boundaries_RP100_SLR_1000.gpkg
    output: P:/11212688-004-global-floodmaps/modelling/model_outputs/71/inputs/aqueduct_RP100_SLR_1000.toml
    jobid: 3933
    reason: Missing output files: P:/11212688-004-global-floodmaps/modelling/model_outputs/71/inputs/aqueduct_RP100_SLR_1000.toml; Input files updated by another job: P:/11212688-004-global-floodmaps/modelling/model_outputs/71/inputs/friction.tif
    wildcards: tile_id=71, return_period=RP100, waterlevel_name=SLR_1000
    resources: tmpdir=C:\Users\schlumbe\AppData\Local\Temp

[Sat Jul 25 23:42:46 2026]
Finished job 3925.
42 of 425 steps (10%) done
Select jobs to execute...

[Sat Jul 25 23:42:46 2026]
rule write_aqueduct_config:
    input: P:/11212688-004-global-floodmaps/modelling/model_outputs/71/inputs/dem.tif, P:/11212688-004-global-floodmaps/modelling/model_outputs/71/inputs/mask.tif, P:/11212688-004-global-floodmaps/modelling/model_outputs/71/inputs/friction.tif, P:/11212688-004-global-floodmaps/modelling/model_outputs/71/inputs/boundaries_RP50_SLR_1000.gpkg
    output: P:/11212688-004-global-floodmaps/modelling/model_outputs/71/inputs/aqueduct_RP50_SLR_1000.toml
    jobid: 3993
    reason: Missing output files: P:/11212688-004-global-floodmaps/modelling/model_outputs/71/inputs/aqueduct_RP50_SLR_1000.toml; Input files updated by another job: P:/11212688-004-global-floodmaps/modelling/model_outputs/71/inputs/friction.tif
    wildcards: tile_id=71, return_period=RP50, waterlevel_name=SLR_1000
    resources: tmpdir=C:\Users\schlumbe\AppData\Local\Temp

[Sat Jul 25 23:42:47 2026]
Finished job 3985.
43 of 425 steps (10%) done
Select jobs to execute...

[Sat Jul 25 23:42:47 2026]
rule write_aqueduct_config:
    input: P:/11212688-004-global-floodmaps/modelling/model_outputs/71/inputs/dem.tif, P:/11212688-004-global-floodmaps/modelling/model_outputs/71/inputs/mask.tif, P:/11212688-004-global-floodmaps/modelling/model_outputs/71/inputs/friction.tif, P:/11212688-004-global-floodmaps/modelling/model_outputs/71/inputs/boundaries_RP500_SLR_2000.gpkg
    output: P:/11212688-004-global-floodmaps/modelling/model_outputs/71/inputs/aqueduct_RP500_SLR_2000.toml
    jobid: 3987
    reason: Missing output files: P:/11212688-004-global-floodmaps/modelling/model_outputs/71/inputs/aqueduct_RP500_SLR_2000.toml; Input files updated by another job: P:/11212688-004-global-floodmaps/modelling/model_outputs/71/inputs/friction.tif
    wildcards: tile_id=71, return_period=RP500, waterlevel_name=SLR_2000
    resources: tmpdir=C:\Users\schlumbe\AppData\Local\Temp

[Sat Jul 25 23:42:47 2026]
Finished job 3963.
44 of 425 steps (10%) done
Select jobs to execute...

[Sat Jul 25 23:42:47 2026]
rule write_aqueduct_config:
    input: P:/11212688-004-global-floodmaps/modelling/model_outputs/71/inputs/dem.tif, P:/11212688-004-global-floodmaps/modelling/model_outputs/71/inputs/mask.tif, P:/11212688-004-global-floodmaps/modelling/model_outputs/71/inputs/friction.tif, P:/11212688-004-global-floodmaps/modelling/model_outputs/71/inputs/boundaries_RP10_SLR_500.gpkg
    output: P:/11212688-004-global-floodmaps/modelling/model_outputs/71/inputs/aqueduct_RP10_SLR_500.toml
    jobid: 3949
    reason: Missing output files: P:/11212688-004-global-floodmaps/modelling/model_outputs/71/inputs/aqueduct_RP10_SLR_500.toml; Input files updated by another job: P:/11212688-004-global-floodmaps/modelling/model_outputs/71/inputs/friction.tif
    wildcards: tile_id=71, return_period=RP10, waterlevel_name=SLR_500
    resources: tmpdir=C:\Users\schlumbe\AppData\Local\Temp

[Sat Jul 25 23:42:47 2026]
Finished job 3933.
45 of 425 steps (11%) done
Select jobs to execute...

[Sat Jul 25 23:42:47 2026]
rule write_aqueduct_config:
    input: P:/11212688-004-global-floodmaps/modelling/model_outputs/71/inputs/dem.tif, P:/11212688-004-global-floodmaps/modelling/model_outputs/71/inputs/mask.tif, P:/11212688-004-global-floodmaps/modelling/model_outputs/71/inputs/friction.tif, P:/11212688-004-global-floodmaps/modelling/model_outputs/71/inputs/boundaries_RP5_SLR_500.gpkg
    output: P:/11212688-004-global-floodmaps/modelling/model_outputs/71/inputs/aqueduct_RP5_SLR_500.toml
    jobid: 4009
    reason: Missing output files: P:/11212688-004-global-floodmaps/modelling/model_outputs/71/inputs/aqueduct_RP5_SLR_500.toml; Input files updated by another job: P:/11212688-004-global-floodmaps/modelling/model_outputs/71/inputs/friction.tif
    wildcards: tile_id=71, return_period=RP5, waterlevel_name=SLR_500
    resources: tmpdir=C:\Users\schlumbe\AppData\Local\Temp

[Sat Jul 25 23:42:47 2026]
Finished job 3993.
46 of 425 steps (11%) done
Select jobs to execute...

[Sat Jul 25 23:42:47 2026]
rule write_aqueduct_config:
    input: P:/11212688-004-global-floodmaps/modelling/model_outputs/71/inputs/dem.tif, P:/11212688-004-global-floodmaps/modelling/model_outputs/71/inputs/mask.tif, P:/11212688-004-global-floodmaps/modelling/model_outputs/71/inputs/friction.tif, P:/11212688-004-global-floodmaps/modelling/model_outputs/71/inputs/boundaries_RP2_SLR_500.gpkg
    output: P:/11212688-004-global-floodmaps/modelling/model_outputs/71/inputs/aqueduct_RP2_SLR_500.toml
    jobid: 3979
    reason: Missing output files: P:/11212688-004-global-floodmaps/modelling/model_outputs/71/inputs/aqueduct_RP2_SLR_500.toml; Input files updated by another job: P:/11212688-004-global-floodmaps/modelling/model_outputs/71/inputs/friction.tif
    wildcards: tile_id=71, return_period=RP2, waterlevel_name=SLR_500
    resources: tmpdir=C:\Users\schlumbe\AppData\Local\Temp

[Sat Jul 25 23:42:47 2026]
Finished job 3987.
47 of 425 steps (11%) done
Select jobs to execute...

[Sat Jul 25 23:42:47 2026]
rule write_aqueduct_config:
    input: P:/11212688-004-global-floodmaps/modelling/model_outputs/71/inputs/dem.tif, P:/11212688-004-global-floodmaps/modelling/model_outputs/71/inputs/mask.tif, P:/11212688-004-global-floodmaps/modelling/model_outputs/71/inputs/friction.tif, P:/11212688-004-global-floodmaps/modelling/model_outputs/71/inputs/boundaries_RP250_SLR_2000.gpkg
    output: P:/11212688-004-global-floodmaps/modelling/model_outputs/71/inputs/aqueduct_RP250_SLR_2000.toml
    jobid: 3957
    reason: Missing output files: P:/11212688-004-global-floodmaps/modelling/model_outputs/71/inputs/aqueduct_RP250_SLR_2000.toml; Input files updated by another job: P:/11212688-004-global-floodmaps/modelling/model_outputs/71/inputs/friction.tif
    wildcards: tile_id=71, return_period=RP250, waterlevel_name=SLR_2000
    resources: tmpdir=C:\Users\schlumbe\AppData\Local\Temp

[Sat Jul 25 23:42:47 2026]
Finished job 3949.
48 of 425 steps (11%) done
Select jobs to execute...

[Sat Jul 25 23:42:47 2026]
rule write_aqueduct_config:
    input: P:/11212688-004-global-floodmaps/modelling/model_outputs/71/inputs/dem.tif, P:/11212688-004-global-floodmaps/modelling/model_outputs/71/inputs/mask.tif, P:/11212688-004-global-floodmaps/modelling/model_outputs/71/inputs/friction.tif, P:/11212688-004-global-floodmaps/modelling/model_outputs/71/inputs/boundaries_RP1000_SLR_2000.gpkg
    output: P:/11212688-004-global-floodmaps/modelling/model_outputs/71/inputs/aqueduct_RP1000_SLR_2000.toml
    jobid: 3927
    reason: Missing output files: P:/11212688-004-global-floodmaps/modelling/model_outputs/71/inputs/aqueduct_RP1000_SLR_2000.toml; Input files updated by another job: P:/11212688-004-global-floodmaps/modelling/model_outputs/71/inputs/friction.tif
    wildcards: tile_id=71, return_period=RP1000, waterlevel_name=SLR_2000
    resources: tmpdir=C:\Users\schlumbe\AppData\Local\Temp

[Sat Jul 25 23:42:47 2026]
Finished job 4009.
49 of 425 steps (12%) done
Select jobs to execute...

[Sat Jul 25 23:42:47 2026]
rule extract_boundaries:
    input: P:/11212688-004-global-floodmaps/modelling/model_outputs/7172/inputs/tile_geometry.gpkg
    output: P:/11212688-004-global-floodmaps/modelling/model_outputs/7172/inputs/boundaries_RP10_SLR_0.gpkg
    jobid: 5082
    reason: Missing output files: P:/11212688-004-global-floodmaps/modelling/model_outputs/7172/inputs/boundaries_RP10_SLR_0.gpkg
    wildcards: tile_id=7172, return_period=RP10, waterlevel_name=SLR_0
    resources: tmpdir=C:\Users\schlumbe\AppData\Local\Temp

[Sat Jul 25 23:42:47 2026]
Finished job 3979.
50 of 425 steps (12%) done
Select jobs to execute...

[Sat Jul 25 23:42:48 2026]
rule extract_boundaries:
    input: P:/11212688-004-global-floodmaps/modelling/model_outputs/7172/inputs/tile_geometry.gpkg
    output: P:/11212688-004-global-floodmaps/modelling/model_outputs/7172/inputs/boundaries_RP50_SLR_1500.gpkg
    jobid: 5136
    reason: Missing output files: P:/11212688-004-global-floodmaps/modelling/model_outputs/7172/inputs/boundaries_RP50_SLR_1500.gpkg
    wildcards: tile_id=7172, return_period=RP50, waterlevel_name=SLR_1500
    resources: tmpdir=C:\Users\schlumbe\AppData\Local\Temp

[Sat Jul 25 23:42:48 2026]
Finished job 3957.
51 of 425 steps (12%) done
Select jobs to execute...

[Sat Jul 25 23:42:48 2026]
rule extract_boundaries:
    input: P:/11212688-004-global-floodmaps/modelling/model_outputs/7172/inputs/tile_geometry.gpkg
    output: P:/11212688-004-global-floodmaps/modelling/model_outputs/7172/inputs/boundaries_RP100_SLR_1500.gpkg
    jobid: 5076
    reason: Missing output files: P:/11212688-004-global-floodmaps/modelling/model_outputs/7172/inputs/boundaries_RP100_SLR_1500.gpkg
    wildcards: tile_id=7172, return_period=RP100, waterlevel_name=SLR_1500
    resources: tmpdir=C:\Users\schlumbe\AppData\Local\Temp

[Sat Jul 25 23:42:48 2026]
Finished job 3927.
52 of 425 steps (12%) done
Select jobs to execute...

[Sat Jul 25 23:42:48 2026]
rule extract_boundaries:
    input: P:/11212688-004-global-floodmaps/modelling/model_outputs/7172/inputs/tile_geometry.gpkg
    output: P:/11212688-004-global-floodmaps/modelling/model_outputs/7172/inputs/boundaries_RP25_SLR_1500.gpkg
    jobid: 5106
    reason: Missing output files: P:/11212688-004-global-floodmaps/modelling/model_outputs/7172/inputs/boundaries_RP25_SLR_1500.gpkg
    wildcards: tile_id=7172, return_period=RP25, waterlevel_name=SLR_1500
    resources: tmpdir=C:\Users\schlumbe\AppData\Local\Temp

[Sat Jul 25 23:42:58 2026]
Finished job 5136.
53 of 425 steps (12%) done
Select jobs to execute...

[Sat Jul 25 23:42:58 2026]
rule extract_boundaries:
    input: P:/11212688-004-global-floodmaps/modelling/model_outputs/7172/inputs/tile_geometry.gpkg
    output: P:/11212688-004-global-floodmaps/modelling/model_outputs/7172/inputs/boundaries_RP5_SLR_1000.gpkg
    jobid: 5144
    reason: Missing output files: P:/11212688-004-global-floodmaps/modelling/model_outputs/7172/inputs/boundaries_RP5_SLR_1000.gpkg
    wildcards: tile_id=7172, return_period=RP5, waterlevel_name=SLR_1000
    resources: tmpdir=C:\Users\schlumbe\AppData\Local\Temp

[Sat Jul 25 23:42:58 2026]
Finished job 5076.
54 of 425 steps (13%) done
Select jobs to execute...

[Sat Jul 25 23:42:58 2026]
rule extract_boundaries:
    input: P:/11212688-004-global-floodmaps/modelling/model_outputs/7172/inputs/tile_geometry.gpkg
    output: P:/11212688-004-global-floodmaps/modelling/model_outputs/7172/inputs/boundaries_RP10_SLR_1000.gpkg
    jobid: 5084
    reason: Missing output files: P:/11212688-004-global-floodmaps/modelling/model_outputs/7172/inputs/boundaries_RP10_SLR_1000.gpkg
    wildcards: tile_id=7172, return_period=RP10, waterlevel_name=SLR_1000
    resources: tmpdir=C:\Users\schlumbe\AppData\Local\Temp

[Sat Jul 25 23:42:58 2026]
Finished job 5082.
55 of 425 steps (13%) done
Select jobs to execute...

[Sat Jul 25 23:42:58 2026]
rule extract_boundaries:
    input: P:/11212688-004-global-floodmaps/modelling/model_outputs/7172/inputs/tile_geometry.gpkg
    output: P:/11212688-004-global-floodmaps/modelling/model_outputs/7172/inputs/boundaries_RP2_SLR_1000.gpkg
    jobid: 5114
    reason: Missing output files: P:/11212688-004-global-floodmaps/modelling/model_outputs/7172/inputs/boundaries_RP2_SLR_1000.gpkg
    wildcards: tile_id=7172, return_period=RP2, waterlevel_name=SLR_1000
    resources: tmpdir=C:\Users\schlumbe\AppData\Local\Temp

[Sat Jul 25 23:42:58 2026]
Finished job 5106.
56 of 425 steps (13%) done
Select jobs to execute...

[Sat Jul 25 23:42:58 2026]
rule extract_boundaries:
    input: P:/11212688-004-global-floodmaps/modelling/model_outputs/7172/inputs/tile_geometry.gpkg
    output: P:/11212688-004-global-floodmaps/modelling/model_outputs/7172/inputs/boundaries_RP250_SLR_0.gpkg
    jobid: 5092
    reason: Missing output files: P:/11212688-004-global-floodmaps/modelling/model_outputs/7172/inputs/boundaries_RP250_SLR_0.gpkg
    wildcards: tile_id=7172, return_period=RP250, waterlevel_name=SLR_0
    resources: tmpdir=C:\Users\schlumbe\AppData\Local\Temp

[Sat Jul 25 23:43:08 2026]
Finished job 5144.
57 of 425 steps (13%) done
Select jobs to execute...

[Sat Jul 25 23:43:08 2026]
rule extract_boundaries:
    input: P:/11212688-004-global-floodmaps/modelling/model_outputs/7172/inputs/tile_geometry.gpkg
    output: P:/11212688-004-global-floodmaps/modelling/model_outputs/7172/inputs/boundaries_RP1000_SLR_0.gpkg
    jobid: 5062
    reason: Missing output files: P:/11212688-004-global-floodmaps/modelling/model_outputs/7172/inputs/boundaries_RP1000_SLR_0.gpkg
    wildcards: tile_id=7172, return_period=RP1000, waterlevel_name=SLR_0
    resources: tmpdir=C:\Users\schlumbe\AppData\Local\Temp

[Sat Jul 25 23:43:08 2026]
Finished job 5114.
58 of 425 steps (14%) done
Select jobs to execute...

[Sat Jul 25 23:43:08 2026]
rule extract_boundaries:
    input: P:/11212688-004-global-floodmaps/modelling/model_outputs/7172/inputs/tile_geometry.gpkg
    output: P:/11212688-004-global-floodmaps/modelling/model_outputs/7172/inputs/boundaries_RP500_SLR_0.gpkg
    jobid: 5122
    reason: Missing output files: P:/11212688-004-global-floodmaps/modelling/model_outputs/7172/inputs/boundaries_RP500_SLR_0.gpkg
    wildcards: tile_id=7172, return_period=RP500, waterlevel_name=SLR_0
    resources: tmpdir=C:\Users\schlumbe\AppData\Local\Temp

[Sat Jul 25 23:43:08 2026]
Finished job 5084.
59 of 425 steps (14%) done
Select jobs to execute...

[Sat Jul 25 23:43:08 2026]
rule extract_boundaries:
    input: P:/11212688-004-global-floodmaps/modelling/model_outputs/7172/inputs/tile_geometry.gpkg
    output: P:/11212688-004-global-floodmaps/modelling/model_outputs/7172/inputs/boundaries_RP250_SLR_500.gpkg
    jobid: 5100
    reason: Missing output files: P:/11212688-004-global-floodmaps/modelling/model_outputs/7172/inputs/boundaries_RP250_SLR_500.gpkg
    wildcards: tile_id=7172, return_period=RP250, waterlevel_name=SLR_500
    resources: tmpdir=C:\Users\schlumbe\AppData\Local\Temp

[Sat Jul 25 23:43:08 2026]
Finished job 5092.
60 of 425 steps (14%) done
Select jobs to execute...

[Sat Jul 25 23:43:08 2026]
rule extract_boundaries:
    input: P:/11212688-004-global-floodmaps/modelling/model_outputs/7172/inputs/tile_geometry.gpkg
    output: P:/11212688-004-global-floodmaps/modelling/model_outputs/7172/inputs/boundaries_RP1000_SLR_500.gpkg
    jobid: 5070
    reason: Missing output files: P:/11212688-004-global-floodmaps/modelling/model_outputs/7172/inputs/boundaries_RP1000_SLR_500.gpkg
    wildcards: tile_id=7172, return_period=RP1000, waterlevel_name=SLR_500
    resources: tmpdir=C:\Users\schlumbe\AppData\Local\Temp

[Sat Jul 25 23:43:19 2026]
Finished job 5062.
61 of 425 steps (14%) done
Select jobs to execute...

[Sat Jul 25 23:43:19 2026]
rule extract_boundaries:
    input: P:/11212688-004-global-floodmaps/modelling/model_outputs/7172/inputs/tile_geometry.gpkg
    output: P:/11212688-004-global-floodmaps/modelling/model_outputs/7172/inputs/boundaries_RP500_SLR_500.gpkg
    jobid: 5130
    reason: Missing output files: P:/11212688-004-global-floodmaps/modelling/model_outputs/7172/inputs/boundaries_RP500_SLR_500.gpkg
    wildcards: tile_id=7172, return_period=RP500, waterlevel_name=SLR_500
    resources: tmpdir=C:\Users\schlumbe\AppData\Local\Temp

[Sat Jul 25 23:43:19 2026]
Finished job 5122.
62 of 425 steps (15%) done
Select jobs to execute...

[Sat Jul 25 23:43:19 2026]
rule extract_boundaries:
    input: P:/11212688-004-global-floodmaps/modelling/model_outputs/7172/inputs/tile_geometry.gpkg
    output: P:/11212688-004-global-floodmaps/modelling/model_outputs/7172/inputs/boundaries_RP50_SLR_2000.gpkg
    jobid: 5138
    reason: Missing output files: P:/11212688-004-global-floodmaps/modelling/model_outputs/7172/inputs/boundaries_RP50_SLR_2000.gpkg
    wildcards: tile_id=7172, return_period=RP50, waterlevel_name=SLR_2000
    resources: tmpdir=C:\Users\schlumbe\AppData\Local\Temp

[Sat Jul 25 23:43:19 2026]
Finished job 5100.
63 of 425 steps (15%) done
Select jobs to execute...

[Sat Jul 25 23:43:19 2026]
rule extract_boundaries:
    input: P:/11212688-004-global-floodmaps/modelling/model_outputs/7172/inputs/tile_geometry.gpkg
    output: P:/11212688-004-global-floodmaps/modelling/model_outputs/7172/inputs/boundaries_RP100_SLR_2000.gpkg
    jobid: 5078
    reason: Missing output files: P:/11212688-004-global-floodmaps/modelling/model_outputs/7172/inputs/boundaries_RP100_SLR_2000.gpkg
    wildcards: tile_id=7172, return_period=RP100, waterlevel_name=SLR_2000
    resources: tmpdir=C:\Users\schlumbe\AppData\Local\Temp

[Sat Jul 25 23:43:19 2026]
Finished job 5070.
64 of 425 steps (15%) done
Select jobs to execute...

[Sat Jul 25 23:43:19 2026]
rule extract_boundaries:
    input: P:/11212688-004-global-floodmaps/modelling/model_outputs/7172/inputs/tile_geometry.gpkg
    output: P:/11212688-004-global-floodmaps/modelling/model_outputs/7172/inputs/boundaries_RP25_SLR_2000.gpkg
    jobid: 5108
    reason: Missing output files: P:/11212688-004-global-floodmaps/modelling/model_outputs/7172/inputs/boundaries_RP25_SLR_2000.gpkg
    wildcards: tile_id=7172, return_period=RP25, waterlevel_name=SLR_2000
    resources: tmpdir=C:\Users\schlumbe\AppData\Local\Temp

[Sat Jul 25 23:43:29 2026]
Finished job 5130.
65 of 425 steps (15%) done
Select jobs to execute...

[Sat Jul 25 23:43:29 2026]
rule extract_boundaries:
    input: P:/11212688-004-global-floodmaps/modelling/model_outputs/7172/inputs/tile_geometry.gpkg
    output: P:/11212688-004-global-floodmaps/modelling/model_outputs/7172/inputs/boundaries_RP5_SLR_1500.gpkg
    jobid: 5146
    reason: Missing output files: P:/11212688-004-global-floodmaps/modelling/model_outputs/7172/inputs/boundaries_RP5_SLR_1500.gpkg
    wildcards: tile_id=7172, return_period=RP5, waterlevel_name=SLR_1500
    resources: tmpdir=C:\Users\schlumbe\AppData\Local\Temp

[Sat Jul 25 23:43:29 2026]
Finished job 5138.
66 of 425 steps (16%) done
Select jobs to execute...

[Sat Jul 25 23:43:29 2026]
rule extract_boundaries:
    input: P:/11212688-004-global-floodmaps/modelling/model_outputs/7172/inputs/tile_geometry.gpkg
    output: P:/11212688-004-global-floodmaps/modelling/model_outputs/7172/inputs/boundaries_RP10_SLR_1500.gpkg
    jobid: 5086
    reason: Missing output files: P:/11212688-004-global-floodmaps/modelling/model_outputs/7172/inputs/boundaries_RP10_SLR_1500.gpkg
    wildcards: tile_id=7172, return_period=RP10, waterlevel_name=SLR_1500
    resources: tmpdir=C:\Users\schlumbe\AppData\Local\Temp

[Sat Jul 25 23:43:29 2026]
Finished job 5078.
67 of 425 steps (16%) done
Select jobs to execute...

[Sat Jul 25 23:43:29 2026]
rule extract_boundaries:
    input: P:/11212688-004-global-floodmaps/modelling/model_outputs/7172/inputs/tile_geometry.gpkg
    output: P:/11212688-004-global-floodmaps/modelling/model_outputs/7172/inputs/boundaries_RP2_SLR_1500.gpkg
    jobid: 5116
    reason: Missing output files: P:/11212688-004-global-floodmaps/modelling/model_outputs/7172/inputs/boundaries_RP2_SLR_1500.gpkg
    wildcards: tile_id=7172, return_period=RP2, waterlevel_name=SLR_1500
    resources: tmpdir=C:\Users\schlumbe\AppData\Local\Temp

[Sat Jul 25 23:43:30 2026]
Finished job 5108.
68 of 425 steps (16%) done
Select jobs to execute...

[Sat Jul 25 23:43:30 2026]
rule extract_boundaries:
    input: P:/11212688-004-global-floodmaps/modelling/model_outputs/7172/inputs/tile_geometry.gpkg
    output: P:/11212688-004-global-floodmaps/modelling/model_outputs/7172/inputs/boundaries_RP250_SLR_1000.gpkg
    jobid: 5094
    reason: Missing output files: P:/11212688-004-global-floodmaps/modelling/model_outputs/7172/inputs/boundaries_RP250_SLR_1000.gpkg
    wildcards: tile_id=7172, return_period=RP250, waterlevel_name=SLR_1000
    resources: tmpdir=C:\Users\schlumbe\AppData\Local\Temp

[Sat Jul 25 23:43:39 2026]
Finished job 5146.
69 of 425 steps (16%) done
Select jobs to execute...

[Sat Jul 25 23:43:39 2026]
rule extract_boundaries:
    input: P:/11212688-004-global-floodmaps/modelling/model_outputs/7172/inputs/tile_geometry.gpkg
    output: P:/11212688-004-global-floodmaps/modelling/model_outputs/7172/inputs/boundaries_RP1000_SLR_1000.gpkg
    jobid: 5064
    reason: Missing output files: P:/11212688-004-global-floodmaps/modelling/model_outputs/7172/inputs/boundaries_RP1000_SLR_1000.gpkg
    wildcards: tile_id=7172, return_period=RP1000, waterlevel_name=SLR_1000
    resources: tmpdir=C:\Users\schlumbe\AppData\Local\Temp

[Sat Jul 25 23:43:39 2026]
Finished job 5086.
70 of 425 steps (16%) done
Select jobs to execute...

[Sat Jul 25 23:43:39 2026]
rule extract_boundaries:
    input: P:/11212688-004-global-floodmaps/modelling/model_outputs/7172/inputs/tile_geometry.gpkg
    output: P:/11212688-004-global-floodmaps/modelling/model_outputs/7172/inputs/boundaries_RP500_SLR_1000.gpkg
    jobid: 5124
    reason: Missing output files: P:/11212688-004-global-floodmaps/modelling/model_outputs/7172/inputs/boundaries_RP500_SLR_1000.gpkg
    wildcards: tile_id=7172, return_period=RP500, waterlevel_name=SLR_1000
    resources: tmpdir=C:\Users\schlumbe\AppData\Local\Temp

[Sat Jul 25 23:43:40 2026]
Finished job 5116.
71 of 425 steps (17%) done
Select jobs to execute...

[Sat Jul 25 23:43:40 2026]
rule extract_boundaries:
    input: P:/11212688-004-global-floodmaps/modelling/model_outputs/7172/inputs/tile_geometry.gpkg
    output: P:/11212688-004-global-floodmaps/modelling/model_outputs/7172/inputs/boundaries_RP25_SLR_0.gpkg
    jobid: 5102
    reason: Missing output files: P:/11212688-004-global-floodmaps/modelling/model_outputs/7172/inputs/boundaries_RP25_SLR_0.gpkg
    wildcards: tile_id=7172, return_period=RP25, waterlevel_name=SLR_0
    resources: tmpdir=C:\Users\schlumbe\AppData\Local\Temp

[Sat Jul 25 23:43:41 2026]
Finished job 5094.
72 of 425 steps (17%) done
Select jobs to execute...

[Sat Jul 25 23:43:41 2026]
rule extract_boundaries:
    input: P:/11212688-004-global-floodmaps/modelling/model_outputs/7172/inputs/tile_geometry.gpkg
    output: P:/11212688-004-global-floodmaps/modelling/model_outputs/7172/inputs/boundaries_RP100_SLR_0.gpkg
    jobid: 5072
    reason: Missing output files: P:/11212688-004-global-floodmaps/modelling/model_outputs/7172/inputs/boundaries_RP100_SLR_0.gpkg
    wildcards: tile_id=7172, return_period=RP100, waterlevel_name=SLR_0
    resources: tmpdir=C:\Users\schlumbe\AppData\Local\Temp

[Sat Jul 25 23:43:49 2026]
Finished job 5064.
73 of 425 steps (17%) done
Select jobs to execute...

[Sat Jul 25 23:43:49 2026]
rule extract_boundaries:
    input: P:/11212688-004-global-floodmaps/modelling/model_outputs/7172/inputs/tile_geometry.gpkg
    output: P:/11212688-004-global-floodmaps/modelling/model_outputs/7172/inputs/boundaries_RP50_SLR_0.gpkg
    jobid: 5132
    reason: Missing output files: P:/11212688-004-global-floodmaps/modelling/model_outputs/7172/inputs/boundaries_RP50_SLR_0.gpkg
    wildcards: tile_id=7172, return_period=RP50, waterlevel_name=SLR_0
    resources: tmpdir=C:\Users\schlumbe\AppData\Local\Temp

[Sat Jul 25 23:43:50 2026]
Finished job 5124.
74 of 425 steps (17%) done
Select jobs to execute...

[Sat Jul 25 23:43:50 2026]
rule extract_boundaries:
    input: P:/11212688-004-global-floodmaps/modelling/model_outputs/7172/inputs/tile_geometry.gpkg
    output: P:/11212688-004-global-floodmaps/modelling/model_outputs/7172/inputs/boundaries_RP2_SLR_2000.gpkg
    jobid: 5118
    reason: Missing output files: P:/11212688-004-global-floodmaps/modelling/model_outputs/7172/inputs/boundaries_RP2_SLR_2000.gpkg
    wildcards: tile_id=7172, return_period=RP2, waterlevel_name=SLR_2000
    resources: tmpdir=C:\Users\schlumbe\AppData\Local\Temp

[Sat Jul 25 23:43:51 2026]
Finished job 5072.
75 of 425 steps (18%) done
Select jobs to execute...

[Sat Jul 25 23:43:51 2026]
rule compute_model_bbox:
    input: P:/11212688-004-global-floodmaps/modelling/model_outputs/7172/inputs/tile_geometry.gpkg
    output: P:/11212688-004-global-floodmaps/modelling/model_outputs/7172/inputs/model_bbox.json
    jobid: 5058
    reason: Missing output files: P:/11212688-004-global-floodmaps/modelling/model_outputs/7172/inputs/model_bbox.json
    wildcards: tile_id=7172
    resources: tmpdir=C:\Users\schlumbe\AppData\Local\Temp

[Sat Jul 25 23:43:53 2026]
Finished job 5102.
76 of 425 steps (18%) done
Select jobs to execute...

[Sat Jul 25 23:43:53 2026]
rule extract_boundaries:
    input: P:/11212688-004-global-floodmaps/modelling/model_outputs/7172/inputs/tile_geometry.gpkg
    output: P:/11212688-004-global-floodmaps/modelling/model_outputs/7172/inputs/boundaries_RP100_SLR_500.gpkg
    jobid: 5080
    reason: Missing output files: P:/11212688-004-global-floodmaps/modelling/model_outputs/7172/inputs/boundaries_RP100_SLR_500.gpkg
    wildcards: tile_id=7172, return_period=RP100, waterlevel_name=SLR_500
    resources: tmpdir=C:\Users\schlumbe\AppData\Local\Temp

2026-07-25 23:43:56,047 - snakemake_workflow - log - INFO - HydroMT version: 0.9.3
2026-07-25 23:43:56,047 - snakemake_workflow - data_catalog - INFO - Parsing data catalog from snakemake_workflow/config/data_catalog_gfm.yml
2026-07-25 23:43:56,087 - snakemake_workflow - rasterdataset - INFO - Reading deltadtm raster data from P:\11212688-004-global-floodmaps\modelling\inputs\DeltaDTM\deltadtm.vrt
2026-07-25 23:43:56,407 - snakemake_workflow - rasterdataset - WARNING - RasterDataset deltadtm: CRS from data catalog does not match CRS  of data. The original CRS will be used. Please check your catalog.
2026-07-25 23:43:56,463 - snakemake_workflow - rasterdataset - DEBUG - Clip to [14.652, -27.875, 16.006, -24.625] (epsg:9518))
2026-07-25 23:43:56,464 - snakemake_workflow - rasterdataset - WARNING - Dataset does [14.652361111111105, -27.874861111111116, 16.005694444444437, -24.624861111111116] does not fully cover bbox [14.652, -27.875, 16.006, -24.625]
[Sat Jul 25 23:44:00 2026]
Finished job 5058.
77 of 425 steps (18%) done
Select jobs to execute...

[Sat Jul 25 23:44:00 2026]
rule extract_dem:
    input: P:/11212688-004-global-floodmaps/modelling/model_outputs/7172/inputs/model_bbox.json, P:/11212688-004-global-floodmaps/modelling/inputs/ICGM/geoid_offset_egm2008_goco06s.tif
    output: P:/11212688-004-global-floodmaps/modelling/model_outputs/7172/inputs/dem.tif
    jobid: 5057
    reason: Missing output files: P:/11212688-004-global-floodmaps/modelling/model_outputs/7172/inputs/dem.tif; Input files updated by another job: P:/11212688-004-global-floodmaps/modelling/model_outputs/7172/inputs/model_bbox.json
    wildcards: tile_id=7172
    resources: tmpdir=C:\Users\schlumbe\AppData\Local\Temp

[Sat Jul 25 23:44:01 2026]
Finished job 5132.
78 of 425 steps (18%) done
Select jobs to execute...

[Sat Jul 25 23:44:01 2026]
rule extract_boundaries:
    input: P:/11212688-004-global-floodmaps/modelling/model_outputs/7172/inputs/tile_geometry.gpkg
    output: P:/11212688-004-global-floodmaps/modelling/model_outputs/7172/inputs/boundaries_RP250_SLR_1500.gpkg
    jobid: 5096
    reason: Missing output files: P:/11212688-004-global-floodmaps/modelling/model_outputs/7172/inputs/boundaries_RP250_SLR_1500.gpkg
    wildcards: tile_id=7172, return_period=RP250, waterlevel_name=SLR_1500
    resources: tmpdir=C:\Users\schlumbe\AppData\Local\Temp

[Sat Jul 25 23:44:01 2026]
Finished job 5118.
79 of 425 steps (19%) done
Select jobs to execute...

[Sat Jul 25 23:44:01 2026]
rule extract_boundaries:
    input: P:/11212688-004-global-floodmaps/modelling/model_outputs/7172/inputs/tile_geometry.gpkg
    output: P:/11212688-004-global-floodmaps/modelling/model_outputs/7172/inputs/boundaries_RP1000_SLR_1500.gpkg
    jobid: 5066
    reason: Missing output files: P:/11212688-004-global-floodmaps/modelling/model_outputs/7172/inputs/boundaries_RP1000_SLR_1500.gpkg
    wildcards: tile_id=7172, return_period=RP1000, waterlevel_name=SLR_1500
    resources: tmpdir=C:\Users\schlumbe\AppData\Local\Temp

2026-07-25 23:44:04,203 - snakemake_workflow - log - INFO - HydroMT version: 0.9.3
2026-07-25 23:44:04,203 - snakemake_workflow - data_catalog - INFO - Parsing data catalog from snakemake_workflow/config/data_catalog_gfm.yml
2026-07-25 23:44:04,244 - snakemake_workflow - rasterdataset - INFO - Reading deltadtm raster data from P:\11212688-004-global-floodmaps\modelling\inputs\DeltaDTM\deltadtm.vrt
2026-07-25 23:44:04,499 - snakemake_workflow - rasterdataset - WARNING - RasterDataset deltadtm: CRS from data catalog does not match CRS  of data. The original CRS will be used. Please check your catalog.
2026-07-25 23:44:04,552 - snakemake_workflow - rasterdataset - DEBUG - Clip to [14.657, -27.875, 16.001, -24.625] (epsg:9518))
2026-07-25 23:44:04,553 - snakemake_workflow - rasterdataset - WARNING - Dataset does [14.656805555555565, -27.874861111111116, 16.000694444444452, -24.624861111111116] does not fully cover bbox [14.657, -27.875, 16.001, -24.625]
[Sat Jul 25 23:44:04 2026]
Finished job 5080.
80 of 425 steps (19%) done
Select jobs to execute...

[Sat Jul 25 23:44:04 2026]
rule extract_boundaries:
    input: P:/11212688-004-global-floodmaps/modelling/model_outputs/7172/inputs/tile_geometry.gpkg
    output: P:/11212688-004-global-floodmaps/modelling/model_outputs/7172/inputs/boundaries_RP500_SLR_1500.gpkg
    jobid: 5126
    reason: Missing output files: P:/11212688-004-global-floodmaps/modelling/model_outputs/7172/inputs/boundaries_RP500_SLR_1500.gpkg
    wildcards: tile_id=7172, return_period=RP500, waterlevel_name=SLR_1500
    resources: tmpdir=C:\Users\schlumbe\AppData\Local\Temp

2026-07-25 23:44:08,845 - snakemake_workflow - rasterdataset - INFO - Reading deltadtm_mask raster data from P:\11212688-004-global-floodmaps\modelling\inputs\DeltaDTM_masks\deltadtm_mask.vrt
2026-07-25 23:44:09,746 - snakemake_workflow - rasterdataset - DEBUG - Clip to [14.657, -27.875, 16.001, -24.625] (epsg:4326))
2026-07-25 23:44:09,747 - snakemake_workflow - rasterdataset - WARNING - Dataset does [14.656736569891592, -27.874861111111116, 16.000922598983916, -24.624861111111116] does not fully cover bbox [14.657, -27.875, 16.001, -24.625]
[Sat Jul 25 23:44:12 2026]
Finished job 5066.
81 of 425 steps (19%) done
Select jobs to execute...

[Sat Jul 25 23:44:12 2026]
rule extract_boundaries:
    input: P:/11212688-004-global-floodmaps/modelling/model_outputs/7172/inputs/tile_geometry.gpkg
    output: P:/11212688-004-global-floodmaps/modelling/model_outputs/7172/inputs/boundaries_RP25_SLR_1000.gpkg
    jobid: 5104
    reason: Missing output files: P:/11212688-004-global-floodmaps/modelling/model_outputs/7172/inputs/boundaries_RP25_SLR_1000.gpkg
    wildcards: tile_id=7172, return_period=RP25, waterlevel_name=SLR_1000
    resources: tmpdir=C:\Users\schlumbe\AppData\Local\Temp

[Sat Jul 25 23:44:12 2026]
Finished job 5096.
82 of 425 steps (19%) done
Select jobs to execute...

[Sat Jul 25 23:44:12 2026]
rule extract_boundaries:
    input: P:/11212688-004-global-floodmaps/modelling/model_outputs/7172/inputs/tile_geometry.gpkg
    output: P:/11212688-004-global-floodmaps/modelling/model_outputs/7172/inputs/boundaries_RP5_SLR_0.gpkg
    jobid: 5142
    reason: Missing output files: P:/11212688-004-global-floodmaps/modelling/model_outputs/7172/inputs/boundaries_RP5_SLR_0.gpkg
    wildcards: tile_id=7172, return_period=RP5, waterlevel_name=SLR_0
    resources: tmpdir=C:\Users\schlumbe\AppData\Local\Temp

[Sat Jul 25 23:44:15 2026]
Finished job 5126.
83 of 425 steps (20%) done
Select jobs to execute...

[Sat Jul 25 23:44:15 2026]
rule extract_boundaries:
    input: P:/11212688-004-global-floodmaps/modelling/model_outputs/7172/inputs/tile_geometry.gpkg
    output: P:/11212688-004-global-floodmaps/modelling/model_outputs/7172/inputs/boundaries_RP100_SLR_1000.gpkg
    jobid: 5074
    reason: Missing output files: P:/11212688-004-global-floodmaps/modelling/model_outputs/7172/inputs/boundaries_RP100_SLR_1000.gpkg
    wildcards: tile_id=7172, return_period=RP100, waterlevel_name=SLR_1000
    resources: tmpdir=C:\Users\schlumbe\AppData\Local\Temp

[Sat Jul 25 23:44:22 2026]
Finished job 5104.
84 of 425 steps (20%) done
Select jobs to execute...

[Sat Jul 25 23:44:22 2026]
rule extract_boundaries:
    input: P:/11212688-004-global-floodmaps/modelling/model_outputs/7172/inputs/tile_geometry.gpkg
    output: P:/11212688-004-global-floodmaps/modelling/model_outputs/7172/inputs/boundaries_RP50_SLR_1000.gpkg
    jobid: 5134
    reason: Missing output files: P:/11212688-004-global-floodmaps/modelling/model_outputs/7172/inputs/boundaries_RP50_SLR_1000.gpkg
    wildcards: tile_id=7172, return_period=RP50, waterlevel_name=SLR_1000
    resources: tmpdir=C:\Users\schlumbe\AppData\Local\Temp

[Sat Jul 25 23:44:23 2026]
Finished job 5142.
85 of 425 steps (20%) done
Select jobs to execute...

[Sat Jul 25 23:44:23 2026]
rule extract_boundaries:
    input: P:/11212688-004-global-floodmaps/modelling/model_outputs/7172/inputs/tile_geometry.gpkg
    output: P:/11212688-004-global-floodmaps/modelling/model_outputs/7172/inputs/boundaries_RP5_SLR_2000.gpkg
    jobid: 5148
    reason: Missing output files: P:/11212688-004-global-floodmaps/modelling/model_outputs/7172/inputs/boundaries_RP5_SLR_2000.gpkg
    wildcards: tile_id=7172, return_period=RP5, waterlevel_name=SLR_2000
    resources: tmpdir=C:\Users\schlumbe\AppData\Local\Temp

[Sat Jul 25 23:44:26 2026]
Finished job 5074.
86 of 425 steps (20%) done
Select jobs to execute...

[Sat Jul 25 23:44:26 2026]
rule extract_boundaries:
    input: P:/11212688-004-global-floodmaps/modelling/model_outputs/7172/inputs/tile_geometry.gpkg
    output: P:/11212688-004-global-floodmaps/modelling/model_outputs/7172/inputs/boundaries_RP50_SLR_500.gpkg
    jobid: 5140
    reason: Missing output files: P:/11212688-004-global-floodmaps/modelling/model_outputs/7172/inputs/boundaries_RP50_SLR_500.gpkg
    wildcards: tile_id=7172, return_period=RP50, waterlevel_name=SLR_500
    resources: tmpdir=C:\Users\schlumbe\AppData\Local\Temp

[Sat Jul 25 23:44:33 2026]
Finished job 5134.
87 of 425 steps (20%) done
Select jobs to execute...

[Sat Jul 25 23:44:33 2026]
rule extract_boundaries:
    input: P:/11212688-004-global-floodmaps/modelling/model_outputs/7172/inputs/tile_geometry.gpkg
    output: P:/11212688-004-global-floodmaps/modelling/model_outputs/7172/inputs/boundaries_RP25_SLR_500.gpkg
    jobid: 5110
    reason: Missing output files: P:/11212688-004-global-floodmaps/modelling/model_outputs/7172/inputs/boundaries_RP25_SLR_500.gpkg
    wildcards: tile_id=7172, return_period=RP25, waterlevel_name=SLR_500
    resources: tmpdir=C:\Users\schlumbe\AppData\Local\Temp

[Sat Jul 25 23:44:33 2026]
Finished job 5148.
88 of 425 steps (21%) done
Select jobs to execute...

[Sat Jul 25 23:44:33 2026]
rule extract_boundaries:
    input: P:/11212688-004-global-floodmaps/modelling/model_outputs/7172/inputs/tile_geometry.gpkg
    output: P:/11212688-004-global-floodmaps/modelling/model_outputs/7172/inputs/boundaries_RP2_SLR_0.gpkg
    jobid: 5112
    reason: Missing output files: P:/11212688-004-global-floodmaps/modelling/model_outputs/7172/inputs/boundaries_RP2_SLR_0.gpkg
    wildcards: tile_id=7172, return_period=RP2, waterlevel_name=SLR_0
    resources: tmpdir=C:\Users\schlumbe\AppData\Local\Temp

[Sat Jul 25 23:44:36 2026]
Finished job 5140.
89 of 425 steps (21%) done
Select jobs to execute...

[Sat Jul 25 23:44:36 2026]
rule extract_boundaries:
    input: P:/11212688-004-global-floodmaps/modelling/model_outputs/7172/inputs/tile_geometry.gpkg
    output: P:/11212688-004-global-floodmaps/modelling/model_outputs/7172/inputs/boundaries_RP10_SLR_2000.gpkg
    jobid: 5088
    reason: Missing output files: P:/11212688-004-global-floodmaps/modelling/model_outputs/7172/inputs/boundaries_RP10_SLR_2000.gpkg
    wildcards: tile_id=7172, return_period=RP10, waterlevel_name=SLR_2000
    resources: tmpdir=C:\Users\schlumbe\AppData\Local\Temp

[Sat Jul 25 23:44:43 2026]
Finished job 5110.
90 of 425 steps (21%) done
Select jobs to execute...

[Sat Jul 25 23:44:43 2026]
rule extract_tile_geometry:
    output: P:/11212688-004-global-floodmaps/modelling/model_outputs/6951/inputs/tile_geometry.gpkg
    jobid: 1639
    reason: Missing output files: P:/11212688-004-global-floodmaps/modelling/model_outputs/6951/inputs/tile_geometry.gpkg
    wildcards: tile_id=6951
    resources: tmpdir=C:\Users\schlumbe\AppData\Local\Temp

[Sat Jul 25 23:44:43 2026]
Finished job 5112.
91 of 425 steps (21%) done
Select jobs to execute...

[Sat Jul 25 23:44:43 2026]
rule extract_tile_geometry:
    output: P:/11212688-004-global-floodmaps/modelling/model_outputs/700/inputs/tile_geometry.gpkg
    jobid: 2779
    reason: Missing output files: P:/11212688-004-global-floodmaps/modelling/model_outputs/700/inputs/tile_geometry.gpkg
    wildcards: tile_id=700
    resources: tmpdir=C:\Users\schlumbe\AppData\Local\Temp

[Sat Jul 25 23:44:46 2026]
Finished job 5057.
92 of 425 steps (22%) done
Select jobs to execute...

[Sat Jul 25 23:44:46 2026]
rule extract_dem_mask:
    input: P:/11212688-004-global-floodmaps/modelling/model_outputs/7172/inputs/dem.tif
    output: P:/11212688-004-global-floodmaps/modelling/model_outputs/7172/inputs/mask.tif
    jobid: 5060
    reason: Missing output files: P:/11212688-004-global-floodmaps/modelling/model_outputs/7172/inputs/mask.tif; Input files updated by another job: P:/11212688-004-global-floodmaps/modelling/model_outputs/7172/inputs/dem.tif
    wildcards: tile_id=7172
    resources: tmpdir=C:\Users\schlumbe\AppData\Local\Temp

[Sat Jul 25 23:44:47 2026]
Finished job 5088.
93 of 425 steps (22%) done
Select jobs to execute...

[Sat Jul 25 23:44:47 2026]
rule compute_friction:
    input: P:/11212688-004-global-floodmaps/modelling/model_outputs/7172/inputs/dem.tif
    output: P:/11212688-004-global-floodmaps/modelling/model_outputs/7172/inputs/friction.tif
    jobid: 5061
    reason: Missing output files: P:/11212688-004-global-floodmaps/modelling/model_outputs/7172/inputs/friction.tif; Input files updated by another job: P:/11212688-004-global-floodmaps/modelling/model_outputs/7172/inputs/dem.tif
    wildcards: tile_id=7172
    resources: tmpdir=C:\Users\schlumbe\AppData\Local\Temp

[Sat Jul 25 23:44:48 2026]
Finished job 1639.
94 of 425 steps (22%) done
Select jobs to execute...

[Sat Jul 25 23:44:48 2026]
rule extract_boundaries:
    input: P:/11212688-004-global-floodmaps/modelling/model_outputs/6951/inputs/tile_geometry.gpkg
    output: P:/11212688-004-global-floodmaps/modelling/model_outputs/6951/inputs/boundaries_RP10_SLR_500.gpkg
    jobid: 1670
    reason: Missing output files: P:/11212688-004-global-floodmaps/modelling/model_outputs/6951/inputs/boundaries_RP10_SLR_500.gpkg; Input files updated by another job: P:/11212688-004-global-floodmaps/modelling/model_outputs/6951/inputs/tile_geometry.gpkg
    wildcards: tile_id=6951, return_period=RP10, waterlevel_name=SLR_500
    resources: tmpdir=C:\Users\schlumbe\AppData\Local\Temp

[Sat Jul 25 23:44:48 2026]
Finished job 2779.
95 of 425 steps (22%) done
Select jobs to execute...

[Sat Jul 25 23:44:48 2026]
rule extract_boundaries:
    input: P:/11212688-004-global-floodmaps/modelling/model_outputs/6951/inputs/tile_geometry.gpkg
    output: P:/11212688-004-global-floodmaps/modelling/model_outputs/6951/inputs/boundaries_RP50_SLR_1500.gpkg
    jobid: 1716
    reason: Missing output files: P:/11212688-004-global-floodmaps/modelling/model_outputs/6951/inputs/boundaries_RP50_SLR_1500.gpkg; Input files updated by another job: P:/11212688-004-global-floodmaps/modelling/model_outputs/6951/inputs/tile_geometry.gpkg
    wildcards: tile_id=6951, return_period=RP50, waterlevel_name=SLR_1500
    resources: tmpdir=C:\Users\schlumbe\AppData\Local\Temp

2026-07-25 23:44:56,591 - snakemake_workflow - log - INFO - HydroMT version: 0.9.3
2026-07-25 23:44:56,592 - snakemake_workflow - data_catalog - INFO - Parsing data catalog from snakemake_workflow/config/data_catalog_gfm.yml
2026-07-25 23:44:56,629 - snakemake_workflow - rasterdataset - INFO - Reading deltadtm_mask raster data from P:\11212688-004-global-floodmaps\modelling\inputs\DeltaDTM_masks\deltadtm_mask.vrt
2026-07-25 23:44:56,793 - snakemake_workflow - log - INFO - HydroMT version: 0.9.3
2026-07-25 23:44:56,793 - snakemake_workflow - data_catalog - INFO - Parsing data catalog from snakemake_workflow/config/data_catalog_gfm.yml
2026-07-25 23:44:56,837 - snakemake_workflow - rasterdataset - INFO - Reading land_use raster data from P:\11212688-004-global-floodmaps\modelling\inputs\Copernicus\Copernicus_LandUse.tif
2026-07-25 23:44:56,922 - snakemake_workflow - rasterdataset - DEBUG - Clip to [14.657, -27.875, 16.001, -24.625] (epsg:4326))
2026-07-25 23:44:56,923 - snakemake_workflow - rasterdataset - WARNING - Dataset does [14.65674603174537, -27.874999999999634, 16.0009920634914, -24.624999999999645] does not fully cover bbox [14.657, -27.875, 16.001, -24.625]
2026-07-25 23:44:57,543 - snakemake_workflow - rasterdataset - DEBUG - Clip to [14.657, -27.875, 16.001, -24.625] (epsg:4326))
2026-07-25 23:44:57,544 - snakemake_workflow - rasterdataset - WARNING - Dataset does [14.656736569891592, -27.874861111111116, 16.000922598983916, -24.624861111111116] does not fully cover bbox [14.657, -27.875, 16.001, -24.625]
[Sat Jul 25 23:44:58 2026]
Finished job 1670.
96 of 425 steps (23%) done
Select jobs to execute...

[Sat Jul 25 23:44:58 2026]
rule extract_boundaries:
    input: P:/11212688-004-global-floodmaps/modelling/model_outputs/6951/inputs/tile_geometry.gpkg
    output: P:/11212688-004-global-floodmaps/modelling/model_outputs/6951/inputs/boundaries_RP100_SLR_1500.gpkg
    jobid: 1656
    reason: Missing output files: P:/11212688-004-global-floodmaps/modelling/model_outputs/6951/inputs/boundaries_RP100_SLR_1500.gpkg; Input files updated by another job: P:/11212688-004-global-floodmaps/modelling/model_outputs/6951/inputs/tile_geometry.gpkg
    wildcards: tile_id=6951, return_period=RP100, waterlevel_name=SLR_1500
    resources: tmpdir=C:\Users\schlumbe\AppData\Local\Temp

[Sat Jul 25 23:44:59 2026]
Finished job 1716.
97 of 425 steps (23%) done
Select jobs to execute...

[Sat Jul 25 23:44:59 2026]
rule extract_boundaries:
    input: P:/11212688-004-global-floodmaps/modelling/model_outputs/700/inputs/tile_geometry.gpkg
    output: P:/11212688-004-global-floodmaps/modelling/model_outputs/700/inputs/boundaries_RP50_SLR_1500.gpkg
    jobid: 2856
    reason: Missing output files: P:/11212688-004-global-floodmaps/modelling/model_outputs/700/inputs/boundaries_RP50_SLR_1500.gpkg; Input files updated by another job: P:/11212688-004-global-floodmaps/modelling/model_outputs/700/inputs/tile_geometry.gpkg
    wildcards: tile_id=700, return_period=RP50, waterlevel_name=SLR_1500
    resources: tmpdir=C:\Users\schlumbe\AppData\Local\Temp

2026-07-25 23:45:00,302 - snakemake_workflow - dataframe - INFO - Reading lu_to_roughness_lookup csv data from P:\11212688-004-global-floodmaps\modelling\inputs\Copernicus\lu_to_roughness_lookup.csv
[Sat Jul 25 23:45:01 2026]
Finished job 5060.
98 of 425 steps (23%) done
Select jobs to execute...

[Sat Jul 25 23:45:01 2026]
rule extract_boundaries:
    input: P:/11212688-004-global-floodmaps/modelling/model_outputs/700/inputs/tile_geometry.gpkg
    output: P:/11212688-004-global-floodmaps/modelling/model_outputs/700/inputs/boundaries_RP100_SLR_1500.gpkg
    jobid: 2796
    reason: Missing output files: P:/11212688-004-global-floodmaps/modelling/model_outputs/700/inputs/boundaries_RP100_SLR_1500.gpkg; Input files updated by another job: P:/11212688-004-global-floodmaps/modelling/model_outputs/700/inputs/tile_geometry.gpkg
    wildcards: tile_id=700, return_period=RP100, waterlevel_name=SLR_1500
    resources: tmpdir=C:\Users\schlumbe\AppData\Local\Temp

[Sat Jul 25 23:45:05 2026]
Finished job 5061.
99 of 425 steps (23%) done
Select jobs to execute...

[Sat Jul 25 23:45:05 2026]
rule write_aqueduct_config:
    input: P:/11212688-004-global-floodmaps/modelling/model_outputs/7172/inputs/dem.tif, P:/11212688-004-global-floodmaps/modelling/model_outputs/7172/inputs/mask.tif, P:/11212688-004-global-floodmaps/modelling/model_outputs/7172/inputs/friction.tif, P:/11212688-004-global-floodmaps/modelling/model_outputs/7172/inputs/boundaries_RP50_SLR_1500.gpkg
    output: P:/11212688-004-global-floodmaps/modelling/model_outputs/7172/inputs/aqueduct_RP50_SLR_1500.toml
    jobid: 5135
    reason: Missing output files: P:/11212688-004-global-floodmaps/modelling/model_outputs/7172/inputs/aqueduct_RP50_SLR_1500.toml; Input files updated by another job: P:/11212688-004-global-floodmaps/modelling/model_outputs/7172/inputs/dem.tif, P:/11212688-004-global-floodmaps/modelling/model_outputs/7172/inputs/friction.tif, P:/11212688-004-global-floodmaps/modelling/model_outputs/7172/inputs/boundaries_RP50_SLR_1500.gpkg, P:/11212688-004-global-floodmaps/modelling/model_outputs/7172/inputs/mask.tif
    wildcards: tile_id=7172, return_period=RP50, waterlevel_name=SLR_1500
    resources: tmpdir=C:\Users\schlumbe\AppData\Local\Temp

[Sat Jul 25 23:45:06 2026]
Finished job 5135.
100 of 425 steps (24%) done
Select jobs to execute...

[Sat Jul 25 23:45:06 2026]
rule write_aqueduct_config:
    input: P:/11212688-004-global-floodmaps/modelling/model_outputs/7172/inputs/dem.tif, P:/11212688-004-global-floodmaps/modelling/model_outputs/7172/inputs/mask.tif, P:/11212688-004-global-floodmaps/modelling/model_outputs/7172/inputs/friction.tif, P:/11212688-004-global-floodmaps/modelling/model_outputs/7172/inputs/boundaries_RP100_SLR_1500.gpkg
    output: P:/11212688-004-global-floodmaps/modelling/model_outputs/7172/inputs/aqueduct_RP100_SLR_1500.toml
    jobid: 5075
    reason: Missing output files: P:/11212688-004-global-floodmaps/modelling/model_outputs/7172/inputs/aqueduct_RP100_SLR_1500.toml; Input files updated by another job: P:/11212688-004-global-floodmaps/modelling/model_outputs/7172/inputs/dem.tif, P:/11212688-004-global-floodmaps/modelling/model_outputs/7172/inputs/friction.tif, P:/11212688-004-global-floodmaps/modelling/model_outputs/7172/inputs/boundaries_RP100_SLR_1500.gpkg, P:/11212688-004-global-floodmaps/modelling/model_outputs/7172/inputs/mask.tif
    wildcards: tile_id=7172, return_period=RP100, waterlevel_name=SLR_1500
    resources: tmpdir=C:\Users\schlumbe\AppData\Local\Temp

[Sat Jul 25 23:45:06 2026]
Finished job 5075.
101 of 425 steps (24%) done
Select jobs to execute...

[Sat Jul 25 23:45:06 2026]
rule write_aqueduct_config:
    input: P:/11212688-004-global-floodmaps/modelling/model_outputs/7172/inputs/dem.tif, P:/11212688-004-global-floodmaps/modelling/model_outputs/7172/inputs/mask.tif, P:/11212688-004-global-floodmaps/modelling/model_outputs/7172/inputs/friction.tif, P:/11212688-004-global-floodmaps/modelling/model_outputs/7172/inputs/boundaries_RP25_SLR_1500.gpkg
    output: P:/11212688-004-global-floodmaps/modelling/model_outputs/7172/inputs/aqueduct_RP25_SLR_1500.toml
    jobid: 5105
    reason: Missing output files: P:/11212688-004-global-floodmaps/modelling/model_outputs/7172/inputs/aqueduct_RP25_SLR_1500.toml; Input files updated by another job: P:/11212688-004-global-floodmaps/modelling/model_outputs/7172/inputs/dem.tif, P:/11212688-004-global-floodmaps/modelling/model_outputs/7172/inputs/friction.tif, P:/11212688-004-global-floodmaps/modelling/model_outputs/7172/inputs/boundaries_RP25_SLR_1500.gpkg, P:/11212688-004-global-floodmaps/modelling/model_outputs/7172/inputs/mask.tif
    wildcards: tile_id=7172, return_period=RP25, waterlevel_name=SLR_1500
    resources: tmpdir=C:\Users\schlumbe\AppData\Local\Temp

[Sat Jul 25 23:45:07 2026]
Finished job 5105.
102 of 425 steps (24%) done
Select jobs to execute...

[Sat Jul 25 23:45:07 2026]
rule write_aqueduct_config:
    input: P:/11212688-004-global-floodmaps/modelling/model_outputs/7172/inputs/dem.tif, P:/11212688-004-global-floodmaps/modelling/model_outputs/7172/inputs/mask.tif, P:/11212688-004-global-floodmaps/modelling/model_outputs/7172/inputs/friction.tif, P:/11212688-004-global-floodmaps/modelling/model_outputs/7172/inputs/boundaries_RP50_SLR_2000.gpkg
    output: P:/11212688-004-global-floodmaps/modelling/model_outputs/7172/inputs/aqueduct_RP50_SLR_2000.toml
    jobid: 5137
    reason: Missing output files: P:/11212688-004-global-floodmaps/modelling/model_outputs/7172/inputs/aqueduct_RP50_SLR_2000.toml; Input files updated by another job: P:/11212688-004-global-floodmaps/modelling/model_outputs/7172/inputs/boundaries_RP50_SLR_2000.gpkg, P:/11212688-004-global-floodmaps/modelling/model_outputs/7172/inputs/friction.tif, P:/11212688-004-global-floodmaps/modelling/model_outputs/7172/inputs/dem.tif, P:/11212688-004-global-floodmaps/modelling/model_outputs/7172/inputs/mask.tif
    wildcards: tile_id=7172, return_period=RP50, waterlevel_name=SLR_2000
    resources: tmpdir=C:\Users\schlumbe\AppData\Local\Temp

[Sat Jul 25 23:45:07 2026]
Finished job 5137.
103 of 425 steps (24%) done
Select jobs to execute...

[Sat Jul 25 23:45:07 2026]
rule write_aqueduct_config:
    input: P:/11212688-004-global-floodmaps/modelling/model_outputs/7172/inputs/dem.tif, P:/11212688-004-global-floodmaps/modelling/model_outputs/7172/inputs/mask.tif, P:/11212688-004-global-floodmaps/modelling/model_outputs/7172/inputs/friction.tif, P:/11212688-004-global-floodmaps/modelling/model_outputs/7172/inputs/boundaries_RP100_SLR_2000.gpkg
    output: P:/11212688-004-global-floodmaps/modelling/model_outputs/7172/inputs/aqueduct_RP100_SLR_2000.toml
    jobid: 5077
    reason: Missing output files: P:/11212688-004-global-floodmaps/modelling/model_outputs/7172/inputs/aqueduct_RP100_SLR_2000.toml; Input files updated by another job: P:/11212688-004-global-floodmaps/modelling/model_outputs/7172/inputs/dem.tif, P:/11212688-004-global-floodmaps/modelling/model_outputs/7172/inputs/friction.tif, P:/11212688-004-global-floodmaps/modelling/model_outputs/7172/inputs/boundaries_RP100_SLR_2000.gpkg, P:/11212688-004-global-floodmaps/modelling/model_outputs/7172/inputs/mask.tif
    wildcards: tile_id=7172, return_period=RP100, waterlevel_name=SLR_2000
    resources: tmpdir=C:\Users\schlumbe\AppData\Local\Temp

[Sat Jul 25 23:45:08 2026]
Finished job 5077.
104 of 425 steps (24%) done
Select jobs to execute...

[Sat Jul 25 23:45:08 2026]
rule write_aqueduct_config:
    input: P:/11212688-004-global-floodmaps/modelling/model_outputs/7172/inputs/dem.tif, P:/11212688-004-global-floodmaps/modelling/model_outputs/7172/inputs/mask.tif, P:/11212688-004-global-floodmaps/modelling/model_outputs/7172/inputs/friction.tif, P:/11212688-004-global-floodmaps/modelling/model_outputs/7172/inputs/boundaries_RP25_SLR_2000.gpkg
    output: P:/11212688-004-global-floodmaps/modelling/model_outputs/7172/inputs/aqueduct_RP25_SLR_2000.toml
    jobid: 5107
    reason: Missing output files: P:/11212688-004-global-floodmaps/modelling/model_outputs/7172/inputs/aqueduct_RP25_SLR_2000.toml; Input files updated by another job: P:/11212688-004-global-floodmaps/modelling/model_outputs/7172/inputs/dem.tif, P:/11212688-004-global-floodmaps/modelling/model_outputs/7172/inputs/friction.tif, P:/11212688-004-global-floodmaps/modelling/model_outputs/7172/inputs/boundaries_RP25_SLR_2000.gpkg, P:/11212688-004-global-floodmaps/modelling/model_outputs/7172/inputs/mask.tif
    wildcards: tile_id=7172, return_period=RP25, waterlevel_name=SLR_2000
    resources: tmpdir=C:\Users\schlumbe\AppData\Local\Temp

[Sat Jul 25 23:45:08 2026]
Finished job 5107.
105 of 425 steps (25%) done
Select jobs to execute...

[Sat Jul 25 23:45:08 2026]
rule write_aqueduct_config:
    input: P:/11212688-004-global-floodmaps/modelling/model_outputs/7172/inputs/dem.tif, P:/11212688-004-global-floodmaps/modelling/model_outputs/7172/inputs/mask.tif, P:/11212688-004-global-floodmaps/modelling/model_outputs/7172/inputs/friction.tif, P:/11212688-004-global-floodmaps/modelling/model_outputs/7172/inputs/boundaries_RP50_SLR_500.gpkg
    output: P:/11212688-004-global-floodmaps/modelling/model_outputs/7172/inputs/aqueduct_RP50_SLR_500.toml
    jobid: 5139
    reason: Missing output files: P:/11212688-004-global-floodmaps/modelling/model_outputs/7172/inputs/aqueduct_RP50_SLR_500.toml; Input files updated by another job: P:/11212688-004-global-floodmaps/modelling/model_outputs/7172/inputs/dem.tif, P:/11212688-004-global-floodmaps/modelling/model_outputs/7172/inputs/friction.tif, P:/11212688-004-global-floodmaps/modelling/model_outputs/7172/inputs/boundaries_RP50_SLR_500.gpkg, P:/11212688-004-global-floodmaps/modelling/model_outputs/7172/inputs/mask.tif
    wildcards: tile_id=7172, return_period=RP50, waterlevel_name=SLR_500
    resources: tmpdir=C:\Users\schlumbe\AppData\Local\Temp

[Sat Jul 25 23:45:08 2026]
Finished job 5139.
106 of 425 steps (25%) done
Select jobs to execute...

[Sat Jul 25 23:45:08 2026]
rule write_aqueduct_config:
    input: P:/11212688-004-global-floodmaps/modelling/model_outputs/7172/inputs/dem.tif, P:/11212688-004-global-floodmaps/modelling/model_outputs/7172/inputs/mask.tif, P:/11212688-004-global-floodmaps/modelling/model_outputs/7172/inputs/friction.tif, P:/11212688-004-global-floodmaps/modelling/model_outputs/7172/inputs/boundaries_RP100_SLR_500.gpkg
    output: P:/11212688-004-global-floodmaps/modelling/model_outputs/7172/inputs/aqueduct_RP100_SLR_500.toml
    jobid: 5079
    reason: Missing output files: P:/11212688-004-global-floodmaps/modelling/model_outputs/7172/inputs/aqueduct_RP100_SLR_500.toml; Input files updated by another job: P:/11212688-004-global-floodmaps/modelling/model_outputs/7172/inputs/dem.tif, P:/11212688-004-global-floodmaps/modelling/model_outputs/7172/inputs/boundaries_RP100_SLR_500.gpkg, P:/11212688-004-global-floodmaps/modelling/model_outputs/7172/inputs/friction.tif, P:/11212688-004-global-floodmaps/modelling/model_outputs/7172/inputs/mask.tif
    wildcards: tile_id=7172, return_period=RP100, waterlevel_name=SLR_500
    resources: tmpdir=C:\Users\schlumbe\AppData\Local\Temp

[Sat Jul 25 23:45:09 2026]
Finished job 5079.
107 of 425 steps (25%) done
Select jobs to execute...

[Sat Jul 25 23:45:09 2026]
rule write_aqueduct_config:
    input: P:/11212688-004-global-floodmaps/modelling/model_outputs/7172/inputs/dem.tif, P:/11212688-004-global-floodmaps/modelling/model_outputs/7172/inputs/mask.tif, P:/11212688-004-global-floodmaps/modelling/model_outputs/7172/inputs/friction.tif, P:/11212688-004-global-floodmaps/modelling/model_outputs/7172/inputs/boundaries_RP25_SLR_500.gpkg
    output: P:/11212688-004-global-floodmaps/modelling/model_outputs/7172/inputs/aqueduct_RP25_SLR_500.toml
    jobid: 5109
    reason: Missing output files: P:/11212688-004-global-floodmaps/modelling/model_outputs/7172/inputs/aqueduct_RP25_SLR_500.toml; Input files updated by another job: P:/11212688-004-global-floodmaps/modelling/model_outputs/7172/inputs/dem.tif, P:/11212688-004-global-floodmaps/modelling/model_outputs/7172/inputs/friction.tif, P:/11212688-004-global-floodmaps/modelling/model_outputs/7172/inputs/boundaries_RP25_SLR_500.gpkg, P:/11212688-004-global-floodmaps/modelling/model_outputs/7172/inputs/mask.tif
    wildcards: tile_id=7172, return_period=RP25, waterlevel_name=SLR_500
    resources: tmpdir=C:\Users\schlumbe\AppData\Local\Temp

[Sat Jul 25 23:45:09 2026]
Finished job 1656.
108 of 425 steps (25%) done
Select jobs to execute...

[Sat Jul 25 23:45:09 2026]
rule write_aqueduct_config:
    input: P:/11212688-004-global-floodmaps/modelling/model_outputs/7172/inputs/dem.tif, P:/11212688-004-global-floodmaps/modelling/model_outputs/7172/inputs/mask.tif, P:/11212688-004-global-floodmaps/modelling/model_outputs/7172/inputs/friction.tif, P:/11212688-004-global-floodmaps/modelling/model_outputs/7172/inputs/boundaries_RP5_SLR_0.gpkg
    output: P:/11212688-004-global-floodmaps/modelling/model_outputs/7172/inputs/aqueduct_RP5_SLR_0.toml
    jobid: 5141
    reason: Missing output files: P:/11212688-004-global-floodmaps/modelling/model_outputs/7172/inputs/aqueduct_RP5_SLR_0.toml; Input files updated by another job: P:/11212688-004-global-floodmaps/modelling/model_outputs/7172/inputs/dem.tif, P:/11212688-004-global-floodmaps/modelling/model_outputs/7172/inputs/friction.tif, P:/11212688-004-global-floodmaps/modelling/model_outputs/7172/inputs/mask.tif, P:/11212688-004-global-floodmaps/modelling/model_outputs/7172/inputs/boundaries_RP5_SLR_0.gpkg
    wildcards: tile_id=7172, return_period=RP5, waterlevel_name=SLR_0
    resources: tmpdir=C:\Users\schlumbe\AppData\Local\Temp

[Sat Jul 25 23:45:09 2026]
Finished job 5109.
109 of 425 steps (26%) done
Select jobs to execute...

[Sat Jul 25 23:45:09 2026]
rule write_aqueduct_config:
    input: P:/11212688-004-global-floodmaps/modelling/model_outputs/7172/inputs/dem.tif, P:/11212688-004-global-floodmaps/modelling/model_outputs/7172/inputs/mask.tif, P:/11212688-004-global-floodmaps/modelling/model_outputs/7172/inputs/friction.tif, P:/11212688-004-global-floodmaps/modelling/model_outputs/7172/inputs/boundaries_RP10_SLR_0.gpkg
    output: P:/11212688-004-global-floodmaps/modelling/model_outputs/7172/inputs/aqueduct_RP10_SLR_0.toml
    jobid: 5081
    reason: Missing output files: P:/11212688-004-global-floodmaps/modelling/model_outputs/7172/inputs/aqueduct_RP10_SLR_0.toml; Input files updated by another job: P:/11212688-004-global-floodmaps/modelling/model_outputs/7172/inputs/dem.tif, P:/11212688-004-global-floodmaps/modelling/model_outputs/7172/inputs/friction.tif, P:/11212688-004-global-floodmaps/modelling/model_outputs/7172/inputs/boundaries_RP10_SLR_0.gpkg, P:/11212688-004-global-floodmaps/modelling/model_outputs/7172/inputs/mask.tif
    wildcards: tile_id=7172, return_period=RP10, waterlevel_name=SLR_0
    resources: tmpdir=C:\Users\schlumbe\AppData\Local\Temp

[Sat Jul 25 23:45:09 2026]
Finished job 2856.
110 of 425 steps (26%) done
Select jobs to execute...

[Sat Jul 25 23:45:09 2026]
rule write_aqueduct_config:
    input: P:/11212688-004-global-floodmaps/modelling/model_outputs/7172/inputs/dem.tif, P:/11212688-004-global-floodmaps/modelling/model_outputs/7172/inputs/mask.tif, P:/11212688-004-global-floodmaps/modelling/model_outputs/7172/inputs/friction.tif, P:/11212688-004-global-floodmaps/modelling/model_outputs/7172/inputs/boundaries_RP2_SLR_0.gpkg
    output: P:/11212688-004-global-floodmaps/modelling/model_outputs/7172/inputs/aqueduct_RP2_SLR_0.toml
    jobid: 5111
    reason: Missing output files: P:/11212688-004-global-floodmaps/modelling/model_outputs/7172/inputs/aqueduct_RP2_SLR_0.toml; Input files updated by another job: P:/11212688-004-global-floodmaps/modelling/model_outputs/7172/inputs/boundaries_RP2_SLR_0.gpkg, P:/11212688-004-global-floodmaps/modelling/model_outputs/7172/inputs/friction.tif, P:/11212688-004-global-floodmaps/modelling/model_outputs/7172/inputs/dem.tif, P:/11212688-004-global-floodmaps/modelling/model_outputs/7172/inputs/mask.tif
    wildcards: tile_id=7172, return_period=RP2, waterlevel_name=SLR_0
    resources: tmpdir=C:\Users\schlumbe\AppData\Local\Temp

[Sat Jul 25 23:45:10 2026]
Finished job 5141.
111 of 425 steps (26%) done
Select jobs to execute...

[Sat Jul 25 23:45:10 2026]
rule write_aqueduct_config:
    input: P:/11212688-004-global-floodmaps/modelling/model_outputs/7172/inputs/dem.tif, P:/11212688-004-global-floodmaps/modelling/model_outputs/7172/inputs/mask.tif, P:/11212688-004-global-floodmaps/modelling/model_outputs/7172/inputs/friction.tif, P:/11212688-004-global-floodmaps/modelling/model_outputs/7172/inputs/boundaries_RP5_SLR_1000.gpkg
    output: P:/11212688-004-global-floodmaps/modelling/model_outputs/7172/inputs/aqueduct_RP5_SLR_1000.toml
    jobid: 5143
    reason: Missing output files: P:/11212688-004-global-floodmaps/modelling/model_outputs/7172/inputs/aqueduct_RP5_SLR_1000.toml; Input files updated by another job: P:/11212688-004-global-floodmaps/modelling/model_outputs/7172/inputs/dem.tif, P:/11212688-004-global-floodmaps/modelling/model_outputs/7172/inputs/friction.tif, P:/11212688-004-global-floodmaps/modelling/model_outputs/7172/inputs/boundaries_RP5_SLR_1000.gpkg, P:/11212688-004-global-floodmaps/modelling/model_outputs/7172/inputs/mask.tif
    wildcards: tile_id=7172, return_period=RP5, waterlevel_name=SLR_1000
    resources: tmpdir=C:\Users\schlumbe\AppData\Local\Temp

[Sat Jul 25 23:45:10 2026]
Finished job 5081.
112 of 425 steps (26%) done
Select jobs to execute...

[Sat Jul 25 23:45:10 2026]
rule write_aqueduct_config:
    input: P:/11212688-004-global-floodmaps/modelling/model_outputs/7172/inputs/dem.tif, P:/11212688-004-global-floodmaps/modelling/model_outputs/7172/inputs/mask.tif, P:/11212688-004-global-floodmaps/modelling/model_outputs/7172/inputs/friction.tif, P:/11212688-004-global-floodmaps/modelling/model_outputs/7172/inputs/boundaries_RP10_SLR_1000.gpkg
    output: P:/11212688-004-global-floodmaps/modelling/model_outputs/7172/inputs/aqueduct_RP10_SLR_1000.toml
    jobid: 5083
    reason: Missing output files: P:/11212688-004-global-floodmaps/modelling/model_outputs/7172/inputs/aqueduct_RP10_SLR_1000.toml; Input files updated by another job: P:/11212688-004-global-floodmaps/modelling/model_outputs/7172/inputs/dem.tif, P:/11212688-004-global-floodmaps/modelling/model_outputs/7172/inputs/friction.tif, P:/11212688-004-global-floodmaps/modelling/model_outputs/7172/inputs/boundaries_RP10_SLR_1000.gpkg, P:/11212688-004-global-floodmaps/modelling/model_outputs/7172/inputs/mask.tif
    wildcards: tile_id=7172, return_period=RP10, waterlevel_name=SLR_1000
    resources: tmpdir=C:\Users\schlumbe\AppData\Local\Temp

[Sat Jul 25 23:45:10 2026]
Finished job 5111.
113 of 425 steps (27%) done
Select jobs to execute...

[Sat Jul 25 23:45:10 2026]
rule write_aqueduct_config:
    input: P:/11212688-004-global-floodmaps/modelling/model_outputs/7172/inputs/dem.tif, P:/11212688-004-global-floodmaps/modelling/model_outputs/7172/inputs/mask.tif, P:/11212688-004-global-floodmaps/modelling/model_outputs/7172/inputs/friction.tif, P:/11212688-004-global-floodmaps/modelling/model_outputs/7172/inputs/boundaries_RP2_SLR_1000.gpkg
    output: P:/11212688-004-global-floodmaps/modelling/model_outputs/7172/inputs/aqueduct_RP2_SLR_1000.toml
    jobid: 5113
    reason: Missing output files: P:/11212688-004-global-floodmaps/modelling/model_outputs/7172/inputs/aqueduct_RP2_SLR_1000.toml; Input files updated by another job: P:/11212688-004-global-floodmaps/modelling/model_outputs/7172/inputs/dem.tif, P:/11212688-004-global-floodmaps/modelling/model_outputs/7172/inputs/friction.tif, P:/11212688-004-global-floodmaps/modelling/model_outputs/7172/inputs/boundaries_RP2_SLR_1000.gpkg, P:/11212688-004-global-floodmaps/modelling/model_outputs/7172/inputs/mask.tif
    wildcards: tile_id=7172, return_period=RP2, waterlevel_name=SLR_1000
    resources: tmpdir=C:\Users\schlumbe\AppData\Local\Temp

[Sat Jul 25 23:45:10 2026]
Finished job 5143.
114 of 425 steps (27%) done
Select jobs to execute...

[Sat Jul 25 23:45:10 2026]
rule write_aqueduct_config:
    input: P:/11212688-004-global-floodmaps/modelling/model_outputs/7172/inputs/dem.tif, P:/11212688-004-global-floodmaps/modelling/model_outputs/7172/inputs/mask.tif, P:/11212688-004-global-floodmaps/modelling/model_outputs/7172/inputs/friction.tif, P:/11212688-004-global-floodmaps/modelling/model_outputs/7172/inputs/boundaries_RP5_SLR_1500.gpkg
    output: P:/11212688-004-global-floodmaps/modelling/model_outputs/7172/inputs/aqueduct_RP5_SLR_1500.toml
    jobid: 5145
    reason: Missing output files: P:/11212688-004-global-floodmaps/modelling/model_outputs/7172/inputs/aqueduct_RP5_SLR_1500.toml; Input files updated by another job: P:/11212688-004-global-floodmaps/modelling/model_outputs/7172/inputs/dem.tif, P:/11212688-004-global-floodmaps/modelling/model_outputs/7172/inputs/friction.tif, P:/11212688-004-global-floodmaps/modelling/model_outputs/7172/inputs/boundaries_RP5_SLR_1500.gpkg, P:/11212688-004-global-floodmaps/modelling/model_outputs/7172/inputs/mask.tif
    wildcards: tile_id=7172, return_period=RP5, waterlevel_name=SLR_1500
    resources: tmpdir=C:\Users\schlumbe\AppData\Local\Temp

[Sat Jul 25 23:45:10 2026]
Finished job 5083.
115 of 425 steps (27%) done
Select jobs to execute...

[Sat Jul 25 23:45:10 2026]
rule write_aqueduct_config:
    input: P:/11212688-004-global-floodmaps/modelling/model_outputs/7172/inputs/dem.tif, P:/11212688-004-global-floodmaps/modelling/model_outputs/7172/inputs/mask.tif, P:/11212688-004-global-floodmaps/modelling/model_outputs/7172/inputs/friction.tif, P:/11212688-004-global-floodmaps/modelling/model_outputs/7172/inputs/boundaries_RP10_SLR_1500.gpkg
    output: P:/11212688-004-global-floodmaps/modelling/model_outputs/7172/inputs/aqueduct_RP10_SLR_1500.toml
    jobid: 5085
    reason: Missing output files: P:/11212688-004-global-floodmaps/modelling/model_outputs/7172/inputs/aqueduct_RP10_SLR_1500.toml; Input files updated by another job: P:/11212688-004-global-floodmaps/modelling/model_outputs/7172/inputs/dem.tif, P:/11212688-004-global-floodmaps/modelling/model_outputs/7172/inputs/friction.tif, P:/11212688-004-global-floodmaps/modelling/model_outputs/7172/inputs/boundaries_RP10_SLR_1500.gpkg, P:/11212688-004-global-floodmaps/modelling/model_outputs/7172/inputs/mask.tif
    wildcards: tile_id=7172, return_period=RP10, waterlevel_name=SLR_1500
    resources: tmpdir=C:\Users\schlumbe\AppData\Local\Temp

[Sat Jul 25 23:45:10 2026]
Finished job 5113.
116 of 425 steps (27%) done
Select jobs to execute...

[Sat Jul 25 23:45:10 2026]
rule write_aqueduct_config:
    input: P:/11212688-004-global-floodmaps/modelling/model_outputs/7172/inputs/dem.tif, P:/11212688-004-global-floodmaps/modelling/model_outputs/7172/inputs/mask.tif, P:/11212688-004-global-floodmaps/modelling/model_outputs/7172/inputs/friction.tif, P:/11212688-004-global-floodmaps/modelling/model_outputs/7172/inputs/boundaries_RP2_SLR_1500.gpkg
    output: P:/11212688-004-global-floodmaps/modelling/model_outputs/7172/inputs/aqueduct_RP2_SLR_1500.toml
    jobid: 5115
    reason: Missing output files: P:/11212688-004-global-floodmaps/modelling/model_outputs/7172/inputs/aqueduct_RP2_SLR_1500.toml; Input files updated by another job: P:/11212688-004-global-floodmaps/modelling/model_outputs/7172/inputs/boundaries_RP2_SLR_1500.gpkg, P:/11212688-004-global-floodmaps/modelling/model_outputs/7172/inputs/friction.tif, P:/11212688-004-global-floodmaps/modelling/model_outputs/7172/inputs/dem.tif, P:/11212688-004-global-floodmaps/modelling/model_outputs/7172/inputs/mask.tif
    wildcards: tile_id=7172, return_period=RP2, waterlevel_name=SLR_1500
    resources: tmpdir=C:\Users\schlumbe\AppData\Local\Temp

[Sat Jul 25 23:45:11 2026]
Finished job 5145.
117 of 425 steps (28%) done
Select jobs to execute...

[Sat Jul 25 23:45:11 2026]
rule write_aqueduct_config:
    input: P:/11212688-004-global-floodmaps/modelling/model_outputs/7172/inputs/dem.tif, P:/11212688-004-global-floodmaps/modelling/model_outputs/7172/inputs/mask.tif, P:/11212688-004-global-floodmaps/modelling/model_outputs/7172/inputs/friction.tif, P:/11212688-004-global-floodmaps/modelling/model_outputs/7172/inputs/boundaries_RP1000_SLR_0.gpkg
    output: P:/11212688-004-global-floodmaps/modelling/model_outputs/7172/inputs/aqueduct_RP1000_SLR_0.toml
    jobid: 5056
    reason: Missing output files: P:/11212688-004-global-floodmaps/modelling/model_outputs/7172/inputs/aqueduct_RP1000_SLR_0.toml; Input files updated by another job: P:/11212688-004-global-floodmaps/modelling/model_outputs/7172/inputs/boundaries_RP1000_SLR_0.gpkg, P:/11212688-004-global-floodmaps/modelling/model_outputs/7172/inputs/friction.tif, P:/11212688-004-global-floodmaps/modelling/model_outputs/7172/inputs/dem.tif, P:/11212688-004-global-floodmaps/modelling/model_outputs/7172/inputs/mask.tif
    wildcards: tile_id=7172, return_period=RP1000, waterlevel_name=SLR_0
    resources: tmpdir=C:\Users\schlumbe\AppData\Local\Temp

[Sat Jul 25 23:45:11 2026]
Finished job 5085.
118 of 425 steps (28%) done
Select jobs to execute...

[Sat Jul 25 23:45:11 2026]
rule write_aqueduct_config:
    input: P:/11212688-004-global-floodmaps/modelling/model_outputs/7172/inputs/dem.tif, P:/11212688-004-global-floodmaps/modelling/model_outputs/7172/inputs/mask.tif, P:/11212688-004-global-floodmaps/modelling/model_outputs/7172/inputs/friction.tif, P:/11212688-004-global-floodmaps/modelling/model_outputs/7172/inputs/boundaries_RP5_SLR_2000.gpkg
    output: P:/11212688-004-global-floodmaps/modelling/model_outputs/7172/inputs/aqueduct_RP5_SLR_2000.toml
    jobid: 5147
    reason: Missing output files: P:/11212688-004-global-floodmaps/modelling/model_outputs/7172/inputs/aqueduct_RP5_SLR_2000.toml; Input files updated by another job: P:/11212688-004-global-floodmaps/modelling/model_outputs/7172/inputs/dem.tif, P:/11212688-004-global-floodmaps/modelling/model_outputs/7172/inputs/friction.tif, P:/11212688-004-global-floodmaps/modelling/model_outputs/7172/inputs/mask.tif, P:/11212688-004-global-floodmaps/modelling/model_outputs/7172/inputs/boundaries_RP5_SLR_2000.gpkg
    wildcards: tile_id=7172, return_period=RP5, waterlevel_name=SLR_2000
    resources: tmpdir=C:\Users\schlumbe\AppData\Local\Temp

[Sat Jul 25 23:45:11 2026]
Finished job 5115.
119 of 425 steps (28%) done
Select jobs to execute...

[Sat Jul 25 23:45:11 2026]
rule write_aqueduct_config:
    input: P:/11212688-004-global-floodmaps/modelling/model_outputs/7172/inputs/dem.tif, P:/11212688-004-global-floodmaps/modelling/model_outputs/7172/inputs/mask.tif, P:/11212688-004-global-floodmaps/modelling/model_outputs/7172/inputs/friction.tif, P:/11212688-004-global-floodmaps/modelling/model_outputs/7172/inputs/boundaries_RP10_SLR_2000.gpkg
    output: P:/11212688-004-global-floodmaps/modelling/model_outputs/7172/inputs/aqueduct_RP10_SLR_2000.toml
    jobid: 5087
    reason: Missing output files: P:/11212688-004-global-floodmaps/modelling/model_outputs/7172/inputs/aqueduct_RP10_SLR_2000.toml; Input files updated by another job: P:/11212688-004-global-floodmaps/modelling/model_outputs/7172/inputs/boundaries_RP10_SLR_2000.gpkg, P:/11212688-004-global-floodmaps/modelling/model_outputs/7172/inputs/friction.tif, P:/11212688-004-global-floodmaps/modelling/model_outputs/7172/inputs/dem.tif, P:/11212688-004-global-floodmaps/modelling/model_outputs/7172/inputs/mask.tif
    wildcards: tile_id=7172, return_period=RP10, waterlevel_name=SLR_2000
    resources: tmpdir=C:\Users\schlumbe\AppData\Local\Temp

[Sat Jul 25 23:45:11 2026]
Finished job 5056.
120 of 425 steps (28%) done
Select jobs to execute...

[Sat Jul 25 23:45:11 2026]
rule write_aqueduct_config:
    input: P:/11212688-004-global-floodmaps/modelling/model_outputs/7172/inputs/dem.tif, P:/11212688-004-global-floodmaps/modelling/model_outputs/7172/inputs/mask.tif, P:/11212688-004-global-floodmaps/modelling/model_outputs/7172/inputs/friction.tif, P:/11212688-004-global-floodmaps/modelling/model_outputs/7172/inputs/boundaries_RP2_SLR_2000.gpkg
    output: P:/11212688-004-global-floodmaps/modelling/model_outputs/7172/inputs/aqueduct_RP2_SLR_2000.toml
    jobid: 5117
    reason: Missing output files: P:/11212688-004-global-floodmaps/modelling/model_outputs/7172/inputs/aqueduct_RP2_SLR_2000.toml; Input files updated by another job: P:/11212688-004-global-floodmaps/modelling/model_outputs/7172/inputs/dem.tif, P:/11212688-004-global-floodmaps/modelling/model_outputs/7172/inputs/friction.tif, P:/11212688-004-global-floodmaps/modelling/model_outputs/7172/inputs/boundaries_RP2_SLR_2000.gpkg, P:/11212688-004-global-floodmaps/modelling/model_outputs/7172/inputs/mask.tif
    wildcards: tile_id=7172, return_period=RP2, waterlevel_name=SLR_2000
    resources: tmpdir=C:\Users\schlumbe\AppData\Local\Temp

[Sat Jul 25 23:45:11 2026]
Finished job 5147.
121 of 425 steps (28%) done
Select jobs to execute...

[Sat Jul 25 23:45:11 2026]
rule write_aqueduct_config:
    input: P:/11212688-004-global-floodmaps/modelling/model_outputs/7172/inputs/dem.tif, P:/11212688-004-global-floodmaps/modelling/model_outputs/7172/inputs/mask.tif, P:/11212688-004-global-floodmaps/modelling/model_outputs/7172/inputs/friction.tif, P:/11212688-004-global-floodmaps/modelling/model_outputs/7172/inputs/boundaries_RP5_SLR_500.gpkg
    output: P:/11212688-004-global-floodmaps/modelling/model_outputs/7172/inputs/aqueduct_RP5_SLR_500.toml
    jobid: 5149
    reason: Missing output files: P:/11212688-004-global-floodmaps/modelling/model_outputs/7172/inputs/aqueduct_RP5_SLR_500.toml; Input files updated by another job: P:/11212688-004-global-floodmaps/modelling/model_outputs/7172/inputs/dem.tif, P:/11212688-004-global-floodmaps/modelling/model_outputs/7172/inputs/friction.tif, P:/11212688-004-global-floodmaps/modelling/model_outputs/7172/inputs/boundaries_RP5_SLR_500.gpkg, P:/11212688-004-global-floodmaps/modelling/model_outputs/7172/inputs/mask.tif
    wildcards: tile_id=7172, return_period=RP5, waterlevel_name=SLR_500
    resources: tmpdir=C:\Users\schlumbe\AppData\Local\Temp

[Sat Jul 25 23:45:11 2026]
Finished job 5087.
122 of 425 steps (29%) done
Select jobs to execute...

[Sat Jul 25 23:45:11 2026]
rule write_aqueduct_config:
    input: P:/11212688-004-global-floodmaps/modelling/model_outputs/7172/inputs/dem.tif, P:/11212688-004-global-floodmaps/modelling/model_outputs/7172/inputs/mask.tif, P:/11212688-004-global-floodmaps/modelling/model_outputs/7172/inputs/friction.tif, P:/11212688-004-global-floodmaps/modelling/model_outputs/7172/inputs/boundaries_RP10_SLR_500.gpkg
    output: P:/11212688-004-global-floodmaps/modelling/model_outputs/7172/inputs/aqueduct_RP10_SLR_500.toml
    jobid: 5089
    reason: Missing output files: P:/11212688-004-global-floodmaps/modelling/model_outputs/7172/inputs/aqueduct_RP10_SLR_500.toml; Input files updated by another job: P:/11212688-004-global-floodmaps/modelling/model_outputs/7172/inputs/dem.tif, P:/11212688-004-global-floodmaps/modelling/model_outputs/7172/inputs/friction.tif, P:/11212688-004-global-floodmaps/modelling/model_outputs/7172/inputs/boundaries_RP10_SLR_500.gpkg, P:/11212688-004-global-floodmaps/modelling/model_outputs/7172/inputs/mask.tif
    wildcards: tile_id=7172, return_period=RP10, waterlevel_name=SLR_500
    resources: tmpdir=C:\Users\schlumbe\AppData\Local\Temp

[Sat Jul 25 23:45:12 2026]
Finished job 5117.
123 of 425 steps (29%) done
Select jobs to execute...

[Sat Jul 25 23:45:12 2026]
rule write_aqueduct_config:
    input: P:/11212688-004-global-floodmaps/modelling/model_outputs/7172/inputs/dem.tif, P:/11212688-004-global-floodmaps/modelling/model_outputs/7172/inputs/mask.tif, P:/11212688-004-global-floodmaps/modelling/model_outputs/7172/inputs/friction.tif, P:/11212688-004-global-floodmaps/modelling/model_outputs/7172/inputs/boundaries_RP2_SLR_500.gpkg
    output: P:/11212688-004-global-floodmaps/modelling/model_outputs/7172/inputs/aqueduct_RP2_SLR_500.toml
    jobid: 5119
    reason: Missing output files: P:/11212688-004-global-floodmaps/modelling/model_outputs/7172/inputs/aqueduct_RP2_SLR_500.toml; Input files updated by another job: P:/11212688-004-global-floodmaps/modelling/model_outputs/7172/inputs/dem.tif, P:/11212688-004-global-floodmaps/modelling/model_outputs/7172/inputs/boundaries_RP2_SLR_500.gpkg, P:/11212688-004-global-floodmaps/modelling/model_outputs/7172/inputs/friction.tif, P:/11212688-004-global-floodmaps/modelling/model_outputs/7172/inputs/mask.tif
    wildcards: tile_id=7172, return_period=RP2, waterlevel_name=SLR_500
    resources: tmpdir=C:\Users\schlumbe\AppData\Local\Temp

[Sat Jul 25 23:45:12 2026]
Finished job 5149.
124 of 425 steps (29%) done
Select jobs to execute...

[Sat Jul 25 23:45:12 2026]
rule write_aqueduct_config:
    input: P:/11212688-004-global-floodmaps/modelling/model_outputs/7172/inputs/dem.tif, P:/11212688-004-global-floodmaps/modelling/model_outputs/7172/inputs/mask.tif, P:/11212688-004-global-floodmaps/modelling/model_outputs/7172/inputs/friction.tif, P:/11212688-004-global-floodmaps/modelling/model_outputs/7172/inputs/boundaries_RP250_SLR_0.gpkg
    output: P:/11212688-004-global-floodmaps/modelling/model_outputs/7172/inputs/aqueduct_RP250_SLR_0.toml
    jobid: 5091
    reason: Missing output files: P:/11212688-004-global-floodmaps/modelling/model_outputs/7172/inputs/aqueduct_RP250_SLR_0.toml; Input files updated by another job: P:/11212688-004-global-floodmaps/modelling/model_outputs/7172/inputs/dem.tif, P:/11212688-004-global-floodmaps/modelling/model_outputs/7172/inputs/friction.tif, P:/11212688-004-global-floodmaps/modelling/model_outputs/7172/inputs/boundaries_RP250_SLR_0.gpkg, P:/11212688-004-global-floodmaps/modelling/model_outputs/7172/inputs/mask.tif
    wildcards: tile_id=7172, return_period=RP250, waterlevel_name=SLR_0
    resources: tmpdir=C:\Users\schlumbe\AppData\Local\Temp

[Sat Jul 25 23:45:12 2026]
Finished job 5089.
125 of 425 steps (29%) done
Select jobs to execute...

[Sat Jul 25 23:45:12 2026]
rule write_aqueduct_config:
    input: P:/11212688-004-global-floodmaps/modelling/model_outputs/7172/inputs/dem.tif, P:/11212688-004-global-floodmaps/modelling/model_outputs/7172/inputs/mask.tif, P:/11212688-004-global-floodmaps/modelling/model_outputs/7172/inputs/friction.tif, P:/11212688-004-global-floodmaps/modelling/model_outputs/7172/inputs/boundaries_RP500_SLR_0.gpkg
    output: P:/11212688-004-global-floodmaps/modelling/model_outputs/7172/inputs/aqueduct_RP500_SLR_0.toml
    jobid: 5121
    reason: Missing output files: P:/11212688-004-global-floodmaps/modelling/model_outputs/7172/inputs/aqueduct_RP500_SLR_0.toml; Input files updated by another job: P:/11212688-004-global-floodmaps/modelling/model_outputs/7172/inputs/dem.tif, P:/11212688-004-global-floodmaps/modelling/model_outputs/7172/inputs/friction.tif, P:/11212688-004-global-floodmaps/modelling/model_outputs/7172/inputs/boundaries_RP500_SLR_0.gpkg, P:/11212688-004-global-floodmaps/modelling/model_outputs/7172/inputs/mask.tif
    wildcards: tile_id=7172, return_period=RP500, waterlevel_name=SLR_0
    resources: tmpdir=C:\Users\schlumbe\AppData\Local\Temp

[Sat Jul 25 23:45:12 2026]
Finished job 5119.
126 of 425 steps (30%) done
Select jobs to execute...

[Sat Jul 25 23:45:12 2026]
rule write_aqueduct_config:
    input: P:/11212688-004-global-floodmaps/modelling/model_outputs/7172/inputs/dem.tif, P:/11212688-004-global-floodmaps/modelling/model_outputs/7172/inputs/mask.tif, P:/11212688-004-global-floodmaps/modelling/model_outputs/7172/inputs/friction.tif, P:/11212688-004-global-floodmaps/modelling/model_outputs/7172/inputs/boundaries_RP250_SLR_1000.gpkg
    output: P:/11212688-004-global-floodmaps/modelling/model_outputs/7172/inputs/aqueduct_RP250_SLR_1000.toml
    jobid: 5093
    reason: Missing output files: P:/11212688-004-global-floodmaps/modelling/model_outputs/7172/inputs/aqueduct_RP250_SLR_1000.toml; Input files updated by another job: P:/11212688-004-global-floodmaps/modelling/model_outputs/7172/inputs/dem.tif, P:/11212688-004-global-floodmaps/modelling/model_outputs/7172/inputs/friction.tif, P:/11212688-004-global-floodmaps/modelling/model_outputs/7172/inputs/boundaries_RP250_SLR_1000.gpkg, P:/11212688-004-global-floodmaps/modelling/model_outputs/7172/inputs/mask.tif
    wildcards: tile_id=7172, return_period=RP250, waterlevel_name=SLR_1000
    resources: tmpdir=C:\Users\schlumbe\AppData\Local\Temp

[Sat Jul 25 23:45:12 2026]
Finished job 5091.
127 of 425 steps (30%) done
Select jobs to execute...

[Sat Jul 25 23:45:12 2026]
rule write_aqueduct_config:
    input: P:/11212688-004-global-floodmaps/modelling/model_outputs/7172/inputs/dem.tif, P:/11212688-004-global-floodmaps/modelling/model_outputs/7172/inputs/mask.tif, P:/11212688-004-global-floodmaps/modelling/model_outputs/7172/inputs/friction.tif, P:/11212688-004-global-floodmaps/modelling/model_outputs/7172/inputs/boundaries_RP500_SLR_1000.gpkg
    output: P:/11212688-004-global-floodmaps/modelling/model_outputs/7172/inputs/aqueduct_RP500_SLR_1000.toml
    jobid: 5123
    reason: Missing output files: P:/11212688-004-global-floodmaps/modelling/model_outputs/7172/inputs/aqueduct_RP500_SLR_1000.toml; Input files updated by another job: P:/11212688-004-global-floodmaps/modelling/model_outputs/7172/inputs/dem.tif, P:/11212688-004-global-floodmaps/modelling/model_outputs/7172/inputs/friction.tif, P:/11212688-004-global-floodmaps/modelling/model_outputs/7172/inputs/boundaries_RP500_SLR_1000.gpkg, P:/11212688-004-global-floodmaps/modelling/model_outputs/7172/inputs/mask.tif
    wildcards: tile_id=7172, return_period=RP500, waterlevel_name=SLR_1000
    resources: tmpdir=C:\Users\schlumbe\AppData\Local\Temp

[Sat Jul 25 23:45:12 2026]
Finished job 2796.
128 of 425 steps (30%) done
Select jobs to execute...

[Sat Jul 25 23:45:12 2026]
rule write_aqueduct_config:
    input: P:/11212688-004-global-floodmaps/modelling/model_outputs/7172/inputs/dem.tif, P:/11212688-004-global-floodmaps/modelling/model_outputs/7172/inputs/mask.tif, P:/11212688-004-global-floodmaps/modelling/model_outputs/7172/inputs/friction.tif, P:/11212688-004-global-floodmaps/modelling/model_outputs/7172/inputs/boundaries_RP1000_SLR_1000.gpkg
    output: P:/11212688-004-global-floodmaps/modelling/model_outputs/7172/inputs/aqueduct_RP1000_SLR_1000.toml
    jobid: 5063
    reason: Missing output files: P:/11212688-004-global-floodmaps/modelling/model_outputs/7172/inputs/aqueduct_RP1000_SLR_1000.toml; Input files updated by another job: P:/11212688-004-global-floodmaps/modelling/model_outputs/7172/inputs/dem.tif, P:/11212688-004-global-floodmaps/modelling/model_outputs/7172/inputs/friction.tif, P:/11212688-004-global-floodmaps/modelling/model_outputs/7172/inputs/mask.tif, P:/11212688-004-global-floodmaps/modelling/model_outputs/7172/inputs/boundaries_RP1000_SLR_1000.gpkg
    wildcards: tile_id=7172, return_period=RP1000, waterlevel_name=SLR_1000
    resources: tmpdir=C:\Users\schlumbe\AppData\Local\Temp

[Sat Jul 25 23:45:12 2026]
Finished job 5121.
129 of 425 steps (30%) done
Select jobs to execute...

[Sat Jul 25 23:45:12 2026]
rule write_aqueduct_config:
    input: P:/11212688-004-global-floodmaps/modelling/model_outputs/7172/inputs/dem.tif, P:/11212688-004-global-floodmaps/modelling/model_outputs/7172/inputs/mask.tif, P:/11212688-004-global-floodmaps/modelling/model_outputs/7172/inputs/friction.tif, P:/11212688-004-global-floodmaps/modelling/model_outputs/7172/inputs/boundaries_RP250_SLR_1500.gpkg
    output: P:/11212688-004-global-floodmaps/modelling/model_outputs/7172/inputs/aqueduct_RP250_SLR_1500.toml
    jobid: 5095
    reason: Missing output files: P:/11212688-004-global-floodmaps/modelling/model_outputs/7172/inputs/aqueduct_RP250_SLR_1500.toml; Input files updated by another job: P:/11212688-004-global-floodmaps/modelling/model_outputs/7172/inputs/dem.tif, P:/11212688-004-global-floodmaps/modelling/model_outputs/7172/inputs/friction.tif, P:/11212688-004-global-floodmaps/modelling/model_outputs/7172/inputs/boundaries_RP250_SLR_1500.gpkg, P:/11212688-004-global-floodmaps/modelling/model_outputs/7172/inputs/mask.tif
    wildcards: tile_id=7172, return_period=RP250, waterlevel_name=SLR_1500
    resources: tmpdir=C:\Users\schlumbe\AppData\Local\Temp

[Sat Jul 25 23:45:13 2026]
Finished job 5093.
130 of 425 steps (31%) done
Select jobs to execute...

[Sat Jul 25 23:45:13 2026]
rule write_aqueduct_config:
    input: P:/11212688-004-global-floodmaps/modelling/model_outputs/7172/inputs/dem.tif, P:/11212688-004-global-floodmaps/modelling/model_outputs/7172/inputs/mask.tif, P:/11212688-004-global-floodmaps/modelling/model_outputs/7172/inputs/friction.tif, P:/11212688-004-global-floodmaps/modelling/model_outputs/7172/inputs/boundaries_RP500_SLR_1500.gpkg
    output: P:/11212688-004-global-floodmaps/modelling/model_outputs/7172/inputs/aqueduct_RP500_SLR_1500.toml
    jobid: 5125
    reason: Missing output files: P:/11212688-004-global-floodmaps/modelling/model_outputs/7172/inputs/aqueduct_RP500_SLR_1500.toml; Input files updated by another job: P:/11212688-004-global-floodmaps/modelling/model_outputs/7172/inputs/dem.tif, P:/11212688-004-global-floodmaps/modelling/model_outputs/7172/inputs/friction.tif, P:/11212688-004-global-floodmaps/modelling/model_outputs/7172/inputs/boundaries_RP500_SLR_1500.gpkg, P:/11212688-004-global-floodmaps/modelling/model_outputs/7172/inputs/mask.tif
    wildcards: tile_id=7172, return_period=RP500, waterlevel_name=SLR_1500
    resources: tmpdir=C:\Users\schlumbe\AppData\Local\Temp

[Sat Jul 25 23:45:13 2026]
Finished job 5063.
131 of 425 steps (31%) done
Select jobs to execute...

[Sat Jul 25 23:45:13 2026]
rule write_aqueduct_config:
    input: P:/11212688-004-global-floodmaps/modelling/model_outputs/7172/inputs/dem.tif, P:/11212688-004-global-floodmaps/modelling/model_outputs/7172/inputs/mask.tif, P:/11212688-004-global-floodmaps/modelling/model_outputs/7172/inputs/friction.tif, P:/11212688-004-global-floodmaps/modelling/model_outputs/7172/inputs/boundaries_RP1000_SLR_1500.gpkg
    output: P:/11212688-004-global-floodmaps/modelling/model_outputs/7172/inputs/aqueduct_RP1000_SLR_1500.toml
    jobid: 5065
    reason: Missing output files: P:/11212688-004-global-floodmaps/modelling/model_outputs/7172/inputs/aqueduct_RP1000_SLR_1500.toml; Input files updated by another job: P:/11212688-004-global-floodmaps/modelling/model_outputs/7172/inputs/dem.tif, P:/11212688-004-global-floodmaps/modelling/model_outputs/7172/inputs/friction.tif, P:/11212688-004-global-floodmaps/modelling/model_outputs/7172/inputs/boundaries_RP1000_SLR_1500.gpkg, P:/11212688-004-global-floodmaps/modelling/model_outputs/7172/inputs/mask.tif
    wildcards: tile_id=7172, return_period=RP1000, waterlevel_name=SLR_1500
    resources: tmpdir=C:\Users\schlumbe\AppData\Local\Temp

[Sat Jul 25 23:45:13 2026]
Finished job 5123.
132 of 425 steps (31%) done
Select jobs to execute...

[Sat Jul 25 23:45:13 2026]
rule write_aqueduct_config:
    input: P:/11212688-004-global-floodmaps/modelling/model_outputs/7172/inputs/dem.tif, P:/11212688-004-global-floodmaps/modelling/model_outputs/7172/inputs/mask.tif, P:/11212688-004-global-floodmaps/modelling/model_outputs/7172/inputs/friction.tif, P:/11212688-004-global-floodmaps/modelling/model_outputs/7172/inputs/boundaries_RP250_SLR_2000.gpkg
    output: P:/11212688-004-global-floodmaps/modelling/model_outputs/7172/inputs/aqueduct_RP250_SLR_2000.toml
    jobid: 5097
    reason: Missing output files: P:/11212688-004-global-floodmaps/modelling/model_outputs/7172/inputs/aqueduct_RP250_SLR_2000.toml; Input files updated by another job: P:/11212688-004-global-floodmaps/modelling/model_outputs/7172/inputs/dem.tif, P:/11212688-004-global-floodmaps/modelling/model_outputs/7172/inputs/friction.tif, P:/11212688-004-global-floodmaps/modelling/model_outputs/7172/inputs/boundaries_RP250_SLR_2000.gpkg, P:/11212688-004-global-floodmaps/modelling/model_outputs/7172/inputs/mask.tif
    wildcards: tile_id=7172, return_period=RP250, waterlevel_name=SLR_2000
    resources: tmpdir=C:\Users\schlumbe\AppData\Local\Temp

[Sat Jul 25 23:45:13 2026]
Finished job 5095.
133 of 425 steps (31%) done
Select jobs to execute...

[Sat Jul 25 23:45:13 2026]
rule write_aqueduct_config:
    input: P:/11212688-004-global-floodmaps/modelling/model_outputs/7172/inputs/dem.tif, P:/11212688-004-global-floodmaps/modelling/model_outputs/7172/inputs/mask.tif, P:/11212688-004-global-floodmaps/modelling/model_outputs/7172/inputs/friction.tif, P:/11212688-004-global-floodmaps/modelling/model_outputs/7172/inputs/boundaries_RP1000_SLR_2000.gpkg
    output: P:/11212688-004-global-floodmaps/modelling/model_outputs/7172/inputs/aqueduct_RP1000_SLR_2000.toml
    jobid: 5067
    reason: Missing output files: P:/11212688-004-global-floodmaps/modelling/model_outputs/7172/inputs/aqueduct_RP1000_SLR_2000.toml; Input files updated by another job: P:/11212688-004-global-floodmaps/modelling/model_outputs/7172/inputs/dem.tif, P:/11212688-004-global-floodmaps/modelling/model_outputs/7172/inputs/friction.tif, P:/11212688-004-global-floodmaps/modelling/model_outputs/7172/inputs/boundaries_RP1000_SLR_2000.gpkg, P:/11212688-004-global-floodmaps/modelling/model_outputs/7172/inputs/mask.tif
    wildcards: tile_id=7172, return_period=RP1000, waterlevel_name=SLR_2000
    resources: tmpdir=C:\Users\schlumbe\AppData\Local\Temp

[Sat Jul 25 23:45:13 2026]
Finished job 5125.
134 of 425 steps (32%) done
Select jobs to execute...

[Sat Jul 25 23:45:13 2026]
rule write_aqueduct_config:
    input: P:/11212688-004-global-floodmaps/modelling/model_outputs/7172/inputs/dem.tif, P:/11212688-004-global-floodmaps/modelling/model_outputs/7172/inputs/mask.tif, P:/11212688-004-global-floodmaps/modelling/model_outputs/7172/inputs/friction.tif, P:/11212688-004-global-floodmaps/modelling/model_outputs/7172/inputs/boundaries_RP500_SLR_2000.gpkg
    output: P:/11212688-004-global-floodmaps/modelling/model_outputs/7172/inputs/aqueduct_RP500_SLR_2000.toml
    jobid: 5127
    reason: Missing output files: P:/11212688-004-global-floodmaps/modelling/model_outputs/7172/inputs/aqueduct_RP500_SLR_2000.toml; Input files updated by another job: P:/11212688-004-global-floodmaps/modelling/model_outputs/7172/inputs/dem.tif, P:/11212688-004-global-floodmaps/modelling/model_outputs/7172/inputs/friction.tif, P:/11212688-004-global-floodmaps/modelling/model_outputs/7172/inputs/boundaries_RP500_SLR_2000.gpkg, P:/11212688-004-global-floodmaps/modelling/model_outputs/7172/inputs/mask.tif
    wildcards: tile_id=7172, return_period=RP500, waterlevel_name=SLR_2000
    resources: tmpdir=C:\Users\schlumbe\AppData\Local\Temp

[Sat Jul 25 23:45:13 2026]
Finished job 5065.
135 of 425 steps (32%) done
Select jobs to execute...

[Sat Jul 25 23:45:13 2026]
rule write_aqueduct_config:
    input: P:/11212688-004-global-floodmaps/modelling/model_outputs/7172/inputs/dem.tif, P:/11212688-004-global-floodmaps/modelling/model_outputs/7172/inputs/mask.tif, P:/11212688-004-global-floodmaps/modelling/model_outputs/7172/inputs/friction.tif, P:/11212688-004-global-floodmaps/modelling/model_outputs/7172/inputs/boundaries_RP250_SLR_500.gpkg
    output: P:/11212688-004-global-floodmaps/modelling/model_outputs/7172/inputs/aqueduct_RP250_SLR_500.toml
    jobid: 5099
    reason: Missing output files: P:/11212688-004-global-floodmaps/modelling/model_outputs/7172/inputs/aqueduct_RP250_SLR_500.toml; Input files updated by another job: P:/11212688-004-global-floodmaps/modelling/model_outputs/7172/inputs/boundaries_RP250_SLR_500.gpkg, P:/11212688-004-global-floodmaps/modelling/model_outputs/7172/inputs/friction.tif, P:/11212688-004-global-floodmaps/modelling/model_outputs/7172/inputs/dem.tif, P:/11212688-004-global-floodmaps/modelling/model_outputs/7172/inputs/mask.tif
    wildcards: tile_id=7172, return_period=RP250, waterlevel_name=SLR_500
    resources: tmpdir=C:\Users\schlumbe\AppData\Local\Temp

[Sat Jul 25 23:45:13 2026]
Finished job 5097.
136 of 425 steps (32%) done
Select jobs to execute...

[Sat Jul 25 23:45:13 2026]
rule write_aqueduct_config:
    input: P:/11212688-004-global-floodmaps/modelling/model_outputs/7172/inputs/dem.tif, P:/11212688-004-global-floodmaps/modelling/model_outputs/7172/inputs/mask.tif, P:/11212688-004-global-floodmaps/modelling/model_outputs/7172/inputs/friction.tif, P:/11212688-004-global-floodmaps/modelling/model_outputs/7172/inputs/boundaries_RP500_SLR_500.gpkg
    output: P:/11212688-004-global-floodmaps/modelling/model_outputs/7172/inputs/aqueduct_RP500_SLR_500.toml
    jobid: 5129
    reason: Missing output files: P:/11212688-004-global-floodmaps/modelling/model_outputs/7172/inputs/aqueduct_RP500_SLR_500.toml; Input files updated by another job: P:/11212688-004-global-floodmaps/modelling/model_outputs/7172/inputs/dem.tif, P:/11212688-004-global-floodmaps/modelling/model_outputs/7172/inputs/friction.tif, P:/11212688-004-global-floodmaps/modelling/model_outputs/7172/inputs/boundaries_RP500_SLR_500.gpkg, P:/11212688-004-global-floodmaps/modelling/model_outputs/7172/inputs/mask.tif
    wildcards: tile_id=7172, return_period=RP500, waterlevel_name=SLR_500
    resources: tmpdir=C:\Users\schlumbe\AppData\Local\Temp

[Sat Jul 25 23:45:13 2026]
Finished job 5067.
137 of 425 steps (32%) done
Select jobs to execute...

[Sat Jul 25 23:45:13 2026]
rule write_aqueduct_config:
    input: P:/11212688-004-global-floodmaps/modelling/model_outputs/7172/inputs/dem.tif, P:/11212688-004-global-floodmaps/modelling/model_outputs/7172/inputs/mask.tif, P:/11212688-004-global-floodmaps/modelling/model_outputs/7172/inputs/friction.tif, P:/11212688-004-global-floodmaps/modelling/model_outputs/7172/inputs/boundaries_RP1000_SLR_500.gpkg
    output: P:/11212688-004-global-floodmaps/modelling/model_outputs/7172/inputs/aqueduct_RP1000_SLR_500.toml
    jobid: 5069
    reason: Missing output files: P:/11212688-004-global-floodmaps/modelling/model_outputs/7172/inputs/aqueduct_RP1000_SLR_500.toml; Input files updated by another job: P:/11212688-004-global-floodmaps/modelling/model_outputs/7172/inputs/dem.tif, P:/11212688-004-global-floodmaps/modelling/model_outputs/7172/inputs/friction.tif, P:/11212688-004-global-floodmaps/modelling/model_outputs/7172/inputs/boundaries_RP1000_SLR_500.gpkg, P:/11212688-004-global-floodmaps/modelling/model_outputs/7172/inputs/mask.tif
    wildcards: tile_id=7172, return_period=RP1000, waterlevel_name=SLR_500
    resources: tmpdir=C:\Users\schlumbe\AppData\Local\Temp

[Sat Jul 25 23:45:14 2026]
Finished job 5127.
138 of 425 steps (32%) done
Select jobs to execute...

[Sat Jul 25 23:45:14 2026]
rule write_aqueduct_config:
    input: P:/11212688-004-global-floodmaps/modelling/model_outputs/7172/inputs/dem.tif, P:/11212688-004-global-floodmaps/modelling/model_outputs/7172/inputs/mask.tif, P:/11212688-004-global-floodmaps/modelling/model_outputs/7172/inputs/friction.tif, P:/11212688-004-global-floodmaps/modelling/model_outputs/7172/inputs/boundaries_RP25_SLR_0.gpkg
    output: P:/11212688-004-global-floodmaps/modelling/model_outputs/7172/inputs/aqueduct_RP25_SLR_0.toml
    jobid: 5101
    reason: Missing output files: P:/11212688-004-global-floodmaps/modelling/model_outputs/7172/inputs/aqueduct_RP25_SLR_0.toml; Input files updated by another job: P:/11212688-004-global-floodmaps/modelling/model_outputs/7172/inputs/dem.tif, P:/11212688-004-global-floodmaps/modelling/model_outputs/7172/inputs/friction.tif, P:/11212688-004-global-floodmaps/modelling/model_outputs/7172/inputs/boundaries_RP25_SLR_0.gpkg, P:/11212688-004-global-floodmaps/modelling/model_outputs/7172/inputs/mask.tif
    wildcards: tile_id=7172, return_period=RP25, waterlevel_name=SLR_0
    resources: tmpdir=C:\Users\schlumbe\AppData\Local\Temp

[Sat Jul 25 23:45:14 2026]
Finished job 5099.
139 of 425 steps (33%) done
Select jobs to execute...

[Sat Jul 25 23:45:14 2026]
rule write_aqueduct_config:
    input: P:/11212688-004-global-floodmaps/modelling/model_outputs/7172/inputs/dem.tif, P:/11212688-004-global-floodmaps/modelling/model_outputs/7172/inputs/mask.tif, P:/11212688-004-global-floodmaps/modelling/model_outputs/7172/inputs/friction.tif, P:/11212688-004-global-floodmaps/modelling/model_outputs/7172/inputs/boundaries_RP50_SLR_0.gpkg
    output: P:/11212688-004-global-floodmaps/modelling/model_outputs/7172/inputs/aqueduct_RP50_SLR_0.toml
    jobid: 5131
    reason: Missing output files: P:/11212688-004-global-floodmaps/modelling/model_outputs/7172/inputs/aqueduct_RP50_SLR_0.toml; Input files updated by another job: P:/11212688-004-global-floodmaps/modelling/model_outputs/7172/inputs/dem.tif, P:/11212688-004-global-floodmaps/modelling/model_outputs/7172/inputs/friction.tif, P:/11212688-004-global-floodmaps/modelling/model_outputs/7172/inputs/mask.tif, P:/11212688-004-global-floodmaps/modelling/model_outputs/7172/inputs/boundaries_RP50_SLR_0.gpkg
    wildcards: tile_id=7172, return_period=RP50, waterlevel_name=SLR_0
    resources: tmpdir=C:\Users\schlumbe\AppData\Local\Temp

[Sat Jul 25 23:45:14 2026]
Finished job 5129.
140 of 425 steps (33%) done
Select jobs to execute...

[Sat Jul 25 23:45:14 2026]
rule write_aqueduct_config:
    input: P:/11212688-004-global-floodmaps/modelling/model_outputs/7172/inputs/dem.tif, P:/11212688-004-global-floodmaps/modelling/model_outputs/7172/inputs/mask.tif, P:/11212688-004-global-floodmaps/modelling/model_outputs/7172/inputs/friction.tif, P:/11212688-004-global-floodmaps/modelling/model_outputs/7172/inputs/boundaries_RP100_SLR_0.gpkg
    output: P:/11212688-004-global-floodmaps/modelling/model_outputs/7172/inputs/aqueduct_RP100_SLR_0.toml
    jobid: 5071
    reason: Missing output files: P:/11212688-004-global-floodmaps/modelling/model_outputs/7172/inputs/aqueduct_RP100_SLR_0.toml; Input files updated by another job: P:/11212688-004-global-floodmaps/modelling/model_outputs/7172/inputs/dem.tif, P:/11212688-004-global-floodmaps/modelling/model_outputs/7172/inputs/boundaries_RP100_SLR_0.gpkg, P:/11212688-004-global-floodmaps/modelling/model_outputs/7172/inputs/friction.tif, P:/11212688-004-global-floodmaps/modelling/model_outputs/7172/inputs/mask.tif
    wildcards: tile_id=7172, return_period=RP100, waterlevel_name=SLR_0
    resources: tmpdir=C:\Users\schlumbe\AppData\Local\Temp

[Sat Jul 25 23:45:14 2026]
Finished job 5069.
141 of 425 steps (33%) done
Select jobs to execute...

[Sat Jul 25 23:45:14 2026]
rule write_aqueduct_config:
    input: P:/11212688-004-global-floodmaps/modelling/model_outputs/7172/inputs/dem.tif, P:/11212688-004-global-floodmaps/modelling/model_outputs/7172/inputs/mask.tif, P:/11212688-004-global-floodmaps/modelling/model_outputs/7172/inputs/friction.tif, P:/11212688-004-global-floodmaps/modelling/model_outputs/7172/inputs/boundaries_RP25_SLR_1000.gpkg
    output: P:/11212688-004-global-floodmaps/modelling/model_outputs/7172/inputs/aqueduct_RP25_SLR_1000.toml
    jobid: 5103
    reason: Missing output files: P:/11212688-004-global-floodmaps/modelling/model_outputs/7172/inputs/aqueduct_RP25_SLR_1000.toml; Input files updated by another job: P:/11212688-004-global-floodmaps/modelling/model_outputs/7172/inputs/dem.tif, P:/11212688-004-global-floodmaps/modelling/model_outputs/7172/inputs/friction.tif, P:/11212688-004-global-floodmaps/modelling/model_outputs/7172/inputs/boundaries_RP25_SLR_1000.gpkg, P:/11212688-004-global-floodmaps/modelling/model_outputs/7172/inputs/mask.tif
    wildcards: tile_id=7172, return_period=RP25, waterlevel_name=SLR_1000
    resources: tmpdir=C:\Users\schlumbe\AppData\Local\Temp

[Sat Jul 25 23:45:14 2026]
Finished job 5101.
142 of 425 steps (33%) done
Select jobs to execute...

[Sat Jul 25 23:45:14 2026]
rule write_aqueduct_config:
    input: P:/11212688-004-global-floodmaps/modelling/model_outputs/7172/inputs/dem.tif, P:/11212688-004-global-floodmaps/modelling/model_outputs/7172/inputs/mask.tif, P:/11212688-004-global-floodmaps/modelling/model_outputs/7172/inputs/friction.tif, P:/11212688-004-global-floodmaps/modelling/model_outputs/7172/inputs/boundaries_RP100_SLR_1000.gpkg
    output: P:/11212688-004-global-floodmaps/modelling/model_outputs/7172/inputs/aqueduct_RP100_SLR_1000.toml
    jobid: 5073
    reason: Missing output files: P:/11212688-004-global-floodmaps/modelling/model_outputs/7172/inputs/aqueduct_RP100_SLR_1000.toml; Input files updated by another job: P:/11212688-004-global-floodmaps/modelling/model_outputs/7172/inputs/dem.tif, P:/11212688-004-global-floodmaps/modelling/model_outputs/7172/inputs/friction.tif, P:/11212688-004-global-floodmaps/modelling/model_outputs/7172/inputs/boundaries_RP100_SLR_1000.gpkg, P:/11212688-004-global-floodmaps/modelling/model_outputs/7172/inputs/mask.tif
    wildcards: tile_id=7172, return_period=RP100, waterlevel_name=SLR_1000
    resources: tmpdir=C:\Users\schlumbe\AppData\Local\Temp

[Sat Jul 25 23:45:14 2026]
Finished job 5131.
143 of 425 steps (34%) done
Select jobs to execute...

[Sat Jul 25 23:45:14 2026]
rule write_aqueduct_config:
    input: P:/11212688-004-global-floodmaps/modelling/model_outputs/7172/inputs/dem.tif, P:/11212688-004-global-floodmaps/modelling/model_outputs/7172/inputs/mask.tif, P:/11212688-004-global-floodmaps/modelling/model_outputs/7172/inputs/friction.tif, P:/11212688-004-global-floodmaps/modelling/model_outputs/7172/inputs/boundaries_RP50_SLR_1000.gpkg
    output: P:/11212688-004-global-floodmaps/modelling/model_outputs/7172/inputs/aqueduct_RP50_SLR_1000.toml
    jobid: 5133
    reason: Missing output files: P:/11212688-004-global-floodmaps/modelling/model_outputs/7172/inputs/aqueduct_RP50_SLR_1000.toml; Input files updated by another job: P:/11212688-004-global-floodmaps/modelling/model_outputs/7172/inputs/dem.tif, P:/11212688-004-global-floodmaps/modelling/model_outputs/7172/inputs/friction.tif, P:/11212688-004-global-floodmaps/modelling/model_outputs/7172/inputs/boundaries_RP50_SLR_1000.gpkg, P:/11212688-004-global-floodmaps/modelling/model_outputs/7172/inputs/mask.tif
    wildcards: tile_id=7172, return_period=RP50, waterlevel_name=SLR_1000
    resources: tmpdir=C:\Users\schlumbe\AppData\Local\Temp

[Sat Jul 25 23:45:14 2026]
Finished job 5071.
144 of 425 steps (34%) done
Select jobs to execute...

[Sat Jul 25 23:45:14 2026]
rule extract_boundaries:
    input: P:/11212688-004-global-floodmaps/modelling/model_outputs/700/inputs/tile_geometry.gpkg
    output: P:/11212688-004-global-floodmaps/modelling/model_outputs/700/inputs/boundaries_RP25_SLR_1500.gpkg
    jobid: 2826
    reason: Missing output files: P:/11212688-004-global-floodmaps/modelling/model_outputs/700/inputs/boundaries_RP25_SLR_1500.gpkg; Input files updated by another job: P:/11212688-004-global-floodmaps/modelling/model_outputs/700/inputs/tile_geometry.gpkg
    wildcards: tile_id=700, return_period=RP25, waterlevel_name=SLR_1500
    resources: tmpdir=C:\Users\schlumbe\AppData\Local\Temp

[Sat Jul 25 23:45:14 2026]
Finished job 5103.
145 of 425 steps (34%) done
Select jobs to execute...

[Sat Jul 25 23:45:14 2026]
rule extract_boundaries:
    input: P:/11212688-004-global-floodmaps/modelling/model_outputs/6951/inputs/tile_geometry.gpkg
    output: P:/11212688-004-global-floodmaps/modelling/model_outputs/6951/inputs/boundaries_RP25_SLR_1500.gpkg
    jobid: 1686
    reason: Missing output files: P:/11212688-004-global-floodmaps/modelling/model_outputs/6951/inputs/boundaries_RP25_SLR_1500.gpkg; Input files updated by another job: P:/11212688-004-global-floodmaps/modelling/model_outputs/6951/inputs/tile_geometry.gpkg
    wildcards: tile_id=6951, return_period=RP25, waterlevel_name=SLR_1500
    resources: tmpdir=C:\Users\schlumbe\AppData\Local\Temp

[Sat Jul 25 23:45:15 2026]
Finished job 5073.
146 of 425 steps (34%) done
Select jobs to execute...

[Sat Jul 25 23:45:15 2026]
rule extract_boundaries:
    input: P:/11212688-004-global-floodmaps/modelling/model_outputs/6951/inputs/tile_geometry.gpkg
    output: P:/11212688-004-global-floodmaps/modelling/model_outputs/6951/inputs/boundaries_RP100_SLR_2000.gpkg
    jobid: 1658
    reason: Missing output files: P:/11212688-004-global-floodmaps/modelling/model_outputs/6951/inputs/boundaries_RP100_SLR_2000.gpkg; Input files updated by another job: P:/11212688-004-global-floodmaps/modelling/model_outputs/6951/inputs/tile_geometry.gpkg
    wildcards: tile_id=6951, return_period=RP100, waterlevel_name=SLR_2000
    resources: tmpdir=C:\Users\schlumbe\AppData\Local\Temp

[Sat Jul 25 23:45:15 2026]
Finished job 5133.
147 of 425 steps (35%) done
Select jobs to execute...

[Sat Jul 25 23:45:15 2026]
rule extract_boundaries:
    input: P:/11212688-004-global-floodmaps/modelling/model_outputs/6951/inputs/tile_geometry.gpkg
    output: P:/11212688-004-global-floodmaps/modelling/model_outputs/6951/inputs/boundaries_RP50_SLR_2000.gpkg
    jobid: 1718
    reason: Missing output files: P:/11212688-004-global-floodmaps/modelling/model_outputs/6951/inputs/boundaries_RP50_SLR_2000.gpkg; Input files updated by another job: P:/11212688-004-global-floodmaps/modelling/model_outputs/6951/inputs/tile_geometry.gpkg
    wildcards: tile_id=6951, return_period=RP50, waterlevel_name=SLR_2000
    resources: tmpdir=C:\Users\schlumbe\AppData\Local\Temp

[Sat Jul 25 23:45:25 2026]
Finished job 2826.
148 of 425 steps (35%) done
Select jobs to execute...

[Sat Jul 25 23:45:25 2026]
rule extract_boundaries:
    input: P:/11212688-004-global-floodmaps/modelling/model_outputs/700/inputs/tile_geometry.gpkg
    output: P:/11212688-004-global-floodmaps/modelling/model_outputs/700/inputs/boundaries_RP50_SLR_2000.gpkg
    jobid: 2858
    reason: Missing output files: P:/11212688-004-global-floodmaps/modelling/model_outputs/700/inputs/boundaries_RP50_SLR_2000.gpkg; Input files updated by another job: P:/11212688-004-global-floodmaps/modelling/model_outputs/700/inputs/tile_geometry.gpkg
    wildcards: tile_id=700, return_period=RP50, waterlevel_name=SLR_2000
    resources: tmpdir=C:\Users\schlumbe\AppData\Local\Temp

[Sat Jul 25 23:45:25 2026]
Finished job 1686.
149 of 425 steps (35%) done
Select jobs to execute...

[Sat Jul 25 23:45:25 2026]
rule extract_boundaries:
    input: P:/11212688-004-global-floodmaps/modelling/model_outputs/700/inputs/tile_geometry.gpkg
    output: P:/11212688-004-global-floodmaps/modelling/model_outputs/700/inputs/boundaries_RP100_SLR_2000.gpkg
    jobid: 2798
    reason: Missing output files: P:/11212688-004-global-floodmaps/modelling/model_outputs/700/inputs/boundaries_RP100_SLR_2000.gpkg; Input files updated by another job: P:/11212688-004-global-floodmaps/modelling/model_outputs/700/inputs/tile_geometry.gpkg
    wildcards: tile_id=700, return_period=RP100, waterlevel_name=SLR_2000
    resources: tmpdir=C:\Users\schlumbe\AppData\Local\Temp

[Sat Jul 25 23:45:25 2026]
Finished job 1658.
150 of 425 steps (35%) done
Select jobs to execute...

[Sat Jul 25 23:45:25 2026]
rule extract_boundaries:
    input: P:/11212688-004-global-floodmaps/modelling/model_outputs/700/inputs/tile_geometry.gpkg
    output: P:/11212688-004-global-floodmaps/modelling/model_outputs/700/inputs/boundaries_RP25_SLR_2000.gpkg
    jobid: 2828
    reason: Missing output files: P:/11212688-004-global-floodmaps/modelling/model_outputs/700/inputs/boundaries_RP25_SLR_2000.gpkg; Input files updated by another job: P:/11212688-004-global-floodmaps/modelling/model_outputs/700/inputs/tile_geometry.gpkg
    wildcards: tile_id=700, return_period=RP25, waterlevel_name=SLR_2000
    resources: tmpdir=C:\Users\schlumbe\AppData\Local\Temp

[Sat Jul 25 23:45:25 2026]
Finished job 1718.
151 of 425 steps (36%) done
Select jobs to execute...

[Sat Jul 25 23:45:25 2026]
rule extract_boundaries:
    input: P:/11212688-004-global-floodmaps/modelling/model_outputs/6951/inputs/tile_geometry.gpkg
    output: P:/11212688-004-global-floodmaps/modelling/model_outputs/6951/inputs/boundaries_RP25_SLR_2000.gpkg
    jobid: 1688
    reason: Missing output files: P:/11212688-004-global-floodmaps/modelling/model_outputs/6951/inputs/boundaries_RP25_SLR_2000.gpkg; Input files updated by another job: P:/11212688-004-global-floodmaps/modelling/model_outputs/6951/inputs/tile_geometry.gpkg
    wildcards: tile_id=6951, return_period=RP25, waterlevel_name=SLR_2000
    resources: tmpdir=C:\Users\schlumbe\AppData\Local\Temp

[Sat Jul 25 23:45:35 2026]
Finished job 2858.
152 of 425 steps (36%) done
Select jobs to execute...

[Sat Jul 25 23:45:35 2026]
rule extract_boundaries:
    input: P:/11212688-004-global-floodmaps/modelling/model_outputs/6951/inputs/tile_geometry.gpkg
    output: P:/11212688-004-global-floodmaps/modelling/model_outputs/6951/inputs/boundaries_RP50_SLR_500.gpkg
    jobid: 1720
    reason: Missing output files: P:/11212688-004-global-floodmaps/modelling/model_outputs/6951/inputs/boundaries_RP50_SLR_500.gpkg; Input files updated by another job: P:/11212688-004-global-floodmaps/modelling/model_outputs/6951/inputs/tile_geometry.gpkg
    wildcards: tile_id=6951, return_period=RP50, waterlevel_name=SLR_500
    resources: tmpdir=C:\Users\schlumbe\AppData\Local\Temp

[Sat Jul 25 23:45:35 2026]
Finished job 2798.
153 of 425 steps (36%) done
Select jobs to execute...

[Sat Jul 25 23:45:35 2026]
rule extract_boundaries:
    input: P:/11212688-004-global-floodmaps/modelling/model_outputs/6951/inputs/tile_geometry.gpkg
    output: P:/11212688-004-global-floodmaps/modelling/model_outputs/6951/inputs/boundaries_RP100_SLR_500.gpkg
    jobid: 1660
    reason: Missing output files: P:/11212688-004-global-floodmaps/modelling/model_outputs/6951/inputs/boundaries_RP100_SLR_500.gpkg; Input files updated by another job: P:/11212688-004-global-floodmaps/modelling/model_outputs/6951/inputs/tile_geometry.gpkg
    wildcards: tile_id=6951, return_period=RP100, waterlevel_name=SLR_500
    resources: tmpdir=C:\Users\schlumbe\AppData\Local\Temp

[Sat Jul 25 23:45:35 2026]
Finished job 2828.
154 of 425 steps (36%) done
Select jobs to execute...

[Sat Jul 25 23:45:35 2026]
rule extract_boundaries:
    input: P:/11212688-004-global-floodmaps/modelling/model_outputs/700/inputs/tile_geometry.gpkg
    output: P:/11212688-004-global-floodmaps/modelling/model_outputs/700/inputs/boundaries_RP100_SLR_500.gpkg
    jobid: 2800
    reason: Missing output files: P:/11212688-004-global-floodmaps/modelling/model_outputs/700/inputs/boundaries_RP100_SLR_500.gpkg; Input files updated by another job: P:/11212688-004-global-floodmaps/modelling/model_outputs/700/inputs/tile_geometry.gpkg
    wildcards: tile_id=700, return_period=RP100, waterlevel_name=SLR_500
    resources: tmpdir=C:\Users\schlumbe\AppData\Local\Temp

[Sat Jul 25 23:45:35 2026]
Finished job 1688.
155 of 425 steps (36%) done
Select jobs to execute...

[Sat Jul 25 23:45:35 2026]
rule extract_boundaries:
    input: P:/11212688-004-global-floodmaps/modelling/model_outputs/700/inputs/tile_geometry.gpkg
    output: P:/11212688-004-global-floodmaps/modelling/model_outputs/700/inputs/boundaries_RP50_SLR_500.gpkg
    jobid: 2860
    reason: Missing output files: P:/11212688-004-global-floodmaps/modelling/model_outputs/700/inputs/boundaries_RP50_SLR_500.gpkg; Input files updated by another job: P:/11212688-004-global-floodmaps/modelling/model_outputs/700/inputs/tile_geometry.gpkg
    wildcards: tile_id=700, return_period=RP50, waterlevel_name=SLR_500
    resources: tmpdir=C:\Users\schlumbe\AppData\Local\Temp

[Sat Jul 25 23:45:45 2026]
Finished job 1720.
156 of 425 steps (37%) done
Select jobs to execute...

[Sat Jul 25 23:45:45 2026]
rule extract_boundaries:
    input: P:/11212688-004-global-floodmaps/modelling/model_outputs/700/inputs/tile_geometry.gpkg
    output: P:/11212688-004-global-floodmaps/modelling/model_outputs/700/inputs/boundaries_RP10_SLR_500.gpkg
    jobid: 2810
    reason: Missing output files: P:/11212688-004-global-floodmaps/modelling/model_outputs/700/inputs/boundaries_RP10_SLR_500.gpkg; Input files updated by another job: P:/11212688-004-global-floodmaps/modelling/model_outputs/700/inputs/tile_geometry.gpkg
    wildcards: tile_id=700, return_period=RP10, waterlevel_name=SLR_500
    resources: tmpdir=C:\Users\schlumbe\AppData\Local\Temp

[Sat Jul 25 23:45:46 2026]
Finished job 1660.
157 of 425 steps (37%) done
Select jobs to execute...

[Sat Jul 25 23:45:46 2026]
rule extract_boundaries:
    input: P:/11212688-004-global-floodmaps/modelling/model_outputs/6951/inputs/tile_geometry.gpkg
    output: P:/11212688-004-global-floodmaps/modelling/model_outputs/6951/inputs/boundaries_RP5_SLR_500.gpkg
    jobid: 1730
    reason: Missing output files: P:/11212688-004-global-floodmaps/modelling/model_outputs/6951/inputs/boundaries_RP5_SLR_500.gpkg; Input files updated by another job: P:/11212688-004-global-floodmaps/modelling/model_outputs/6951/inputs/tile_geometry.gpkg
    wildcards: tile_id=6951, return_period=RP5, waterlevel_name=SLR_500
    resources: tmpdir=C:\Users\schlumbe\AppData\Local\Temp

[Sat Jul 25 23:45:46 2026]
Finished job 2860.
158 of 425 steps (37%) done
Select jobs to execute...

[Sat Jul 25 23:45:46 2026]
rule extract_boundaries:
    input: P:/11212688-004-global-floodmaps/modelling/model_outputs/700/inputs/tile_geometry.gpkg
    output: P:/11212688-004-global-floodmaps/modelling/model_outputs/700/inputs/boundaries_RP5_SLR_500.gpkg
    jobid: 2870
    reason: Missing output files: P:/11212688-004-global-floodmaps/modelling/model_outputs/700/inputs/boundaries_RP5_SLR_500.gpkg; Input files updated by another job: P:/11212688-004-global-floodmaps/modelling/model_outputs/700/inputs/tile_geometry.gpkg
    wildcards: tile_id=700, return_period=RP5, waterlevel_name=SLR_500
    resources: tmpdir=C:\Users\schlumbe\AppData\Local\Temp

[Sat Jul 25 23:45:46 2026]
Finished job 2800.
159 of 425 steps (37%) done
Select jobs to execute...

[Sat Jul 25 23:45:46 2026]
rule extract_boundaries:
    input: P:/11212688-004-global-floodmaps/modelling/model_outputs/6951/inputs/tile_geometry.gpkg
    output: P:/11212688-004-global-floodmaps/modelling/model_outputs/6951/inputs/boundaries_RP2_SLR_500.gpkg
    jobid: 1700
    reason: Missing output files: P:/11212688-004-global-floodmaps/modelling/model_outputs/6951/inputs/boundaries_RP2_SLR_500.gpkg; Input files updated by another job: P:/11212688-004-global-floodmaps/modelling/model_outputs/6951/inputs/tile_geometry.gpkg
    wildcards: tile_id=6951, return_period=RP2, waterlevel_name=SLR_500
    resources: tmpdir=C:\Users\schlumbe\AppData\Local\Temp

[Sat Jul 25 23:45:56 2026]
Finished job 2810.
160 of 425 steps (38%) done
Select jobs to execute...

[Sat Jul 25 23:45:56 2026]
rule extract_boundaries:
    input: P:/11212688-004-global-floodmaps/modelling/model_outputs/700/inputs/tile_geometry.gpkg
    output: P:/11212688-004-global-floodmaps/modelling/model_outputs/700/inputs/boundaries_RP2_SLR_500.gpkg
    jobid: 2840
    reason: Missing output files: P:/11212688-004-global-floodmaps/modelling/model_outputs/700/inputs/boundaries_RP2_SLR_500.gpkg; Input files updated by another job: P:/11212688-004-global-floodmaps/modelling/model_outputs/700/inputs/tile_geometry.gpkg
    wildcards: tile_id=700, return_period=RP2, waterlevel_name=SLR_500
    resources: tmpdir=C:\Users\schlumbe\AppData\Local\Temp

[Sat Jul 25 23:45:56 2026]
Finished job 1730.
161 of 425 steps (38%) done
Select jobs to execute...

[Sat Jul 25 23:45:56 2026]
rule extract_boundaries:
    input: P:/11212688-004-global-floodmaps/modelling/model_outputs/6951/inputs/tile_geometry.gpkg
    output: P:/11212688-004-global-floodmaps/modelling/model_outputs/6951/inputs/boundaries_RP250_SLR_2000.gpkg
    jobid: 1678
    reason: Missing output files: P:/11212688-004-global-floodmaps/modelling/model_outputs/6951/inputs/boundaries_RP250_SLR_2000.gpkg; Input files updated by another job: P:/11212688-004-global-floodmaps/modelling/model_outputs/6951/inputs/tile_geometry.gpkg
    wildcards: tile_id=6951, return_period=RP250, waterlevel_name=SLR_2000
    resources: tmpdir=C:\Users\schlumbe\AppData\Local\Temp

[Sat Jul 25 23:45:56 2026]
Finished job 2870.
162 of 425 steps (38%) done
Select jobs to execute...

[Sat Jul 25 23:45:56 2026]
rule extract_boundaries:
    input: P:/11212688-004-global-floodmaps/modelling/model_outputs/700/inputs/tile_geometry.gpkg
    output: P:/11212688-004-global-floodmaps/modelling/model_outputs/700/inputs/boundaries_RP250_SLR_2000.gpkg
    jobid: 2818
    reason: Missing output files: P:/11212688-004-global-floodmaps/modelling/model_outputs/700/inputs/boundaries_RP250_SLR_2000.gpkg; Input files updated by another job: P:/11212688-004-global-floodmaps/modelling/model_outputs/700/inputs/tile_geometry.gpkg
    wildcards: tile_id=700, return_period=RP250, waterlevel_name=SLR_2000
    resources: tmpdir=C:\Users\schlumbe\AppData\Local\Temp

[Sat Jul 25 23:45:56 2026]
Finished job 1700.
163 of 425 steps (38%) done
Select jobs to execute...

[Sat Jul 25 23:45:56 2026]
rule extract_boundaries:
    input: P:/11212688-004-global-floodmaps/modelling/model_outputs/6951/inputs/tile_geometry.gpkg
    output: P:/11212688-004-global-floodmaps/modelling/model_outputs/6951/inputs/boundaries_RP1000_SLR_2000.gpkg
    jobid: 1648
    reason: Missing output files: P:/11212688-004-global-floodmaps/modelling/model_outputs/6951/inputs/boundaries_RP1000_SLR_2000.gpkg; Input files updated by another job: P:/11212688-004-global-floodmaps/modelling/model_outputs/6951/inputs/tile_geometry.gpkg
    wildcards: tile_id=6951, return_period=RP1000, waterlevel_name=SLR_2000
    resources: tmpdir=C:\Users\schlumbe\AppData\Local\Temp

[Sat Jul 25 23:46:06 2026]
Finished job 2840.
164 of 425 steps (39%) done
Select jobs to execute...

[Sat Jul 25 23:46:06 2026]
rule extract_boundaries:
    input: P:/11212688-004-global-floodmaps/modelling/model_outputs/6951/inputs/tile_geometry.gpkg
    output: P:/11212688-004-global-floodmaps/modelling/model_outputs/6951/inputs/boundaries_RP500_SLR_2000.gpkg
    jobid: 1708
    reason: Missing output files: P:/11212688-004-global-floodmaps/modelling/model_outputs/6951/inputs/boundaries_RP500_SLR_2000.gpkg; Input files updated by another job: P:/11212688-004-global-floodmaps/modelling/model_outputs/6951/inputs/tile_geometry.gpkg
    wildcards: tile_id=6951, return_period=RP500, waterlevel_name=SLR_2000
    resources: tmpdir=C:\Users\schlumbe\AppData\Local\Temp

[Sat Jul 25 23:46:06 2026]
Finished job 1678.
165 of 425 steps (39%) done
Select jobs to execute...

[Sat Jul 25 23:46:06 2026]
rule extract_boundaries:
    input: P:/11212688-004-global-floodmaps/modelling/model_outputs/700/inputs/tile_geometry.gpkg
    output: P:/11212688-004-global-floodmaps/modelling/model_outputs/700/inputs/boundaries_RP1000_SLR_2000.gpkg
    jobid: 2788
    reason: Missing output files: P:/11212688-004-global-floodmaps/modelling/model_outputs/700/inputs/boundaries_RP1000_SLR_2000.gpkg; Input files updated by another job: P:/11212688-004-global-floodmaps/modelling/model_outputs/700/inputs/tile_geometry.gpkg
    wildcards: tile_id=700, return_period=RP1000, waterlevel_name=SLR_2000
    resources: tmpdir=C:\Users\schlumbe\AppData\Local\Temp

[Sat Jul 25 23:46:07 2026]
Finished job 1648.
166 of 425 steps (39%) done
Select jobs to execute...

[Sat Jul 25 23:46:07 2026]
rule extract_boundaries:
    input: P:/11212688-004-global-floodmaps/modelling/model_outputs/700/inputs/tile_geometry.gpkg
    output: P:/11212688-004-global-floodmaps/modelling/model_outputs/700/inputs/boundaries_RP500_SLR_2000.gpkg
    jobid: 2848
    reason: Missing output files: P:/11212688-004-global-floodmaps/modelling/model_outputs/700/inputs/boundaries_RP500_SLR_2000.gpkg; Input files updated by another job: P:/11212688-004-global-floodmaps/modelling/model_outputs/700/inputs/tile_geometry.gpkg
    wildcards: tile_id=700, return_period=RP500, waterlevel_name=SLR_2000
    resources: tmpdir=C:\Users\schlumbe\AppData\Local\Temp

[Sat Jul 25 23:46:07 2026]
Finished job 2818.
167 of 425 steps (39%) done
Select jobs to execute...

[Sat Jul 25 23:46:07 2026]
rule extract_boundaries:
    input: P:/11212688-004-global-floodmaps/modelling/model_outputs/700/inputs/tile_geometry.gpkg
    output: P:/11212688-004-global-floodmaps/modelling/model_outputs/700/inputs/boundaries_RP5_SLR_0.gpkg
    jobid: 2862
    reason: Missing output files: P:/11212688-004-global-floodmaps/modelling/model_outputs/700/inputs/boundaries_RP5_SLR_0.gpkg; Input files updated by another job: P:/11212688-004-global-floodmaps/modelling/model_outputs/700/inputs/tile_geometry.gpkg
    wildcards: tile_id=700, return_period=RP5, waterlevel_name=SLR_0
    resources: tmpdir=C:\Users\schlumbe\AppData\Local\Temp

[Sat Jul 25 23:46:17 2026]
Finished job 1708.
168 of 425 steps (40%) done
Select jobs to execute...

[Sat Jul 25 23:46:17 2026]
rule extract_boundaries:
    input: P:/11212688-004-global-floodmaps/modelling/model_outputs/6951/inputs/tile_geometry.gpkg
    output: P:/11212688-004-global-floodmaps/modelling/model_outputs/6951/inputs/boundaries_RP10_SLR_1000.gpkg
    jobid: 1664
    reason: Missing output files: P:/11212688-004-global-floodmaps/modelling/model_outputs/6951/inputs/boundaries_RP10_SLR_1000.gpkg; Input files updated by another job: P:/11212688-004-global-floodmaps/modelling/model_outputs/6951/inputs/tile_geometry.gpkg
    wildcards: tile_id=6951, return_period=RP10, waterlevel_name=SLR_1000
    resources: tmpdir=C:\Users\schlumbe\AppData\Local\Temp

[Sat Jul 25 23:46:17 2026]
Finished job 2788.
169 of 425 steps (40%) done
Select jobs to execute...

[Sat Jul 25 23:46:17 2026]
rule extract_boundaries:
    input: P:/11212688-004-global-floodmaps/modelling/model_outputs/700/inputs/tile_geometry.gpkg
    output: P:/11212688-004-global-floodmaps/modelling/model_outputs/700/inputs/boundaries_RP5_SLR_1000.gpkg
    jobid: 2864
    reason: Missing output files: P:/11212688-004-global-floodmaps/modelling/model_outputs/700/inputs/boundaries_RP5_SLR_1000.gpkg; Input files updated by another job: P:/11212688-004-global-floodmaps/modelling/model_outputs/700/inputs/tile_geometry.gpkg
    wildcards: tile_id=700, return_period=RP5, waterlevel_name=SLR_1000
    resources: tmpdir=C:\Users\schlumbe\AppData\Local\Temp

[Sat Jul 25 23:46:17 2026]
Finished job 2862.
170 of 425 steps (40%) done
Select jobs to execute...

[Sat Jul 25 23:46:17 2026]
rule extract_boundaries:
    input: P:/11212688-004-global-floodmaps/modelling/model_outputs/6951/inputs/tile_geometry.gpkg
    output: P:/11212688-004-global-floodmaps/modelling/model_outputs/6951/inputs/boundaries_RP5_SLR_1000.gpkg
    jobid: 1724
    reason: Missing output files: P:/11212688-004-global-floodmaps/modelling/model_outputs/6951/inputs/boundaries_RP5_SLR_1000.gpkg; Input files updated by another job: P:/11212688-004-global-floodmaps/modelling/model_outputs/6951/inputs/tile_geometry.gpkg
    wildcards: tile_id=6951, return_period=RP5, waterlevel_name=SLR_1000
    resources: tmpdir=C:\Users\schlumbe\AppData\Local\Temp

[Sat Jul 25 23:46:17 2026]
Finished job 2848.
171 of 425 steps (40%) done
Select jobs to execute...

[Sat Jul 25 23:46:17 2026]
rule extract_boundaries:
    input: P:/11212688-004-global-floodmaps/modelling/model_outputs/700/inputs/tile_geometry.gpkg
    output: P:/11212688-004-global-floodmaps/modelling/model_outputs/700/inputs/boundaries_RP10_SLR_1000.gpkg
    jobid: 2804
    reason: Missing output files: P:/11212688-004-global-floodmaps/modelling/model_outputs/700/inputs/boundaries_RP10_SLR_1000.gpkg; Input files updated by another job: P:/11212688-004-global-floodmaps/modelling/model_outputs/700/inputs/tile_geometry.gpkg
    wildcards: tile_id=700, return_period=RP10, waterlevel_name=SLR_1000
    resources: tmpdir=C:\Users\schlumbe\AppData\Local\Temp

[Sat Jul 25 23:46:27 2026]
Finished job 2864.
172 of 425 steps (40%) done
Select jobs to execute...

[Sat Jul 25 23:46:27 2026]
rule extract_boundaries:
    input: P:/11212688-004-global-floodmaps/modelling/model_outputs/700/inputs/tile_geometry.gpkg
    output: P:/11212688-004-global-floodmaps/modelling/model_outputs/700/inputs/boundaries_RP2_SLR_1000.gpkg
    jobid: 2834
    reason: Missing output files: P:/11212688-004-global-floodmaps/modelling/model_outputs/700/inputs/boundaries_RP2_SLR_1000.gpkg; Input files updated by another job: P:/11212688-004-global-floodmaps/modelling/model_outputs/700/inputs/tile_geometry.gpkg
    wildcards: tile_id=700, return_period=RP2, waterlevel_name=SLR_1000
    resources: tmpdir=C:\Users\schlumbe\AppData\Local\Temp

[Sat Jul 25 23:46:27 2026]
Finished job 1664.
173 of 425 steps (41%) done
Select jobs to execute...

[Sat Jul 25 23:46:27 2026]
rule extract_boundaries:
    input: P:/11212688-004-global-floodmaps/modelling/model_outputs/6951/inputs/tile_geometry.gpkg
    output: P:/11212688-004-global-floodmaps/modelling/model_outputs/6951/inputs/boundaries_RP2_SLR_1000.gpkg
    jobid: 1694
    reason: Missing output files: P:/11212688-004-global-floodmaps/modelling/model_outputs/6951/inputs/boundaries_RP2_SLR_1000.gpkg; Input files updated by another job: P:/11212688-004-global-floodmaps/modelling/model_outputs/6951/inputs/tile_geometry.gpkg
    wildcards: tile_id=6951, return_period=RP2, waterlevel_name=SLR_1000
    resources: tmpdir=C:\Users\schlumbe\AppData\Local\Temp

[Sat Jul 25 23:46:28 2026]
Finished job 1724.
174 of 425 steps (41%) done
Select jobs to execute...

[Sat Jul 25 23:46:28 2026]
rule extract_boundaries:
    input: P:/11212688-004-global-floodmaps/modelling/model_outputs/6951/inputs/tile_geometry.gpkg
    output: P:/11212688-004-global-floodmaps/modelling/model_outputs/6951/inputs/boundaries_RP250_SLR_0.gpkg
    jobid: 1672
    reason: Missing output files: P:/11212688-004-global-floodmaps/modelling/model_outputs/6951/inputs/boundaries_RP250_SLR_0.gpkg; Input files updated by another job: P:/11212688-004-global-floodmaps/modelling/model_outputs/6951/inputs/tile_geometry.gpkg
    wildcards: tile_id=6951, return_period=RP250, waterlevel_name=SLR_0
    resources: tmpdir=C:\Users\schlumbe\AppData\Local\Temp

[Sat Jul 25 23:46:28 2026]
Finished job 2804.
175 of 425 steps (41%) done
Select jobs to execute...

[Sat Jul 25 23:46:28 2026]
rule extract_boundaries:
    input: P:/11212688-004-global-floodmaps/modelling/model_outputs/700/inputs/tile_geometry.gpkg
    output: P:/11212688-004-global-floodmaps/modelling/model_outputs/700/inputs/boundaries_RP250_SLR_0.gpkg
    jobid: 2812
    reason: Missing output files: P:/11212688-004-global-floodmaps/modelling/model_outputs/700/inputs/boundaries_RP250_SLR_0.gpkg; Input files updated by another job: P:/11212688-004-global-floodmaps/modelling/model_outputs/700/inputs/tile_geometry.gpkg
    wildcards: tile_id=700, return_period=RP250, waterlevel_name=SLR_0
    resources: tmpdir=C:\Users\schlumbe\AppData\Local\Temp

[Sat Jul 25 23:46:38 2026]
Finished job 2834.
176 of 425 steps (41%) done
Select jobs to execute...

[Sat Jul 25 23:46:38 2026]
rule extract_boundaries:
    input: P:/11212688-004-global-floodmaps/modelling/model_outputs/6951/inputs/tile_geometry.gpkg
    output: P:/11212688-004-global-floodmaps/modelling/model_outputs/6951/inputs/boundaries_RP500_SLR_0.gpkg
    jobid: 1702
    reason: Missing output files: P:/11212688-004-global-floodmaps/modelling/model_outputs/6951/inputs/boundaries_RP500_SLR_0.gpkg; Input files updated by another job: P:/11212688-004-global-floodmaps/modelling/model_outputs/6951/inputs/tile_geometry.gpkg
    wildcards: tile_id=6951, return_period=RP500, waterlevel_name=SLR_0
    resources: tmpdir=C:\Users\schlumbe\AppData\Local\Temp

[Sat Jul 25 23:46:38 2026]
Finished job 1694.
177 of 425 steps (42%) done
Select jobs to execute...

[Sat Jul 25 23:46:38 2026]
rule extract_boundaries:
    input: P:/11212688-004-global-floodmaps/modelling/model_outputs/6951/inputs/tile_geometry.gpkg
    output: P:/11212688-004-global-floodmaps/modelling/model_outputs/6951/inputs/boundaries_RP1000_SLR_0.gpkg
    jobid: 1642
    reason: Missing output files: P:/11212688-004-global-floodmaps/modelling/model_outputs/6951/inputs/boundaries_RP1000_SLR_0.gpkg; Input files updated by another job: P:/11212688-004-global-floodmaps/modelling/model_outputs/6951/inputs/tile_geometry.gpkg
    wildcards: tile_id=6951, return_period=RP1000, waterlevel_name=SLR_0
    resources: tmpdir=C:\Users\schlumbe\AppData\Local\Temp

[Sat Jul 25 23:46:38 2026]
Finished job 1672.
178 of 425 steps (42%) done
Select jobs to execute...

[Sat Jul 25 23:46:38 2026]
rule extract_boundaries:
    input: P:/11212688-004-global-floodmaps/modelling/model_outputs/700/inputs/tile_geometry.gpkg
    output: P:/11212688-004-global-floodmaps/modelling/model_outputs/700/inputs/boundaries_RP1000_SLR_0.gpkg
    jobid: 2782
    reason: Missing output files: P:/11212688-004-global-floodmaps/modelling/model_outputs/700/inputs/boundaries_RP1000_SLR_0.gpkg; Input files updated by another job: P:/11212688-004-global-floodmaps/modelling/model_outputs/700/inputs/tile_geometry.gpkg
    wildcards: tile_id=700, return_period=RP1000, waterlevel_name=SLR_0
    resources: tmpdir=C:\Users\schlumbe\AppData\Local\Temp

[Sat Jul 25 23:46:38 2026]
Finished job 2812.
179 of 425 steps (42%) done
Select jobs to execute...

[Sat Jul 25 23:46:38 2026]
rule extract_boundaries:
    input: P:/11212688-004-global-floodmaps/modelling/model_outputs/700/inputs/tile_geometry.gpkg
    output: P:/11212688-004-global-floodmaps/modelling/model_outputs/700/inputs/boundaries_RP500_SLR_0.gpkg
    jobid: 2842
    reason: Missing output files: P:/11212688-004-global-floodmaps/modelling/model_outputs/700/inputs/boundaries_RP500_SLR_0.gpkg; Input files updated by another job: P:/11212688-004-global-floodmaps/modelling/model_outputs/700/inputs/tile_geometry.gpkg
    wildcards: tile_id=700, return_period=RP500, waterlevel_name=SLR_0
    resources: tmpdir=C:\Users\schlumbe\AppData\Local\Temp

[Sat Jul 25 23:46:49 2026]
Finished job 1702.
180 of 425 steps (42%) done
Select jobs to execute...

[Sat Jul 25 23:46:49 2026]
rule extract_boundaries:
    input: P:/11212688-004-global-floodmaps/modelling/model_outputs/6951/inputs/tile_geometry.gpkg
    output: P:/11212688-004-global-floodmaps/modelling/model_outputs/6951/inputs/boundaries_RP250_SLR_500.gpkg
    jobid: 1680
    reason: Missing output files: P:/11212688-004-global-floodmaps/modelling/model_outputs/6951/inputs/boundaries_RP250_SLR_500.gpkg; Input files updated by another job: P:/11212688-004-global-floodmaps/modelling/model_outputs/6951/inputs/tile_geometry.gpkg
    wildcards: tile_id=6951, return_period=RP250, waterlevel_name=SLR_500
    resources: tmpdir=C:\Users\schlumbe\AppData\Local\Temp

[Sat Jul 25 23:46:49 2026]
Finished job 1642.
181 of 425 steps (43%) done
Select jobs to execute...

[Sat Jul 25 23:46:49 2026]
rule extract_boundaries:
    input: P:/11212688-004-global-floodmaps/modelling/model_outputs/700/inputs/tile_geometry.gpkg
    output: P:/11212688-004-global-floodmaps/modelling/model_outputs/700/inputs/boundaries_RP250_SLR_500.gpkg
    jobid: 2820
    reason: Missing output files: P:/11212688-004-global-floodmaps/modelling/model_outputs/700/inputs/boundaries_RP250_SLR_500.gpkg; Input files updated by another job: P:/11212688-004-global-floodmaps/modelling/model_outputs/700/inputs/tile_geometry.gpkg
    wildcards: tile_id=700, return_period=RP250, waterlevel_name=SLR_500
    resources: tmpdir=C:\Users\schlumbe\AppData\Local\Temp

[Sat Jul 25 23:46:49 2026]
Finished job 2782.
182 of 425 steps (43%) done
Select jobs to execute...

[Sat Jul 25 23:46:49 2026]
rule extract_boundaries:
    input: P:/11212688-004-global-floodmaps/modelling/model_outputs/6951/inputs/tile_geometry.gpkg
    output: P:/11212688-004-global-floodmaps/modelling/model_outputs/6951/inputs/boundaries_RP500_SLR_500.gpkg
    jobid: 1710
    reason: Missing output files: P:/11212688-004-global-floodmaps/modelling/model_outputs/6951/inputs/boundaries_RP500_SLR_500.gpkg; Input files updated by another job: P:/11212688-004-global-floodmaps/modelling/model_outputs/6951/inputs/tile_geometry.gpkg
    wildcards: tile_id=6951, return_period=RP500, waterlevel_name=SLR_500
    resources: tmpdir=C:\Users\schlumbe\AppData\Local\Temp

[Sat Jul 25 23:46:50 2026]
Finished job 2842.
183 of 425 steps (43%) done
Select jobs to execute...

[Sat Jul 25 23:46:50 2026]
rule extract_boundaries:
    input: P:/11212688-004-global-floodmaps/modelling/model_outputs/6951/inputs/tile_geometry.gpkg
    output: P:/11212688-004-global-floodmaps/modelling/model_outputs/6951/inputs/boundaries_RP1000_SLR_500.gpkg
    jobid: 1650
    reason: Missing output files: P:/11212688-004-global-floodmaps/modelling/model_outputs/6951/inputs/boundaries_RP1000_SLR_500.gpkg; Input files updated by another job: P:/11212688-004-global-floodmaps/modelling/model_outputs/6951/inputs/tile_geometry.gpkg
    wildcards: tile_id=6951, return_period=RP1000, waterlevel_name=SLR_500
    resources: tmpdir=C:\Users\schlumbe\AppData\Local\Temp

[Sat Jul 25 23:46:59 2026]
Finished job 2820.
184 of 425 steps (43%) done
Select jobs to execute...

[Sat Jul 25 23:46:59 2026]
rule extract_boundaries:
    input: P:/11212688-004-global-floodmaps/modelling/model_outputs/700/inputs/tile_geometry.gpkg
    output: P:/11212688-004-global-floodmaps/modelling/model_outputs/700/inputs/boundaries_RP1000_SLR_500.gpkg
    jobid: 2790
    reason: Missing output files: P:/11212688-004-global-floodmaps/modelling/model_outputs/700/inputs/boundaries_RP1000_SLR_500.gpkg; Input files updated by another job: P:/11212688-004-global-floodmaps/modelling/model_outputs/700/inputs/tile_geometry.gpkg
    wildcards: tile_id=700, return_period=RP1000, waterlevel_name=SLR_500
    resources: tmpdir=C:\Users\schlumbe\AppData\Local\Temp

[Sat Jul 25 23:46:59 2026]
Finished job 1680.
185 of 425 steps (44%) done
Select jobs to execute...

[Sat Jul 25 23:46:59 2026]
rule extract_boundaries:
    input: P:/11212688-004-global-floodmaps/modelling/model_outputs/700/inputs/tile_geometry.gpkg
    output: P:/11212688-004-global-floodmaps/modelling/model_outputs/700/inputs/boundaries_RP500_SLR_500.gpkg
    jobid: 2850
    reason: Missing output files: P:/11212688-004-global-floodmaps/modelling/model_outputs/700/inputs/boundaries_RP500_SLR_500.gpkg; Input files updated by another job: P:/11212688-004-global-floodmaps/modelling/model_outputs/700/inputs/tile_geometry.gpkg
    wildcards: tile_id=700, return_period=RP500, waterlevel_name=SLR_500
    resources: tmpdir=C:\Users\schlumbe\AppData\Local\Temp

[Sat Jul 25 23:46:59 2026]
Finished job 1710.
186 of 425 steps (44%) done
Select jobs to execute...

[Sat Jul 25 23:46:59 2026]
rule extract_boundaries:
    input: P:/11212688-004-global-floodmaps/modelling/model_outputs/6951/inputs/tile_geometry.gpkg
    output: P:/11212688-004-global-floodmaps/modelling/model_outputs/6951/inputs/boundaries_RP5_SLR_1500.gpkg
    jobid: 1726
    reason: Missing output files: P:/11212688-004-global-floodmaps/modelling/model_outputs/6951/inputs/boundaries_RP5_SLR_1500.gpkg; Input files updated by another job: P:/11212688-004-global-floodmaps/modelling/model_outputs/6951/inputs/tile_geometry.gpkg
    wildcards: tile_id=6951, return_period=RP5, waterlevel_name=SLR_1500
    resources: tmpdir=C:\Users\schlumbe\AppData\Local\Temp

[Sat Jul 25 23:47:01 2026]
Finished job 1650.
187 of 425 steps (44%) done
Select jobs to execute...

[Sat Jul 25 23:47:01 2026]
rule extract_boundaries:
    input: P:/11212688-004-global-floodmaps/modelling/model_outputs/6951/inputs/tile_geometry.gpkg
    output: P:/11212688-004-global-floodmaps/modelling/model_outputs/6951/inputs/boundaries_RP10_SLR_1500.gpkg
    jobid: 1666
    reason: Missing output files: P:/11212688-004-global-floodmaps/modelling/model_outputs/6951/inputs/boundaries_RP10_SLR_1500.gpkg; Input files updated by another job: P:/11212688-004-global-floodmaps/modelling/model_outputs/6951/inputs/tile_geometry.gpkg
    wildcards: tile_id=6951, return_period=RP10, waterlevel_name=SLR_1500
    resources: tmpdir=C:\Users\schlumbe\AppData\Local\Temp

[Sat Jul 25 23:47:10 2026]
Finished job 2790.
188 of 425 steps (44%) done
Select jobs to execute...

[Sat Jul 25 23:47:10 2026]
rule extract_boundaries:
    input: P:/11212688-004-global-floodmaps/modelling/model_outputs/700/inputs/tile_geometry.gpkg
    output: P:/11212688-004-global-floodmaps/modelling/model_outputs/700/inputs/boundaries_RP5_SLR_1500.gpkg
    jobid: 2866
    reason: Missing output files: P:/11212688-004-global-floodmaps/modelling/model_outputs/700/inputs/boundaries_RP5_SLR_1500.gpkg; Input files updated by another job: P:/11212688-004-global-floodmaps/modelling/model_outputs/700/inputs/tile_geometry.gpkg
    wildcards: tile_id=700, return_period=RP5, waterlevel_name=SLR_1500
    resources: tmpdir=C:\Users\schlumbe\AppData\Local\Temp

[Sat Jul 25 23:47:10 2026]
Finished job 2850.
189 of 425 steps (44%) done
[Sat Jul 25 23:47:10 2026]
Finished job 1726.
190 of 425 steps (45%) done
Select jobs to execute...

[Sat Jul 25 23:47:10 2026]
rule extract_boundaries:
    input: P:/11212688-004-global-floodmaps/modelling/model_outputs/700/inputs/tile_geometry.gpkg
    output: P:/11212688-004-global-floodmaps/modelling/model_outputs/700/inputs/boundaries_RP10_SLR_1500.gpkg
    jobid: 2806
    reason: Missing output files: P:/11212688-004-global-floodmaps/modelling/model_outputs/700/inputs/boundaries_RP10_SLR_1500.gpkg; Input files updated by another job: P:/11212688-004-global-floodmaps/modelling/model_outputs/700/inputs/tile_geometry.gpkg
    wildcards: tile_id=700, return_period=RP10, waterlevel_name=SLR_1500
    resources: tmpdir=C:\Users\schlumbe\AppData\Local\Temp

[Sat Jul 25 23:47:10 2026]
rule extract_boundaries:
    input: P:/11212688-004-global-floodmaps/modelling/model_outputs/700/inputs/tile_geometry.gpkg
    output: P:/11212688-004-global-floodmaps/modelling/model_outputs/700/inputs/boundaries_RP2_SLR_1500.gpkg
    jobid: 2836
    reason: Missing output files: P:/11212688-004-global-floodmaps/modelling/model_outputs/700/inputs/boundaries_RP2_SLR_1500.gpkg; Input files updated by another job: P:/11212688-004-global-floodmaps/modelling/model_outputs/700/inputs/tile_geometry.gpkg
    wildcards: tile_id=700, return_period=RP2, waterlevel_name=SLR_1500
    resources: tmpdir=C:\Users\schlumbe\AppData\Local\Temp

Select jobs to execute...
[Sat Jul 25 23:47:11 2026]
Finished job 1666.
191 of 425 steps (45%) done

[Sat Jul 25 23:47:11 2026]
rule extract_boundaries:
    input: P:/11212688-004-global-floodmaps/modelling/model_outputs/6951/inputs/tile_geometry.gpkg
    output: P:/11212688-004-global-floodmaps/modelling/model_outputs/6951/inputs/boundaries_RP2_SLR_1500.gpkg
    jobid: 1696
    reason: Missing output files: P:/11212688-004-global-floodmaps/modelling/model_outputs/6951/inputs/boundaries_RP2_SLR_1500.gpkg; Input files updated by another job: P:/11212688-004-global-floodmaps/modelling/model_outputs/6951/inputs/tile_geometry.gpkg
    wildcards: tile_id=6951, return_period=RP2, waterlevel_name=SLR_1500
    resources: tmpdir=C:\Users\schlumbe\AppData\Local\Temp

[Sat Jul 25 23:47:20 2026]
Finished job 2836.
192 of 425 steps (45%) done
Select jobs to execute...

[Sat Jul 25 23:47:20 2026]
rule extract_boundaries:
    input: P:/11212688-004-global-floodmaps/modelling/model_outputs/6951/inputs/tile_geometry.gpkg
    output: P:/11212688-004-global-floodmaps/modelling/model_outputs/6951/inputs/boundaries_RP250_SLR_1000.gpkg
    jobid: 1674
    reason: Missing output files: P:/11212688-004-global-floodmaps/modelling/model_outputs/6951/inputs/boundaries_RP250_SLR_1000.gpkg; Input files updated by another job: P:/11212688-004-global-floodmaps/modelling/model_outputs/6951/inputs/tile_geometry.gpkg
    wildcards: tile_id=6951, return_period=RP250, waterlevel_name=SLR_1000
    resources: tmpdir=C:\Users\schlumbe\AppData\Local\Temp

[Sat Jul 25 23:47:20 2026]
Finished job 2866.
193 of 425 steps (45%) done
[Sat Jul 25 23:47:20 2026]
Finished job 2806.
194 of 425 steps (46%) done
Select jobs to execute...

[Sat Jul 25 23:47:20 2026]
rule extract_boundaries:
    input: P:/11212688-004-global-floodmaps/modelling/model_outputs/700/inputs/tile_geometry.gpkg
    output: P:/11212688-004-global-floodmaps/modelling/model_outputs/700/inputs/boundaries_RP250_SLR_1000.gpkg
    jobid: 2814
    reason: Missing output files: P:/11212688-004-global-floodmaps/modelling/model_outputs/700/inputs/boundaries_RP250_SLR_1000.gpkg; Input files updated by another job: P:/11212688-004-global-floodmaps/modelling/model_outputs/700/inputs/tile_geometry.gpkg
    wildcards: tile_id=700, return_period=RP250, waterlevel_name=SLR_1000
    resources: tmpdir=C:\Users\schlumbe\AppData\Local\Temp

[Sat Jul 25 23:47:20 2026]
rule extract_boundaries:
    input: P:/11212688-004-global-floodmaps/modelling/model_outputs/6951/inputs/tile_geometry.gpkg
    output: P:/11212688-004-global-floodmaps/modelling/model_outputs/6951/inputs/boundaries_RP500_SLR_1000.gpkg
    jobid: 1704
    reason: Missing output files: P:/11212688-004-global-floodmaps/modelling/model_outputs/6951/inputs/boundaries_RP500_SLR_1000.gpkg; Input files updated by another job: P:/11212688-004-global-floodmaps/modelling/model_outputs/6951/inputs/tile_geometry.gpkg
    wildcards: tile_id=6951, return_period=RP500, waterlevel_name=SLR_1000
    resources: tmpdir=C:\Users\schlumbe\AppData\Local\Temp

Select jobs to execute...
[Sat Jul 25 23:47:22 2026]
Finished job 1696.
195 of 425 steps (46%) done

[Sat Jul 25 23:47:22 2026]
rule extract_boundaries:
    input: P:/11212688-004-global-floodmaps/modelling/model_outputs/6951/inputs/tile_geometry.gpkg
    output: P:/11212688-004-global-floodmaps/modelling/model_outputs/6951/inputs/boundaries_RP1000_SLR_1000.gpkg
    jobid: 1644
    reason: Missing output files: P:/11212688-004-global-floodmaps/modelling/model_outputs/6951/inputs/boundaries_RP1000_SLR_1000.gpkg; Input files updated by another job: P:/11212688-004-global-floodmaps/modelling/model_outputs/6951/inputs/tile_geometry.gpkg
    wildcards: tile_id=6951, return_period=RP1000, waterlevel_name=SLR_1000
    resources: tmpdir=C:\Users\schlumbe\AppData\Local\Temp

[Sat Jul 25 23:47:31 2026]
Finished job 1674.
196 of 425 steps (46%) done
Select jobs to execute...

[Sat Jul 25 23:47:31 2026]
rule extract_boundaries:
    input: P:/11212688-004-global-floodmaps/modelling/model_outputs/700/inputs/tile_geometry.gpkg
    output: P:/11212688-004-global-floodmaps/modelling/model_outputs/700/inputs/boundaries_RP1000_SLR_1000.gpkg
    jobid: 2784
    reason: Missing output files: P:/11212688-004-global-floodmaps/modelling/model_outputs/700/inputs/boundaries_RP1000_SLR_1000.gpkg; Input files updated by another job: P:/11212688-004-global-floodmaps/modelling/model_outputs/700/inputs/tile_geometry.gpkg
    wildcards: tile_id=700, return_period=RP1000, waterlevel_name=SLR_1000
    resources: tmpdir=C:\Users\schlumbe\AppData\Local\Temp

[Sat Jul 25 23:47:31 2026]
Finished job 1704.
197 of 425 steps (46%) done
[Sat Jul 25 23:47:31 2026]
Finished job 2814.
198 of 425 steps (47%) done
Select jobs to execute...

[Sat Jul 25 23:47:31 2026]
rule extract_boundaries:
    input: P:/11212688-004-global-floodmaps/modelling/model_outputs/6951/inputs/tile_geometry.gpkg
    output: P:/11212688-004-global-floodmaps/modelling/model_outputs/6951/inputs/boundaries_RP25_SLR_0.gpkg
    jobid: 1682
    reason: Missing output files: P:/11212688-004-global-floodmaps/modelling/model_outputs/6951/inputs/boundaries_RP25_SLR_0.gpkg; Input files updated by another job: P:/11212688-004-global-floodmaps/modelling/model_outputs/6951/inputs/tile_geometry.gpkg
    wildcards: tile_id=6951, return_period=RP25, waterlevel_name=SLR_0
    resources: tmpdir=C:\Users\schlumbe\AppData\Local\Temp

[Sat Jul 25 23:47:31 2026]
rule extract_boundaries:
    input: P:/11212688-004-global-floodmaps/modelling/model_outputs/700/inputs/tile_geometry.gpkg
    output: P:/11212688-004-global-floodmaps/modelling/model_outputs/700/inputs/boundaries_RP500_SLR_1000.gpkg
    jobid: 2844
    reason: Missing output files: P:/11212688-004-global-floodmaps/modelling/model_outputs/700/inputs/boundaries_RP500_SLR_1000.gpkg; Input files updated by another job: P:/11212688-004-global-floodmaps/modelling/model_outputs/700/inputs/tile_geometry.gpkg
    wildcards: tile_id=700, return_period=RP500, waterlevel_name=SLR_1000
    resources: tmpdir=C:\Users\schlumbe\AppData\Local\Temp

Select jobs to execute...
[Sat Jul 25 23:47:33 2026]
Finished job 1644.
199 of 425 steps (47%) done

[Sat Jul 25 23:47:33 2026]
rule extract_boundaries:
    input: P:/11212688-004-global-floodmaps/modelling/model_outputs/700/inputs/tile_geometry.gpkg
    output: P:/11212688-004-global-floodmaps/modelling/model_outputs/700/inputs/boundaries_RP25_SLR_0.gpkg
    jobid: 2822
    reason: Missing output files: P:/11212688-004-global-floodmaps/modelling/model_outputs/700/inputs/boundaries_RP25_SLR_0.gpkg; Input files updated by another job: P:/11212688-004-global-floodmaps/modelling/model_outputs/700/inputs/tile_geometry.gpkg
    wildcards: tile_id=700, return_period=RP25, waterlevel_name=SLR_0
    resources: tmpdir=C:\Users\schlumbe\AppData\Local\Temp

[Sat Jul 25 23:47:42 2026]
Finished job 2844.
200 of 425 steps (47%) done
[Sat Jul 25 23:47:42 2026]
Finished job 2784.
201 of 425 steps (47%) done
Select jobs to execute...

[Sat Jul 25 23:47:42 2026]
rule extract_boundaries:
    input: P:/11212688-004-global-floodmaps/modelling/model_outputs/6951/inputs/tile_geometry.gpkg
    output: P:/11212688-004-global-floodmaps/modelling/model_outputs/6951/inputs/boundaries_RP100_SLR_0.gpkg
    jobid: 1652
    reason: Missing output files: P:/11212688-004-global-floodmaps/modelling/model_outputs/6951/inputs/boundaries_RP100_SLR_0.gpkg; Input files updated by another job: P:/11212688-004-global-floodmaps/modelling/model_outputs/6951/inputs/tile_geometry.gpkg
    wildcards: tile_id=6951, return_period=RP100, waterlevel_name=SLR_0
    resources: tmpdir=C:\Users\schlumbe\AppData\Local\Temp

[Sat Jul 25 23:47:42 2026]
rule extract_boundaries:
    input: P:/11212688-004-global-floodmaps/modelling/model_outputs/6951/inputs/tile_geometry.gpkg
    output: P:/11212688-004-global-floodmaps/modelling/model_outputs/6951/inputs/boundaries_RP50_SLR_0.gpkg
    jobid: 1712
    reason: Missing output files: P:/11212688-004-global-floodmaps/modelling/model_outputs/6951/inputs/boundaries_RP50_SLR_0.gpkg; Input files updated by another job: P:/11212688-004-global-floodmaps/modelling/model_outputs/6951/inputs/tile_geometry.gpkg
    wildcards: tile_id=6951, return_period=RP50, waterlevel_name=SLR_0
    resources: tmpdir=C:\Users\schlumbe\AppData\Local\Temp

[Sat Jul 25 23:47:42 2026]
Finished job 1682.
202 of 425 steps (48%) done
Select jobs to execute...

[Sat Jul 25 23:47:42 2026]
rule extract_boundaries:
    input: P:/11212688-004-global-floodmaps/modelling/model_outputs/700/inputs/tile_geometry.gpkg
    output: P:/11212688-004-global-floodmaps/modelling/model_outputs/700/inputs/boundaries_RP100_SLR_0.gpkg
    jobid: 2792
    reason: Missing output files: P:/11212688-004-global-floodmaps/modelling/model_outputs/700/inputs/boundaries_RP100_SLR_0.gpkg; Input files updated by another job: P:/11212688-004-global-floodmaps/modelling/model_outputs/700/inputs/tile_geometry.gpkg
    wildcards: tile_id=700, return_period=RP100, waterlevel_name=SLR_0
    resources: tmpdir=C:\Users\schlumbe\AppData\Local\Temp

Select jobs to execute...
[Sat Jul 25 23:47:43 2026]
Finished job 2822.
203 of 425 steps (48%) done

[Sat Jul 25 23:47:43 2026]
rule extract_boundaries:
    input: P:/11212688-004-global-floodmaps/modelling/model_outputs/700/inputs/tile_geometry.gpkg
    output: P:/11212688-004-global-floodmaps/modelling/model_outputs/700/inputs/boundaries_RP50_SLR_0.gpkg
    jobid: 2852
    reason: Missing output files: P:/11212688-004-global-floodmaps/modelling/model_outputs/700/inputs/boundaries_RP50_SLR_0.gpkg; Input files updated by another job: P:/11212688-004-global-floodmaps/modelling/model_outputs/700/inputs/tile_geometry.gpkg
    wildcards: tile_id=700, return_period=RP50, waterlevel_name=SLR_0
    resources: tmpdir=C:\Users\schlumbe\AppData\Local\Temp

[Sat Jul 25 23:47:52 2026]
Finished job 1712.
204 of 425 steps (48%) done
Select jobs to execute...

[Sat Jul 25 23:47:52 2026]
rule extract_boundaries:
    input: P:/11212688-004-global-floodmaps/modelling/model_outputs/6951/inputs/tile_geometry.gpkg
    output: P:/11212688-004-global-floodmaps/modelling/model_outputs/6951/inputs/boundaries_RP25_SLR_500.gpkg
    jobid: 1690
    reason: Missing output files: P:/11212688-004-global-floodmaps/modelling/model_outputs/6951/inputs/boundaries_RP25_SLR_500.gpkg; Input files updated by another job: P:/11212688-004-global-floodmaps/modelling/model_outputs/6951/inputs/tile_geometry.gpkg
    wildcards: tile_id=6951, return_period=RP25, waterlevel_name=SLR_500
    resources: tmpdir=C:\Users\schlumbe\AppData\Local\Temp

[Sat Jul 25 23:47:52 2026]
Finished job 2792.
205 of 425 steps (48%) done
[Sat Jul 25 23:47:52 2026]
Finished job 1652.
206 of 425 steps (48%) done
Select jobs to execute...

[Sat Jul 25 23:47:52 2026]
rule extract_boundaries:
    input: P:/11212688-004-global-floodmaps/modelling/model_outputs/700/inputs/tile_geometry.gpkg
    output: P:/11212688-004-global-floodmaps/modelling/model_outputs/700/inputs/boundaries_RP25_SLR_500.gpkg
    jobid: 2830
    reason: Missing output files: P:/11212688-004-global-floodmaps/modelling/model_outputs/700/inputs/boundaries_RP25_SLR_500.gpkg; Input files updated by another job: P:/11212688-004-global-floodmaps/modelling/model_outputs/700/inputs/tile_geometry.gpkg
    wildcards: tile_id=700, return_period=RP25, waterlevel_name=SLR_500
    resources: tmpdir=C:\Users\schlumbe\AppData\Local\Temp

[Sat Jul 25 23:47:52 2026]
rule extract_boundaries:
    input: P:/11212688-004-global-floodmaps/modelling/model_outputs/6951/inputs/tile_geometry.gpkg
    output: P:/11212688-004-global-floodmaps/modelling/model_outputs/6951/inputs/boundaries_RP5_SLR_2000.gpkg
    jobid: 1728
    reason: Missing output files: P:/11212688-004-global-floodmaps/modelling/model_outputs/6951/inputs/boundaries_RP5_SLR_2000.gpkg; Input files updated by another job: P:/11212688-004-global-floodmaps/modelling/model_outputs/6951/inputs/tile_geometry.gpkg
    wildcards: tile_id=6951, return_period=RP5, waterlevel_name=SLR_2000
    resources: tmpdir=C:\Users\schlumbe\AppData\Local\Temp

Select jobs to execute...
[Sat Jul 25 23:47:53 2026]
Finished job 2852.
207 of 425 steps (49%) done

[Sat Jul 25 23:47:53 2026]
rule extract_boundaries:
    input: P:/11212688-004-global-floodmaps/modelling/model_outputs/6951/inputs/tile_geometry.gpkg
    output: P:/11212688-004-global-floodmaps/modelling/model_outputs/6951/inputs/boundaries_RP10_SLR_2000.gpkg
    jobid: 1668
    reason: Missing output files: P:/11212688-004-global-floodmaps/modelling/model_outputs/6951/inputs/boundaries_RP10_SLR_2000.gpkg; Input files updated by another job: P:/11212688-004-global-floodmaps/modelling/model_outputs/6951/inputs/tile_geometry.gpkg
    wildcards: tile_id=6951, return_period=RP10, waterlevel_name=SLR_2000
    resources: tmpdir=C:\Users\schlumbe\AppData\Local\Temp

[Sat Jul 25 23:48:03 2026]
Finished job 2830.
208 of 425 steps (49%) done
Select jobs to execute...

[Sat Jul 25 23:48:03 2026]
rule extract_boundaries:
    input: P:/11212688-004-global-floodmaps/modelling/model_outputs/700/inputs/tile_geometry.gpkg
    output: P:/11212688-004-global-floodmaps/modelling/model_outputs/700/inputs/boundaries_RP5_SLR_2000.gpkg
    jobid: 2868
    reason: Missing output files: P:/11212688-004-global-floodmaps/modelling/model_outputs/700/inputs/boundaries_RP5_SLR_2000.gpkg; Input files updated by another job: P:/11212688-004-global-floodmaps/modelling/model_outputs/700/inputs/tile_geometry.gpkg
    wildcards: tile_id=700, return_period=RP5, waterlevel_name=SLR_2000
    resources: tmpdir=C:\Users\schlumbe\AppData\Local\Temp

[Sat Jul 25 23:48:03 2026]
Finished job 1690.
209 of 425 steps (49%) done
[Sat Jul 25 23:48:03 2026]
Finished job 1728.
210 of 425 steps (49%) done
Select jobs to execute...

[Sat Jul 25 23:48:03 2026]
rule compute_model_bbox:
    input: P:/11212688-004-global-floodmaps/modelling/model_outputs/6951/inputs/tile_geometry.gpkg
    output: P:/11212688-004-global-floodmaps/modelling/model_outputs/6951/inputs/model_bbox.json
    jobid: 1638
    reason: Missing output files: P:/11212688-004-global-floodmaps/modelling/model_outputs/6951/inputs/model_bbox.json; Input files updated by another job: P:/11212688-004-global-floodmaps/modelling/model_outputs/6951/inputs/tile_geometry.gpkg
    wildcards: tile_id=6951
    resources: tmpdir=C:\Users\schlumbe\AppData\Local\Temp

[Sat Jul 25 23:48:03 2026]
rule extract_boundaries:
    input: P:/11212688-004-global-floodmaps/modelling/model_outputs/700/inputs/tile_geometry.gpkg
    output: P:/11212688-004-global-floodmaps/modelling/model_outputs/700/inputs/boundaries_RP10_SLR_2000.gpkg
    jobid: 2808
    reason: Missing output files: P:/11212688-004-global-floodmaps/modelling/model_outputs/700/inputs/boundaries_RP10_SLR_2000.gpkg; Input files updated by another job: P:/11212688-004-global-floodmaps/modelling/model_outputs/700/inputs/tile_geometry.gpkg
    wildcards: tile_id=700, return_period=RP10, waterlevel_name=SLR_2000
    resources: tmpdir=C:\Users\schlumbe\AppData\Local\Temp

Select jobs to execute...
[Sat Jul 25 23:48:04 2026]
Finished job 1668.
211 of 425 steps (50%) done

[Sat Jul 25 23:48:04 2026]
rule extract_boundaries:
    input: P:/11212688-004-global-floodmaps/modelling/model_outputs/6951/inputs/tile_geometry.gpkg
    output: P:/11212688-004-global-floodmaps/modelling/model_outputs/6951/inputs/boundaries_RP2_SLR_2000.gpkg
    jobid: 1698
    reason: Missing output files: P:/11212688-004-global-floodmaps/modelling/model_outputs/6951/inputs/boundaries_RP2_SLR_2000.gpkg; Input files updated by another job: P:/11212688-004-global-floodmaps/modelling/model_outputs/6951/inputs/tile_geometry.gpkg
    wildcards: tile_id=6951, return_period=RP2, waterlevel_name=SLR_2000
    resources: tmpdir=C:\Users\schlumbe\AppData\Local\Temp

2026-07-25 23:48:07,496 - snakemake_workflow - log - INFO - HydroMT version: 0.9.3
2026-07-25 23:48:07,496 - snakemake_workflow - data_catalog - INFO - Parsing data catalog from snakemake_workflow/config/data_catalog_gfm.yml
2026-07-25 23:48:07,539 - snakemake_workflow - rasterdataset - INFO - Reading deltadtm raster data from P:\11212688-004-global-floodmaps\modelling\inputs\DeltaDTM\deltadtm.vrt
2026-07-25 23:48:07,812 - snakemake_workflow - rasterdataset - WARNING - RasterDataset deltadtm: CRS from data catalog does not match CRS  of data. The original CRS will be used. Please check your catalog.
2026-07-25 23:48:07,872 - snakemake_workflow - rasterdataset - DEBUG - Clip to [43.214, -25.375, 45.375, -22.125] (epsg:9518))
2026-07-25 23:48:07,873 - snakemake_workflow - rasterdataset - WARNING - Dataset does [43.21458333333334, -25.374861111111116, 45.37513888888889, -22.124861111111116] does not fully cover bbox [43.214, -25.375, 45.375, -22.125]
[Sat Jul 25 23:48:12 2026]
Finished job 1638.
212 of 425 steps (50%) done
Select jobs to execute...

[Sat Jul 25 23:48:12 2026]
rule extract_dem:
    input: P:/11212688-004-global-floodmaps/modelling/model_outputs/6951/inputs/model_bbox.json, P:/11212688-004-global-floodmaps/modelling/inputs/ICGM/geoid_offset_egm2008_goco06s.tif
    output: P:/11212688-004-global-floodmaps/modelling/model_outputs/6951/inputs/dem.tif
    jobid: 1637
    reason: Missing output files: P:/11212688-004-global-floodmaps/modelling/model_outputs/6951/inputs/dem.tif; Input files updated by another job: P:/11212688-004-global-floodmaps/modelling/model_outputs/6951/inputs/model_bbox.json
    wildcards: tile_id=6951
    resources: tmpdir=C:\Users\schlumbe\AppData\Local\Temp

[Sat Jul 25 23:48:13 2026]
Finished job 2868.
213 of 425 steps (50%) done
Select jobs to execute...

[Sat Jul 25 23:48:13 2026]
rule compute_model_bbox:
    input: P:/11212688-004-global-floodmaps/modelling/model_outputs/700/inputs/tile_geometry.gpkg
    output: P:/11212688-004-global-floodmaps/modelling/model_outputs/700/inputs/model_bbox.json
    jobid: 2778
    reason: Missing output files: P:/11212688-004-global-floodmaps/modelling/model_outputs/700/inputs/model_bbox.json; Input files updated by another job: P:/11212688-004-global-floodmaps/modelling/model_outputs/700/inputs/tile_geometry.gpkg
    wildcards: tile_id=700
    resources: tmpdir=C:\Users\schlumbe\AppData\Local\Temp

[Sat Jul 25 23:48:13 2026]
Finished job 2808.
214 of 425 steps (50%) done
Select jobs to execute...

[Sat Jul 25 23:48:13 2026]
rule extract_boundaries:
    input: P:/11212688-004-global-floodmaps/modelling/model_outputs/700/inputs/tile_geometry.gpkg
    output: P:/11212688-004-global-floodmaps/modelling/model_outputs/700/inputs/boundaries_RP2_SLR_0.gpkg
    jobid: 2832
    reason: Missing output files: P:/11212688-004-global-floodmaps/modelling/model_outputs/700/inputs/boundaries_RP2_SLR_0.gpkg; Input files updated by another job: P:/11212688-004-global-floodmaps/modelling/model_outputs/700/inputs/tile_geometry.gpkg
    wildcards: tile_id=700, return_period=RP2, waterlevel_name=SLR_0
    resources: tmpdir=C:\Users\schlumbe\AppData\Local\Temp

[Sat Jul 25 23:48:14 2026]
Finished job 1698.
215 of 425 steps (51%) done
Select jobs to execute...

[Sat Jul 25 23:48:14 2026]
rule extract_boundaries:
    input: P:/11212688-004-global-floodmaps/modelling/model_outputs/700/inputs/tile_geometry.gpkg
    output: P:/11212688-004-global-floodmaps/modelling/model_outputs/700/inputs/boundaries_RP2_SLR_2000.gpkg
    jobid: 2838
    reason: Missing output files: P:/11212688-004-global-floodmaps/modelling/model_outputs/700/inputs/boundaries_RP2_SLR_2000.gpkg; Input files updated by another job: P:/11212688-004-global-floodmaps/modelling/model_outputs/700/inputs/tile_geometry.gpkg
    wildcards: tile_id=700, return_period=RP2, waterlevel_name=SLR_2000
    resources: tmpdir=C:\Users\schlumbe\AppData\Local\Temp

2026-07-25 23:48:16,264 - snakemake_workflow - log - INFO - HydroMT version: 0.9.3
2026-07-25 23:48:16,264 - snakemake_workflow - data_catalog - INFO - Parsing data catalog from snakemake_workflow/config/data_catalog_gfm.yml
2026-07-25 23:48:16,303 - snakemake_workflow - rasterdataset - INFO - Reading deltadtm raster data from P:\11212688-004-global-floodmaps\modelling\inputs\DeltaDTM\deltadtm.vrt
2026-07-25 23:48:16,588 - snakemake_workflow - rasterdataset - WARNING - RasterDataset deltadtm: CRS from data catalog does not match CRS  of data. The original CRS will be used. Please check your catalog.
2026-07-25 23:48:16,648 - snakemake_workflow - rasterdataset - DEBUG - Clip to [43.219, -25.375, 45.375, -22.125] (epsg:9518))
2026-07-25 23:48:16,649 - snakemake_workflow - rasterdataset - WARNING - Dataset does [43.219305555555565, -25.374861111111116, 45.3751388888889, -22.124861111111116] does not fully cover bbox [43.219, -25.375, 45.375, -22.125]
2026-07-25 23:48:18,071 - snakemake_workflow - log - INFO - HydroMT version: 0.9.3
2026-07-25 23:48:18,071 - snakemake_workflow - data_catalog - INFO - Parsing data catalog from snakemake_workflow/config/data_catalog_gfm.yml
2026-07-25 23:48:18,109 - snakemake_workflow - rasterdataset - INFO - Reading deltadtm raster data from P:\11212688-004-global-floodmaps\modelling\inputs\DeltaDTM\deltadtm.vrt
2026-07-25 23:48:18,363 - snakemake_workflow - rasterdataset - WARNING - RasterDataset deltadtm: CRS from data catalog does not match CRS  of data. The original CRS will be used. Please check your catalog.
2026-07-25 23:48:18,419 - snakemake_workflow - rasterdataset - DEBUG - Clip to [-180.006, 70.860, -175.516, 71.608] (epsg:9518))
2026-07-25 23:48:18,420 - snakemake_workflow - rasterdataset - WARNING - Dataset does [-180.00041666666667, 70.85958333333333, -175.51597222222222, 71.60791666666667] does not fully cover bbox [-180.006, 70.860, -175.516, 71.608]
[Sat Jul 25 23:48:21 2026]
Finished job 2778.
216 of 425 steps (51%) done
Select jobs to execute...

[Sat Jul 25 23:48:21 2026]
rule extract_dem:
    input: P:/11212688-004-global-floodmaps/modelling/model_outputs/700/inputs/model_bbox.json, P:/11212688-004-global-floodmaps/modelling/inputs/ICGM/geoid_offset_egm2008_goco06s.tif
    output: P:/11212688-004-global-floodmaps/modelling/model_outputs/700/inputs/dem.tif
    jobid: 2777
    reason: Missing output files: P:/11212688-004-global-floodmaps/modelling/model_outputs/700/inputs/dem.tif; Input files updated by another job: P:/11212688-004-global-floodmaps/modelling/model_outputs/700/inputs/model_bbox.json
    wildcards: tile_id=700
    resources: tmpdir=C:\Users\schlumbe\AppData\Local\Temp

2026-07-25 23:48:23,171 - snakemake_workflow - rasterdataset - INFO - Reading deltadtm_mask raster data from P:\11212688-004-global-floodmaps\modelling\inputs\DeltaDTM_masks\deltadtm_mask.vrt
2026-07-25 23:48:24,029 - snakemake_workflow - rasterdataset - DEBUG - Clip to [43.219, -25.375, 45.375, -22.125] (epsg:4326))
2026-07-25 23:48:24,031 - snakemake_workflow - rasterdataset - WARNING - Dataset does [43.21929143633949, -25.374861111111116, 45.37492957245322, -22.124861111111116] does not fully cover bbox [43.219, -25.375, 45.375, -22.125]
[Sat Jul 25 23:48:24 2026]
Finished job 2832.
217 of 425 steps (51%) done
Select jobs to execute...

[Sat Jul 25 23:48:24 2026]
rule extract_boundaries:
    input: P:/11212688-004-global-floodmaps/modelling/model_outputs/700/inputs/tile_geometry.gpkg
    output: P:/11212688-004-global-floodmaps/modelling/model_outputs/700/inputs/boundaries_RP250_SLR_1500.gpkg
    jobid: 2816
    reason: Missing output files: P:/11212688-004-global-floodmaps/modelling/model_outputs/700/inputs/boundaries_RP250_SLR_1500.gpkg; Input files updated by another job: P:/11212688-004-global-floodmaps/modelling/model_outputs/700/inputs/tile_geometry.gpkg
    wildcards: tile_id=700, return_period=RP250, waterlevel_name=SLR_1500
    resources: tmpdir=C:\Users\schlumbe\AppData\Local\Temp

2026-07-25 23:48:24,945 - snakemake_workflow - log - INFO - HydroMT version: 0.9.3
2026-07-25 23:48:24,945 - snakemake_workflow - data_catalog - INFO - Parsing data catalog from snakemake_workflow/config/data_catalog_gfm.yml
[Sat Jul 25 23:48:24 2026]
Finished job 2838.
218 of 425 steps (51%) done
Select jobs to execute...

[Sat Jul 25 23:48:24 2026]
rule extract_boundaries:
    input: P:/11212688-004-global-floodmaps/modelling/model_outputs/6951/inputs/tile_geometry.gpkg
    output: P:/11212688-004-global-floodmaps/modelling/model_outputs/6951/inputs/boundaries_RP250_SLR_1500.gpkg
    jobid: 1676
    reason: Missing output files: P:/11212688-004-global-floodmaps/modelling/model_outputs/6951/inputs/boundaries_RP250_SLR_1500.gpkg; Input files updated by another job: P:/11212688-004-global-floodmaps/modelling/model_outputs/6951/inputs/tile_geometry.gpkg
    wildcards: tile_id=6951, return_period=RP250, waterlevel_name=SLR_1500
    resources: tmpdir=C:\Users\schlumbe\AppData\Local\Temp

2026-07-25 23:48:24,982 - snakemake_workflow - rasterdataset - INFO - Reading deltadtm raster data from P:\11212688-004-global-floodmaps\modelling\inputs\DeltaDTM\deltadtm.vrt
2026-07-25 23:48:25,253 - snakemake_workflow - rasterdataset - WARNING - RasterDataset deltadtm: CRS from data catalog does not match CRS  of data. The original CRS will be used. Please check your catalog.
2026-07-25 23:48:25,311 - snakemake_workflow - rasterdataset - DEBUG - Clip to [-180.000, 70.861, -175.520, 71.607] (epsg:9518))
2026-07-25 23:48:25,312 - snakemake_workflow - rasterdataset - WARNING - Dataset does [-179.9998611111111, 70.86069444444445, -175.52041666666665, 71.60680555555555] does not fully cover bbox [-180.000, 70.861, -175.520, 71.607]
2026-07-25 23:48:28,979 - snakemake_workflow - rasterdataset - INFO - Reading deltadtm_mask raster data from P:\11212688-004-global-floodmaps\modelling\inputs\DeltaDTM_masks\deltadtm_mask.vrt
2026-07-25 23:48:29,831 - snakemake_workflow - rasterdataset - DEBUG - Clip to [-180.000, 70.861, -175.520, 71.607] (epsg:4326))
2026-07-25 23:48:29,833 - snakemake_workflow - rasterdataset - WARNING - Dataset does [-179.99995058274536, 70.86069444444445, -175.5204180149207, 71.60680555555555] does not fully cover bbox [-180.000, 70.861, -175.520, 71.607]
[Sat Jul 25 23:48:34 2026]
Finished job 2816.
219 of 425 steps (52%) done
Select jobs to execute...

[Sat Jul 25 23:48:34 2026]
rule extract_boundaries:
    input: P:/11212688-004-global-floodmaps/modelling/model_outputs/6951/inputs/tile_geometry.gpkg
    output: P:/11212688-004-global-floodmaps/modelling/model_outputs/6951/inputs/boundaries_RP500_SLR_1500.gpkg
    jobid: 1706
    reason: Missing output files: P:/11212688-004-global-floodmaps/modelling/model_outputs/6951/inputs/boundaries_RP500_SLR_1500.gpkg; Input files updated by another job: P:/11212688-004-global-floodmaps/modelling/model_outputs/6951/inputs/tile_geometry.gpkg
    wildcards: tile_id=6951, return_period=RP500, waterlevel_name=SLR_1500
    resources: tmpdir=C:\Users\schlumbe\AppData\Local\Temp

[Sat Jul 25 23:48:35 2026]
Finished job 1676.
220 of 425 steps (52%) done
Select jobs to execute...

[Sat Jul 25 23:48:35 2026]
rule extract_boundaries:
    input: P:/11212688-004-global-floodmaps/modelling/model_outputs/6951/inputs/tile_geometry.gpkg
    output: P:/11212688-004-global-floodmaps/modelling/model_outputs/6951/inputs/boundaries_RP1000_SLR_1500.gpkg
    jobid: 1646
    reason: Missing output files: P:/11212688-004-global-floodmaps/modelling/model_outputs/6951/inputs/boundaries_RP1000_SLR_1500.gpkg; Input files updated by another job: P:/11212688-004-global-floodmaps/modelling/model_outputs/6951/inputs/tile_geometry.gpkg
    wildcards: tile_id=6951, return_period=RP1000, waterlevel_name=SLR_1500
    resources: tmpdir=C:\Users\schlumbe\AppData\Local\Temp

[Sat Jul 25 23:48:44 2026]
Finished job 1706.
221 of 425 steps (52%) done
Select jobs to execute...

[Sat Jul 25 23:48:44 2026]
rule extract_boundaries:
    input: P:/11212688-004-global-floodmaps/modelling/model_outputs/700/inputs/tile_geometry.gpkg
    output: P:/11212688-004-global-floodmaps/modelling/model_outputs/700/inputs/boundaries_RP1000_SLR_1500.gpkg
    jobid: 2786
    reason: Missing output files: P:/11212688-004-global-floodmaps/modelling/model_outputs/700/inputs/boundaries_RP1000_SLR_1500.gpkg; Input files updated by another job: P:/11212688-004-global-floodmaps/modelling/model_outputs/700/inputs/tile_geometry.gpkg
    wildcards: tile_id=700, return_period=RP1000, waterlevel_name=SLR_1500
    resources: tmpdir=C:\Users\schlumbe\AppData\Local\Temp

[Sat Jul 25 23:48:45 2026]
Finished job 1646.
222 of 425 steps (52%) done
Select jobs to execute...

[Sat Jul 25 23:48:45 2026]
rule extract_boundaries:
    input: P:/11212688-004-global-floodmaps/modelling/model_outputs/700/inputs/tile_geometry.gpkg
    output: P:/11212688-004-global-floodmaps/modelling/model_outputs/700/inputs/boundaries_RP500_SLR_1500.gpkg
    jobid: 2846
    reason: Missing output files: P:/11212688-004-global-floodmaps/modelling/model_outputs/700/inputs/boundaries_RP500_SLR_1500.gpkg; Input files updated by another job: P:/11212688-004-global-floodmaps/modelling/model_outputs/700/inputs/tile_geometry.gpkg
    wildcards: tile_id=700, return_period=RP500, waterlevel_name=SLR_1500
    resources: tmpdir=C:\Users\schlumbe\AppData\Local\Temp

[Sat Jul 25 23:48:54 2026]
Finished job 2786.
223 of 425 steps (52%) done
Select jobs to execute...

[Sat Jul 25 23:48:54 2026]
rule extract_boundaries:
    input: P:/11212688-004-global-floodmaps/modelling/model_outputs/700/inputs/tile_geometry.gpkg
    output: P:/11212688-004-global-floodmaps/modelling/model_outputs/700/inputs/boundaries_RP25_SLR_1000.gpkg
    jobid: 2824
    reason: Missing output files: P:/11212688-004-global-floodmaps/modelling/model_outputs/700/inputs/boundaries_RP25_SLR_1000.gpkg; Input files updated by another job: P:/11212688-004-global-floodmaps/modelling/model_outputs/700/inputs/tile_geometry.gpkg
    wildcards: tile_id=700, return_period=RP25, waterlevel_name=SLR_1000
    resources: tmpdir=C:\Users\schlumbe\AppData\Local\Temp

[Sat Jul 25 23:48:55 2026]
Finished job 2846.
224 of 425 steps (53%) done
Select jobs to execute...

[Sat Jul 25 23:48:55 2026]
rule extract_boundaries:
    input: P:/11212688-004-global-floodmaps/modelling/model_outputs/6951/inputs/tile_geometry.gpkg
    output: P:/11212688-004-global-floodmaps/modelling/model_outputs/6951/inputs/boundaries_RP25_SLR_1000.gpkg
    jobid: 1684
    reason: Missing output files: P:/11212688-004-global-floodmaps/modelling/model_outputs/6951/inputs/boundaries_RP25_SLR_1000.gpkg; Input files updated by another job: P:/11212688-004-global-floodmaps/modelling/model_outputs/6951/inputs/tile_geometry.gpkg
    wildcards: tile_id=6951, return_period=RP25, waterlevel_name=SLR_1000
    resources: tmpdir=C:\Users\schlumbe\AppData\Local\Temp

[Sat Jul 25 23:48:58 2026]
Finished job 2777.
225 of 425 steps (53%) done
Select jobs to execute...

[Sat Jul 25 23:48:58 2026]
rule extract_dem_mask:
    input: P:/11212688-004-global-floodmaps/modelling/model_outputs/700/inputs/dem.tif
    output: P:/11212688-004-global-floodmaps/modelling/model_outputs/700/inputs/mask.tif
    jobid: 2780
    reason: Missing output files: P:/11212688-004-global-floodmaps/modelling/model_outputs/700/inputs/mask.tif; Input files updated by another job: P:/11212688-004-global-floodmaps/modelling/model_outputs/700/inputs/dem.tif
    wildcards: tile_id=700
    resources: tmpdir=C:\Users\schlumbe\AppData\Local\Temp

[Sat Jul 25 23:49:05 2026]
Finished job 2824.
226 of 425 steps (53%) done
Select jobs to execute...

[Sat Jul 25 23:49:05 2026]
rule compute_friction:
    input: P:/11212688-004-global-floodmaps/modelling/model_outputs/700/inputs/dem.tif
    output: P:/11212688-004-global-floodmaps/modelling/model_outputs/700/inputs/friction.tif
    jobid: 2781
    reason: Missing output files: P:/11212688-004-global-floodmaps/modelling/model_outputs/700/inputs/friction.tif; Input files updated by another job: P:/11212688-004-global-floodmaps/modelling/model_outputs/700/inputs/dem.tif
    wildcards: tile_id=700
    resources: tmpdir=C:\Users\schlumbe\AppData\Local\Temp

[Sat Jul 25 23:49:05 2026]
Finished job 1684.
227 of 425 steps (53%) done
Select jobs to execute...

[Sat Jul 25 23:49:05 2026]
rule extract_boundaries:
    input: P:/11212688-004-global-floodmaps/modelling/model_outputs/6951/inputs/tile_geometry.gpkg
    output: P:/11212688-004-global-floodmaps/modelling/model_outputs/6951/inputs/boundaries_RP100_SLR_1000.gpkg
    jobid: 1654
    reason: Missing output files: P:/11212688-004-global-floodmaps/modelling/model_outputs/6951/inputs/boundaries_RP100_SLR_1000.gpkg; Input files updated by another job: P:/11212688-004-global-floodmaps/modelling/model_outputs/6951/inputs/tile_geometry.gpkg
    wildcards: tile_id=6951, return_period=RP100, waterlevel_name=SLR_1000
    resources: tmpdir=C:\Users\schlumbe\AppData\Local\Temp

2026-07-25 23:49:07,892 - snakemake_workflow - log - INFO - HydroMT version: 0.9.3
2026-07-25 23:49:07,892 - snakemake_workflow - data_catalog - INFO - Parsing data catalog from snakemake_workflow/config/data_catalog_gfm.yml
2026-07-25 23:49:07,933 - snakemake_workflow - rasterdataset - INFO - Reading deltadtm_mask raster data from P:\11212688-004-global-floodmaps\modelling\inputs\DeltaDTM_masks\deltadtm_mask.vrt
2026-07-25 23:49:08,860 - snakemake_workflow - rasterdataset - DEBUG - Clip to [-180.000, 70.861, -175.520, 71.607] (epsg:4326))
2026-07-25 23:49:08,861 - snakemake_workflow - rasterdataset - WARNING - Dataset does [-179.99995058274536, 70.86069444444445, -175.5204180149207, 71.60680555555555] does not fully cover bbox [-180.000, 70.861, -175.520, 71.607]
[Sat Jul 25 23:49:12 2026]
Finished job 2780.
228 of 425 steps (54%) done
Select jobs to execute...

[Sat Jul 25 23:49:12 2026]
rule extract_boundaries:
    input: P:/11212688-004-global-floodmaps/modelling/model_outputs/700/inputs/tile_geometry.gpkg
    output: P:/11212688-004-global-floodmaps/modelling/model_outputs/700/inputs/boundaries_RP100_SLR_1000.gpkg
    jobid: 2794
    reason: Missing output files: P:/11212688-004-global-floodmaps/modelling/model_outputs/700/inputs/boundaries_RP100_SLR_1000.gpkg; Input files updated by another job: P:/11212688-004-global-floodmaps/modelling/model_outputs/700/inputs/tile_geometry.gpkg
    wildcards: tile_id=700, return_period=RP100, waterlevel_name=SLR_1000
    resources: tmpdir=C:\Users\schlumbe\AppData\Local\Temp

2026-07-25 23:49:15,181 - snakemake_workflow - log - INFO - HydroMT version: 0.9.3
2026-07-25 23:49:15,181 - snakemake_workflow - data_catalog - INFO - Parsing data catalog from snakemake_workflow/config/data_catalog_gfm.yml
2026-07-25 23:49:15,220 - snakemake_workflow - rasterdataset - INFO - Reading land_use raster data from P:\11212688-004-global-floodmaps\modelling\inputs\Copernicus\Copernicus_LandUse.tif
2026-07-25 23:49:15,303 - snakemake_workflow - rasterdataset - DEBUG - Clip to [-180.000, 70.861, -175.520, 71.607] (epsg:4326))
2026-07-25 23:49:15,305 - snakemake_workflow - rasterdataset - WARNING - Dataset does [-180.0, 70.86111111111114, -175.52083333333334, 71.60714285714289] does not fully cover bbox [-180.000, 70.861, -175.520, 71.607]
[Sat Jul 25 23:49:16 2026]
Finished job 1654.
229 of 425 steps (54%) done
Select jobs to execute...

[Sat Jul 25 23:49:16 2026]
rule extract_boundaries:
    input: P:/11212688-004-global-floodmaps/modelling/model_outputs/700/inputs/tile_geometry.gpkg
    output: P:/11212688-004-global-floodmaps/modelling/model_outputs/700/inputs/boundaries_RP50_SLR_1000.gpkg
    jobid: 2854
    reason: Missing output files: P:/11212688-004-global-floodmaps/modelling/model_outputs/700/inputs/boundaries_RP50_SLR_1000.gpkg; Input files updated by another job: P:/11212688-004-global-floodmaps/modelling/model_outputs/700/inputs/tile_geometry.gpkg
    wildcards: tile_id=700, return_period=RP50, waterlevel_name=SLR_1000
    resources: tmpdir=C:\Users\schlumbe\AppData\Local\Temp

2026-07-25 23:49:17,797 - snakemake_workflow - dataframe - INFO - Reading lu_to_roughness_lookup csv data from P:\11212688-004-global-floodmaps\modelling\inputs\Copernicus\lu_to_roughness_lookup.csv
[Sat Jul 25 23:49:21 2026]
Finished job 2781.
230 of 425 steps (54%) done
Select jobs to execute...

[Sat Jul 25 23:49:22 2026]
rule write_aqueduct_config:
    input: P:/11212688-004-global-floodmaps/modelling/model_outputs/700/inputs/dem.tif, P:/11212688-004-global-floodmaps/modelling/model_outputs/700/inputs/mask.tif, P:/11212688-004-global-floodmaps/modelling/model_outputs/700/inputs/friction.tif, P:/11212688-004-global-floodmaps/modelling/model_outputs/700/inputs/boundaries_RP100_SLR_1500.gpkg
    output: P:/11212688-004-global-floodmaps/modelling/model_outputs/700/inputs/aqueduct_RP100_SLR_1500.toml
    jobid: 2795
    reason: Missing output files: P:/11212688-004-global-floodmaps/modelling/model_outputs/700/inputs/aqueduct_RP100_SLR_1500.toml; Input files updated by another job: P:/11212688-004-global-floodmaps/modelling/model_outputs/700/inputs/friction.tif, P:/11212688-004-global-floodmaps/modelling/model_outputs/700/inputs/dem.tif, P:/11212688-004-global-floodmaps/modelling/model_outputs/700/inputs/mask.tif, P:/11212688-004-global-floodmaps/modelling/model_outputs/700/inputs/boundaries_RP100_SLR_1500.gpkg
    wildcards: tile_id=700, return_period=RP100, waterlevel_name=SLR_1500
    resources: tmpdir=C:\Users\schlumbe\AppData\Local\Temp

[Sat Jul 25 23:49:22 2026]
Finished job 2795.
231 of 425 steps (54%) done
Select jobs to execute...

[Sat Jul 25 23:49:22 2026]
rule write_aqueduct_config:
    input: P:/11212688-004-global-floodmaps/modelling/model_outputs/700/inputs/dem.tif, P:/11212688-004-global-floodmaps/modelling/model_outputs/700/inputs/mask.tif, P:/11212688-004-global-floodmaps/modelling/model_outputs/700/inputs/friction.tif, P:/11212688-004-global-floodmaps/modelling/model_outputs/700/inputs/boundaries_RP50_SLR_1500.gpkg
    output: P:/11212688-004-global-floodmaps/modelling/model_outputs/700/inputs/aqueduct_RP50_SLR_1500.toml
    jobid: 2855
    reason: Missing output files: P:/11212688-004-global-floodmaps/modelling/model_outputs/700/inputs/aqueduct_RP50_SLR_1500.toml; Input files updated by another job: P:/11212688-004-global-floodmaps/modelling/model_outputs/700/inputs/friction.tif, P:/11212688-004-global-floodmaps/modelling/model_outputs/700/inputs/boundaries_RP50_SLR_1500.gpkg, P:/11212688-004-global-floodmaps/modelling/model_outputs/700/inputs/mask.tif, P:/11212688-004-global-floodmaps/modelling/model_outputs/700/inputs/dem.tif
    wildcards: tile_id=700, return_period=RP50, waterlevel_name=SLR_1500
    resources: tmpdir=C:\Users\schlumbe\AppData\Local\Temp

[Sat Jul 25 23:49:22 2026]
Finished job 2855.
232 of 425 steps (55%) done
Select jobs to execute...

[Sat Jul 25 23:49:22 2026]
rule write_aqueduct_config:
    input: P:/11212688-004-global-floodmaps/modelling/model_outputs/700/inputs/dem.tif, P:/11212688-004-global-floodmaps/modelling/model_outputs/700/inputs/mask.tif, P:/11212688-004-global-floodmaps/modelling/model_outputs/700/inputs/friction.tif, P:/11212688-004-global-floodmaps/modelling/model_outputs/700/inputs/boundaries_RP25_SLR_1500.gpkg
    output: P:/11212688-004-global-floodmaps/modelling/model_outputs/700/inputs/aqueduct_RP25_SLR_1500.toml
    jobid: 2825
    reason: Missing output files: P:/11212688-004-global-floodmaps/modelling/model_outputs/700/inputs/aqueduct_RP25_SLR_1500.toml; Input files updated by another job: P:/11212688-004-global-floodmaps/modelling/model_outputs/700/inputs/friction.tif, P:/11212688-004-global-floodmaps/modelling/model_outputs/700/inputs/boundaries_RP25_SLR_1500.gpkg, P:/11212688-004-global-floodmaps/modelling/model_outputs/700/inputs/dem.tif, P:/11212688-004-global-floodmaps/modelling/model_outputs/700/inputs/mask.tif
    wildcards: tile_id=700, return_period=RP25, waterlevel_name=SLR_1500
    resources: tmpdir=C:\Users\schlumbe\AppData\Local\Temp

[Sat Jul 25 23:49:23 2026]
Finished job 2794.
233 of 425 steps (55%) done
Select jobs to execute...

[Sat Jul 25 23:49:23 2026]
rule write_aqueduct_config:
    input: P:/11212688-004-global-floodmaps/modelling/model_outputs/700/inputs/dem.tif, P:/11212688-004-global-floodmaps/modelling/model_outputs/700/inputs/mask.tif, P:/11212688-004-global-floodmaps/modelling/model_outputs/700/inputs/friction.tif, P:/11212688-004-global-floodmaps/modelling/model_outputs/700/inputs/boundaries_RP10_SLR_1000.gpkg
    output: P:/11212688-004-global-floodmaps/modelling/model_outputs/700/inputs/aqueduct_RP10_SLR_1000.toml
    jobid: 2803
    reason: Missing output files: P:/11212688-004-global-floodmaps/modelling/model_outputs/700/inputs/aqueduct_RP10_SLR_1000.toml; Input files updated by another job: P:/11212688-004-global-floodmaps/modelling/model_outputs/700/inputs/friction.tif, P:/11212688-004-global-floodmaps/modelling/model_outputs/700/inputs/boundaries_RP10_SLR_1000.gpkg, P:/11212688-004-global-floodmaps/modelling/model_outputs/700/inputs/mask.tif, P:/11212688-004-global-floodmaps/modelling/model_outputs/700/inputs/dem.tif
    wildcards: tile_id=700, return_period=RP10, waterlevel_name=SLR_1000
    resources: tmpdir=C:\Users\schlumbe\AppData\Local\Temp

[Sat Jul 25 23:49:23 2026]
Finished job 2825.
234 of 425 steps (55%) done
Select jobs to execute...

[Sat Jul 25 23:49:23 2026]
rule write_aqueduct_config:
    input: P:/11212688-004-global-floodmaps/modelling/model_outputs/700/inputs/dem.tif, P:/11212688-004-global-floodmaps/modelling/model_outputs/700/inputs/mask.tif, P:/11212688-004-global-floodmaps/modelling/model_outputs/700/inputs/friction.tif, P:/11212688-004-global-floodmaps/modelling/model_outputs/700/inputs/boundaries_RP5_SLR_1000.gpkg
    output: P:/11212688-004-global-floodmaps/modelling/model_outputs/700/inputs/aqueduct_RP5_SLR_1000.toml
    jobid: 2863
    reason: Missing output files: P:/11212688-004-global-floodmaps/modelling/model_outputs/700/inputs/aqueduct_RP5_SLR_1000.toml; Input files updated by another job: P:/11212688-004-global-floodmaps/modelling/model_outputs/700/inputs/boundaries_RP5_SLR_1000.gpkg, P:/11212688-004-global-floodmaps/modelling/model_outputs/700/inputs/dem.tif, P:/11212688-004-global-floodmaps/modelling/model_outputs/700/inputs/mask.tif, P:/11212688-004-global-floodmaps/modelling/model_outputs/700/inputs/friction.tif
    wildcards: tile_id=700, return_period=RP5, waterlevel_name=SLR_1000
    resources: tmpdir=C:\Users\schlumbe\AppData\Local\Temp

[Sat Jul 25 23:49:23 2026]
Finished job 2803.
235 of 425 steps (55%) done
Select jobs to execute...

[Sat Jul 25 23:49:23 2026]
rule write_aqueduct_config:
    input: P:/11212688-004-global-floodmaps/modelling/model_outputs/700/inputs/dem.tif, P:/11212688-004-global-floodmaps/modelling/model_outputs/700/inputs/mask.tif, P:/11212688-004-global-floodmaps/modelling/model_outputs/700/inputs/friction.tif, P:/11212688-004-global-floodmaps/modelling/model_outputs/700/inputs/boundaries_RP2_SLR_1000.gpkg
    output: P:/11212688-004-global-floodmaps/modelling/model_outputs/700/inputs/aqueduct_RP2_SLR_1000.toml
    jobid: 2833
    reason: Missing output files: P:/11212688-004-global-floodmaps/modelling/model_outputs/700/inputs/aqueduct_RP2_SLR_1000.toml; Input files updated by another job: P:/11212688-004-global-floodmaps/modelling/model_outputs/700/inputs/boundaries_RP2_SLR_1000.gpkg, P:/11212688-004-global-floodmaps/modelling/model_outputs/700/inputs/dem.tif, P:/11212688-004-global-floodmaps/modelling/model_outputs/700/inputs/mask.tif, P:/11212688-004-global-floodmaps/modelling/model_outputs/700/inputs/friction.tif
    wildcards: tile_id=700, return_period=RP2, waterlevel_name=SLR_1000
    resources: tmpdir=C:\Users\schlumbe\AppData\Local\Temp

[Sat Jul 25 23:49:23 2026]
Finished job 2863.
236 of 425 steps (56%) done
Select jobs to execute...

[Sat Jul 25 23:49:23 2026]
rule write_aqueduct_config:
    input: P:/11212688-004-global-floodmaps/modelling/model_outputs/700/inputs/dem.tif, P:/11212688-004-global-floodmaps/modelling/model_outputs/700/inputs/mask.tif, P:/11212688-004-global-floodmaps/modelling/model_outputs/700/inputs/friction.tif, P:/11212688-004-global-floodmaps/modelling/model_outputs/700/inputs/boundaries_RP250_SLR_0.gpkg
    output: P:/11212688-004-global-floodmaps/modelling/model_outputs/700/inputs/aqueduct_RP250_SLR_0.toml
    jobid: 2811
    reason: Missing output files: P:/11212688-004-global-floodmaps/modelling/model_outputs/700/inputs/aqueduct_RP250_SLR_0.toml; Input files updated by another job: P:/11212688-004-global-floodmaps/modelling/model_outputs/700/inputs/boundaries_RP250_SLR_0.gpkg, P:/11212688-004-global-floodmaps/modelling/model_outputs/700/inputs/dem.tif, P:/11212688-004-global-floodmaps/modelling/model_outputs/700/inputs/mask.tif, P:/11212688-004-global-floodmaps/modelling/model_outputs/700/inputs/friction.tif
    wildcards: tile_id=700, return_period=RP250, waterlevel_name=SLR_0
    resources: tmpdir=C:\Users\schlumbe\AppData\Local\Temp

[Sat Jul 25 23:49:23 2026]
Finished job 2833.
237 of 425 steps (56%) done
Select jobs to execute...

[Sat Jul 25 23:49:23 2026]
rule write_aqueduct_config:
    input: P:/11212688-004-global-floodmaps/modelling/model_outputs/700/inputs/dem.tif, P:/11212688-004-global-floodmaps/modelling/model_outputs/700/inputs/mask.tif, P:/11212688-004-global-floodmaps/modelling/model_outputs/700/inputs/friction.tif, P:/11212688-004-global-floodmaps/modelling/model_outputs/700/inputs/boundaries_RP500_SLR_0.gpkg
    output: P:/11212688-004-global-floodmaps/modelling/model_outputs/700/inputs/aqueduct_RP500_SLR_0.toml
    jobid: 2841
    reason: Missing output files: P:/11212688-004-global-floodmaps/modelling/model_outputs/700/inputs/aqueduct_RP500_SLR_0.toml; Input files updated by another job: P:/11212688-004-global-floodmaps/modelling/model_outputs/700/inputs/friction.tif, P:/11212688-004-global-floodmaps/modelling/model_outputs/700/inputs/boundaries_RP500_SLR_0.gpkg, P:/11212688-004-global-floodmaps/modelling/model_outputs/700/inputs/dem.tif, P:/11212688-004-global-floodmaps/modelling/model_outputs/700/inputs/mask.tif
    wildcards: tile_id=700, return_period=RP500, waterlevel_name=SLR_0
    resources: tmpdir=C:\Users\schlumbe\AppData\Local\Temp

[Sat Jul 25 23:49:24 2026]
Finished job 2811.
238 of 425 steps (56%) done
Select jobs to execute...

[Sat Jul 25 23:49:24 2026]
rule write_aqueduct_config:
    input: P:/11212688-004-global-floodmaps/modelling/model_outputs/700/inputs/dem.tif, P:/11212688-004-global-floodmaps/modelling/model_outputs/700/inputs/mask.tif, P:/11212688-004-global-floodmaps/modelling/model_outputs/700/inputs/friction.tif, P:/11212688-004-global-floodmaps/modelling/model_outputs/700/inputs/boundaries_RP250_SLR_500.gpkg
    output: P:/11212688-004-global-floodmaps/modelling/model_outputs/700/inputs/aqueduct_RP250_SLR_500.toml
    jobid: 2819
    reason: Missing output files: P:/11212688-004-global-floodmaps/modelling/model_outputs/700/inputs/aqueduct_RP250_SLR_500.toml; Input files updated by another job: P:/11212688-004-global-floodmaps/modelling/model_outputs/700/inputs/friction.tif, P:/11212688-004-global-floodmaps/modelling/model_outputs/700/inputs/dem.tif, P:/11212688-004-global-floodmaps/modelling/model_outputs/700/inputs/mask.tif, P:/11212688-004-global-floodmaps/modelling/model_outputs/700/inputs/boundaries_RP250_SLR_500.gpkg
    wildcards: tile_id=700, return_period=RP250, waterlevel_name=SLR_500
    resources: tmpdir=C:\Users\schlumbe\AppData\Local\Temp

[Sat Jul 25 23:49:24 2026]
Finished job 2841.
239 of 425 steps (56%) done
Select jobs to execute...

[Sat Jul 25 23:49:24 2026]
rule write_aqueduct_config:
    input: P:/11212688-004-global-floodmaps/modelling/model_outputs/700/inputs/dem.tif, P:/11212688-004-global-floodmaps/modelling/model_outputs/700/inputs/mask.tif, P:/11212688-004-global-floodmaps/modelling/model_outputs/700/inputs/friction.tif, P:/11212688-004-global-floodmaps/modelling/model_outputs/700/inputs/boundaries_RP1000_SLR_500.gpkg
    output: P:/11212688-004-global-floodmaps/modelling/model_outputs/700/inputs/aqueduct_RP1000_SLR_500.toml
    jobid: 2789
    reason: Missing output files: P:/11212688-004-global-floodmaps/modelling/model_outputs/700/inputs/aqueduct_RP1000_SLR_500.toml; Input files updated by another job: P:/11212688-004-global-floodmaps/modelling/model_outputs/700/inputs/friction.tif, P:/11212688-004-global-floodmaps/modelling/model_outputs/700/inputs/boundaries_RP1000_SLR_500.gpkg, P:/11212688-004-global-floodmaps/modelling/model_outputs/700/inputs/dem.tif, P:/11212688-004-global-floodmaps/modelling/model_outputs/700/inputs/mask.tif
    wildcards: tile_id=700, return_period=RP1000, waterlevel_name=SLR_500
    resources: tmpdir=C:\Users\schlumbe\AppData\Local\Temp

[Sat Jul 25 23:49:24 2026]
Finished job 2819.
240 of 425 steps (56%) done
Select jobs to execute...

[Sat Jul 25 23:49:24 2026]
rule write_aqueduct_config:
    input: P:/11212688-004-global-floodmaps/modelling/model_outputs/700/inputs/dem.tif, P:/11212688-004-global-floodmaps/modelling/model_outputs/700/inputs/mask.tif, P:/11212688-004-global-floodmaps/modelling/model_outputs/700/inputs/friction.tif, P:/11212688-004-global-floodmaps/modelling/model_outputs/700/inputs/boundaries_RP500_SLR_500.gpkg
    output: P:/11212688-004-global-floodmaps/modelling/model_outputs/700/inputs/aqueduct_RP500_SLR_500.toml
    jobid: 2849
    reason: Missing output files: P:/11212688-004-global-floodmaps/modelling/model_outputs/700/inputs/aqueduct_RP500_SLR_500.toml; Input files updated by another job: P:/11212688-004-global-floodmaps/modelling/model_outputs/700/inputs/friction.tif, P:/11212688-004-global-floodmaps/modelling/model_outputs/700/inputs/boundaries_RP500_SLR_500.gpkg, P:/11212688-004-global-floodmaps/modelling/model_outputs/700/inputs/mask.tif, P:/11212688-004-global-floodmaps/modelling/model_outputs/700/inputs/dem.tif
    wildcards: tile_id=700, return_period=RP500, waterlevel_name=SLR_500
    resources: tmpdir=C:\Users\schlumbe\AppData\Local\Temp

[Sat Jul 25 23:49:24 2026]
Finished job 2789.
241 of 425 steps (57%) done
Select jobs to execute...

[Sat Jul 25 23:49:24 2026]
rule write_aqueduct_config:
    input: P:/11212688-004-global-floodmaps/modelling/model_outputs/700/inputs/dem.tif, P:/11212688-004-global-floodmaps/modelling/model_outputs/700/inputs/mask.tif, P:/11212688-004-global-floodmaps/modelling/model_outputs/700/inputs/friction.tif, P:/11212688-004-global-floodmaps/modelling/model_outputs/700/inputs/boundaries_RP100_SLR_2000.gpkg
    output: P:/11212688-004-global-floodmaps/modelling/model_outputs/700/inputs/aqueduct_RP100_SLR_2000.toml
    jobid: 2797
    reason: Missing output files: P:/11212688-004-global-floodmaps/modelling/model_outputs/700/inputs/aqueduct_RP100_SLR_2000.toml; Input files updated by another job: P:/11212688-004-global-floodmaps/modelling/model_outputs/700/inputs/friction.tif, P:/11212688-004-global-floodmaps/modelling/model_outputs/700/inputs/boundaries_RP100_SLR_2000.gpkg, P:/11212688-004-global-floodmaps/modelling/model_outputs/700/inputs/dem.tif, P:/11212688-004-global-floodmaps/modelling/model_outputs/700/inputs/mask.tif
    wildcards: tile_id=700, return_period=RP100, waterlevel_name=SLR_2000
    resources: tmpdir=C:\Users\schlumbe\AppData\Local\Temp

[Sat Jul 25 23:49:25 2026]
Finished job 2849.
242 of 425 steps (57%) done
Select jobs to execute...

[Sat Jul 25 23:49:25 2026]
rule write_aqueduct_config:
    input: P:/11212688-004-global-floodmaps/modelling/model_outputs/700/inputs/dem.tif, P:/11212688-004-global-floodmaps/modelling/model_outputs/700/inputs/mask.tif, P:/11212688-004-global-floodmaps/modelling/model_outputs/700/inputs/friction.tif, P:/11212688-004-global-floodmaps/modelling/model_outputs/700/inputs/boundaries_RP50_SLR_2000.gpkg
    output: P:/11212688-004-global-floodmaps/modelling/model_outputs/700/inputs/aqueduct_RP50_SLR_2000.toml
    jobid: 2857
    reason: Missing output files: P:/11212688-004-global-floodmaps/modelling/model_outputs/700/inputs/aqueduct_RP50_SLR_2000.toml; Input files updated by another job: P:/11212688-004-global-floodmaps/modelling/model_outputs/700/inputs/boundaries_RP50_SLR_2000.gpkg, P:/11212688-004-global-floodmaps/modelling/model_outputs/700/inputs/dem.tif, P:/11212688-004-global-floodmaps/modelling/model_outputs/700/inputs/mask.tif, P:/11212688-004-global-floodmaps/modelling/model_outputs/700/inputs/friction.tif
    wildcards: tile_id=700, return_period=RP50, waterlevel_name=SLR_2000
    resources: tmpdir=C:\Users\schlumbe\AppData\Local\Temp

[Sat Jul 25 23:49:25 2026]
Finished job 2797.
243 of 425 steps (57%) done
Select jobs to execute...

[Sat Jul 25 23:49:25 2026]
rule write_aqueduct_config:
    input: P:/11212688-004-global-floodmaps/modelling/model_outputs/700/inputs/dem.tif, P:/11212688-004-global-floodmaps/modelling/model_outputs/700/inputs/mask.tif, P:/11212688-004-global-floodmaps/modelling/model_outputs/700/inputs/friction.tif, P:/11212688-004-global-floodmaps/modelling/model_outputs/700/inputs/boundaries_RP25_SLR_2000.gpkg
    output: P:/11212688-004-global-floodmaps/modelling/model_outputs/700/inputs/aqueduct_RP25_SLR_2000.toml
    jobid: 2827
    reason: Missing output files: P:/11212688-004-global-floodmaps/modelling/model_outputs/700/inputs/aqueduct_RP25_SLR_2000.toml; Input files updated by another job: P:/11212688-004-global-floodmaps/modelling/model_outputs/700/inputs/friction.tif, P:/11212688-004-global-floodmaps/modelling/model_outputs/700/inputs/boundaries_RP25_SLR_2000.gpkg, P:/11212688-004-global-floodmaps/modelling/model_outputs/700/inputs/mask.tif, P:/11212688-004-global-floodmaps/modelling/model_outputs/700/inputs/dem.tif
    wildcards: tile_id=700, return_period=RP25, waterlevel_name=SLR_2000
    resources: tmpdir=C:\Users\schlumbe\AppData\Local\Temp

[Sat Jul 25 23:49:25 2026]
Finished job 2857.
244 of 425 steps (57%) done
Select jobs to execute...

[Sat Jul 25 23:49:25 2026]
rule write_aqueduct_config:
    input: P:/11212688-004-global-floodmaps/modelling/model_outputs/700/inputs/dem.tif, P:/11212688-004-global-floodmaps/modelling/model_outputs/700/inputs/mask.tif, P:/11212688-004-global-floodmaps/modelling/model_outputs/700/inputs/friction.tif, P:/11212688-004-global-floodmaps/modelling/model_outputs/700/inputs/boundaries_RP5_SLR_1500.gpkg
    output: P:/11212688-004-global-floodmaps/modelling/model_outputs/700/inputs/aqueduct_RP5_SLR_1500.toml
    jobid: 2865
    reason: Missing output files: P:/11212688-004-global-floodmaps/modelling/model_outputs/700/inputs/aqueduct_RP5_SLR_1500.toml; Input files updated by another job: P:/11212688-004-global-floodmaps/modelling/model_outputs/700/inputs/friction.tif, P:/11212688-004-global-floodmaps/modelling/model_outputs/700/inputs/boundaries_RP5_SLR_1500.gpkg, P:/11212688-004-global-floodmaps/modelling/model_outputs/700/inputs/dem.tif, P:/11212688-004-global-floodmaps/modelling/model_outputs/700/inputs/mask.tif
    wildcards: tile_id=700, return_period=RP5, waterlevel_name=SLR_1500
    resources: tmpdir=C:\Users\schlumbe\AppData\Local\Temp

[Sat Jul 25 23:49:25 2026]
Finished job 2827.
245 of 425 steps (58%) done
Select jobs to execute...

[Sat Jul 25 23:49:25 2026]
rule write_aqueduct_config:
    input: P:/11212688-004-global-floodmaps/modelling/model_outputs/700/inputs/dem.tif, P:/11212688-004-global-floodmaps/modelling/model_outputs/700/inputs/mask.tif, P:/11212688-004-global-floodmaps/modelling/model_outputs/700/inputs/friction.tif, P:/11212688-004-global-floodmaps/modelling/model_outputs/700/inputs/boundaries_RP10_SLR_1500.gpkg
    output: P:/11212688-004-global-floodmaps/modelling/model_outputs/700/inputs/aqueduct_RP10_SLR_1500.toml
    jobid: 2805
    reason: Missing output files: P:/11212688-004-global-floodmaps/modelling/model_outputs/700/inputs/aqueduct_RP10_SLR_1500.toml; Input files updated by another job: P:/11212688-004-global-floodmaps/modelling/model_outputs/700/inputs/boundaries_RP10_SLR_1500.gpkg, P:/11212688-004-global-floodmaps/modelling/model_outputs/700/inputs/dem.tif, P:/11212688-004-global-floodmaps/modelling/model_outputs/700/inputs/mask.tif, P:/11212688-004-global-floodmaps/modelling/model_outputs/700/inputs/friction.tif
    wildcards: tile_id=700, return_period=RP10, waterlevel_name=SLR_1500
    resources: tmpdir=C:\Users\schlumbe\AppData\Local\Temp

[Sat Jul 25 23:49:25 2026]
Finished job 1637.
246 of 425 steps (58%) done
Select jobs to execute...

[Sat Jul 25 23:49:25 2026]
rule extract_dem_mask:
    input: P:/11212688-004-global-floodmaps/modelling/model_outputs/6951/inputs/dem.tif
    output: P:/11212688-004-global-floodmaps/modelling/model_outputs/6951/inputs/mask.tif
    jobid: 1640
    reason: Missing output files: P:/11212688-004-global-floodmaps/modelling/model_outputs/6951/inputs/mask.tif; Input files updated by another job: P:/11212688-004-global-floodmaps/modelling/model_outputs/6951/inputs/dem.tif
    wildcards: tile_id=6951
    resources: tmpdir=C:\Users\schlumbe\AppData\Local\Temp

[Sat Jul 25 23:49:26 2026]
Finished job 2865.
247 of 425 steps (58%) done
Select jobs to execute...

[Sat Jul 25 23:49:26 2026]
rule compute_friction:
    input: P:/11212688-004-global-floodmaps/modelling/model_outputs/6951/inputs/dem.tif
    output: P:/11212688-004-global-floodmaps/modelling/model_outputs/6951/inputs/friction.tif
    jobid: 1641
    reason: Missing output files: P:/11212688-004-global-floodmaps/modelling/model_outputs/6951/inputs/friction.tif; Input files updated by another job: P:/11212688-004-global-floodmaps/modelling/model_outputs/6951/inputs/dem.tif
    wildcards: tile_id=6951
    resources: tmpdir=C:\Users\schlumbe\AppData\Local\Temp

[Sat Jul 25 23:49:26 2026]
Finished job 2805.
248 of 425 steps (58%) done
Select jobs to execute...

[Sat Jul 25 23:49:26 2026]
rule write_aqueduct_config:
    input: P:/11212688-004-global-floodmaps/modelling/model_outputs/700/inputs/dem.tif, P:/11212688-004-global-floodmaps/modelling/model_outputs/700/inputs/mask.tif, P:/11212688-004-global-floodmaps/modelling/model_outputs/700/inputs/friction.tif, P:/11212688-004-global-floodmaps/modelling/model_outputs/700/inputs/boundaries_RP2_SLR_1500.gpkg
    output: P:/11212688-004-global-floodmaps/modelling/model_outputs/700/inputs/aqueduct_RP2_SLR_1500.toml
    jobid: 2835
    reason: Missing output files: P:/11212688-004-global-floodmaps/modelling/model_outputs/700/inputs/aqueduct_RP2_SLR_1500.toml; Input files updated by another job: P:/11212688-004-global-floodmaps/modelling/model_outputs/700/inputs/friction.tif, P:/11212688-004-global-floodmaps/modelling/model_outputs/700/inputs/boundaries_RP2_SLR_1500.gpkg, P:/11212688-004-global-floodmaps/modelling/model_outputs/700/inputs/dem.tif, P:/11212688-004-global-floodmaps/modelling/model_outputs/700/inputs/mask.tif
    wildcards: tile_id=700, return_period=RP2, waterlevel_name=SLR_1500
    resources: tmpdir=C:\Users\schlumbe\AppData\Local\Temp

[Sat Jul 25 23:49:26 2026]
Finished job 2835.
249 of 425 steps (59%) done
Select jobs to execute...

[Sat Jul 25 23:49:26 2026]
rule write_aqueduct_config:
    input: P:/11212688-004-global-floodmaps/modelling/model_outputs/700/inputs/dem.tif, P:/11212688-004-global-floodmaps/modelling/model_outputs/700/inputs/mask.tif, P:/11212688-004-global-floodmaps/modelling/model_outputs/700/inputs/friction.tif, P:/11212688-004-global-floodmaps/modelling/model_outputs/700/inputs/boundaries_RP250_SLR_1000.gpkg
    output: P:/11212688-004-global-floodmaps/modelling/model_outputs/700/inputs/aqueduct_RP250_SLR_1000.toml
    jobid: 2813
    reason: Missing output files: P:/11212688-004-global-floodmaps/modelling/model_outputs/700/inputs/aqueduct_RP250_SLR_1000.toml; Input files updated by another job: P:/11212688-004-global-floodmaps/modelling/model_outputs/700/inputs/friction.tif, P:/11212688-004-global-floodmaps/modelling/model_outputs/700/inputs/dem.tif, P:/11212688-004-global-floodmaps/modelling/model_outputs/700/inputs/mask.tif, P:/11212688-004-global-floodmaps/modelling/model_outputs/700/inputs/boundaries_RP250_SLR_1000.gpkg
    wildcards: tile_id=700, return_period=RP250, waterlevel_name=SLR_1000
    resources: tmpdir=C:\Users\schlumbe\AppData\Local\Temp

[Sat Jul 25 23:49:27 2026]
Finished job 2813.
250 of 425 steps (59%) done
Select jobs to execute...

[Sat Jul 25 23:49:27 2026]
rule write_aqueduct_config:
    input: P:/11212688-004-global-floodmaps/modelling/model_outputs/700/inputs/dem.tif, P:/11212688-004-global-floodmaps/modelling/model_outputs/700/inputs/mask.tif, P:/11212688-004-global-floodmaps/modelling/model_outputs/700/inputs/friction.tif, P:/11212688-004-global-floodmaps/modelling/model_outputs/700/inputs/boundaries_RP500_SLR_1000.gpkg
    output: P:/11212688-004-global-floodmaps/modelling/model_outputs/700/inputs/aqueduct_RP500_SLR_1000.toml
    jobid: 2843
    reason: Missing output files: P:/11212688-004-global-floodmaps/modelling/model_outputs/700/inputs/aqueduct_RP500_SLR_1000.toml; Input files updated by another job: P:/11212688-004-global-floodmaps/modelling/model_outputs/700/inputs/friction.tif, P:/11212688-004-global-floodmaps/modelling/model_outputs/700/inputs/boundaries_RP500_SLR_1000.gpkg, P:/11212688-004-global-floodmaps/modelling/model_outputs/700/inputs/mask.tif, P:/11212688-004-global-floodmaps/modelling/model_outputs/700/inputs/dem.tif
    wildcards: tile_id=700, return_period=RP500, waterlevel_name=SLR_1000
    resources: tmpdir=C:\Users\schlumbe\AppData\Local\Temp

[Sat Jul 25 23:49:27 2026]
Finished job 2854.
251 of 425 steps (59%) done
Select jobs to execute...

[Sat Jul 25 23:49:27 2026]
rule write_aqueduct_config:
    input: P:/11212688-004-global-floodmaps/modelling/model_outputs/700/inputs/dem.tif, P:/11212688-004-global-floodmaps/modelling/model_outputs/700/inputs/mask.tif, P:/11212688-004-global-floodmaps/modelling/model_outputs/700/inputs/friction.tif, P:/11212688-004-global-floodmaps/modelling/model_outputs/700/inputs/boundaries_RP1000_SLR_1000.gpkg
    output: P:/11212688-004-global-floodmaps/modelling/model_outputs/700/inputs/aqueduct_RP1000_SLR_1000.toml
    jobid: 2783
    reason: Missing output files: P:/11212688-004-global-floodmaps/modelling/model_outputs/700/inputs/aqueduct_RP1000_SLR_1000.toml; Input files updated by another job: P:/11212688-004-global-floodmaps/modelling/model_outputs/700/inputs/friction.tif, P:/11212688-004-global-floodmaps/modelling/model_outputs/700/inputs/boundaries_RP1000_SLR_1000.gpkg, P:/11212688-004-global-floodmaps/modelling/model_outputs/700/inputs/dem.tif, P:/11212688-004-global-floodmaps/modelling/model_outputs/700/inputs/mask.tif
    wildcards: tile_id=700, return_period=RP1000, waterlevel_name=SLR_1000
    resources: tmpdir=C:\Users\schlumbe\AppData\Local\Temp

[Sat Jul 25 23:49:27 2026]
Finished job 2843.
252 of 425 steps (59%) done
Select jobs to execute...

[Sat Jul 25 23:49:27 2026]
rule write_aqueduct_config:
    input: P:/11212688-004-global-floodmaps/modelling/model_outputs/700/inputs/dem.tif, P:/11212688-004-global-floodmaps/modelling/model_outputs/700/inputs/mask.tif, P:/11212688-004-global-floodmaps/modelling/model_outputs/700/inputs/friction.tif, P:/11212688-004-global-floodmaps/modelling/model_outputs/700/inputs/boundaries_RP25_SLR_0.gpkg
    output: P:/11212688-004-global-floodmaps/modelling/model_outputs/700/inputs/aqueduct_RP25_SLR_0.toml
    jobid: 2821
    reason: Missing output files: P:/11212688-004-global-floodmaps/modelling/model_outputs/700/inputs/aqueduct_RP25_SLR_0.toml; Input files updated by another job: P:/11212688-004-global-floodmaps/modelling/model_outputs/700/inputs/boundaries_RP25_SLR_0.gpkg, P:/11212688-004-global-floodmaps/modelling/model_outputs/700/inputs/dem.tif, P:/11212688-004-global-floodmaps/modelling/model_outputs/700/inputs/mask.tif, P:/11212688-004-global-floodmaps/modelling/model_outputs/700/inputs/friction.tif
    wildcards: tile_id=700, return_period=RP25, waterlevel_name=SLR_0
    resources: tmpdir=C:\Users\schlumbe\AppData\Local\Temp

[Sat Jul 25 23:49:27 2026]
Finished job 2783.
253 of 425 steps (60%) done
Select jobs to execute...

[Sat Jul 25 23:49:27 2026]
rule write_aqueduct_config:
    input: P:/11212688-004-global-floodmaps/modelling/model_outputs/700/inputs/dem.tif, P:/11212688-004-global-floodmaps/modelling/model_outputs/700/inputs/mask.tif, P:/11212688-004-global-floodmaps/modelling/model_outputs/700/inputs/friction.tif, P:/11212688-004-global-floodmaps/modelling/model_outputs/700/inputs/boundaries_RP100_SLR_0.gpkg
    output: P:/11212688-004-global-floodmaps/modelling/model_outputs/700/inputs/aqueduct_RP100_SLR_0.toml
    jobid: 2791
    reason: Missing output files: P:/11212688-004-global-floodmaps/modelling/model_outputs/700/inputs/aqueduct_RP100_SLR_0.toml; Input files updated by another job: P:/11212688-004-global-floodmaps/modelling/model_outputs/700/inputs/friction.tif, P:/11212688-004-global-floodmaps/modelling/model_outputs/700/inputs/dem.tif, P:/11212688-004-global-floodmaps/modelling/model_outputs/700/inputs/mask.tif, P:/11212688-004-global-floodmaps/modelling/model_outputs/700/inputs/boundaries_RP100_SLR_0.gpkg
    wildcards: tile_id=700, return_period=RP100, waterlevel_name=SLR_0
    resources: tmpdir=C:\Users\schlumbe\AppData\Local\Temp

[Sat Jul 25 23:49:28 2026]
Finished job 2821.
254 of 425 steps (60%) done
Select jobs to execute...

[Sat Jul 25 23:49:28 2026]
rule write_aqueduct_config:
    input: P:/11212688-004-global-floodmaps/modelling/model_outputs/700/inputs/dem.tif, P:/11212688-004-global-floodmaps/modelling/model_outputs/700/inputs/mask.tif, P:/11212688-004-global-floodmaps/modelling/model_outputs/700/inputs/friction.tif, P:/11212688-004-global-floodmaps/modelling/model_outputs/700/inputs/boundaries_RP50_SLR_0.gpkg
    output: P:/11212688-004-global-floodmaps/modelling/model_outputs/700/inputs/aqueduct_RP50_SLR_0.toml
    jobid: 2851
    reason: Missing output files: P:/11212688-004-global-floodmaps/modelling/model_outputs/700/inputs/aqueduct_RP50_SLR_0.toml; Input files updated by another job: P:/11212688-004-global-floodmaps/modelling/model_outputs/700/inputs/friction.tif, P:/11212688-004-global-floodmaps/modelling/model_outputs/700/inputs/dem.tif, P:/11212688-004-global-floodmaps/modelling/model_outputs/700/inputs/mask.tif, P:/11212688-004-global-floodmaps/modelling/model_outputs/700/inputs/boundaries_RP50_SLR_0.gpkg
    wildcards: tile_id=700, return_period=RP50, waterlevel_name=SLR_0
    resources: tmpdir=C:\Users\schlumbe\AppData\Local\Temp

[Sat Jul 25 23:49:28 2026]
Finished job 2791.
255 of 425 steps (60%) done
Select jobs to execute...

[Sat Jul 25 23:49:28 2026]
rule write_aqueduct_config:
    input: P:/11212688-004-global-floodmaps/modelling/model_outputs/700/inputs/dem.tif, P:/11212688-004-global-floodmaps/modelling/model_outputs/700/inputs/mask.tif, P:/11212688-004-global-floodmaps/modelling/model_outputs/700/inputs/friction.tif, P:/11212688-004-global-floodmaps/modelling/model_outputs/700/inputs/boundaries_RP1000_SLR_0.gpkg
    output: P:/11212688-004-global-floodmaps/modelling/model_outputs/700/inputs/aqueduct_RP1000_SLR_0.toml
    jobid: 2776
    reason: Missing output files: P:/11212688-004-global-floodmaps/modelling/model_outputs/700/inputs/aqueduct_RP1000_SLR_0.toml; Input files updated by another job: P:/11212688-004-global-floodmaps/modelling/model_outputs/700/inputs/friction.tif, P:/11212688-004-global-floodmaps/modelling/model_outputs/700/inputs/mask.tif, P:/11212688-004-global-floodmaps/modelling/model_outputs/700/inputs/dem.tif, P:/11212688-004-global-floodmaps/modelling/model_outputs/700/inputs/boundaries_RP1000_SLR_0.gpkg
    wildcards: tile_id=700, return_period=RP1000, waterlevel_name=SLR_0
    resources: tmpdir=C:\Users\schlumbe\AppData\Local\Temp

[Sat Jul 25 23:49:28 2026]
Finished job 2851.
256 of 425 steps (60%) done
Select jobs to execute...

[Sat Jul 25 23:49:28 2026]
rule write_aqueduct_config:
    input: P:/11212688-004-global-floodmaps/modelling/model_outputs/700/inputs/dem.tif, P:/11212688-004-global-floodmaps/modelling/model_outputs/700/inputs/mask.tif, P:/11212688-004-global-floodmaps/modelling/model_outputs/700/inputs/friction.tif, P:/11212688-004-global-floodmaps/modelling/model_outputs/700/inputs/boundaries_RP50_SLR_500.gpkg
    output: P:/11212688-004-global-floodmaps/modelling/model_outputs/700/inputs/aqueduct_RP50_SLR_500.toml
    jobid: 2859
    reason: Missing output files: P:/11212688-004-global-floodmaps/modelling/model_outputs/700/inputs/aqueduct_RP50_SLR_500.toml; Input files updated by another job: P:/11212688-004-global-floodmaps/modelling/model_outputs/700/inputs/friction.tif, P:/11212688-004-global-floodmaps/modelling/model_outputs/700/inputs/boundaries_RP50_SLR_500.gpkg, P:/11212688-004-global-floodmaps/modelling/model_outputs/700/inputs/mask.tif, P:/11212688-004-global-floodmaps/modelling/model_outputs/700/inputs/dem.tif
    wildcards: tile_id=700, return_period=RP50, waterlevel_name=SLR_500
    resources: tmpdir=C:\Users\schlumbe\AppData\Local\Temp

[Sat Jul 25 23:49:28 2026]
Finished job 2776.
257 of 425 steps (60%) done
Select jobs to execute...

[Sat Jul 25 23:49:28 2026]
rule write_aqueduct_config:
    input: P:/11212688-004-global-floodmaps/modelling/model_outputs/700/inputs/dem.tif, P:/11212688-004-global-floodmaps/modelling/model_outputs/700/inputs/mask.tif, P:/11212688-004-global-floodmaps/modelling/model_outputs/700/inputs/friction.tif, P:/11212688-004-global-floodmaps/modelling/model_outputs/700/inputs/boundaries_RP100_SLR_500.gpkg
    output: P:/11212688-004-global-floodmaps/modelling/model_outputs/700/inputs/aqueduct_RP100_SLR_500.toml
    jobid: 2799
    reason: Missing output files: P:/11212688-004-global-floodmaps/modelling/model_outputs/700/inputs/aqueduct_RP100_SLR_500.toml; Input files updated by another job: P:/11212688-004-global-floodmaps/modelling/model_outputs/700/inputs/friction.tif, P:/11212688-004-global-floodmaps/modelling/model_outputs/700/inputs/boundaries_RP100_SLR_500.gpkg, P:/11212688-004-global-floodmaps/modelling/model_outputs/700/inputs/dem.tif, P:/11212688-004-global-floodmaps/modelling/model_outputs/700/inputs/mask.tif
    wildcards: tile_id=700, return_period=RP100, waterlevel_name=SLR_500
    resources: tmpdir=C:\Users\schlumbe\AppData\Local\Temp

[Sat Jul 25 23:49:29 2026]
Finished job 2859.
258 of 425 steps (61%) done
Select jobs to execute...

[Sat Jul 25 23:49:29 2026]
rule write_aqueduct_config:
    input: P:/11212688-004-global-floodmaps/modelling/model_outputs/700/inputs/dem.tif, P:/11212688-004-global-floodmaps/modelling/model_outputs/700/inputs/mask.tif, P:/11212688-004-global-floodmaps/modelling/model_outputs/700/inputs/friction.tif, P:/11212688-004-global-floodmaps/modelling/model_outputs/700/inputs/boundaries_RP500_SLR_2000.gpkg
    output: P:/11212688-004-global-floodmaps/modelling/model_outputs/700/inputs/aqueduct_RP500_SLR_2000.toml
    jobid: 2847
    reason: Missing output files: P:/11212688-004-global-floodmaps/modelling/model_outputs/700/inputs/aqueduct_RP500_SLR_2000.toml; Input files updated by another job: P:/11212688-004-global-floodmaps/modelling/model_outputs/700/inputs/friction.tif, P:/11212688-004-global-floodmaps/modelling/model_outputs/700/inputs/dem.tif, P:/11212688-004-global-floodmaps/modelling/model_outputs/700/inputs/mask.tif, P:/11212688-004-global-floodmaps/modelling/model_outputs/700/inputs/boundaries_RP500_SLR_2000.gpkg
    wildcards: tile_id=700, return_period=RP500, waterlevel_name=SLR_2000
    resources: tmpdir=C:\Users\schlumbe\AppData\Local\Temp

[Sat Jul 25 23:49:29 2026]
Finished job 2799.
259 of 425 steps (61%) done
Select jobs to execute...

[Sat Jul 25 23:49:29 2026]
rule write_aqueduct_config:
    input: P:/11212688-004-global-floodmaps/modelling/model_outputs/700/inputs/dem.tif, P:/11212688-004-global-floodmaps/modelling/model_outputs/700/inputs/mask.tif, P:/11212688-004-global-floodmaps/modelling/model_outputs/700/inputs/friction.tif, P:/11212688-004-global-floodmaps/modelling/model_outputs/700/inputs/boundaries_RP25_SLR_500.gpkg
    output: P:/11212688-004-global-floodmaps/modelling/model_outputs/700/inputs/aqueduct_RP25_SLR_500.toml
    jobid: 2829
    reason: Missing output files: P:/11212688-004-global-floodmaps/modelling/model_outputs/700/inputs/aqueduct_RP25_SLR_500.toml; Input files updated by another job: P:/11212688-004-global-floodmaps/modelling/model_outputs/700/inputs/friction.tif, P:/11212688-004-global-floodmaps/modelling/model_outputs/700/inputs/boundaries_RP25_SLR_500.gpkg, P:/11212688-004-global-floodmaps/modelling/model_outputs/700/inputs/dem.tif, P:/11212688-004-global-floodmaps/modelling/model_outputs/700/inputs/mask.tif
    wildcards: tile_id=700, return_period=RP25, waterlevel_name=SLR_500
    resources: tmpdir=C:\Users\schlumbe\AppData\Local\Temp

[Sat Jul 25 23:49:29 2026]
Finished job 2847.
260 of 425 steps (61%) done
Select jobs to execute...

[Sat Jul 25 23:49:29 2026]
rule write_aqueduct_config:
    input: P:/11212688-004-global-floodmaps/modelling/model_outputs/700/inputs/dem.tif, P:/11212688-004-global-floodmaps/modelling/model_outputs/700/inputs/mask.tif, P:/11212688-004-global-floodmaps/modelling/model_outputs/700/inputs/friction.tif, P:/11212688-004-global-floodmaps/modelling/model_outputs/700/inputs/boundaries_RP5_SLR_2000.gpkg
    output: P:/11212688-004-global-floodmaps/modelling/model_outputs/700/inputs/aqueduct_RP5_SLR_2000.toml
    jobid: 2867
    reason: Missing output files: P:/11212688-004-global-floodmaps/modelling/model_outputs/700/inputs/aqueduct_RP5_SLR_2000.toml; Input files updated by another job: P:/11212688-004-global-floodmaps/modelling/model_outputs/700/inputs/friction.tif, P:/11212688-004-global-floodmaps/modelling/model_outputs/700/inputs/boundaries_RP5_SLR_2000.gpkg, P:/11212688-004-global-floodmaps/modelling/model_outputs/700/inputs/dem.tif, P:/11212688-004-global-floodmaps/modelling/model_outputs/700/inputs/mask.tif
    wildcards: tile_id=700, return_period=RP5, waterlevel_name=SLR_2000
    resources: tmpdir=C:\Users\schlumbe\AppData\Local\Temp

[Sat Jul 25 23:49:29 2026]
Finished job 2829.
261 of 425 steps (61%) done
Select jobs to execute...

[Sat Jul 25 23:49:29 2026]
rule write_aqueduct_config:
    input: P:/11212688-004-global-floodmaps/modelling/model_outputs/700/inputs/dem.tif, P:/11212688-004-global-floodmaps/modelling/model_outputs/700/inputs/mask.tif, P:/11212688-004-global-floodmaps/modelling/model_outputs/700/inputs/friction.tif, P:/11212688-004-global-floodmaps/modelling/model_outputs/700/inputs/boundaries_RP10_SLR_2000.gpkg
    output: P:/11212688-004-global-floodmaps/modelling/model_outputs/700/inputs/aqueduct_RP10_SLR_2000.toml
    jobid: 2807
    reason: Missing output files: P:/11212688-004-global-floodmaps/modelling/model_outputs/700/inputs/aqueduct_RP10_SLR_2000.toml; Input files updated by another job: P:/11212688-004-global-floodmaps/modelling/model_outputs/700/inputs/friction.tif, P:/11212688-004-global-floodmaps/modelling/model_outputs/700/inputs/boundaries_RP10_SLR_2000.gpkg, P:/11212688-004-global-floodmaps/modelling/model_outputs/700/inputs/mask.tif, P:/11212688-004-global-floodmaps/modelling/model_outputs/700/inputs/dem.tif
    wildcards: tile_id=700, return_period=RP10, waterlevel_name=SLR_2000
    resources: tmpdir=C:\Users\schlumbe\AppData\Local\Temp

[Sat Jul 25 23:49:30 2026]
Finished job 2867.
262 of 425 steps (62%) done
Select jobs to execute...

[Sat Jul 25 23:49:30 2026]
rule write_aqueduct_config:
    input: P:/11212688-004-global-floodmaps/modelling/model_outputs/700/inputs/dem.tif, P:/11212688-004-global-floodmaps/modelling/model_outputs/700/inputs/mask.tif, P:/11212688-004-global-floodmaps/modelling/model_outputs/700/inputs/friction.tif, P:/11212688-004-global-floodmaps/modelling/model_outputs/700/inputs/boundaries_RP2_SLR_2000.gpkg
    output: P:/11212688-004-global-floodmaps/modelling/model_outputs/700/inputs/aqueduct_RP2_SLR_2000.toml
    jobid: 2837
    reason: Missing output files: P:/11212688-004-global-floodmaps/modelling/model_outputs/700/inputs/aqueduct_RP2_SLR_2000.toml; Input files updated by another job: P:/11212688-004-global-floodmaps/modelling/model_outputs/700/inputs/friction.tif, P:/11212688-004-global-floodmaps/modelling/model_outputs/700/inputs/dem.tif, P:/11212688-004-global-floodmaps/modelling/model_outputs/700/inputs/mask.tif, P:/11212688-004-global-floodmaps/modelling/model_outputs/700/inputs/boundaries_RP2_SLR_2000.gpkg
    wildcards: tile_id=700, return_period=RP2, waterlevel_name=SLR_2000
    resources: tmpdir=C:\Users\schlumbe\AppData\Local\Temp

[Sat Jul 25 23:49:30 2026]
Finished job 2807.
263 of 425 steps (62%) done
Select jobs to execute...

[Sat Jul 25 23:49:30 2026]
rule write_aqueduct_config:
    input: P:/11212688-004-global-floodmaps/modelling/model_outputs/700/inputs/dem.tif, P:/11212688-004-global-floodmaps/modelling/model_outputs/700/inputs/mask.tif, P:/11212688-004-global-floodmaps/modelling/model_outputs/700/inputs/friction.tif, P:/11212688-004-global-floodmaps/modelling/model_outputs/700/inputs/boundaries_RP250_SLR_1500.gpkg
    output: P:/11212688-004-global-floodmaps/modelling/model_outputs/700/inputs/aqueduct_RP250_SLR_1500.toml
    jobid: 2815
    reason: Missing output files: P:/11212688-004-global-floodmaps/modelling/model_outputs/700/inputs/aqueduct_RP250_SLR_1500.toml; Input files updated by another job: P:/11212688-004-global-floodmaps/modelling/model_outputs/700/inputs/friction.tif, P:/11212688-004-global-floodmaps/modelling/model_outputs/700/inputs/boundaries_RP250_SLR_1500.gpkg, P:/11212688-004-global-floodmaps/modelling/model_outputs/700/inputs/dem.tif, P:/11212688-004-global-floodmaps/modelling/model_outputs/700/inputs/mask.tif
    wildcards: tile_id=700, return_period=RP250, waterlevel_name=SLR_1500
    resources: tmpdir=C:\Users\schlumbe\AppData\Local\Temp

[Sat Jul 25 23:49:30 2026]
Finished job 2837.
264 of 425 steps (62%) done
Select jobs to execute...

[Sat Jul 25 23:49:30 2026]
rule write_aqueduct_config:
    input: P:/11212688-004-global-floodmaps/modelling/model_outputs/700/inputs/dem.tif, P:/11212688-004-global-floodmaps/modelling/model_outputs/700/inputs/mask.tif, P:/11212688-004-global-floodmaps/modelling/model_outputs/700/inputs/friction.tif, P:/11212688-004-global-floodmaps/modelling/model_outputs/700/inputs/boundaries_RP100_SLR_1000.gpkg
    output: P:/11212688-004-global-floodmaps/modelling/model_outputs/700/inputs/aqueduct_RP100_SLR_1000.toml
    jobid: 2793
    reason: Missing output files: P:/11212688-004-global-floodmaps/modelling/model_outputs/700/inputs/aqueduct_RP100_SLR_1000.toml; Input files updated by another job: P:/11212688-004-global-floodmaps/modelling/model_outputs/700/inputs/friction.tif, P:/11212688-004-global-floodmaps/modelling/model_outputs/700/inputs/mask.tif, P:/11212688-004-global-floodmaps/modelling/model_outputs/700/inputs/dem.tif, P:/11212688-004-global-floodmaps/modelling/model_outputs/700/inputs/boundaries_RP100_SLR_1000.gpkg
    wildcards: tile_id=700, return_period=RP100, waterlevel_name=SLR_1000
    resources: tmpdir=C:\Users\schlumbe\AppData\Local\Temp

[Sat Jul 25 23:49:30 2026]
Finished job 2815.
265 of 425 steps (62%) done
Select jobs to execute...

[Sat Jul 25 23:49:30 2026]
rule write_aqueduct_config:
    input: P:/11212688-004-global-floodmaps/modelling/model_outputs/700/inputs/dem.tif, P:/11212688-004-global-floodmaps/modelling/model_outputs/700/inputs/mask.tif, P:/11212688-004-global-floodmaps/modelling/model_outputs/700/inputs/friction.tif, P:/11212688-004-global-floodmaps/modelling/model_outputs/700/inputs/boundaries_RP50_SLR_1000.gpkg
    output: P:/11212688-004-global-floodmaps/modelling/model_outputs/700/inputs/aqueduct_RP50_SLR_1000.toml
    jobid: 2853
    reason: Missing output files: P:/11212688-004-global-floodmaps/modelling/model_outputs/700/inputs/aqueduct_RP50_SLR_1000.toml; Input files updated by another job: P:/11212688-004-global-floodmaps/modelling/model_outputs/700/inputs/boundaries_RP50_SLR_1000.gpkg, P:/11212688-004-global-floodmaps/modelling/model_outputs/700/inputs/dem.tif, P:/11212688-004-global-floodmaps/modelling/model_outputs/700/inputs/mask.tif, P:/11212688-004-global-floodmaps/modelling/model_outputs/700/inputs/friction.tif
    wildcards: tile_id=700, return_period=RP50, waterlevel_name=SLR_1000
    resources: tmpdir=C:\Users\schlumbe\AppData\Local\Temp

[Sat Jul 25 23:49:31 2026]
Finished job 2793.
266 of 425 steps (63%) done
Select jobs to execute...

[Sat Jul 25 23:49:31 2026]
rule write_aqueduct_config:
    input: P:/11212688-004-global-floodmaps/modelling/model_outputs/700/inputs/dem.tif, P:/11212688-004-global-floodmaps/modelling/model_outputs/700/inputs/mask.tif, P:/11212688-004-global-floodmaps/modelling/model_outputs/700/inputs/friction.tif, P:/11212688-004-global-floodmaps/modelling/model_outputs/700/inputs/boundaries_RP500_SLR_1500.gpkg
    output: P:/11212688-004-global-floodmaps/modelling/model_outputs/700/inputs/aqueduct_RP500_SLR_1500.toml
    jobid: 2845
    reason: Missing output files: P:/11212688-004-global-floodmaps/modelling/model_outputs/700/inputs/aqueduct_RP500_SLR_1500.toml; Input files updated by another job: P:/11212688-004-global-floodmaps/modelling/model_outputs/700/inputs/friction.tif, P:/11212688-004-global-floodmaps/modelling/model_outputs/700/inputs/dem.tif, P:/11212688-004-global-floodmaps/modelling/model_outputs/700/inputs/mask.tif, P:/11212688-004-global-floodmaps/modelling/model_outputs/700/inputs/boundaries_RP500_SLR_1500.gpkg
    wildcards: tile_id=700, return_period=RP500, waterlevel_name=SLR_1500
    resources: tmpdir=C:\Users\schlumbe\AppData\Local\Temp

[Sat Jul 25 23:49:31 2026]
Finished job 2853.
267 of 425 steps (63%) done
Select jobs to execute...

[Sat Jul 25 23:49:31 2026]
rule write_aqueduct_config:
    input: P:/11212688-004-global-floodmaps/modelling/model_outputs/700/inputs/dem.tif, P:/11212688-004-global-floodmaps/modelling/model_outputs/700/inputs/mask.tif, P:/11212688-004-global-floodmaps/modelling/model_outputs/700/inputs/friction.tif, P:/11212688-004-global-floodmaps/modelling/model_outputs/700/inputs/boundaries_RP5_SLR_0.gpkg
    output: P:/11212688-004-global-floodmaps/modelling/model_outputs/700/inputs/aqueduct_RP5_SLR_0.toml
    jobid: 2861
    reason: Missing output files: P:/11212688-004-global-floodmaps/modelling/model_outputs/700/inputs/aqueduct_RP5_SLR_0.toml; Input files updated by another job: P:/11212688-004-global-floodmaps/modelling/model_outputs/700/inputs/boundaries_RP5_SLR_0.gpkg, P:/11212688-004-global-floodmaps/modelling/model_outputs/700/inputs/dem.tif, P:/11212688-004-global-floodmaps/modelling/model_outputs/700/inputs/mask.tif, P:/11212688-004-global-floodmaps/modelling/model_outputs/700/inputs/friction.tif
    wildcards: tile_id=700, return_period=RP5, waterlevel_name=SLR_0
    resources: tmpdir=C:\Users\schlumbe\AppData\Local\Temp

[Sat Jul 25 23:49:31 2026]
Finished job 2845.
268 of 425 steps (63%) done
Select jobs to execute...

[Sat Jul 25 23:49:31 2026]
rule write_aqueduct_config:
    input: P:/11212688-004-global-floodmaps/modelling/model_outputs/700/inputs/dem.tif, P:/11212688-004-global-floodmaps/modelling/model_outputs/700/inputs/mask.tif, P:/11212688-004-global-floodmaps/modelling/model_outputs/700/inputs/friction.tif, P:/11212688-004-global-floodmaps/modelling/model_outputs/700/inputs/boundaries_RP2_SLR_0.gpkg
    output: P:/11212688-004-global-floodmaps/modelling/model_outputs/700/inputs/aqueduct_RP2_SLR_0.toml
    jobid: 2831
    reason: Missing output files: P:/11212688-004-global-floodmaps/modelling/model_outputs/700/inputs/aqueduct_RP2_SLR_0.toml; Input files updated by another job: P:/11212688-004-global-floodmaps/modelling/model_outputs/700/inputs/friction.tif, P:/11212688-004-global-floodmaps/modelling/model_outputs/700/inputs/dem.tif, P:/11212688-004-global-floodmaps/modelling/model_outputs/700/inputs/mask.tif, P:/11212688-004-global-floodmaps/modelling/model_outputs/700/inputs/boundaries_RP2_SLR_0.gpkg
    wildcards: tile_id=700, return_period=RP2, waterlevel_name=SLR_0
    resources: tmpdir=C:\Users\schlumbe\AppData\Local\Temp

[Sat Jul 25 23:49:31 2026]
Finished job 2861.
269 of 425 steps (63%) done
Select jobs to execute...

[Sat Jul 25 23:49:31 2026]
rule write_aqueduct_config:
    input: P:/11212688-004-global-floodmaps/modelling/model_outputs/700/inputs/dem.tif, P:/11212688-004-global-floodmaps/modelling/model_outputs/700/inputs/mask.tif, P:/11212688-004-global-floodmaps/modelling/model_outputs/700/inputs/friction.tif, P:/11212688-004-global-floodmaps/modelling/model_outputs/700/inputs/boundaries_RP5_SLR_500.gpkg
    output: P:/11212688-004-global-floodmaps/modelling/model_outputs/700/inputs/aqueduct_RP5_SLR_500.toml
    jobid: 2869
    reason: Missing output files: P:/11212688-004-global-floodmaps/modelling/model_outputs/700/inputs/aqueduct_RP5_SLR_500.toml; Input files updated by another job: P:/11212688-004-global-floodmaps/modelling/model_outputs/700/inputs/friction.tif, P:/11212688-004-global-floodmaps/modelling/model_outputs/700/inputs/mask.tif, P:/11212688-004-global-floodmaps/modelling/model_outputs/700/inputs/dem.tif, P:/11212688-004-global-floodmaps/modelling/model_outputs/700/inputs/boundaries_RP5_SLR_500.gpkg
    wildcards: tile_id=700, return_period=RP5, waterlevel_name=SLR_500
    resources: tmpdir=C:\Users\schlumbe\AppData\Local\Temp

[Sat Jul 25 23:49:32 2026]
Finished job 2831.
270 of 425 steps (64%) done
Select jobs to execute...

[Sat Jul 25 23:49:32 2026]
rule write_aqueduct_config:
    input: P:/11212688-004-global-floodmaps/modelling/model_outputs/700/inputs/dem.tif, P:/11212688-004-global-floodmaps/modelling/model_outputs/700/inputs/mask.tif, P:/11212688-004-global-floodmaps/modelling/model_outputs/700/inputs/friction.tif, P:/11212688-004-global-floodmaps/modelling/model_outputs/700/inputs/boundaries_RP10_SLR_500.gpkg
    output: P:/11212688-004-global-floodmaps/modelling/model_outputs/700/inputs/aqueduct_RP10_SLR_500.toml
    jobid: 2809
    reason: Missing output files: P:/11212688-004-global-floodmaps/modelling/model_outputs/700/inputs/aqueduct_RP10_SLR_500.toml; Input files updated by another job: P:/11212688-004-global-floodmaps/modelling/model_outputs/700/inputs/friction.tif, P:/11212688-004-global-floodmaps/modelling/model_outputs/700/inputs/boundaries_RP10_SLR_500.gpkg, P:/11212688-004-global-floodmaps/modelling/model_outputs/700/inputs/dem.tif, P:/11212688-004-global-floodmaps/modelling/model_outputs/700/inputs/mask.tif
    wildcards: tile_id=700, return_period=RP10, waterlevel_name=SLR_500
    resources: tmpdir=C:\Users\schlumbe\AppData\Local\Temp

[Sat Jul 25 23:49:32 2026]
Finished job 2869.
271 of 425 steps (64%) done
Select jobs to execute...

[Sat Jul 25 23:49:32 2026]
rule write_aqueduct_config:
    input: P:/11212688-004-global-floodmaps/modelling/model_outputs/700/inputs/dem.tif, P:/11212688-004-global-floodmaps/modelling/model_outputs/700/inputs/mask.tif, P:/11212688-004-global-floodmaps/modelling/model_outputs/700/inputs/friction.tif, P:/11212688-004-global-floodmaps/modelling/model_outputs/700/inputs/boundaries_RP2_SLR_500.gpkg
    output: P:/11212688-004-global-floodmaps/modelling/model_outputs/700/inputs/aqueduct_RP2_SLR_500.toml
    jobid: 2839
    reason: Missing output files: P:/11212688-004-global-floodmaps/modelling/model_outputs/700/inputs/aqueduct_RP2_SLR_500.toml; Input files updated by another job: P:/11212688-004-global-floodmaps/modelling/model_outputs/700/inputs/friction.tif, P:/11212688-004-global-floodmaps/modelling/model_outputs/700/inputs/dem.tif, P:/11212688-004-global-floodmaps/modelling/model_outputs/700/inputs/mask.tif, P:/11212688-004-global-floodmaps/modelling/model_outputs/700/inputs/boundaries_RP2_SLR_500.gpkg
    wildcards: tile_id=700, return_period=RP2, waterlevel_name=SLR_500
    resources: tmpdir=C:\Users\schlumbe\AppData\Local\Temp

[Sat Jul 25 23:49:32 2026]
Finished job 2809.
272 of 425 steps (64%) done
Select jobs to execute...

[Sat Jul 25 23:49:32 2026]
rule write_aqueduct_config:
    input: P:/11212688-004-global-floodmaps/modelling/model_outputs/700/inputs/dem.tif, P:/11212688-004-global-floodmaps/modelling/model_outputs/700/inputs/mask.tif, P:/11212688-004-global-floodmaps/modelling/model_outputs/700/inputs/friction.tif, P:/11212688-004-global-floodmaps/modelling/model_outputs/700/inputs/boundaries_RP250_SLR_2000.gpkg
    output: P:/11212688-004-global-floodmaps/modelling/model_outputs/700/inputs/aqueduct_RP250_SLR_2000.toml
    jobid: 2817
    reason: Missing output files: P:/11212688-004-global-floodmaps/modelling/model_outputs/700/inputs/aqueduct_RP250_SLR_2000.toml; Input files updated by another job: P:/11212688-004-global-floodmaps/modelling/model_outputs/700/inputs/friction.tif, P:/11212688-004-global-floodmaps/modelling/model_outputs/700/inputs/boundaries_RP250_SLR_2000.gpkg, P:/11212688-004-global-floodmaps/modelling/model_outputs/700/inputs/dem.tif, P:/11212688-004-global-floodmaps/modelling/model_outputs/700/inputs/mask.tif
    wildcards: tile_id=700, return_period=RP250, waterlevel_name=SLR_2000
    resources: tmpdir=C:\Users\schlumbe\AppData\Local\Temp

[Sat Jul 25 23:49:32 2026]
Finished job 2839.
273 of 425 steps (64%) done
Select jobs to execute...

[Sat Jul 25 23:49:32 2026]
rule write_aqueduct_config:
    input: P:/11212688-004-global-floodmaps/modelling/model_outputs/700/inputs/dem.tif, P:/11212688-004-global-floodmaps/modelling/model_outputs/700/inputs/mask.tif, P:/11212688-004-global-floodmaps/modelling/model_outputs/700/inputs/friction.tif, P:/11212688-004-global-floodmaps/modelling/model_outputs/700/inputs/boundaries_RP1000_SLR_1500.gpkg
    output: P:/11212688-004-global-floodmaps/modelling/model_outputs/700/inputs/aqueduct_RP1000_SLR_1500.toml
    jobid: 2785
    reason: Missing output files: P:/11212688-004-global-floodmaps/modelling/model_outputs/700/inputs/aqueduct_RP1000_SLR_1500.toml; Input files updated by another job: P:/11212688-004-global-floodmaps/modelling/model_outputs/700/inputs/friction.tif, P:/11212688-004-global-floodmaps/modelling/model_outputs/700/inputs/boundaries_RP1000_SLR_1500.gpkg, P:/11212688-004-global-floodmaps/modelling/model_outputs/700/inputs/dem.tif, P:/11212688-004-global-floodmaps/modelling/model_outputs/700/inputs/mask.tif
    wildcards: tile_id=700, return_period=RP1000, waterlevel_name=SLR_1500
    resources: tmpdir=C:\Users\schlumbe\AppData\Local\Temp

[Sat Jul 25 23:49:33 2026]
Finished job 2817.
274 of 425 steps (64%) done
Select jobs to execute...

[Sat Jul 25 23:49:33 2026]
rule write_aqueduct_config:
    input: P:/11212688-004-global-floodmaps/modelling/model_outputs/700/inputs/dem.tif, P:/11212688-004-global-floodmaps/modelling/model_outputs/700/inputs/mask.tif, P:/11212688-004-global-floodmaps/modelling/model_outputs/700/inputs/friction.tif, P:/11212688-004-global-floodmaps/modelling/model_outputs/700/inputs/boundaries_RP1000_SLR_2000.gpkg
    output: P:/11212688-004-global-floodmaps/modelling/model_outputs/700/inputs/aqueduct_RP1000_SLR_2000.toml
    jobid: 2787
    reason: Missing output files: P:/11212688-004-global-floodmaps/modelling/model_outputs/700/inputs/aqueduct_RP1000_SLR_2000.toml; Input files updated by another job: P:/11212688-004-global-floodmaps/modelling/model_outputs/700/inputs/friction.tif, P:/11212688-004-global-floodmaps/modelling/model_outputs/700/inputs/boundaries_RP1000_SLR_2000.gpkg, P:/11212688-004-global-floodmaps/modelling/model_outputs/700/inputs/dem.tif, P:/11212688-004-global-floodmaps/modelling/model_outputs/700/inputs/mask.tif
    wildcards: tile_id=700, return_period=RP1000, waterlevel_name=SLR_2000
    resources: tmpdir=C:\Users\schlumbe\AppData\Local\Temp

[Sat Jul 25 23:49:33 2026]
Finished job 2785.
275 of 425 steps (65%) done
Select jobs to execute...

[Sat Jul 25 23:49:33 2026]
rule write_aqueduct_config:
    input: P:/11212688-004-global-floodmaps/modelling/model_outputs/700/inputs/dem.tif, P:/11212688-004-global-floodmaps/modelling/model_outputs/700/inputs/mask.tif, P:/11212688-004-global-floodmaps/modelling/model_outputs/700/inputs/friction.tif, P:/11212688-004-global-floodmaps/modelling/model_outputs/700/inputs/boundaries_RP25_SLR_1000.gpkg
    output: P:/11212688-004-global-floodmaps/modelling/model_outputs/700/inputs/aqueduct_RP25_SLR_1000.toml
    jobid: 2823
    reason: Missing output files: P:/11212688-004-global-floodmaps/modelling/model_outputs/700/inputs/aqueduct_RP25_SLR_1000.toml; Input files updated by another job: P:/11212688-004-global-floodmaps/modelling/model_outputs/700/inputs/friction.tif, P:/11212688-004-global-floodmaps/modelling/model_outputs/700/inputs/dem.tif, P:/11212688-004-global-floodmaps/modelling/model_outputs/700/inputs/mask.tif, P:/11212688-004-global-floodmaps/modelling/model_outputs/700/inputs/boundaries_RP25_SLR_1000.gpkg
    wildcards: tile_id=700, return_period=RP25, waterlevel_name=SLR_1000
    resources: tmpdir=C:\Users\schlumbe\AppData\Local\Temp

[Sat Jul 25 23:49:33 2026]
Finished job 2787.
276 of 425 steps (65%) done
Select jobs to execute...

[Sat Jul 25 23:49:33 2026]
rule extract_boundaries:
    input: P:/11212688-004-global-floodmaps/modelling/model_outputs/700/inputs/tile_geometry.gpkg
    output: P:/11212688-004-global-floodmaps/modelling/model_outputs/700/inputs/boundaries_RP10_SLR_0.gpkg
    jobid: 2802
    reason: Missing output files: P:/11212688-004-global-floodmaps/modelling/model_outputs/700/inputs/boundaries_RP10_SLR_0.gpkg; Input files updated by another job: P:/11212688-004-global-floodmaps/modelling/model_outputs/700/inputs/tile_geometry.gpkg
    wildcards: tile_id=700, return_period=RP10, waterlevel_name=SLR_0
    resources: tmpdir=C:\Users\schlumbe\AppData\Local\Temp

[Sat Jul 25 23:49:33 2026]
Finished job 2823.
277 of 425 steps (65%) done
Select jobs to execute...

[Sat Jul 25 23:49:33 2026]
rule extract_boundaries:
    input: P:/11212688-004-global-floodmaps/modelling/model_outputs/6951/inputs/tile_geometry.gpkg
    output: P:/11212688-004-global-floodmaps/modelling/model_outputs/6951/inputs/boundaries_RP5_SLR_0.gpkg
    jobid: 1722
    reason: Missing output files: P:/11212688-004-global-floodmaps/modelling/model_outputs/6951/inputs/boundaries_RP5_SLR_0.gpkg; Input files updated by another job: P:/11212688-004-global-floodmaps/modelling/model_outputs/6951/inputs/tile_geometry.gpkg
    wildcards: tile_id=6951, return_period=RP5, waterlevel_name=SLR_0
    resources: tmpdir=C:\Users\schlumbe\AppData\Local\Temp

2026-07-25 23:49:36,309 - snakemake_workflow - log - INFO - HydroMT version: 0.9.3
2026-07-25 23:49:36,309 - snakemake_workflow - data_catalog - INFO - Parsing data catalog from snakemake_workflow/config/data_catalog_gfm.yml
2026-07-25 23:49:36,349 - snakemake_workflow - rasterdataset - INFO - Reading deltadtm_mask raster data from P:\11212688-004-global-floodmaps\modelling\inputs\DeltaDTM_masks\deltadtm_mask.vrt
2026-07-25 23:49:36,459 - snakemake_workflow - log - INFO - HydroMT version: 0.9.3
2026-07-25 23:49:36,459 - snakemake_workflow - data_catalog - INFO - Parsing data catalog from snakemake_workflow/config/data_catalog_gfm.yml
2026-07-25 23:49:36,499 - snakemake_workflow - rasterdataset - INFO - Reading land_use raster data from P:\11212688-004-global-floodmaps\modelling\inputs\Copernicus\Copernicus_LandUse.tif
2026-07-25 23:49:36,582 - snakemake_workflow - rasterdataset - DEBUG - Clip to [43.219, -25.375, 45.375, -22.125] (epsg:4326))
2026-07-25 23:49:36,583 - snakemake_workflow - rasterdataset - WARNING - Dataset does [43.219246031745286, -25.37499999999965, 45.37499999999925, -22.12499999999966] does not fully cover bbox [43.219, -25.375, 45.375, -22.125]
2026-07-25 23:49:37,281 - snakemake_workflow - rasterdataset - DEBUG - Clip to [43.219, -25.375, 45.375, -22.125] (epsg:4326))
2026-07-25 23:49:37,283 - snakemake_workflow - rasterdataset - WARNING - Dataset does [43.21929143633949, -25.374861111111116, 45.37492957245322, -22.124861111111116] does not fully cover bbox [43.219, -25.375, 45.375, -22.125]
2026-07-25 23:49:41,615 - snakemake_workflow - dataframe - INFO - Reading lu_to_roughness_lookup csv data from P:\11212688-004-global-floodmaps\modelling\inputs\Copernicus\lu_to_roughness_lookup.csv
[Sat Jul 25 23:49:43 2026]
Finished job 1640.
278 of 425 steps (65%) done
Select jobs to execute...

[Sat Jul 25 23:49:43 2026]
rule extract_boundaries:
    input: P:/11212688-004-global-floodmaps/modelling/model_outputs/6951/inputs/tile_geometry.gpkg
    output: P:/11212688-004-global-floodmaps/modelling/model_outputs/6951/inputs/boundaries_RP10_SLR_0.gpkg
    jobid: 1662
    reason: Missing output files: P:/11212688-004-global-floodmaps/modelling/model_outputs/6951/inputs/boundaries_RP10_SLR_0.gpkg; Input files updated by another job: P:/11212688-004-global-floodmaps/modelling/model_outputs/6951/inputs/tile_geometry.gpkg
    wildcards: tile_id=6951, return_period=RP10, waterlevel_name=SLR_0
    resources: tmpdir=C:\Users\schlumbe\AppData\Local\Temp

[Sat Jul 25 23:49:43 2026]
Finished job 2802.
279 of 425 steps (66%) done
Select jobs to execute...

[Sat Jul 25 23:49:43 2026]
rule write_aqueduct_config:
    input: P:/11212688-004-global-floodmaps/modelling/model_outputs/700/inputs/dem.tif, P:/11212688-004-global-floodmaps/modelling/model_outputs/700/inputs/mask.tif, P:/11212688-004-global-floodmaps/modelling/model_outputs/700/inputs/friction.tif, P:/11212688-004-global-floodmaps/modelling/model_outputs/700/inputs/boundaries_RP10_SLR_0.gpkg
    output: P:/11212688-004-global-floodmaps/modelling/model_outputs/700/inputs/aqueduct_RP10_SLR_0.toml
    jobid: 2801
    reason: Missing output files: P:/11212688-004-global-floodmaps/modelling/model_outputs/700/inputs/aqueduct_RP10_SLR_0.toml; Input files updated by another job: P:/11212688-004-global-floodmaps/modelling/model_outputs/700/inputs/friction.tif, P:/11212688-004-global-floodmaps/modelling/model_outputs/700/inputs/boundaries_RP10_SLR_0.gpkg, P:/11212688-004-global-floodmaps/modelling/model_outputs/700/inputs/dem.tif, P:/11212688-004-global-floodmaps/modelling/model_outputs/700/inputs/mask.tif
    wildcards: tile_id=700, return_period=RP10, waterlevel_name=SLR_0
    resources: tmpdir=C:\Users\schlumbe\AppData\Local\Temp

[Sat Jul 25 23:49:43 2026]
Finished job 1722.
280 of 425 steps (66%) done
Select jobs to execute...

[Sat Jul 25 23:49:43 2026]
rule extract_boundaries:
    input: P:/11212688-004-global-floodmaps/modelling/model_outputs/6951/inputs/tile_geometry.gpkg
    output: P:/11212688-004-global-floodmaps/modelling/model_outputs/6951/inputs/boundaries_RP50_SLR_1000.gpkg
    jobid: 1714
    reason: Missing output files: P:/11212688-004-global-floodmaps/modelling/model_outputs/6951/inputs/boundaries_RP50_SLR_1000.gpkg; Input files updated by another job: P:/11212688-004-global-floodmaps/modelling/model_outputs/6951/inputs/tile_geometry.gpkg
    wildcards: tile_id=6951, return_period=RP50, waterlevel_name=SLR_1000
    resources: tmpdir=C:\Users\schlumbe\AppData\Local\Temp

[Sat Jul 25 23:49:44 2026]
Finished job 2801.
281 of 425 steps (66%) done
Select jobs to execute...

[Sat Jul 25 23:49:44 2026]
rule extract_boundaries:
    input: P:/11212688-004-global-floodmaps/modelling/model_outputs/6951/inputs/tile_geometry.gpkg
    output: P:/11212688-004-global-floodmaps/modelling/model_outputs/6951/inputs/boundaries_RP2_SLR_0.gpkg
    jobid: 1692
    reason: Missing output files: P:/11212688-004-global-floodmaps/modelling/model_outputs/6951/inputs/boundaries_RP2_SLR_0.gpkg; Input files updated by another job: P:/11212688-004-global-floodmaps/modelling/model_outputs/6951/inputs/tile_geometry.gpkg
    wildcards: tile_id=6951, return_period=RP2, waterlevel_name=SLR_0
    resources: tmpdir=C:\Users\schlumbe\AppData\Local\Temp

[Sat Jul 25 23:49:50 2026]
Finished job 1641.
282 of 425 steps (66%) done
Select jobs to execute...

[Sat Jul 25 23:49:50 2026]
rule write_aqueduct_config:
    input: P:/11212688-004-global-floodmaps/modelling/model_outputs/6951/inputs/dem.tif, P:/11212688-004-global-floodmaps/modelling/model_outputs/6951/inputs/mask.tif, P:/11212688-004-global-floodmaps/modelling/model_outputs/6951/inputs/friction.tif, P:/11212688-004-global-floodmaps/modelling/model_outputs/6951/inputs/boundaries_RP100_SLR_1500.gpkg
    output: P:/11212688-004-global-floodmaps/modelling/model_outputs/6951/inputs/aqueduct_RP100_SLR_1500.toml
    jobid: 1655
    reason: Missing output files: P:/11212688-004-global-floodmaps/modelling/model_outputs/6951/inputs/aqueduct_RP100_SLR_1500.toml; Input files updated by another job: P:/11212688-004-global-floodmaps/modelling/model_outputs/6951/inputs/boundaries_RP100_SLR_1500.gpkg, P:/11212688-004-global-floodmaps/modelling/model_outputs/6951/inputs/friction.tif, P:/11212688-004-global-floodmaps/modelling/model_outputs/6951/inputs/dem.tif, P:/11212688-004-global-floodmaps/modelling/model_outputs/6951/inputs/mask.tif
    wildcards: tile_id=6951, return_period=RP100, waterlevel_name=SLR_1500
    resources: tmpdir=C:\Users\schlumbe\AppData\Local\Temp

[Sat Jul 25 23:49:51 2026]
Finished job 1655.
283 of 425 steps (67%) done
Select jobs to execute...

[Sat Jul 25 23:49:51 2026]
rule write_aqueduct_config:
    input: P:/11212688-004-global-floodmaps/modelling/model_outputs/6951/inputs/dem.tif, P:/11212688-004-global-floodmaps/modelling/model_outputs/6951/inputs/mask.tif, P:/11212688-004-global-floodmaps/modelling/model_outputs/6951/inputs/friction.tif, P:/11212688-004-global-floodmaps/modelling/model_outputs/6951/inputs/boundaries_RP50_SLR_1500.gpkg
    output: P:/11212688-004-global-floodmaps/modelling/model_outputs/6951/inputs/aqueduct_RP50_SLR_1500.toml
    jobid: 1715
    reason: Missing output files: P:/11212688-004-global-floodmaps/modelling/model_outputs/6951/inputs/aqueduct_RP50_SLR_1500.toml; Input files updated by another job: P:/11212688-004-global-floodmaps/modelling/model_outputs/6951/inputs/mask.tif, P:/11212688-004-global-floodmaps/modelling/model_outputs/6951/inputs/boundaries_RP50_SLR_1500.gpkg, P:/11212688-004-global-floodmaps/modelling/model_outputs/6951/inputs/friction.tif, P:/11212688-004-global-floodmaps/modelling/model_outputs/6951/inputs/dem.tif
    wildcards: tile_id=6951, return_period=RP50, waterlevel_name=SLR_1500
    resources: tmpdir=C:\Users\schlumbe\AppData\Local\Temp

[Sat Jul 25 23:49:51 2026]
Finished job 1715.
284 of 425 steps (67%) done
Select jobs to execute...

[Sat Jul 25 23:49:51 2026]
rule write_aqueduct_config:
    input: P:/11212688-004-global-floodmaps/modelling/model_outputs/6951/inputs/dem.tif, P:/11212688-004-global-floodmaps/modelling/model_outputs/6951/inputs/mask.tif, P:/11212688-004-global-floodmaps/modelling/model_outputs/6951/inputs/friction.tif, P:/11212688-004-global-floodmaps/modelling/model_outputs/6951/inputs/boundaries_RP25_SLR_1500.gpkg
    output: P:/11212688-004-global-floodmaps/modelling/model_outputs/6951/inputs/aqueduct_RP25_SLR_1500.toml
    jobid: 1685
    reason: Missing output files: P:/11212688-004-global-floodmaps/modelling/model_outputs/6951/inputs/aqueduct_RP25_SLR_1500.toml; Input files updated by another job: P:/11212688-004-global-floodmaps/modelling/model_outputs/6951/inputs/mask.tif, P:/11212688-004-global-floodmaps/modelling/model_outputs/6951/inputs/friction.tif, P:/11212688-004-global-floodmaps/modelling/model_outputs/6951/inputs/boundaries_RP25_SLR_1500.gpkg, P:/11212688-004-global-floodmaps/modelling/model_outputs/6951/inputs/dem.tif
    wildcards: tile_id=6951, return_period=RP25, waterlevel_name=SLR_1500
    resources: tmpdir=C:\Users\schlumbe\AppData\Local\Temp

[Sat Jul 25 23:49:52 2026]
Finished job 1685.
285 of 425 steps (67%) done
Select jobs to execute...

[Sat Jul 25 23:49:52 2026]
rule write_aqueduct_config:
    input: P:/11212688-004-global-floodmaps/modelling/model_outputs/6951/inputs/dem.tif, P:/11212688-004-global-floodmaps/modelling/model_outputs/6951/inputs/mask.tif, P:/11212688-004-global-floodmaps/modelling/model_outputs/6951/inputs/friction.tif, P:/11212688-004-global-floodmaps/modelling/model_outputs/6951/inputs/boundaries_RP10_SLR_1000.gpkg
    output: P:/11212688-004-global-floodmaps/modelling/model_outputs/6951/inputs/aqueduct_RP10_SLR_1000.toml
    jobid: 1663
    reason: Missing output files: P:/11212688-004-global-floodmaps/modelling/model_outputs/6951/inputs/aqueduct_RP10_SLR_1000.toml; Input files updated by another job: P:/11212688-004-global-floodmaps/modelling/model_outputs/6951/inputs/mask.tif, P:/11212688-004-global-floodmaps/modelling/model_outputs/6951/inputs/friction.tif, P:/11212688-004-global-floodmaps/modelling/model_outputs/6951/inputs/dem.tif, P:/11212688-004-global-floodmaps/modelling/model_outputs/6951/inputs/boundaries_RP10_SLR_1000.gpkg
    wildcards: tile_id=6951, return_period=RP10, waterlevel_name=SLR_1000
    resources: tmpdir=C:\Users\schlumbe\AppData\Local\Temp

[Sat Jul 25 23:49:52 2026]
Finished job 1663.
286 of 425 steps (67%) done
Select jobs to execute...

[Sat Jul 25 23:49:52 2026]
rule write_aqueduct_config:
    input: P:/11212688-004-global-floodmaps/modelling/model_outputs/6951/inputs/dem.tif, P:/11212688-004-global-floodmaps/modelling/model_outputs/6951/inputs/mask.tif, P:/11212688-004-global-floodmaps/modelling/model_outputs/6951/inputs/friction.tif, P:/11212688-004-global-floodmaps/modelling/model_outputs/6951/inputs/boundaries_RP5_SLR_1000.gpkg
    output: P:/11212688-004-global-floodmaps/modelling/model_outputs/6951/inputs/aqueduct_RP5_SLR_1000.toml
    jobid: 1723
    reason: Missing output files: P:/11212688-004-global-floodmaps/modelling/model_outputs/6951/inputs/aqueduct_RP5_SLR_1000.toml; Input files updated by another job: P:/11212688-004-global-floodmaps/modelling/model_outputs/6951/inputs/mask.tif, P:/11212688-004-global-floodmaps/modelling/model_outputs/6951/inputs/friction.tif, P:/11212688-004-global-floodmaps/modelling/model_outputs/6951/inputs/boundaries_RP5_SLR_1000.gpkg, P:/11212688-004-global-floodmaps/modelling/model_outputs/6951/inputs/dem.tif
    wildcards: tile_id=6951, return_period=RP5, waterlevel_name=SLR_1000
    resources: tmpdir=C:\Users\schlumbe\AppData\Local\Temp

[Sat Jul 25 23:49:53 2026]
Finished job 1723.
287 of 425 steps (68%) done
Select jobs to execute...

[Sat Jul 25 23:49:53 2026]
rule write_aqueduct_config:
    input: P:/11212688-004-global-floodmaps/modelling/model_outputs/6951/inputs/dem.tif, P:/11212688-004-global-floodmaps/modelling/model_outputs/6951/inputs/mask.tif, P:/11212688-004-global-floodmaps/modelling/model_outputs/6951/inputs/friction.tif, P:/11212688-004-global-floodmaps/modelling/model_outputs/6951/inputs/boundaries_RP2_SLR_1000.gpkg
    output: P:/11212688-004-global-floodmaps/modelling/model_outputs/6951/inputs/aqueduct_RP2_SLR_1000.toml
    jobid: 1693
    reason: Missing output files: P:/11212688-004-global-floodmaps/modelling/model_outputs/6951/inputs/aqueduct_RP2_SLR_1000.toml; Input files updated by another job: P:/11212688-004-global-floodmaps/modelling/model_outputs/6951/inputs/mask.tif, P:/11212688-004-global-floodmaps/modelling/model_outputs/6951/inputs/boundaries_RP2_SLR_1000.gpkg, P:/11212688-004-global-floodmaps/modelling/model_outputs/6951/inputs/friction.tif, P:/11212688-004-global-floodmaps/modelling/model_outputs/6951/inputs/dem.tif
    wildcards: tile_id=6951, return_period=RP2, waterlevel_name=SLR_1000
    resources: tmpdir=C:\Users\schlumbe\AppData\Local\Temp

[Sat Jul 25 23:49:53 2026]
Finished job 1693.
288 of 425 steps (68%) done
Select jobs to execute...

[Sat Jul 25 23:49:53 2026]
rule write_aqueduct_config:
    input: P:/11212688-004-global-floodmaps/modelling/model_outputs/6951/inputs/dem.tif, P:/11212688-004-global-floodmaps/modelling/model_outputs/6951/inputs/mask.tif, P:/11212688-004-global-floodmaps/modelling/model_outputs/6951/inputs/friction.tif, P:/11212688-004-global-floodmaps/modelling/model_outputs/6951/inputs/boundaries_RP250_SLR_0.gpkg
    output: P:/11212688-004-global-floodmaps/modelling/model_outputs/6951/inputs/aqueduct_RP250_SLR_0.toml
    jobid: 1671
    reason: Missing output files: P:/11212688-004-global-floodmaps/modelling/model_outputs/6951/inputs/aqueduct_RP250_SLR_0.toml; Input files updated by another job: P:/11212688-004-global-floodmaps/modelling/model_outputs/6951/inputs/mask.tif, P:/11212688-004-global-floodmaps/modelling/model_outputs/6951/inputs/boundaries_RP250_SLR_0.gpkg, P:/11212688-004-global-floodmaps/modelling/model_outputs/6951/inputs/friction.tif, P:/11212688-004-global-floodmaps/modelling/model_outputs/6951/inputs/dem.tif
    wildcards: tile_id=6951, return_period=RP250, waterlevel_name=SLR_0
    resources: tmpdir=C:\Users\schlumbe\AppData\Local\Temp

[Sat Jul 25 23:49:53 2026]
Finished job 1662.
289 of 425 steps (68%) done
Select jobs to execute...

[Sat Jul 25 23:49:53 2026]
rule write_aqueduct_config:
    input: P:/11212688-004-global-floodmaps/modelling/model_outputs/6951/inputs/dem.tif, P:/11212688-004-global-floodmaps/modelling/model_outputs/6951/inputs/mask.tif, P:/11212688-004-global-floodmaps/modelling/model_outputs/6951/inputs/friction.tif, P:/11212688-004-global-floodmaps/modelling/model_outputs/6951/inputs/boundaries_RP500_SLR_0.gpkg
    output: P:/11212688-004-global-floodmaps/modelling/model_outputs/6951/inputs/aqueduct_RP500_SLR_0.toml
    jobid: 1701
    reason: Missing output files: P:/11212688-004-global-floodmaps/modelling/model_outputs/6951/inputs/aqueduct_RP500_SLR_0.toml; Input files updated by another job: P:/11212688-004-global-floodmaps/modelling/model_outputs/6951/inputs/mask.tif, P:/11212688-004-global-floodmaps/modelling/model_outputs/6951/inputs/boundaries_RP500_SLR_0.gpkg, P:/11212688-004-global-floodmaps/modelling/model_outputs/6951/inputs/friction.tif, P:/11212688-004-global-floodmaps/modelling/model_outputs/6951/inputs/dem.tif
    wildcards: tile_id=6951, return_period=RP500, waterlevel_name=SLR_0
    resources: tmpdir=C:\Users\schlumbe\AppData\Local\Temp

[Sat Jul 25 23:49:54 2026]
Finished job 1671.
290 of 425 steps (68%) done
Select jobs to execute...

[Sat Jul 25 23:49:54 2026]
rule write_aqueduct_config:
    input: P:/11212688-004-global-floodmaps/modelling/model_outputs/6951/inputs/dem.tif, P:/11212688-004-global-floodmaps/modelling/model_outputs/6951/inputs/mask.tif, P:/11212688-004-global-floodmaps/modelling/model_outputs/6951/inputs/friction.tif, P:/11212688-004-global-floodmaps/modelling/model_outputs/6951/inputs/boundaries_RP250_SLR_500.gpkg
    output: P:/11212688-004-global-floodmaps/modelling/model_outputs/6951/inputs/aqueduct_RP250_SLR_500.toml
    jobid: 1679
    reason: Missing output files: P:/11212688-004-global-floodmaps/modelling/model_outputs/6951/inputs/aqueduct_RP250_SLR_500.toml; Input files updated by another job: P:/11212688-004-global-floodmaps/modelling/model_outputs/6951/inputs/mask.tif, P:/11212688-004-global-floodmaps/modelling/model_outputs/6951/inputs/boundaries_RP250_SLR_500.gpkg, P:/11212688-004-global-floodmaps/modelling/model_outputs/6951/inputs/friction.tif, P:/11212688-004-global-floodmaps/modelling/model_outputs/6951/inputs/dem.tif
    wildcards: tile_id=6951, return_period=RP250, waterlevel_name=SLR_500
    resources: tmpdir=C:\Users\schlumbe\AppData\Local\Temp

[Sat Jul 25 23:49:54 2026]
Finished job 1701.
291 of 425 steps (68%) done
Select jobs to execute...

[Sat Jul 25 23:49:54 2026]
rule write_aqueduct_config:
    input: P:/11212688-004-global-floodmaps/modelling/model_outputs/6951/inputs/dem.tif, P:/11212688-004-global-floodmaps/modelling/model_outputs/6951/inputs/mask.tif, P:/11212688-004-global-floodmaps/modelling/model_outputs/6951/inputs/friction.tif, P:/11212688-004-global-floodmaps/modelling/model_outputs/6951/inputs/boundaries_RP1000_SLR_500.gpkg
    output: P:/11212688-004-global-floodmaps/modelling/model_outputs/6951/inputs/aqueduct_RP1000_SLR_500.toml
    jobid: 1649
    reason: Missing output files: P:/11212688-004-global-floodmaps/modelling/model_outputs/6951/inputs/aqueduct_RP1000_SLR_500.toml; Input files updated by another job: P:/11212688-004-global-floodmaps/modelling/model_outputs/6951/inputs/boundaries_RP1000_SLR_500.gpkg, P:/11212688-004-global-floodmaps/modelling/model_outputs/6951/inputs/friction.tif, P:/11212688-004-global-floodmaps/modelling/model_outputs/6951/inputs/dem.tif, P:/11212688-004-global-floodmaps/modelling/model_outputs/6951/inputs/mask.tif
    wildcards: tile_id=6951, return_period=RP1000, waterlevel_name=SLR_500
    resources: tmpdir=C:\Users\schlumbe\AppData\Local\Temp

[Sat Jul 25 23:49:54 2026]
Finished job 1679.
292 of 425 steps (69%) done
Select jobs to execute...

[Sat Jul 25 23:49:54 2026]
rule write_aqueduct_config:
    input: P:/11212688-004-global-floodmaps/modelling/model_outputs/6951/inputs/dem.tif, P:/11212688-004-global-floodmaps/modelling/model_outputs/6951/inputs/mask.tif, P:/11212688-004-global-floodmaps/modelling/model_outputs/6951/inputs/friction.tif, P:/11212688-004-global-floodmaps/modelling/model_outputs/6951/inputs/boundaries_RP500_SLR_500.gpkg
    output: P:/11212688-004-global-floodmaps/modelling/model_outputs/6951/inputs/aqueduct_RP500_SLR_500.toml
    jobid: 1709
    reason: Missing output files: P:/11212688-004-global-floodmaps/modelling/model_outputs/6951/inputs/aqueduct_RP500_SLR_500.toml; Input files updated by another job: P:/11212688-004-global-floodmaps/modelling/model_outputs/6951/inputs/mask.tif, P:/11212688-004-global-floodmaps/modelling/model_outputs/6951/inputs/boundaries_RP500_SLR_500.gpkg, P:/11212688-004-global-floodmaps/modelling/model_outputs/6951/inputs/friction.tif, P:/11212688-004-global-floodmaps/modelling/model_outputs/6951/inputs/dem.tif
    wildcards: tile_id=6951, return_period=RP500, waterlevel_name=SLR_500
    resources: tmpdir=C:\Users\schlumbe\AppData\Local\Temp

[Sat Jul 25 23:49:54 2026]
Finished job 1649.
293 of 425 steps (69%) done
Select jobs to execute...

[Sat Jul 25 23:49:54 2026]
rule write_aqueduct_config:
    input: P:/11212688-004-global-floodmaps/modelling/model_outputs/6951/inputs/dem.tif, P:/11212688-004-global-floodmaps/modelling/model_outputs/6951/inputs/mask.tif, P:/11212688-004-global-floodmaps/modelling/model_outputs/6951/inputs/friction.tif, P:/11212688-004-global-floodmaps/modelling/model_outputs/6951/inputs/boundaries_RP100_SLR_2000.gpkg
    output: P:/11212688-004-global-floodmaps/modelling/model_outputs/6951/inputs/aqueduct_RP100_SLR_2000.toml
    jobid: 1657
    reason: Missing output files: P:/11212688-004-global-floodmaps/modelling/model_outputs/6951/inputs/aqueduct_RP100_SLR_2000.toml; Input files updated by another job: P:/11212688-004-global-floodmaps/modelling/model_outputs/6951/inputs/mask.tif, P:/11212688-004-global-floodmaps/modelling/model_outputs/6951/inputs/friction.tif, P:/11212688-004-global-floodmaps/modelling/model_outputs/6951/inputs/dem.tif, P:/11212688-004-global-floodmaps/modelling/model_outputs/6951/inputs/boundaries_RP100_SLR_2000.gpkg
    wildcards: tile_id=6951, return_period=RP100, waterlevel_name=SLR_2000
    resources: tmpdir=C:\Users\schlumbe\AppData\Local\Temp

[Sat Jul 25 23:49:54 2026]
Finished job 1714.
294 of 425 steps (69%) done
Select jobs to execute...

[Sat Jul 25 23:49:54 2026]
rule write_aqueduct_config:
    input: P:/11212688-004-global-floodmaps/modelling/model_outputs/6951/inputs/dem.tif, P:/11212688-004-global-floodmaps/modelling/model_outputs/6951/inputs/mask.tif, P:/11212688-004-global-floodmaps/modelling/model_outputs/6951/inputs/friction.tif, P:/11212688-004-global-floodmaps/modelling/model_outputs/6951/inputs/boundaries_RP50_SLR_2000.gpkg
    output: P:/11212688-004-global-floodmaps/modelling/model_outputs/6951/inputs/aqueduct_RP50_SLR_2000.toml
    jobid: 1717
    reason: Missing output files: P:/11212688-004-global-floodmaps/modelling/model_outputs/6951/inputs/aqueduct_RP50_SLR_2000.toml; Input files updated by another job: P:/11212688-004-global-floodmaps/modelling/model_outputs/6951/inputs/mask.tif, P:/11212688-004-global-floodmaps/modelling/model_outputs/6951/inputs/friction.tif, P:/11212688-004-global-floodmaps/modelling/model_outputs/6951/inputs/dem.tif, P:/11212688-004-global-floodmaps/modelling/model_outputs/6951/inputs/boundaries_RP50_SLR_2000.gpkg
    wildcards: tile_id=6951, return_period=RP50, waterlevel_name=SLR_2000
    resources: tmpdir=C:\Users\schlumbe\AppData\Local\Temp

[Sat Jul 25 23:49:55 2026]
Finished job 1709.
295 of 425 steps (69%) done
Select jobs to execute...

[Sat Jul 25 23:49:55 2026]
rule write_aqueduct_config:
    input: P:/11212688-004-global-floodmaps/modelling/model_outputs/6951/inputs/dem.tif, P:/11212688-004-global-floodmaps/modelling/model_outputs/6951/inputs/mask.tif, P:/11212688-004-global-floodmaps/modelling/model_outputs/6951/inputs/friction.tif, P:/11212688-004-global-floodmaps/modelling/model_outputs/6951/inputs/boundaries_RP25_SLR_2000.gpkg
    output: P:/11212688-004-global-floodmaps/modelling/model_outputs/6951/inputs/aqueduct_RP25_SLR_2000.toml
    jobid: 1687
    reason: Missing output files: P:/11212688-004-global-floodmaps/modelling/model_outputs/6951/inputs/aqueduct_RP25_SLR_2000.toml; Input files updated by another job: P:/11212688-004-global-floodmaps/modelling/model_outputs/6951/inputs/mask.tif, P:/11212688-004-global-floodmaps/modelling/model_outputs/6951/inputs/boundaries_RP25_SLR_2000.gpkg, P:/11212688-004-global-floodmaps/modelling/model_outputs/6951/inputs/friction.tif, P:/11212688-004-global-floodmaps/modelling/model_outputs/6951/inputs/dem.tif
    wildcards: tile_id=6951, return_period=RP25, waterlevel_name=SLR_2000
    resources: tmpdir=C:\Users\schlumbe\AppData\Local\Temp

[Sat Jul 25 23:49:55 2026]
Finished job 1692.
296 of 425 steps (70%) done
Select jobs to execute...

[Sat Jul 25 23:49:55 2026]
rule write_aqueduct_config:
    input: P:/11212688-004-global-floodmaps/modelling/model_outputs/6951/inputs/dem.tif, P:/11212688-004-global-floodmaps/modelling/model_outputs/6951/inputs/mask.tif, P:/11212688-004-global-floodmaps/modelling/model_outputs/6951/inputs/friction.tif, P:/11212688-004-global-floodmaps/modelling/model_outputs/6951/inputs/boundaries_RP5_SLR_1500.gpkg
    output: P:/11212688-004-global-floodmaps/modelling/model_outputs/6951/inputs/aqueduct_RP5_SLR_1500.toml
    jobid: 1725
    reason: Missing output files: P:/11212688-004-global-floodmaps/modelling/model_outputs/6951/inputs/aqueduct_RP5_SLR_1500.toml; Input files updated by another job: P:/11212688-004-global-floodmaps/modelling/model_outputs/6951/inputs/mask.tif, P:/11212688-004-global-floodmaps/modelling/model_outputs/6951/inputs/friction.tif, P:/11212688-004-global-floodmaps/modelling/model_outputs/6951/inputs/dem.tif, P:/11212688-004-global-floodmaps/modelling/model_outputs/6951/inputs/boundaries_RP5_SLR_1500.gpkg
    wildcards: tile_id=6951, return_period=RP5, waterlevel_name=SLR_1500
    resources: tmpdir=C:\Users\schlumbe\AppData\Local\Temp

[Sat Jul 25 23:49:55 2026]
Finished job 1657.
297 of 425 steps (70%) done
Select jobs to execute...

[Sat Jul 25 23:49:55 2026]
rule write_aqueduct_config:
    input: P:/11212688-004-global-floodmaps/modelling/model_outputs/6951/inputs/dem.tif, P:/11212688-004-global-floodmaps/modelling/model_outputs/6951/inputs/mask.tif, P:/11212688-004-global-floodmaps/modelling/model_outputs/6951/inputs/friction.tif, P:/11212688-004-global-floodmaps/modelling/model_outputs/6951/inputs/boundaries_RP10_SLR_1500.gpkg
    output: P:/11212688-004-global-floodmaps/modelling/model_outputs/6951/inputs/aqueduct_RP10_SLR_1500.toml
    jobid: 1665
    reason: Missing output files: P:/11212688-004-global-floodmaps/modelling/model_outputs/6951/inputs/aqueduct_RP10_SLR_1500.toml; Input files updated by another job: P:/11212688-004-global-floodmaps/modelling/model_outputs/6951/inputs/mask.tif, P:/11212688-004-global-floodmaps/modelling/model_outputs/6951/inputs/friction.tif, P:/11212688-004-global-floodmaps/modelling/model_outputs/6951/inputs/boundaries_RP10_SLR_1500.gpkg, P:/11212688-004-global-floodmaps/modelling/model_outputs/6951/inputs/dem.tif
    wildcards: tile_id=6951, return_period=RP10, waterlevel_name=SLR_1500
    resources: tmpdir=C:\Users\schlumbe\AppData\Local\Temp

[Sat Jul 25 23:49:55 2026]
Finished job 1717.
298 of 425 steps (70%) done
Select jobs to execute...

[Sat Jul 25 23:49:55 2026]
rule write_aqueduct_config:
    input: P:/11212688-004-global-floodmaps/modelling/model_outputs/6951/inputs/dem.tif, P:/11212688-004-global-floodmaps/modelling/model_outputs/6951/inputs/mask.tif, P:/11212688-004-global-floodmaps/modelling/model_outputs/6951/inputs/friction.tif, P:/11212688-004-global-floodmaps/modelling/model_outputs/6951/inputs/boundaries_RP2_SLR_1500.gpkg
    output: P:/11212688-004-global-floodmaps/modelling/model_outputs/6951/inputs/aqueduct_RP2_SLR_1500.toml
    jobid: 1695
    reason: Missing output files: P:/11212688-004-global-floodmaps/modelling/model_outputs/6951/inputs/aqueduct_RP2_SLR_1500.toml; Input files updated by another job: P:/11212688-004-global-floodmaps/modelling/model_outputs/6951/inputs/boundaries_RP2_SLR_1500.gpkg, P:/11212688-004-global-floodmaps/modelling/model_outputs/6951/inputs/friction.tif, P:/11212688-004-global-floodmaps/modelling/model_outputs/6951/inputs/dem.tif, P:/11212688-004-global-floodmaps/modelling/model_outputs/6951/inputs/mask.tif
    wildcards: tile_id=6951, return_period=RP2, waterlevel_name=SLR_1500
    resources: tmpdir=C:\Users\schlumbe\AppData\Local\Temp

[Sat Jul 25 23:49:55 2026]
Finished job 1687.
299 of 425 steps (70%) done
Select jobs to execute...

[Sat Jul 25 23:49:55 2026]
rule write_aqueduct_config:
    input: P:/11212688-004-global-floodmaps/modelling/model_outputs/6951/inputs/dem.tif, P:/11212688-004-global-floodmaps/modelling/model_outputs/6951/inputs/mask.tif, P:/11212688-004-global-floodmaps/modelling/model_outputs/6951/inputs/friction.tif, P:/11212688-004-global-floodmaps/modelling/model_outputs/6951/inputs/boundaries_RP250_SLR_1000.gpkg
    output: P:/11212688-004-global-floodmaps/modelling/model_outputs/6951/inputs/aqueduct_RP250_SLR_1000.toml
    jobid: 1673
    reason: Missing output files: P:/11212688-004-global-floodmaps/modelling/model_outputs/6951/inputs/aqueduct_RP250_SLR_1000.toml; Input files updated by another job: P:/11212688-004-global-floodmaps/modelling/model_outputs/6951/inputs/boundaries_RP250_SLR_1000.gpkg, P:/11212688-004-global-floodmaps/modelling/model_outputs/6951/inputs/friction.tif, P:/11212688-004-global-floodmaps/modelling/model_outputs/6951/inputs/dem.tif, P:/11212688-004-global-floodmaps/modelling/model_outputs/6951/inputs/mask.tif
    wildcards: tile_id=6951, return_period=RP250, waterlevel_name=SLR_1000
    resources: tmpdir=C:\Users\schlumbe\AppData\Local\Temp

[Sat Jul 25 23:49:55 2026]
Finished job 1725.
300 of 425 steps (71%) done
Select jobs to execute...

[Sat Jul 25 23:49:55 2026]
rule write_aqueduct_config:
    input: P:/11212688-004-global-floodmaps/modelling/model_outputs/6951/inputs/dem.tif, P:/11212688-004-global-floodmaps/modelling/model_outputs/6951/inputs/mask.tif, P:/11212688-004-global-floodmaps/modelling/model_outputs/6951/inputs/friction.tif, P:/11212688-004-global-floodmaps/modelling/model_outputs/6951/inputs/boundaries_RP500_SLR_1000.gpkg
    output: P:/11212688-004-global-floodmaps/modelling/model_outputs/6951/inputs/aqueduct_RP500_SLR_1000.toml
    jobid: 1703
    reason: Missing output files: P:/11212688-004-global-floodmaps/modelling/model_outputs/6951/inputs/aqueduct_RP500_SLR_1000.toml; Input files updated by another job: P:/11212688-004-global-floodmaps/modelling/model_outputs/6951/inputs/mask.tif, P:/11212688-004-global-floodmaps/modelling/model_outputs/6951/inputs/friction.tif, P:/11212688-004-global-floodmaps/modelling/model_outputs/6951/inputs/boundaries_RP500_SLR_1000.gpkg, P:/11212688-004-global-floodmaps/modelling/model_outputs/6951/inputs/dem.tif
    wildcards: tile_id=6951, return_period=RP500, waterlevel_name=SLR_1000
    resources: tmpdir=C:\Users\schlumbe\AppData\Local\Temp

[Sat Jul 25 23:49:55 2026]
Finished job 1665.
301 of 425 steps (71%) done
Select jobs to execute...

[Sat Jul 25 23:49:55 2026]
rule write_aqueduct_config:
    input: P:/11212688-004-global-floodmaps/modelling/model_outputs/6951/inputs/dem.tif, P:/11212688-004-global-floodmaps/modelling/model_outputs/6951/inputs/mask.tif, P:/11212688-004-global-floodmaps/modelling/model_outputs/6951/inputs/friction.tif, P:/11212688-004-global-floodmaps/modelling/model_outputs/6951/inputs/boundaries_RP1000_SLR_1000.gpkg
    output: P:/11212688-004-global-floodmaps/modelling/model_outputs/6951/inputs/aqueduct_RP1000_SLR_1000.toml
    jobid: 1643
    reason: Missing output files: P:/11212688-004-global-floodmaps/modelling/model_outputs/6951/inputs/aqueduct_RP1000_SLR_1000.toml; Input files updated by another job: P:/11212688-004-global-floodmaps/modelling/model_outputs/6951/inputs/mask.tif, P:/11212688-004-global-floodmaps/modelling/model_outputs/6951/inputs/boundaries_RP1000_SLR_1000.gpkg, P:/11212688-004-global-floodmaps/modelling/model_outputs/6951/inputs/friction.tif, P:/11212688-004-global-floodmaps/modelling/model_outputs/6951/inputs/dem.tif
    wildcards: tile_id=6951, return_period=RP1000, waterlevel_name=SLR_1000
    resources: tmpdir=C:\Users\schlumbe\AppData\Local\Temp

[Sat Jul 25 23:49:55 2026]
Finished job 1695.
302 of 425 steps (71%) done
Select jobs to execute...

[Sat Jul 25 23:49:55 2026]
rule write_aqueduct_config:
    input: P:/11212688-004-global-floodmaps/modelling/model_outputs/6951/inputs/dem.tif, P:/11212688-004-global-floodmaps/modelling/model_outputs/6951/inputs/mask.tif, P:/11212688-004-global-floodmaps/modelling/model_outputs/6951/inputs/friction.tif, P:/11212688-004-global-floodmaps/modelling/model_outputs/6951/inputs/boundaries_RP25_SLR_0.gpkg
    output: P:/11212688-004-global-floodmaps/modelling/model_outputs/6951/inputs/aqueduct_RP25_SLR_0.toml
    jobid: 1681
    reason: Missing output files: P:/11212688-004-global-floodmaps/modelling/model_outputs/6951/inputs/aqueduct_RP25_SLR_0.toml; Input files updated by another job: P:/11212688-004-global-floodmaps/modelling/model_outputs/6951/inputs/mask.tif, P:/11212688-004-global-floodmaps/modelling/model_outputs/6951/inputs/boundaries_RP25_SLR_0.gpkg, P:/11212688-004-global-floodmaps/modelling/model_outputs/6951/inputs/dem.tif, P:/11212688-004-global-floodmaps/modelling/model_outputs/6951/inputs/friction.tif
    wildcards: tile_id=6951, return_period=RP25, waterlevel_name=SLR_0
    resources: tmpdir=C:\Users\schlumbe\AppData\Local\Temp

[Sat Jul 25 23:49:56 2026]
Finished job 1673.
303 of 425 steps (71%) done
Select jobs to execute...

[Sat Jul 25 23:49:56 2026]
rule write_aqueduct_config:
    input: P:/11212688-004-global-floodmaps/modelling/model_outputs/6951/inputs/dem.tif, P:/11212688-004-global-floodmaps/modelling/model_outputs/6951/inputs/mask.tif, P:/11212688-004-global-floodmaps/modelling/model_outputs/6951/inputs/friction.tif, P:/11212688-004-global-floodmaps/modelling/model_outputs/6951/inputs/boundaries_RP100_SLR_0.gpkg
    output: P:/11212688-004-global-floodmaps/modelling/model_outputs/6951/inputs/aqueduct_RP100_SLR_0.toml
    jobid: 1651
    reason: Missing output files: P:/11212688-004-global-floodmaps/modelling/model_outputs/6951/inputs/aqueduct_RP100_SLR_0.toml; Input files updated by another job: P:/11212688-004-global-floodmaps/modelling/model_outputs/6951/inputs/mask.tif, P:/11212688-004-global-floodmaps/modelling/model_outputs/6951/inputs/boundaries_RP100_SLR_0.gpkg, P:/11212688-004-global-floodmaps/modelling/model_outputs/6951/inputs/dem.tif, P:/11212688-004-global-floodmaps/modelling/model_outputs/6951/inputs/friction.tif
    wildcards: tile_id=6951, return_period=RP100, waterlevel_name=SLR_0
    resources: tmpdir=C:\Users\schlumbe\AppData\Local\Temp

[Sat Jul 25 23:49:56 2026]
Finished job 1703.
304 of 425 steps (72%) done
Select jobs to execute...

[Sat Jul 25 23:49:56 2026]
rule write_aqueduct_config:
    input: P:/11212688-004-global-floodmaps/modelling/model_outputs/6951/inputs/dem.tif, P:/11212688-004-global-floodmaps/modelling/model_outputs/6951/inputs/mask.tif, P:/11212688-004-global-floodmaps/modelling/model_outputs/6951/inputs/friction.tif, P:/11212688-004-global-floodmaps/modelling/model_outputs/6951/inputs/boundaries_RP50_SLR_0.gpkg
    output: P:/11212688-004-global-floodmaps/modelling/model_outputs/6951/inputs/aqueduct_RP50_SLR_0.toml
    jobid: 1711
    reason: Missing output files: P:/11212688-004-global-floodmaps/modelling/model_outputs/6951/inputs/aqueduct_RP50_SLR_0.toml; Input files updated by another job: P:/11212688-004-global-floodmaps/modelling/model_outputs/6951/inputs/boundaries_RP50_SLR_0.gpkg, P:/11212688-004-global-floodmaps/modelling/model_outputs/6951/inputs/friction.tif, P:/11212688-004-global-floodmaps/modelling/model_outputs/6951/inputs/dem.tif, P:/11212688-004-global-floodmaps/modelling/model_outputs/6951/inputs/mask.tif
    wildcards: tile_id=6951, return_period=RP50, waterlevel_name=SLR_0
    resources: tmpdir=C:\Users\schlumbe\AppData\Local\Temp

[Sat Jul 25 23:49:56 2026]
Finished job 1643.
305 of 425 steps (72%) done
Select jobs to execute...

[Sat Jul 25 23:49:56 2026]
rule write_aqueduct_config:
    input: P:/11212688-004-global-floodmaps/modelling/model_outputs/6951/inputs/dem.tif, P:/11212688-004-global-floodmaps/modelling/model_outputs/6951/inputs/mask.tif, P:/11212688-004-global-floodmaps/modelling/model_outputs/6951/inputs/friction.tif, P:/11212688-004-global-floodmaps/modelling/model_outputs/6951/inputs/boundaries_RP1000_SLR_0.gpkg
    output: P:/11212688-004-global-floodmaps/modelling/model_outputs/6951/inputs/aqueduct_RP1000_SLR_0.toml
    jobid: 1636
    reason: Missing output files: P:/11212688-004-global-floodmaps/modelling/model_outputs/6951/inputs/aqueduct_RP1000_SLR_0.toml; Input files updated by another job: P:/11212688-004-global-floodmaps/modelling/model_outputs/6951/inputs/mask.tif, P:/11212688-004-global-floodmaps/modelling/model_outputs/6951/inputs/friction.tif, P:/11212688-004-global-floodmaps/modelling/model_outputs/6951/inputs/boundaries_RP1000_SLR_0.gpkg, P:/11212688-004-global-floodmaps/modelling/model_outputs/6951/inputs/dem.tif
    wildcards: tile_id=6951, return_period=RP1000, waterlevel_name=SLR_0
    resources: tmpdir=C:\Users\schlumbe\AppData\Local\Temp

[Sat Jul 25 23:49:56 2026]
Finished job 1681.
306 of 425 steps (72%) done
Select jobs to execute...

[Sat Jul 25 23:49:56 2026]
rule write_aqueduct_config:
    input: P:/11212688-004-global-floodmaps/modelling/model_outputs/6951/inputs/dem.tif, P:/11212688-004-global-floodmaps/modelling/model_outputs/6951/inputs/mask.tif, P:/11212688-004-global-floodmaps/modelling/model_outputs/6951/inputs/friction.tif, P:/11212688-004-global-floodmaps/modelling/model_outputs/6951/inputs/boundaries_RP50_SLR_500.gpkg
    output: P:/11212688-004-global-floodmaps/modelling/model_outputs/6951/inputs/aqueduct_RP50_SLR_500.toml
    jobid: 1719
    reason: Missing output files: P:/11212688-004-global-floodmaps/modelling/model_outputs/6951/inputs/aqueduct_RP50_SLR_500.toml; Input files updated by another job: P:/11212688-004-global-floodmaps/modelling/model_outputs/6951/inputs/boundaries_RP50_SLR_500.gpkg, P:/11212688-004-global-floodmaps/modelling/model_outputs/6951/inputs/friction.tif, P:/11212688-004-global-floodmaps/modelling/model_outputs/6951/inputs/dem.tif, P:/11212688-004-global-floodmaps/modelling/model_outputs/6951/inputs/mask.tif
    wildcards: tile_id=6951, return_period=RP50, waterlevel_name=SLR_500
    resources: tmpdir=C:\Users\schlumbe\AppData\Local\Temp

[Sat Jul 25 23:49:56 2026]
Finished job 1651.
307 of 425 steps (72%) done
Select jobs to execute...

[Sat Jul 25 23:49:56 2026]
rule write_aqueduct_config:
    input: P:/11212688-004-global-floodmaps/modelling/model_outputs/6951/inputs/dem.tif, P:/11212688-004-global-floodmaps/modelling/model_outputs/6951/inputs/mask.tif, P:/11212688-004-global-floodmaps/modelling/model_outputs/6951/inputs/friction.tif, P:/11212688-004-global-floodmaps/modelling/model_outputs/6951/inputs/boundaries_RP100_SLR_500.gpkg
    output: P:/11212688-004-global-floodmaps/modelling/model_outputs/6951/inputs/aqueduct_RP100_SLR_500.toml
    jobid: 1659
    reason: Missing output files: P:/11212688-004-global-floodmaps/modelling/model_outputs/6951/inputs/aqueduct_RP100_SLR_500.toml; Input files updated by another job: P:/11212688-004-global-floodmaps/modelling/model_outputs/6951/inputs/mask.tif, P:/11212688-004-global-floodmaps/modelling/model_outputs/6951/inputs/boundaries_RP100_SLR_500.gpkg, P:/11212688-004-global-floodmaps/modelling/model_outputs/6951/inputs/dem.tif, P:/11212688-004-global-floodmaps/modelling/model_outputs/6951/inputs/friction.tif
    wildcards: tile_id=6951, return_period=RP100, waterlevel_name=SLR_500
    resources: tmpdir=C:\Users\schlumbe\AppData\Local\Temp

[Sat Jul 25 23:49:56 2026]
Finished job 1711.
308 of 425 steps (72%) done
Select jobs to execute...

[Sat Jul 25 23:49:56 2026]
rule write_aqueduct_config:
    input: P:/11212688-004-global-floodmaps/modelling/model_outputs/6951/inputs/dem.tif, P:/11212688-004-global-floodmaps/modelling/model_outputs/6951/inputs/mask.tif, P:/11212688-004-global-floodmaps/modelling/model_outputs/6951/inputs/friction.tif, P:/11212688-004-global-floodmaps/modelling/model_outputs/6951/inputs/boundaries_RP25_SLR_500.gpkg
    output: P:/11212688-004-global-floodmaps/modelling/model_outputs/6951/inputs/aqueduct_RP25_SLR_500.toml
    jobid: 1689
    reason: Missing output files: P:/11212688-004-global-floodmaps/modelling/model_outputs/6951/inputs/aqueduct_RP25_SLR_500.toml; Input files updated by another job: P:/11212688-004-global-floodmaps/modelling/model_outputs/6951/inputs/boundaries_RP25_SLR_500.gpkg, P:/11212688-004-global-floodmaps/modelling/model_outputs/6951/inputs/friction.tif, P:/11212688-004-global-floodmaps/modelling/model_outputs/6951/inputs/dem.tif, P:/11212688-004-global-floodmaps/modelling/model_outputs/6951/inputs/mask.tif
    wildcards: tile_id=6951, return_period=RP25, waterlevel_name=SLR_500
    resources: tmpdir=C:\Users\schlumbe\AppData\Local\Temp

[Sat Jul 25 23:49:56 2026]
Finished job 1636.
309 of 425 steps (73%) done
Select jobs to execute...

[Sat Jul 25 23:49:56 2026]
rule write_aqueduct_config:
    input: P:/11212688-004-global-floodmaps/modelling/model_outputs/6951/inputs/dem.tif, P:/11212688-004-global-floodmaps/modelling/model_outputs/6951/inputs/mask.tif, P:/11212688-004-global-floodmaps/modelling/model_outputs/6951/inputs/friction.tif, P:/11212688-004-global-floodmaps/modelling/model_outputs/6951/inputs/boundaries_RP10_SLR_2000.gpkg
    output: P:/11212688-004-global-floodmaps/modelling/model_outputs/6951/inputs/aqueduct_RP10_SLR_2000.toml
    jobid: 1667
    reason: Missing output files: P:/11212688-004-global-floodmaps/modelling/model_outputs/6951/inputs/aqueduct_RP10_SLR_2000.toml; Input files updated by another job: P:/11212688-004-global-floodmaps/modelling/model_outputs/6951/inputs/mask.tif, P:/11212688-004-global-floodmaps/modelling/model_outputs/6951/inputs/friction.tif, P:/11212688-004-global-floodmaps/modelling/model_outputs/6951/inputs/dem.tif, P:/11212688-004-global-floodmaps/modelling/model_outputs/6951/inputs/boundaries_RP10_SLR_2000.gpkg
    wildcards: tile_id=6951, return_period=RP10, waterlevel_name=SLR_2000
    resources: tmpdir=C:\Users\schlumbe\AppData\Local\Temp

[Sat Jul 25 23:49:56 2026]
Finished job 1719.
310 of 425 steps (73%) done
Select jobs to execute...

[Sat Jul 25 23:49:56 2026]
rule write_aqueduct_config:
    input: P:/11212688-004-global-floodmaps/modelling/model_outputs/6951/inputs/dem.tif, P:/11212688-004-global-floodmaps/modelling/model_outputs/6951/inputs/mask.tif, P:/11212688-004-global-floodmaps/modelling/model_outputs/6951/inputs/friction.tif, P:/11212688-004-global-floodmaps/modelling/model_outputs/6951/inputs/boundaries_RP100_SLR_1000.gpkg
    output: P:/11212688-004-global-floodmaps/modelling/model_outputs/6951/inputs/aqueduct_RP100_SLR_1000.toml
    jobid: 1653
    reason: Missing output files: P:/11212688-004-global-floodmaps/modelling/model_outputs/6951/inputs/aqueduct_RP100_SLR_1000.toml; Input files updated by another job: P:/11212688-004-global-floodmaps/modelling/model_outputs/6951/inputs/mask.tif, P:/11212688-004-global-floodmaps/modelling/model_outputs/6951/inputs/boundaries_RP100_SLR_1000.gpkg, P:/11212688-004-global-floodmaps/modelling/model_outputs/6951/inputs/friction.tif, P:/11212688-004-global-floodmaps/modelling/model_outputs/6951/inputs/dem.tif
    wildcards: tile_id=6951, return_period=RP100, waterlevel_name=SLR_1000
    resources: tmpdir=C:\Users\schlumbe\AppData\Local\Temp

[Sat Jul 25 23:49:57 2026]
Finished job 1659.
311 of 425 steps (73%) done
Select jobs to execute...

[Sat Jul 25 23:49:57 2026]
rule write_aqueduct_config:
    input: P:/11212688-004-global-floodmaps/modelling/model_outputs/6951/inputs/dem.tif, P:/11212688-004-global-floodmaps/modelling/model_outputs/6951/inputs/mask.tif, P:/11212688-004-global-floodmaps/modelling/model_outputs/6951/inputs/friction.tif, P:/11212688-004-global-floodmaps/modelling/model_outputs/6951/inputs/boundaries_RP50_SLR_1000.gpkg
    output: P:/11212688-004-global-floodmaps/modelling/model_outputs/6951/inputs/aqueduct_RP50_SLR_1000.toml
    jobid: 1713
    reason: Missing output files: P:/11212688-004-global-floodmaps/modelling/model_outputs/6951/inputs/aqueduct_RP50_SLR_1000.toml; Input files updated by another job: P:/11212688-004-global-floodmaps/modelling/model_outputs/6951/inputs/mask.tif, P:/11212688-004-global-floodmaps/modelling/model_outputs/6951/inputs/boundaries_RP50_SLR_1000.gpkg, P:/11212688-004-global-floodmaps/modelling/model_outputs/6951/inputs/friction.tif, P:/11212688-004-global-floodmaps/modelling/model_outputs/6951/inputs/dem.tif
    wildcards: tile_id=6951, return_period=RP50, waterlevel_name=SLR_1000
    resources: tmpdir=C:\Users\schlumbe\AppData\Local\Temp

[Sat Jul 25 23:49:57 2026]
Finished job 1689.
312 of 425 steps (73%) done
Select jobs to execute...

[Sat Jul 25 23:49:57 2026]
rule write_aqueduct_config:
    input: P:/11212688-004-global-floodmaps/modelling/model_outputs/6951/inputs/dem.tif, P:/11212688-004-global-floodmaps/modelling/model_outputs/6951/inputs/mask.tif, P:/11212688-004-global-floodmaps/modelling/model_outputs/6951/inputs/friction.tif, P:/11212688-004-global-floodmaps/modelling/model_outputs/6951/inputs/boundaries_RP1000_SLR_1500.gpkg
    output: P:/11212688-004-global-floodmaps/modelling/model_outputs/6951/inputs/aqueduct_RP1000_SLR_1500.toml
    jobid: 1645
    reason: Missing output files: P:/11212688-004-global-floodmaps/modelling/model_outputs/6951/inputs/aqueduct_RP1000_SLR_1500.toml; Input files updated by another job: P:/11212688-004-global-floodmaps/modelling/model_outputs/6951/inputs/mask.tif, P:/11212688-004-global-floodmaps/modelling/model_outputs/6951/inputs/boundaries_RP1000_SLR_1500.gpkg, P:/11212688-004-global-floodmaps/modelling/model_outputs/6951/inputs/friction.tif, P:/11212688-004-global-floodmaps/modelling/model_outputs/6951/inputs/dem.tif
    wildcards: tile_id=6951, return_period=RP1000, waterlevel_name=SLR_1500
    resources: tmpdir=C:\Users\schlumbe\AppData\Local\Temp

[Sat Jul 25 23:49:57 2026]
Finished job 1667.
313 of 425 steps (74%) done
Select jobs to execute...

[Sat Jul 25 23:49:57 2026]
rule write_aqueduct_config:
    input: P:/11212688-004-global-floodmaps/modelling/model_outputs/6951/inputs/dem.tif, P:/11212688-004-global-floodmaps/modelling/model_outputs/6951/inputs/mask.tif, P:/11212688-004-global-floodmaps/modelling/model_outputs/6951/inputs/friction.tif, P:/11212688-004-global-floodmaps/modelling/model_outputs/6951/inputs/boundaries_RP5_SLR_0.gpkg
    output: P:/11212688-004-global-floodmaps/modelling/model_outputs/6951/inputs/aqueduct_RP5_SLR_0.toml
    jobid: 1721
    reason: Missing output files: P:/11212688-004-global-floodmaps/modelling/model_outputs/6951/inputs/aqueduct_RP5_SLR_0.toml; Input files updated by another job: P:/11212688-004-global-floodmaps/modelling/model_outputs/6951/inputs/mask.tif, P:/11212688-004-global-floodmaps/modelling/model_outputs/6951/inputs/boundaries_RP5_SLR_0.gpkg, P:/11212688-004-global-floodmaps/modelling/model_outputs/6951/inputs/friction.tif, P:/11212688-004-global-floodmaps/modelling/model_outputs/6951/inputs/dem.tif
    wildcards: tile_id=6951, return_period=RP5, waterlevel_name=SLR_0
    resources: tmpdir=C:\Users\schlumbe\AppData\Local\Temp

[Sat Jul 25 23:49:57 2026]
Finished job 1653.
314 of 425 steps (74%) done
Select jobs to execute...

[Sat Jul 25 23:49:57 2026]
rule write_aqueduct_config:
    input: P:/11212688-004-global-floodmaps/modelling/model_outputs/6951/inputs/dem.tif, P:/11212688-004-global-floodmaps/modelling/model_outputs/6951/inputs/mask.tif, P:/11212688-004-global-floodmaps/modelling/model_outputs/6951/inputs/friction.tif, P:/11212688-004-global-floodmaps/modelling/model_outputs/6951/inputs/boundaries_RP10_SLR_0.gpkg
    output: P:/11212688-004-global-floodmaps/modelling/model_outputs/6951/inputs/aqueduct_RP10_SLR_0.toml
    jobid: 1661
    reason: Missing output files: P:/11212688-004-global-floodmaps/modelling/model_outputs/6951/inputs/aqueduct_RP10_SLR_0.toml; Input files updated by another job: P:/11212688-004-global-floodmaps/modelling/model_outputs/6951/inputs/boundaries_RP10_SLR_0.gpkg, P:/11212688-004-global-floodmaps/modelling/model_outputs/6951/inputs/friction.tif, P:/11212688-004-global-floodmaps/modelling/model_outputs/6951/inputs/dem.tif, P:/11212688-004-global-floodmaps/modelling/model_outputs/6951/inputs/mask.tif
    wildcards: tile_id=6951, return_period=RP10, waterlevel_name=SLR_0
    resources: tmpdir=C:\Users\schlumbe\AppData\Local\Temp

[Sat Jul 25 23:49:57 2026]
Finished job 1713.
315 of 425 steps (74%) done
Select jobs to execute...

[Sat Jul 25 23:49:57 2026]
rule write_aqueduct_config:
    input: P:/11212688-004-global-floodmaps/modelling/model_outputs/6951/inputs/dem.tif, P:/11212688-004-global-floodmaps/modelling/model_outputs/6951/inputs/mask.tif, P:/11212688-004-global-floodmaps/modelling/model_outputs/6951/inputs/friction.tif, P:/11212688-004-global-floodmaps/modelling/model_outputs/6951/inputs/boundaries_RP2_SLR_0.gpkg
    output: P:/11212688-004-global-floodmaps/modelling/model_outputs/6951/inputs/aqueduct_RP2_SLR_0.toml
    jobid: 1691
    reason: Missing output files: P:/11212688-004-global-floodmaps/modelling/model_outputs/6951/inputs/aqueduct_RP2_SLR_0.toml; Input files updated by another job: P:/11212688-004-global-floodmaps/modelling/model_outputs/6951/inputs/mask.tif, P:/11212688-004-global-floodmaps/modelling/model_outputs/6951/inputs/friction.tif, P:/11212688-004-global-floodmaps/modelling/model_outputs/6951/inputs/boundaries_RP2_SLR_0.gpkg, P:/11212688-004-global-floodmaps/modelling/model_outputs/6951/inputs/dem.tif
    wildcards: tile_id=6951, return_period=RP2, waterlevel_name=SLR_0
    resources: tmpdir=C:\Users\schlumbe\AppData\Local\Temp

[Sat Jul 25 23:49:57 2026]
Finished job 1645.
316 of 425 steps (74%) done
Select jobs to execute...

[Sat Jul 25 23:49:57 2026]
rule write_aqueduct_config:
    input: P:/11212688-004-global-floodmaps/modelling/model_outputs/6951/inputs/dem.tif, P:/11212688-004-global-floodmaps/modelling/model_outputs/6951/inputs/mask.tif, P:/11212688-004-global-floodmaps/modelling/model_outputs/6951/inputs/friction.tif, P:/11212688-004-global-floodmaps/modelling/model_outputs/6951/inputs/boundaries_RP5_SLR_2000.gpkg
    output: P:/11212688-004-global-floodmaps/modelling/model_outputs/6951/inputs/aqueduct_RP5_SLR_2000.toml
    jobid: 1727
    reason: Missing output files: P:/11212688-004-global-floodmaps/modelling/model_outputs/6951/inputs/aqueduct_RP5_SLR_2000.toml; Input files updated by another job: P:/11212688-004-global-floodmaps/modelling/model_outputs/6951/inputs/boundaries_RP5_SLR_2000.gpkg, P:/11212688-004-global-floodmaps/modelling/model_outputs/6951/inputs/friction.tif, P:/11212688-004-global-floodmaps/modelling/model_outputs/6951/inputs/dem.tif, P:/11212688-004-global-floodmaps/modelling/model_outputs/6951/inputs/mask.tif
    wildcards: tile_id=6951, return_period=RP5, waterlevel_name=SLR_2000
    resources: tmpdir=C:\Users\schlumbe\AppData\Local\Temp

[Sat Jul 25 23:49:57 2026]
Finished job 1721.
317 of 425 steps (75%) done
Select jobs to execute...

[Sat Jul 25 23:49:57 2026]
rule write_aqueduct_config:
    input: P:/11212688-004-global-floodmaps/modelling/model_outputs/6951/inputs/dem.tif, P:/11212688-004-global-floodmaps/modelling/model_outputs/6951/inputs/mask.tif, P:/11212688-004-global-floodmaps/modelling/model_outputs/6951/inputs/friction.tif, P:/11212688-004-global-floodmaps/modelling/model_outputs/6951/inputs/boundaries_RP1000_SLR_2000.gpkg
    output: P:/11212688-004-global-floodmaps/modelling/model_outputs/6951/inputs/aqueduct_RP1000_SLR_2000.toml
    jobid: 1647
    reason: Missing output files: P:/11212688-004-global-floodmaps/modelling/model_outputs/6951/inputs/aqueduct_RP1000_SLR_2000.toml; Input files updated by another job: P:/11212688-004-global-floodmaps/modelling/model_outputs/6951/inputs/mask.tif, P:/11212688-004-global-floodmaps/modelling/model_outputs/6951/inputs/boundaries_RP1000_SLR_2000.gpkg, P:/11212688-004-global-floodmaps/modelling/model_outputs/6951/inputs/dem.tif, P:/11212688-004-global-floodmaps/modelling/model_outputs/6951/inputs/friction.tif
    wildcards: tile_id=6951, return_period=RP1000, waterlevel_name=SLR_2000
    resources: tmpdir=C:\Users\schlumbe\AppData\Local\Temp

[Sat Jul 25 23:49:57 2026]
Finished job 1661.
318 of 425 steps (75%) done
Select jobs to execute...

[Sat Jul 25 23:49:57 2026]
rule write_aqueduct_config:
    input: P:/11212688-004-global-floodmaps/modelling/model_outputs/6951/inputs/dem.tif, P:/11212688-004-global-floodmaps/modelling/model_outputs/6951/inputs/mask.tif, P:/11212688-004-global-floodmaps/modelling/model_outputs/6951/inputs/friction.tif, P:/11212688-004-global-floodmaps/modelling/model_outputs/6951/inputs/boundaries_RP2_SLR_2000.gpkg
    output: P:/11212688-004-global-floodmaps/modelling/model_outputs/6951/inputs/aqueduct_RP2_SLR_2000.toml
    jobid: 1697
    reason: Missing output files: P:/11212688-004-global-floodmaps/modelling/model_outputs/6951/inputs/aqueduct_RP2_SLR_2000.toml; Input files updated by another job: P:/11212688-004-global-floodmaps/modelling/model_outputs/6951/inputs/mask.tif, P:/11212688-004-global-floodmaps/modelling/model_outputs/6951/inputs/friction.tif, P:/11212688-004-global-floodmaps/modelling/model_outputs/6951/inputs/boundaries_RP2_SLR_2000.gpkg, P:/11212688-004-global-floodmaps/modelling/model_outputs/6951/inputs/dem.tif
    wildcards: tile_id=6951, return_period=RP2, waterlevel_name=SLR_2000
    resources: tmpdir=C:\Users\schlumbe\AppData\Local\Temp

[Sat Jul 25 23:49:58 2026]
Finished job 1691.
319 of 425 steps (75%) done
Select jobs to execute...

[Sat Jul 25 23:49:58 2026]
rule write_aqueduct_config:
    input: P:/11212688-004-global-floodmaps/modelling/model_outputs/6951/inputs/dem.tif, P:/11212688-004-global-floodmaps/modelling/model_outputs/6951/inputs/mask.tif, P:/11212688-004-global-floodmaps/modelling/model_outputs/6951/inputs/friction.tif, P:/11212688-004-global-floodmaps/modelling/model_outputs/6951/inputs/boundaries_RP5_SLR_500.gpkg
    output: P:/11212688-004-global-floodmaps/modelling/model_outputs/6951/inputs/aqueduct_RP5_SLR_500.toml
    jobid: 1729
    reason: Missing output files: P:/11212688-004-global-floodmaps/modelling/model_outputs/6951/inputs/aqueduct_RP5_SLR_500.toml; Input files updated by another job: P:/11212688-004-global-floodmaps/modelling/model_outputs/6951/inputs/mask.tif, P:/11212688-004-global-floodmaps/modelling/model_outputs/6951/inputs/boundaries_RP5_SLR_500.gpkg, P:/11212688-004-global-floodmaps/modelling/model_outputs/6951/inputs/friction.tif, P:/11212688-004-global-floodmaps/modelling/model_outputs/6951/inputs/dem.tif
    wildcards: tile_id=6951, return_period=RP5, waterlevel_name=SLR_500
    resources: tmpdir=C:\Users\schlumbe\AppData\Local\Temp

[Sat Jul 25 23:49:58 2026]
Finished job 1727.
320 of 425 steps (75%) done
Select jobs to execute...

[Sat Jul 25 23:49:58 2026]
rule write_aqueduct_config:
    input: P:/11212688-004-global-floodmaps/modelling/model_outputs/6951/inputs/dem.tif, P:/11212688-004-global-floodmaps/modelling/model_outputs/6951/inputs/mask.tif, P:/11212688-004-global-floodmaps/modelling/model_outputs/6951/inputs/friction.tif, P:/11212688-004-global-floodmaps/modelling/model_outputs/6951/inputs/boundaries_RP10_SLR_500.gpkg
    output: P:/11212688-004-global-floodmaps/modelling/model_outputs/6951/inputs/aqueduct_RP10_SLR_500.toml
    jobid: 1669
    reason: Missing output files: P:/11212688-004-global-floodmaps/modelling/model_outputs/6951/inputs/aqueduct_RP10_SLR_500.toml; Input files updated by another job: P:/11212688-004-global-floodmaps/modelling/model_outputs/6951/inputs/mask.tif, P:/11212688-004-global-floodmaps/modelling/model_outputs/6951/inputs/boundaries_RP10_SLR_500.gpkg, P:/11212688-004-global-floodmaps/modelling/model_outputs/6951/inputs/friction.tif, P:/11212688-004-global-floodmaps/modelling/model_outputs/6951/inputs/dem.tif
    wildcards: tile_id=6951, return_period=RP10, waterlevel_name=SLR_500
    resources: tmpdir=C:\Users\schlumbe\AppData\Local\Temp

[Sat Jul 25 23:49:58 2026]
Finished job 1647.
321 of 425 steps (76%) done
Select jobs to execute...

[Sat Jul 25 23:49:58 2026]
rule write_aqueduct_config:
    input: P:/11212688-004-global-floodmaps/modelling/model_outputs/6951/inputs/dem.tif, P:/11212688-004-global-floodmaps/modelling/model_outputs/6951/inputs/mask.tif, P:/11212688-004-global-floodmaps/modelling/model_outputs/6951/inputs/friction.tif, P:/11212688-004-global-floodmaps/modelling/model_outputs/6951/inputs/boundaries_RP2_SLR_500.gpkg
    output: P:/11212688-004-global-floodmaps/modelling/model_outputs/6951/inputs/aqueduct_RP2_SLR_500.toml
    jobid: 1699
    reason: Missing output files: P:/11212688-004-global-floodmaps/modelling/model_outputs/6951/inputs/aqueduct_RP2_SLR_500.toml; Input files updated by another job: P:/11212688-004-global-floodmaps/modelling/model_outputs/6951/inputs/mask.tif, P:/11212688-004-global-floodmaps/modelling/model_outputs/6951/inputs/friction.tif, P:/11212688-004-global-floodmaps/modelling/model_outputs/6951/inputs/boundaries_RP2_SLR_500.gpkg, P:/11212688-004-global-floodmaps/modelling/model_outputs/6951/inputs/dem.tif
    wildcards: tile_id=6951, return_period=RP2, waterlevel_name=SLR_500
    resources: tmpdir=C:\Users\schlumbe\AppData\Local\Temp

[Sat Jul 25 23:49:58 2026]
Finished job 1697.
322 of 425 steps (76%) done
Select jobs to execute...

[Sat Jul 25 23:49:58 2026]
rule write_aqueduct_config:
    input: P:/11212688-004-global-floodmaps/modelling/model_outputs/6951/inputs/dem.tif, P:/11212688-004-global-floodmaps/modelling/model_outputs/6951/inputs/mask.tif, P:/11212688-004-global-floodmaps/modelling/model_outputs/6951/inputs/friction.tif, P:/11212688-004-global-floodmaps/modelling/model_outputs/6951/inputs/boundaries_RP250_SLR_2000.gpkg
    output: P:/11212688-004-global-floodmaps/modelling/model_outputs/6951/inputs/aqueduct_RP250_SLR_2000.toml
    jobid: 1677
    reason: Missing output files: P:/11212688-004-global-floodmaps/modelling/model_outputs/6951/inputs/aqueduct_RP250_SLR_2000.toml; Input files updated by another job: P:/11212688-004-global-floodmaps/modelling/model_outputs/6951/inputs/boundaries_RP250_SLR_2000.gpkg, P:/11212688-004-global-floodmaps/modelling/model_outputs/6951/inputs/friction.tif, P:/11212688-004-global-floodmaps/modelling/model_outputs/6951/inputs/dem.tif, P:/11212688-004-global-floodmaps/modelling/model_outputs/6951/inputs/mask.tif
    wildcards: tile_id=6951, return_period=RP250, waterlevel_name=SLR_2000
    resources: tmpdir=C:\Users\schlumbe\AppData\Local\Temp

[Sat Jul 25 23:49:58 2026]
Finished job 1729.
323 of 425 steps (76%) done
Select jobs to execute...

[Sat Jul 25 23:49:58 2026]
rule write_aqueduct_config:
    input: P:/11212688-004-global-floodmaps/modelling/model_outputs/6951/inputs/dem.tif, P:/11212688-004-global-floodmaps/modelling/model_outputs/6951/inputs/mask.tif, P:/11212688-004-global-floodmaps/modelling/model_outputs/6951/inputs/friction.tif, P:/11212688-004-global-floodmaps/modelling/model_outputs/6951/inputs/boundaries_RP250_SLR_1500.gpkg
    output: P:/11212688-004-global-floodmaps/modelling/model_outputs/6951/inputs/aqueduct_RP250_SLR_1500.toml
    jobid: 1675
    reason: Missing output files: P:/11212688-004-global-floodmaps/modelling/model_outputs/6951/inputs/aqueduct_RP250_SLR_1500.toml; Input files updated by another job: P:/11212688-004-global-floodmaps/modelling/model_outputs/6951/inputs/boundaries_RP250_SLR_1500.gpkg, P:/11212688-004-global-floodmaps/modelling/model_outputs/6951/inputs/friction.tif, P:/11212688-004-global-floodmaps/modelling/model_outputs/6951/inputs/dem.tif, P:/11212688-004-global-floodmaps/modelling/model_outputs/6951/inputs/mask.tif
    wildcards: tile_id=6951, return_period=RP250, waterlevel_name=SLR_1500
    resources: tmpdir=C:\Users\schlumbe\AppData\Local\Temp

[Sat Jul 25 23:49:58 2026]
Finished job 1669.
324 of 425 steps (76%) done
Select jobs to execute...

[Sat Jul 25 23:49:58 2026]
rule write_aqueduct_config:
    input: P:/11212688-004-global-floodmaps/modelling/model_outputs/6951/inputs/dem.tif, P:/11212688-004-global-floodmaps/modelling/model_outputs/6951/inputs/mask.tif, P:/11212688-004-global-floodmaps/modelling/model_outputs/6951/inputs/friction.tif, P:/11212688-004-global-floodmaps/modelling/model_outputs/6951/inputs/boundaries_RP500_SLR_1500.gpkg
    output: P:/11212688-004-global-floodmaps/modelling/model_outputs/6951/inputs/aqueduct_RP500_SLR_1500.toml
    jobid: 1705
    reason: Missing output files: P:/11212688-004-global-floodmaps/modelling/model_outputs/6951/inputs/aqueduct_RP500_SLR_1500.toml; Input files updated by another job: P:/11212688-004-global-floodmaps/modelling/model_outputs/6951/inputs/boundaries_RP500_SLR_1500.gpkg, P:/11212688-004-global-floodmaps/modelling/model_outputs/6951/inputs/friction.tif, P:/11212688-004-global-floodmaps/modelling/model_outputs/6951/inputs/dem.tif, P:/11212688-004-global-floodmaps/modelling/model_outputs/6951/inputs/mask.tif
    wildcards: tile_id=6951, return_period=RP500, waterlevel_name=SLR_1500
    resources: tmpdir=C:\Users\schlumbe\AppData\Local\Temp

[Sat Jul 25 23:49:58 2026]
Finished job 1699.
325 of 425 steps (76%) done
Select jobs to execute...

[Sat Jul 25 23:49:58 2026]
rule write_aqueduct_config:
    input: P:/11212688-004-global-floodmaps/modelling/model_outputs/6951/inputs/dem.tif, P:/11212688-004-global-floodmaps/modelling/model_outputs/6951/inputs/mask.tif, P:/11212688-004-global-floodmaps/modelling/model_outputs/6951/inputs/friction.tif, P:/11212688-004-global-floodmaps/modelling/model_outputs/6951/inputs/boundaries_RP500_SLR_2000.gpkg
    output: P:/11212688-004-global-floodmaps/modelling/model_outputs/6951/inputs/aqueduct_RP500_SLR_2000.toml
    jobid: 1707
    reason: Missing output files: P:/11212688-004-global-floodmaps/modelling/model_outputs/6951/inputs/aqueduct_RP500_SLR_2000.toml; Input files updated by another job: P:/11212688-004-global-floodmaps/modelling/model_outputs/6951/inputs/mask.tif, P:/11212688-004-global-floodmaps/modelling/model_outputs/6951/inputs/boundaries_RP500_SLR_2000.gpkg, P:/11212688-004-global-floodmaps/modelling/model_outputs/6951/inputs/friction.tif, P:/11212688-004-global-floodmaps/modelling/model_outputs/6951/inputs/dem.tif
    wildcards: tile_id=6951, return_period=RP500, waterlevel_name=SLR_2000
    resources: tmpdir=C:\Users\schlumbe\AppData\Local\Temp

[Sat Jul 25 23:49:58 2026]
Finished job 1677.
326 of 425 steps (77%) done
Select jobs to execute...

[Sat Jul 25 23:49:58 2026]
rule write_aqueduct_config:
    input: P:/11212688-004-global-floodmaps/modelling/model_outputs/6951/inputs/dem.tif, P:/11212688-004-global-floodmaps/modelling/model_outputs/6951/inputs/mask.tif, P:/11212688-004-global-floodmaps/modelling/model_outputs/6951/inputs/friction.tif, P:/11212688-004-global-floodmaps/modelling/model_outputs/6951/inputs/boundaries_RP25_SLR_1000.gpkg
    output: P:/11212688-004-global-floodmaps/modelling/model_outputs/6951/inputs/aqueduct_RP25_SLR_1000.toml
    jobid: 1683
    reason: Missing output files: P:/11212688-004-global-floodmaps/modelling/model_outputs/6951/inputs/aqueduct_RP25_SLR_1000.toml; Input files updated by another job: P:/11212688-004-global-floodmaps/modelling/model_outputs/6951/inputs/mask.tif, P:/11212688-004-global-floodmaps/modelling/model_outputs/6951/inputs/friction.tif, P:/11212688-004-global-floodmaps/modelling/model_outputs/6951/inputs/boundaries_RP25_SLR_1000.gpkg, P:/11212688-004-global-floodmaps/modelling/model_outputs/6951/inputs/dem.tif
    wildcards: tile_id=6951, return_period=RP25, waterlevel_name=SLR_1000
    resources: tmpdir=C:\Users\schlumbe\AppData\Local\Temp

[Sat Jul 25 23:49:59 2026]
Finished job 1675.
327 of 425 steps (77%) done
Select jobs to execute...

[Sat Jul 25 23:49:59 2026]
rule extract_tile_geometry:
    output: P:/11212688-004-global-floodmaps/modelling/model_outputs/6900/inputs/tile_geometry.gpkg
    jobid: 784
    reason: Missing output files: P:/11212688-004-global-floodmaps/modelling/model_outputs/6900/inputs/tile_geometry.gpkg
    wildcards: tile_id=6900
    resources: tmpdir=C:\Users\schlumbe\AppData\Local\Temp

[Sat Jul 25 23:49:59 2026]
Finished job 1705.
328 of 425 steps (77%) done
[Sat Jul 25 23:49:59 2026]
Finished job 1707.
329 of 425 steps (77%) done
[Sat Jul 25 23:49:59 2026]
Finished job 1683.
330 of 425 steps (78%) done
[Sat Jul 25 23:50:03 2026]
Finished job 784.
331 of 425 steps (78%) done
Select jobs to execute...

[Sat Jul 25 23:50:03 2026]
rule extract_boundaries:
    input: P:/11212688-004-global-floodmaps/modelling/model_outputs/6900/inputs/tile_geometry.gpkg
    output: P:/11212688-004-global-floodmaps/modelling/model_outputs/6900/inputs/boundaries_RP100_SLR_1500.gpkg
    jobid: 801
    reason: Missing output files: P:/11212688-004-global-floodmaps/modelling/model_outputs/6900/inputs/boundaries_RP100_SLR_1500.gpkg; Input files updated by another job: P:/11212688-004-global-floodmaps/modelling/model_outputs/6900/inputs/tile_geometry.gpkg
    wildcards: tile_id=6900, return_period=RP100, waterlevel_name=SLR_1500
    resources: tmpdir=C:\Users\schlumbe\AppData\Local\Temp

[Sat Jul 25 23:50:03 2026]
rule extract_boundaries:
    input: P:/11212688-004-global-floodmaps/modelling/model_outputs/6900/inputs/tile_geometry.gpkg
    output: P:/11212688-004-global-floodmaps/modelling/model_outputs/6900/inputs/boundaries_RP25_SLR_1500.gpkg
    jobid: 831
    reason: Missing output files: P:/11212688-004-global-floodmaps/modelling/model_outputs/6900/inputs/boundaries_RP25_SLR_1500.gpkg; Input files updated by another job: P:/11212688-004-global-floodmaps/modelling/model_outputs/6900/inputs/tile_geometry.gpkg
    wildcards: tile_id=6900, return_period=RP25, waterlevel_name=SLR_1500
    resources: tmpdir=C:\Users\schlumbe\AppData\Local\Temp


[Sat Jul 25 23:50:03 2026]
rule extract_boundaries:
    input: P:/11212688-004-global-floodmaps/modelling/model_outputs/6900/inputs/tile_geometry.gpkg
    output: P:/11212688-004-global-floodmaps/modelling/model_outputs/6900/inputs/boundaries_RP2_SLR_1000.gpkg
    jobid: 839
    reason: Missing output files: P:/11212688-004-global-floodmaps/modelling/model_outputs/6900/inputs/boundaries_RP2_SLR_1000.gpkg; Input files updated by another job: P:/11212688-004-global-floodmaps/modelling/model_outputs/6900/inputs/tile_geometry.gpkg
    wildcards: tile_id=6900, return_period=RP2, waterlevel_name=SLR_1000
    resources: tmpdir=C:\Users\schlumbe\AppData\Local\Temp


[Sat Jul 25 23:50:03 2026]
rule extract_boundaries:
    input: P:/11212688-004-global-floodmaps/modelling/model_outputs/6900/inputs/tile_geometry.gpkg
    output: P:/11212688-004-global-floodmaps/modelling/model_outputs/6900/inputs/boundaries_RP50_SLR_1500.gpkg
    jobid: 861
    reason: Missing output files: P:/11212688-004-global-floodmaps/modelling/model_outputs/6900/inputs/boundaries_RP50_SLR_1500.gpkg; Input files updated by another job: P:/11212688-004-global-floodmaps/modelling/model_outputs/6900/inputs/tile_geometry.gpkg
    wildcards: tile_id=6900, return_period=RP50, waterlevel_name=SLR_1500
    resources: tmpdir=C:\Users\schlumbe\AppData\Local\Temp

[Sat Jul 25 23:50:14 2026]
Finished job 801.
332 of 425 steps (78%) done
[Sat Jul 25 23:50:14 2026]
Finished job 831.
333 of 425 steps (78%) done
Select jobs to execute...

[Sat Jul 25 23:50:14 2026]
rule extract_boundaries:
    input: P:/11212688-004-global-floodmaps/modelling/model_outputs/6900/inputs/tile_geometry.gpkg
    output: P:/11212688-004-global-floodmaps/modelling/model_outputs/6900/inputs/boundaries_RP10_SLR_1000.gpkg
    jobid: 809
    reason: Missing output files: P:/11212688-004-global-floodmaps/modelling/model_outputs/6900/inputs/boundaries_RP10_SLR_1000.gpkg; Input files updated by another job: P:/11212688-004-global-floodmaps/modelling/model_outputs/6900/inputs/tile_geometry.gpkg
    wildcards: tile_id=6900, return_period=RP10, waterlevel_name=SLR_1000
    resources: tmpdir=C:\Users\schlumbe\AppData\Local\Temp

[Sat Jul 25 23:50:14 2026]
rule extract_boundaries:
    input: P:/11212688-004-global-floodmaps/modelling/model_outputs/6900/inputs/tile_geometry.gpkg
    output: P:/11212688-004-global-floodmaps/modelling/model_outputs/6900/inputs/boundaries_RP5_SLR_1000.gpkg
    jobid: 869
    reason: Missing output files: P:/11212688-004-global-floodmaps/modelling/model_outputs/6900/inputs/boundaries_RP5_SLR_1000.gpkg; Input files updated by another job: P:/11212688-004-global-floodmaps/modelling/model_outputs/6900/inputs/tile_geometry.gpkg
    wildcards: tile_id=6900, return_period=RP5, waterlevel_name=SLR_1000
    resources: tmpdir=C:\Users\schlumbe\AppData\Local\Temp

[Sat Jul 25 23:50:14 2026]
Finished job 861.
334 of 425 steps (79%) done
[Sat Jul 25 23:50:14 2026]
Finished job 839.
335 of 425 steps (79%) done
Select jobs to execute...

[Sat Jul 25 23:50:14 2026]
rule extract_boundaries:
    input: P:/11212688-004-global-floodmaps/modelling/model_outputs/6900/inputs/tile_geometry.gpkg
    output: P:/11212688-004-global-floodmaps/modelling/model_outputs/6900/inputs/boundaries_RP250_SLR_0.gpkg
    jobid: 817
    reason: Missing output files: P:/11212688-004-global-floodmaps/modelling/model_outputs/6900/inputs/boundaries_RP250_SLR_0.gpkg; Input files updated by another job: P:/11212688-004-global-floodmaps/modelling/model_outputs/6900/inputs/tile_geometry.gpkg
    wildcards: tile_id=6900, return_period=RP250, waterlevel_name=SLR_0
    resources: tmpdir=C:\Users\schlumbe\AppData\Local\Temp

[Sat Jul 25 23:50:14 2026]
rule extract_boundaries:
    input: P:/11212688-004-global-floodmaps/modelling/model_outputs/6900/inputs/tile_geometry.gpkg
    output: P:/11212688-004-global-floodmaps/modelling/model_outputs/6900/inputs/boundaries_RP1000_SLR_2000.gpkg
    jobid: 793
    reason: Missing output files: P:/11212688-004-global-floodmaps/modelling/model_outputs/6900/inputs/boundaries_RP1000_SLR_2000.gpkg; Input files updated by another job: P:/11212688-004-global-floodmaps/modelling/model_outputs/6900/inputs/tile_geometry.gpkg
    wildcards: tile_id=6900, return_period=RP1000, waterlevel_name=SLR_2000
    resources: tmpdir=C:\Users\schlumbe\AppData\Local\Temp

Select jobs to execute...
[Sat Jul 25 23:50:25 2026]
Finished job 793.
336 of 425 steps (79%) done
[Sat Jul 25 23:50:25 2026]
Finished job 817.
337 of 425 steps (79%) done
[Sat Jul 25 23:50:25 2026]
Finished job 869.
338 of 425 steps (80%) done

[Sat Jul 25 23:50:25 2026]
rule extract_boundaries:
    input: P:/11212688-004-global-floodmaps/modelling/model_outputs/6900/inputs/tile_geometry.gpkg
    output: P:/11212688-004-global-floodmaps/modelling/model_outputs/6900/inputs/boundaries_RP1000_SLR_0.gpkg
    jobid: 787
    reason: Missing output files: P:/11212688-004-global-floodmaps/modelling/model_outputs/6900/inputs/boundaries_RP1000_SLR_0.gpkg; Input files updated by another job: P:/11212688-004-global-floodmaps/modelling/model_outputs/6900/inputs/tile_geometry.gpkg
    wildcards: tile_id=6900, return_period=RP1000, waterlevel_name=SLR_0
    resources: tmpdir=C:\Users\schlumbe\AppData\Local\Temp

[Sat Jul 25 23:50:25 2026]
rule extract_boundaries:
    input: P:/11212688-004-global-floodmaps/modelling/model_outputs/6900/inputs/tile_geometry.gpkg
    output: P:/11212688-004-global-floodmaps/modelling/model_outputs/6900/inputs/boundaries_RP250_SLR_500.gpkg
    jobid: 825
    reason: Missing output files: P:/11212688-004-global-floodmaps/modelling/model_outputs/6900/inputs/boundaries_RP250_SLR_500.gpkg; Input files updated by another job: P:/11212688-004-global-floodmaps/modelling/model_outputs/6900/inputs/tile_geometry.gpkg
    wildcards: tile_id=6900, return_period=RP250, waterlevel_name=SLR_500
    resources: tmpdir=C:\Users\schlumbe\AppData\Local\Temp


[Sat Jul 25 23:50:25 2026]
rule extract_boundaries:
    input: P:/11212688-004-global-floodmaps/modelling/model_outputs/6900/inputs/tile_geometry.gpkg
    output: P:/11212688-004-global-floodmaps/modelling/model_outputs/6900/inputs/boundaries_RP500_SLR_0.gpkg
    jobid: 847
    reason: Missing output files: P:/11212688-004-global-floodmaps/modelling/model_outputs/6900/inputs/boundaries_RP500_SLR_0.gpkg; Input files updated by another job: P:/11212688-004-global-floodmaps/modelling/model_outputs/6900/inputs/tile_geometry.gpkg
    wildcards: tile_id=6900, return_period=RP500, waterlevel_name=SLR_0
    resources: tmpdir=C:\Users\schlumbe\AppData\Local\Temp

[Sat Jul 25 23:50:25 2026]
Finished job 809.
339 of 425 steps (80%) done
Select jobs to execute...

[Sat Jul 25 23:50:25 2026]
rule extract_boundaries:
    input: P:/11212688-004-global-floodmaps/modelling/model_outputs/6900/inputs/tile_geometry.gpkg
    output: P:/11212688-004-global-floodmaps/modelling/model_outputs/6900/inputs/boundaries_RP500_SLR_500.gpkg
    jobid: 855
    reason: Missing output files: P:/11212688-004-global-floodmaps/modelling/model_outputs/6900/inputs/boundaries_RP500_SLR_500.gpkg; Input files updated by another job: P:/11212688-004-global-floodmaps/modelling/model_outputs/6900/inputs/tile_geometry.gpkg
    wildcards: tile_id=6900, return_period=RP500, waterlevel_name=SLR_500
    resources: tmpdir=C:\Users\schlumbe\AppData\Local\Temp

Select jobs to execute...
[Sat Jul 25 23:50:35 2026]
Finished job 825.
340 of 425 steps (80%) done

[Sat Jul 25 23:50:35 2026]
rule extract_boundaries:
    input: P:/11212688-004-global-floodmaps/modelling/model_outputs/6900/inputs/tile_geometry.gpkg
    output: P:/11212688-004-global-floodmaps/modelling/model_outputs/6900/inputs/boundaries_RP1000_SLR_500.gpkg
    jobid: 795
    reason: Missing output files: P:/11212688-004-global-floodmaps/modelling/model_outputs/6900/inputs/boundaries_RP1000_SLR_500.gpkg; Input files updated by another job: P:/11212688-004-global-floodmaps/modelling/model_outputs/6900/inputs/tile_geometry.gpkg
    wildcards: tile_id=6900, return_period=RP1000, waterlevel_name=SLR_500
    resources: tmpdir=C:\Users\schlumbe\AppData\Local\Temp

[Sat Jul 25 23:50:35 2026]
Finished job 787.
341 of 425 steps (80%) done
[Sat Jul 25 23:50:35 2026]
Finished job 847.
342 of 425 steps (80%) done
[Sat Jul 25 23:50:35 2026]
Finished job 855.
343 of 425 steps (81%) done
Select jobs to execute...

[Sat Jul 25 23:50:35 2026]
rule extract_boundaries:
    input: P:/11212688-004-global-floodmaps/modelling/model_outputs/6900/inputs/tile_geometry.gpkg
    output: P:/11212688-004-global-floodmaps/modelling/model_outputs/6900/inputs/boundaries_RP25_SLR_2000.gpkg
    jobid: 833
    reason: Missing output files: P:/11212688-004-global-floodmaps/modelling/model_outputs/6900/inputs/boundaries_RP25_SLR_2000.gpkg; Input files updated by another job: P:/11212688-004-global-floodmaps/modelling/model_outputs/6900/inputs/tile_geometry.gpkg
    wildcards: tile_id=6900, return_period=RP25, waterlevel_name=SLR_2000
    resources: tmpdir=C:\Users\schlumbe\AppData\Local\Temp

[Sat Jul 25 23:50:35 2026]
rule extract_boundaries:
    input: P:/11212688-004-global-floodmaps/modelling/model_outputs/6900/inputs/tile_geometry.gpkg
    output: P:/11212688-004-global-floodmaps/modelling/model_outputs/6900/inputs/boundaries_RP100_SLR_2000.gpkg
    jobid: 803
    reason: Missing output files: P:/11212688-004-global-floodmaps/modelling/model_outputs/6900/inputs/boundaries_RP100_SLR_2000.gpkg; Input files updated by another job: P:/11212688-004-global-floodmaps/modelling/model_outputs/6900/inputs/tile_geometry.gpkg
    wildcards: tile_id=6900, return_period=RP100, waterlevel_name=SLR_2000
    resources: tmpdir=C:\Users\schlumbe\AppData\Local\Temp


[Sat Jul 25 23:50:35 2026]
rule extract_boundaries:
    input: P:/11212688-004-global-floodmaps/modelling/model_outputs/6900/inputs/tile_geometry.gpkg
    output: P:/11212688-004-global-floodmaps/modelling/model_outputs/6900/inputs/boundaries_RP50_SLR_2000.gpkg
    jobid: 863
    reason: Missing output files: P:/11212688-004-global-floodmaps/modelling/model_outputs/6900/inputs/boundaries_RP50_SLR_2000.gpkg; Input files updated by another job: P:/11212688-004-global-floodmaps/modelling/model_outputs/6900/inputs/tile_geometry.gpkg
    wildcards: tile_id=6900, return_period=RP50, waterlevel_name=SLR_2000
    resources: tmpdir=C:\Users\schlumbe\AppData\Local\Temp

Select jobs to execute...
[Sat Jul 25 23:50:46 2026]
Finished job 795.
344 of 425 steps (81%) done

[Sat Jul 25 23:50:46 2026]
rule extract_boundaries:
    input: P:/11212688-004-global-floodmaps/modelling/model_outputs/6900/inputs/tile_geometry.gpkg
    output: P:/11212688-004-global-floodmaps/modelling/model_outputs/6900/inputs/boundaries_RP2_SLR_1500.gpkg
    jobid: 841
    reason: Missing output files: P:/11212688-004-global-floodmaps/modelling/model_outputs/6900/inputs/boundaries_RP2_SLR_1500.gpkg; Input files updated by another job: P:/11212688-004-global-floodmaps/modelling/model_outputs/6900/inputs/tile_geometry.gpkg
    wildcards: tile_id=6900, return_period=RP2, waterlevel_name=SLR_1500
    resources: tmpdir=C:\Users\schlumbe\AppData\Local\Temp

[Sat Jul 25 23:50:46 2026]
Finished job 863.
345 of 425 steps (81%) done
[Sat Jul 25 23:50:46 2026]
Finished job 833.
346 of 425 steps (81%) done
[Sat Jul 25 23:50:46 2026]
Finished job 803.
347 of 425 steps (82%) done
Select jobs to execute...

[Sat Jul 25 23:50:46 2026]
rule extract_boundaries:
    input: P:/11212688-004-global-floodmaps/modelling/model_outputs/6900/inputs/tile_geometry.gpkg
    output: P:/11212688-004-global-floodmaps/modelling/model_outputs/6900/inputs/boundaries_RP250_SLR_1000.gpkg
    jobid: 819
    reason: Missing output files: P:/11212688-004-global-floodmaps/modelling/model_outputs/6900/inputs/boundaries_RP250_SLR_1000.gpkg; Input files updated by another job: P:/11212688-004-global-floodmaps/modelling/model_outputs/6900/inputs/tile_geometry.gpkg
    wildcards: tile_id=6900, return_period=RP250, waterlevel_name=SLR_1000
    resources: tmpdir=C:\Users\schlumbe\AppData\Local\Temp

[Sat Jul 25 23:50:46 2026]
rule extract_boundaries:
    input: P:/11212688-004-global-floodmaps/modelling/model_outputs/6900/inputs/tile_geometry.gpkg
    output: P:/11212688-004-global-floodmaps/modelling/model_outputs/6900/inputs/boundaries_RP10_SLR_1500.gpkg
    jobid: 811
    reason: Missing output files: P:/11212688-004-global-floodmaps/modelling/model_outputs/6900/inputs/boundaries_RP10_SLR_1500.gpkg; Input files updated by another job: P:/11212688-004-global-floodmaps/modelling/model_outputs/6900/inputs/tile_geometry.gpkg
    wildcards: tile_id=6900, return_period=RP10, waterlevel_name=SLR_1500
    resources: tmpdir=C:\Users\schlumbe\AppData\Local\Temp


[Sat Jul 25 23:50:46 2026]
rule extract_boundaries:
    input: P:/11212688-004-global-floodmaps/modelling/model_outputs/6900/inputs/tile_geometry.gpkg
    output: P:/11212688-004-global-floodmaps/modelling/model_outputs/6900/inputs/boundaries_RP5_SLR_1500.gpkg
    jobid: 871
    reason: Missing output files: P:/11212688-004-global-floodmaps/modelling/model_outputs/6900/inputs/boundaries_RP5_SLR_1500.gpkg; Input files updated by another job: P:/11212688-004-global-floodmaps/modelling/model_outputs/6900/inputs/tile_geometry.gpkg
    wildcards: tile_id=6900, return_period=RP5, waterlevel_name=SLR_1500
    resources: tmpdir=C:\Users\schlumbe\AppData\Local\Temp

Select jobs to execute...
[Sat Jul 25 23:50:56 2026]
Finished job 841.
348 of 425 steps (82%) done

[Sat Jul 25 23:50:56 2026]
rule extract_boundaries:
    input: P:/11212688-004-global-floodmaps/modelling/model_outputs/6900/inputs/tile_geometry.gpkg
    output: P:/11212688-004-global-floodmaps/modelling/model_outputs/6900/inputs/boundaries_RP1000_SLR_1000.gpkg
    jobid: 789
    reason: Missing output files: P:/11212688-004-global-floodmaps/modelling/model_outputs/6900/inputs/boundaries_RP1000_SLR_1000.gpkg; Input files updated by another job: P:/11212688-004-global-floodmaps/modelling/model_outputs/6900/inputs/tile_geometry.gpkg
    wildcards: tile_id=6900, return_period=RP1000, waterlevel_name=SLR_1000
    resources: tmpdir=C:\Users\schlumbe\AppData\Local\Temp

[Sat Jul 25 23:50:56 2026]
Finished job 871.
349 of 425 steps (82%) done
Select jobs to execute...

[Sat Jul 25 23:50:56 2026]
rule extract_boundaries:
    input: P:/11212688-004-global-floodmaps/modelling/model_outputs/6900/inputs/tile_geometry.gpkg
    output: P:/11212688-004-global-floodmaps/modelling/model_outputs/6900/inputs/boundaries_RP500_SLR_1000.gpkg
    jobid: 849
    reason: Missing output files: P:/11212688-004-global-floodmaps/modelling/model_outputs/6900/inputs/boundaries_RP500_SLR_1000.gpkg; Input files updated by another job: P:/11212688-004-global-floodmaps/modelling/model_outputs/6900/inputs/tile_geometry.gpkg
    wildcards: tile_id=6900, return_period=RP500, waterlevel_name=SLR_1000
    resources: tmpdir=C:\Users\schlumbe\AppData\Local\Temp

[Sat Jul 25 23:50:56 2026]
Finished job 811.
350 of 425 steps (82%) done
[Sat Jul 25 23:50:56 2026]
Finished job 819.
351 of 425 steps (83%) done
Select jobs to execute...

[Sat Jul 25 23:50:56 2026]
rule extract_boundaries:
    input: P:/11212688-004-global-floodmaps/modelling/model_outputs/6900/inputs/tile_geometry.gpkg
    output: P:/11212688-004-global-floodmaps/modelling/model_outputs/6900/inputs/boundaries_RP25_SLR_0.gpkg
    jobid: 827
    reason: Missing output files: P:/11212688-004-global-floodmaps/modelling/model_outputs/6900/inputs/boundaries_RP25_SLR_0.gpkg; Input files updated by another job: P:/11212688-004-global-floodmaps/modelling/model_outputs/6900/inputs/tile_geometry.gpkg
    wildcards: tile_id=6900, return_period=RP25, waterlevel_name=SLR_0
    resources: tmpdir=C:\Users\schlumbe\AppData\Local\Temp

[Sat Jul 25 23:50:56 2026]
rule extract_boundaries:
    input: P:/11212688-004-global-floodmaps/modelling/model_outputs/6900/inputs/tile_geometry.gpkg
    output: P:/11212688-004-global-floodmaps/modelling/model_outputs/6900/inputs/boundaries_RP100_SLR_0.gpkg
    jobid: 797
    reason: Missing output files: P:/11212688-004-global-floodmaps/modelling/model_outputs/6900/inputs/boundaries_RP100_SLR_0.gpkg; Input files updated by another job: P:/11212688-004-global-floodmaps/modelling/model_outputs/6900/inputs/tile_geometry.gpkg
    wildcards: tile_id=6900, return_period=RP100, waterlevel_name=SLR_0
    resources: tmpdir=C:\Users\schlumbe\AppData\Local\Temp

Select jobs to execute...
[Sat Jul 25 23:51:07 2026]
Finished job 849.
352 of 425 steps (83%) done

[Sat Jul 25 23:51:07 2026]
rule extract_boundaries:
    input: P:/11212688-004-global-floodmaps/modelling/model_outputs/6900/inputs/tile_geometry.gpkg
    output: P:/11212688-004-global-floodmaps/modelling/model_outputs/6900/inputs/boundaries_RP50_SLR_0.gpkg
    jobid: 857
    reason: Missing output files: P:/11212688-004-global-floodmaps/modelling/model_outputs/6900/inputs/boundaries_RP50_SLR_0.gpkg; Input files updated by another job: P:/11212688-004-global-floodmaps/modelling/model_outputs/6900/inputs/tile_geometry.gpkg
    wildcards: tile_id=6900, return_period=RP50, waterlevel_name=SLR_0
    resources: tmpdir=C:\Users\schlumbe\AppData\Local\Temp

[Sat Jul 25 23:51:07 2026]
Finished job 789.
353 of 425 steps (83%) done
Select jobs to execute...

[Sat Jul 25 23:51:07 2026]
rule extract_boundaries:
    input: P:/11212688-004-global-floodmaps/modelling/model_outputs/6900/inputs/tile_geometry.gpkg
    output: P:/11212688-004-global-floodmaps/modelling/model_outputs/6900/inputs/boundaries_RP25_SLR_500.gpkg
    jobid: 835
    reason: Missing output files: P:/11212688-004-global-floodmaps/modelling/model_outputs/6900/inputs/boundaries_RP25_SLR_500.gpkg; Input files updated by another job: P:/11212688-004-global-floodmaps/modelling/model_outputs/6900/inputs/tile_geometry.gpkg
    wildcards: tile_id=6900, return_period=RP25, waterlevel_name=SLR_500
    resources: tmpdir=C:\Users\schlumbe\AppData\Local\Temp

[Sat Jul 25 23:51:07 2026]
Finished job 797.
354 of 425 steps (83%) done
Select jobs to execute...

[Sat Jul 25 23:51:07 2026]
rule extract_boundaries:
    input: P:/11212688-004-global-floodmaps/modelling/model_outputs/6900/inputs/tile_geometry.gpkg
    output: P:/11212688-004-global-floodmaps/modelling/model_outputs/6900/inputs/boundaries_RP50_SLR_500.gpkg
    jobid: 865
    reason: Missing output files: P:/11212688-004-global-floodmaps/modelling/model_outputs/6900/inputs/boundaries_RP50_SLR_500.gpkg; Input files updated by another job: P:/11212688-004-global-floodmaps/modelling/model_outputs/6900/inputs/tile_geometry.gpkg
    wildcards: tile_id=6900, return_period=RP50, waterlevel_name=SLR_500
    resources: tmpdir=C:\Users\schlumbe\AppData\Local\Temp

[Sat Jul 25 23:51:07 2026]
Finished job 827.
355 of 425 steps (84%) done
Select jobs to execute...

[Sat Jul 25 23:51:07 2026]
rule extract_boundaries:
    input: P:/11212688-004-global-floodmaps/modelling/model_outputs/6900/inputs/tile_geometry.gpkg
    output: P:/11212688-004-global-floodmaps/modelling/model_outputs/6900/inputs/boundaries_RP100_SLR_500.gpkg
    jobid: 805
    reason: Missing output files: P:/11212688-004-global-floodmaps/modelling/model_outputs/6900/inputs/boundaries_RP100_SLR_500.gpkg; Input files updated by another job: P:/11212688-004-global-floodmaps/modelling/model_outputs/6900/inputs/tile_geometry.gpkg
    wildcards: tile_id=6900, return_period=RP100, waterlevel_name=SLR_500
    resources: tmpdir=C:\Users\schlumbe\AppData\Local\Temp

[Sat Jul 25 23:51:17 2026]
Finished job 857.
356 of 425 steps (84%) done
Select jobs to execute...

[Sat Jul 25 23:51:17 2026]
rule extract_boundaries:
    input: P:/11212688-004-global-floodmaps/modelling/model_outputs/6900/inputs/tile_geometry.gpkg
    output: P:/11212688-004-global-floodmaps/modelling/model_outputs/6900/inputs/boundaries_RP500_SLR_1500.gpkg
    jobid: 851
    reason: Missing output files: P:/11212688-004-global-floodmaps/modelling/model_outputs/6900/inputs/boundaries_RP500_SLR_1500.gpkg; Input files updated by another job: P:/11212688-004-global-floodmaps/modelling/model_outputs/6900/inputs/tile_geometry.gpkg
    wildcards: tile_id=6900, return_period=RP500, waterlevel_name=SLR_1500
    resources: tmpdir=C:\Users\schlumbe\AppData\Local\Temp

[Sat Jul 25 23:51:17 2026]
Finished job 835.
357 of 425 steps (84%) done
Select jobs to execute...

[Sat Jul 25 23:51:17 2026]
rule extract_boundaries:
    input: P:/11212688-004-global-floodmaps/modelling/model_outputs/6900/inputs/tile_geometry.gpkg
    output: P:/11212688-004-global-floodmaps/modelling/model_outputs/6900/inputs/boundaries_RP100_SLR_1000.gpkg
    jobid: 799
    reason: Missing output files: P:/11212688-004-global-floodmaps/modelling/model_outputs/6900/inputs/boundaries_RP100_SLR_1000.gpkg; Input files updated by another job: P:/11212688-004-global-floodmaps/modelling/model_outputs/6900/inputs/tile_geometry.gpkg
    wildcards: tile_id=6900, return_period=RP100, waterlevel_name=SLR_1000
    resources: tmpdir=C:\Users\schlumbe\AppData\Local\Temp

[Sat Jul 25 23:51:17 2026]
Finished job 865.
358 of 425 steps (84%) done
Select jobs to execute...

[Sat Jul 25 23:51:17 2026]
rule extract_boundaries:
    input: P:/11212688-004-global-floodmaps/modelling/model_outputs/6900/inputs/tile_geometry.gpkg
    output: P:/11212688-004-global-floodmaps/modelling/model_outputs/6900/inputs/boundaries_RP50_SLR_1000.gpkg
    jobid: 859
    reason: Missing output files: P:/11212688-004-global-floodmaps/modelling/model_outputs/6900/inputs/boundaries_RP50_SLR_1000.gpkg; Input files updated by another job: P:/11212688-004-global-floodmaps/modelling/model_outputs/6900/inputs/tile_geometry.gpkg
    wildcards: tile_id=6900, return_period=RP50, waterlevel_name=SLR_1000
    resources: tmpdir=C:\Users\schlumbe\AppData\Local\Temp

[Sat Jul 25 23:51:18 2026]
Finished job 805.
359 of 425 steps (84%) done
Select jobs to execute...

[Sat Jul 25 23:51:18 2026]
rule extract_boundaries:
    input: P:/11212688-004-global-floodmaps/modelling/model_outputs/6900/inputs/tile_geometry.gpkg
    output: P:/11212688-004-global-floodmaps/modelling/model_outputs/6900/inputs/boundaries_RP2_SLR_0.gpkg
    jobid: 837
    reason: Missing output files: P:/11212688-004-global-floodmaps/modelling/model_outputs/6900/inputs/boundaries_RP2_SLR_0.gpkg; Input files updated by another job: P:/11212688-004-global-floodmaps/modelling/model_outputs/6900/inputs/tile_geometry.gpkg
    wildcards: tile_id=6900, return_period=RP2, waterlevel_name=SLR_0
    resources: tmpdir=C:\Users\schlumbe\AppData\Local\Temp

[Sat Jul 25 23:51:28 2026]
Finished job 799.
360 of 425 steps (85%) done
Select jobs to execute...

[Sat Jul 25 23:51:28 2026]
rule extract_boundaries:
    input: P:/11212688-004-global-floodmaps/modelling/model_outputs/6900/inputs/tile_geometry.gpkg
    output: P:/11212688-004-global-floodmaps/modelling/model_outputs/6900/inputs/boundaries_RP5_SLR_0.gpkg
    jobid: 867
    reason: Missing output files: P:/11212688-004-global-floodmaps/modelling/model_outputs/6900/inputs/boundaries_RP5_SLR_0.gpkg; Input files updated by another job: P:/11212688-004-global-floodmaps/modelling/model_outputs/6900/inputs/tile_geometry.gpkg
    wildcards: tile_id=6900, return_period=RP5, waterlevel_name=SLR_0
    resources: tmpdir=C:\Users\schlumbe\AppData\Local\Temp

[Sat Jul 25 23:51:28 2026]
Finished job 851.
361 of 425 steps (85%) done
Select jobs to execute...

[Sat Jul 25 23:51:28 2026]
rule extract_boundaries:
    input: P:/11212688-004-global-floodmaps/modelling/model_outputs/6900/inputs/tile_geometry.gpkg
    output: P:/11212688-004-global-floodmaps/modelling/model_outputs/6900/inputs/boundaries_RP10_SLR_0.gpkg
    jobid: 807
    reason: Missing output files: P:/11212688-004-global-floodmaps/modelling/model_outputs/6900/inputs/boundaries_RP10_SLR_0.gpkg; Input files updated by another job: P:/11212688-004-global-floodmaps/modelling/model_outputs/6900/inputs/tile_geometry.gpkg
    wildcards: tile_id=6900, return_period=RP10, waterlevel_name=SLR_0
    resources: tmpdir=C:\Users\schlumbe\AppData\Local\Temp

[Sat Jul 25 23:51:28 2026]
Finished job 859.
362 of 425 steps (85%) done
Select jobs to execute...

[Sat Jul 25 23:51:28 2026]
rule extract_boundaries:
    input: P:/11212688-004-global-floodmaps/modelling/model_outputs/6900/inputs/tile_geometry.gpkg
    output: P:/11212688-004-global-floodmaps/modelling/model_outputs/6900/inputs/boundaries_RP2_SLR_2000.gpkg
    jobid: 843
    reason: Missing output files: P:/11212688-004-global-floodmaps/modelling/model_outputs/6900/inputs/boundaries_RP2_SLR_2000.gpkg; Input files updated by another job: P:/11212688-004-global-floodmaps/modelling/model_outputs/6900/inputs/tile_geometry.gpkg
    wildcards: tile_id=6900, return_period=RP2, waterlevel_name=SLR_2000
    resources: tmpdir=C:\Users\schlumbe\AppData\Local\Temp

[Sat Jul 25 23:51:29 2026]
Finished job 837.
363 of 425 steps (85%) done
Select jobs to execute...

[Sat Jul 25 23:51:29 2026]
rule compute_model_bbox:
    input: P:/11212688-004-global-floodmaps/modelling/model_outputs/6900/inputs/tile_geometry.gpkg
    output: P:/11212688-004-global-floodmaps/modelling/model_outputs/6900/inputs/model_bbox.json
    jobid: 783
    reason: Missing output files: P:/11212688-004-global-floodmaps/modelling/model_outputs/6900/inputs/model_bbox.json; Input files updated by another job: P:/11212688-004-global-floodmaps/modelling/model_outputs/6900/inputs/tile_geometry.gpkg
    wildcards: tile_id=6900
    resources: tmpdir=C:\Users\schlumbe\AppData\Local\Temp

2026-07-25 23:51:33,663 - snakemake_workflow - log - INFO - HydroMT version: 0.9.3
2026-07-25 23:51:33,663 - snakemake_workflow - data_catalog - INFO - Parsing data catalog from snakemake_workflow/config/data_catalog_gfm.yml
2026-07-25 23:51:33,703 - snakemake_workflow - rasterdataset - INFO - Reading deltadtm raster data from P:\11212688-004-global-floodmaps\modelling\inputs\DeltaDTM\deltadtm.vrt
2026-07-25 23:51:33,975 - snakemake_workflow - rasterdataset - WARNING - RasterDataset deltadtm: CRS from data catalog does not match CRS  of data. The original CRS will be used. Please check your catalog.
2026-07-25 23:51:34,031 - snakemake_workflow - rasterdataset - DEBUG - Clip to [-45.375, -23.973, -42.125, -21.994] (epsg:9518))
2026-07-25 23:51:34,032 - snakemake_workflow - rasterdataset - WARNING - Dataset does [-45.3748611111111, -23.973194444444445, -42.1248611111111, -21.994305555555556] does not fully cover bbox [-45.375, -23.973, -42.125, -21.994]
[Sat Jul 25 23:51:38 2026]
Finished job 867.
364 of 425 steps (86%) done
Select jobs to execute...

[Sat Jul 25 23:51:38 2026]
rule extract_boundaries:
    input: P:/11212688-004-global-floodmaps/modelling/model_outputs/6900/inputs/tile_geometry.gpkg
    output: P:/11212688-004-global-floodmaps/modelling/model_outputs/6900/inputs/boundaries_RP5_SLR_2000.gpkg
    jobid: 873
    reason: Missing output files: P:/11212688-004-global-floodmaps/modelling/model_outputs/6900/inputs/boundaries_RP5_SLR_2000.gpkg; Input files updated by another job: P:/11212688-004-global-floodmaps/modelling/model_outputs/6900/inputs/tile_geometry.gpkg
    wildcards: tile_id=6900, return_period=RP5, waterlevel_name=SLR_2000
    resources: tmpdir=C:\Users\schlumbe\AppData\Local\Temp

[Sat Jul 25 23:51:38 2026]
Finished job 807.
365 of 425 steps (86%) done
Select jobs to execute...

[Sat Jul 25 23:51:38 2026]
rule extract_boundaries:
    input: P:/11212688-004-global-floodmaps/modelling/model_outputs/6900/inputs/tile_geometry.gpkg
    output: P:/11212688-004-global-floodmaps/modelling/model_outputs/6900/inputs/boundaries_RP2_SLR_500.gpkg
    jobid: 845
    reason: Missing output files: P:/11212688-004-global-floodmaps/modelling/model_outputs/6900/inputs/boundaries_RP2_SLR_500.gpkg; Input files updated by another job: P:/11212688-004-global-floodmaps/modelling/model_outputs/6900/inputs/tile_geometry.gpkg
    wildcards: tile_id=6900, return_period=RP2, waterlevel_name=SLR_500
    resources: tmpdir=C:\Users\schlumbe\AppData\Local\Temp

[Sat Jul 25 23:51:38 2026]
Finished job 843.
366 of 425 steps (86%) done
Select jobs to execute...

[Sat Jul 25 23:51:38 2026]
rule extract_boundaries:
    input: P:/11212688-004-global-floodmaps/modelling/model_outputs/6900/inputs/tile_geometry.gpkg
    output: P:/11212688-004-global-floodmaps/modelling/model_outputs/6900/inputs/boundaries_RP10_SLR_2000.gpkg
    jobid: 813
    reason: Missing output files: P:/11212688-004-global-floodmaps/modelling/model_outputs/6900/inputs/boundaries_RP10_SLR_2000.gpkg; Input files updated by another job: P:/11212688-004-global-floodmaps/modelling/model_outputs/6900/inputs/tile_geometry.gpkg
    wildcards: tile_id=6900, return_period=RP10, waterlevel_name=SLR_2000
    resources: tmpdir=C:\Users\schlumbe\AppData\Local\Temp

[Sat Jul 25 23:51:39 2026]
Finished job 783.
367 of 425 steps (86%) done
Select jobs to execute...

[Sat Jul 25 23:51:39 2026]
rule extract_dem:
    input: P:/11212688-004-global-floodmaps/modelling/model_outputs/6900/inputs/model_bbox.json, P:/11212688-004-global-floodmaps/modelling/inputs/ICGM/geoid_offset_egm2008_goco06s.tif
    output: P:/11212688-004-global-floodmaps/modelling/model_outputs/6900/inputs/dem.tif
    jobid: 782
    reason: Missing output files: P:/11212688-004-global-floodmaps/modelling/model_outputs/6900/inputs/dem.tif; Input files updated by another job: P:/11212688-004-global-floodmaps/modelling/model_outputs/6900/inputs/model_bbox.json
    wildcards: tile_id=6900
    resources: tmpdir=C:\Users\schlumbe\AppData\Local\Temp

2026-07-25 23:51:43,729 - snakemake_workflow - log - INFO - HydroMT version: 0.9.3
2026-07-25 23:51:43,729 - snakemake_workflow - data_catalog - INFO - Parsing data catalog from snakemake_workflow/config/data_catalog_gfm.yml
2026-07-25 23:51:43,768 - snakemake_workflow - rasterdataset - INFO - Reading deltadtm raster data from P:\11212688-004-global-floodmaps\modelling\inputs\DeltaDTM\deltadtm.vrt
2026-07-25 23:51:44,020 - snakemake_workflow - rasterdataset - WARNING - RasterDataset deltadtm: CRS from data catalog does not match CRS  of data. The original CRS will be used. Please check your catalog.
2026-07-25 23:51:44,075 - snakemake_workflow - rasterdataset - DEBUG - Clip to [-45.375, -23.969, -42.125, -21.999] (epsg:9518))
2026-07-25 23:51:44,076 - snakemake_workflow - rasterdataset - WARNING - Dataset does [-45.3748611111111, -23.968750000000007, -42.1248611111111, -21.999027777777783] does not fully cover bbox [-45.375, -23.969, -42.125, -21.999]
[Sat Jul 25 23:51:48 2026]
Finished job 845.
368 of 425 steps (87%) done
Select jobs to execute...

[Sat Jul 25 23:51:48 2026]
rule extract_boundaries:
    input: P:/11212688-004-global-floodmaps/modelling/model_outputs/6900/inputs/tile_geometry.gpkg
    output: P:/11212688-004-global-floodmaps/modelling/model_outputs/6900/inputs/boundaries_RP10_SLR_500.gpkg
    jobid: 815
    reason: Missing output files: P:/11212688-004-global-floodmaps/modelling/model_outputs/6900/inputs/boundaries_RP10_SLR_500.gpkg; Input files updated by another job: P:/11212688-004-global-floodmaps/modelling/model_outputs/6900/inputs/tile_geometry.gpkg
    wildcards: tile_id=6900, return_period=RP10, waterlevel_name=SLR_500
    resources: tmpdir=C:\Users\schlumbe\AppData\Local\Temp

[Sat Jul 25 23:51:48 2026]
Finished job 873.
369 of 425 steps (87%) done
Select jobs to execute...

[Sat Jul 25 23:51:48 2026]
rule extract_boundaries:
    input: P:/11212688-004-global-floodmaps/modelling/model_outputs/6900/inputs/tile_geometry.gpkg
    output: P:/11212688-004-global-floodmaps/modelling/model_outputs/6900/inputs/boundaries_RP250_SLR_2000.gpkg
    jobid: 823
    reason: Missing output files: P:/11212688-004-global-floodmaps/modelling/model_outputs/6900/inputs/boundaries_RP250_SLR_2000.gpkg; Input files updated by another job: P:/11212688-004-global-floodmaps/modelling/model_outputs/6900/inputs/tile_geometry.gpkg
    wildcards: tile_id=6900, return_period=RP250, waterlevel_name=SLR_2000
    resources: tmpdir=C:\Users\schlumbe\AppData\Local\Temp

[Sat Jul 25 23:51:48 2026]
Finished job 813.
370 of 425 steps (87%) done
Select jobs to execute...

[Sat Jul 25 23:51:48 2026]
rule extract_boundaries:
    input: P:/11212688-004-global-floodmaps/modelling/model_outputs/6900/inputs/tile_geometry.gpkg
    output: P:/11212688-004-global-floodmaps/modelling/model_outputs/6900/inputs/boundaries_RP5_SLR_500.gpkg
    jobid: 875
    reason: Missing output files: P:/11212688-004-global-floodmaps/modelling/model_outputs/6900/inputs/boundaries_RP5_SLR_500.gpkg; Input files updated by another job: P:/11212688-004-global-floodmaps/modelling/model_outputs/6900/inputs/tile_geometry.gpkg
    wildcards: tile_id=6900, return_period=RP5, waterlevel_name=SLR_500
    resources: tmpdir=C:\Users\schlumbe\AppData\Local\Temp

2026-07-25 23:51:51,483 - snakemake_workflow - rasterdataset - INFO - Reading deltadtm_mask raster data from P:\11212688-004-global-floodmaps\modelling\inputs\DeltaDTM_masks\deltadtm_mask.vrt
2026-07-25 23:51:52,414 - snakemake_workflow - rasterdataset - DEBUG - Clip to [-45.375, -23.969, -42.125, -21.999] (epsg:4326))
2026-07-25 23:51:52,415 - snakemake_workflow - rasterdataset - WARNING - Dataset does [-45.37487249636749, -23.968750000000007, -42.124869312989965, -21.999027777777783] does not fully cover bbox [-45.375, -23.969, -42.125, -21.999]
[Sat Jul 25 23:51:58 2026]
Finished job 823.
371 of 425 steps (87%) done
[Sat Jul 25 23:51:58 2026]
Finished job 815.
372 of 425 steps (88%) done
Select jobs to execute...

[Sat Jul 25 23:51:58 2026]
rule extract_boundaries:
    input: P:/11212688-004-global-floodmaps/modelling/model_outputs/6900/inputs/tile_geometry.gpkg
    output: P:/11212688-004-global-floodmaps/modelling/model_outputs/6900/inputs/boundaries_RP1000_SLR_1500.gpkg
    jobid: 791
    reason: Missing output files: P:/11212688-004-global-floodmaps/modelling/model_outputs/6900/inputs/boundaries_RP1000_SLR_1500.gpkg; Input files updated by another job: P:/11212688-004-global-floodmaps/modelling/model_outputs/6900/inputs/tile_geometry.gpkg
    wildcards: tile_id=6900, return_period=RP1000, waterlevel_name=SLR_1500
    resources: tmpdir=C:\Users\schlumbe\AppData\Local\Temp

[Sat Jul 25 23:51:58 2026]
rule extract_boundaries:
    input: P:/11212688-004-global-floodmaps/modelling/model_outputs/6900/inputs/tile_geometry.gpkg
    output: P:/11212688-004-global-floodmaps/modelling/model_outputs/6900/inputs/boundaries_RP25_SLR_1000.gpkg
    jobid: 829
    reason: Missing output files: P:/11212688-004-global-floodmaps/modelling/model_outputs/6900/inputs/boundaries_RP25_SLR_1000.gpkg; Input files updated by another job: P:/11212688-004-global-floodmaps/modelling/model_outputs/6900/inputs/tile_geometry.gpkg
    wildcards: tile_id=6900, return_period=RP25, waterlevel_name=SLR_1000
    resources: tmpdir=C:\Users\schlumbe\AppData\Local\Temp

Select jobs to execute...
[Sat Jul 25 23:51:59 2026]
Finished job 875.
373 of 425 steps (88%) done

[Sat Jul 25 23:51:59 2026]
rule extract_boundaries:
    input: P:/11212688-004-global-floodmaps/modelling/model_outputs/6900/inputs/tile_geometry.gpkg
    output: P:/11212688-004-global-floodmaps/modelling/model_outputs/6900/inputs/boundaries_RP500_SLR_2000.gpkg
    jobid: 853
    reason: Missing output files: P:/11212688-004-global-floodmaps/modelling/model_outputs/6900/inputs/boundaries_RP500_SLR_2000.gpkg; Input files updated by another job: P:/11212688-004-global-floodmaps/modelling/model_outputs/6900/inputs/tile_geometry.gpkg
    wildcards: tile_id=6900, return_period=RP500, waterlevel_name=SLR_2000
    resources: tmpdir=C:\Users\schlumbe\AppData\Local\Temp

[Sat Jul 25 23:52:15 2026]
Finished job 853.
374 of 425 steps (88%) done
Select jobs to execute...

[Sat Jul 25 23:52:15 2026]
rule extract_boundaries:
    input: P:/11212688-004-global-floodmaps/modelling/model_outputs/6900/inputs/tile_geometry.gpkg
    output: P:/11212688-004-global-floodmaps/modelling/model_outputs/6900/inputs/boundaries_RP250_SLR_1500.gpkg
    jobid: 821
    reason: Missing output files: P:/11212688-004-global-floodmaps/modelling/model_outputs/6900/inputs/boundaries_RP250_SLR_1500.gpkg; Input files updated by another job: P:/11212688-004-global-floodmaps/modelling/model_outputs/6900/inputs/tile_geometry.gpkg
    wildcards: tile_id=6900, return_period=RP250, waterlevel_name=SLR_1500
    resources: tmpdir=C:\Users\schlumbe\AppData\Local\Temp

[Sat Jul 25 23:52:16 2026]
Finished job 829.
375 of 425 steps (88%) done
[Sat Jul 25 23:52:16 2026]
Finished job 791.
376 of 425 steps (88%) done
[Sat Jul 25 23:52:25 2026]
Finished job 821.
377 of 425 steps (89%) done
[Sat Jul 25 23:52:43 2026]
Finished job 782.
378 of 425 steps (89%) done
Select jobs to execute...

[Sat Jul 25 23:52:43 2026]
rule compute_friction:
    input: P:/11212688-004-global-floodmaps/modelling/model_outputs/6900/inputs/dem.tif
    output: P:/11212688-004-global-floodmaps/modelling/model_outputs/6900/inputs/friction.tif
    jobid: 786
    reason: Missing output files: P:/11212688-004-global-floodmaps/modelling/model_outputs/6900/inputs/friction.tif; Input files updated by another job: P:/11212688-004-global-floodmaps/modelling/model_outputs/6900/inputs/dem.tif
    wildcards: tile_id=6900
    resources: tmpdir=C:\Users\schlumbe\AppData\Local\Temp

[Sat Jul 25 23:52:43 2026]
rule extract_dem_mask:
    input: P:/11212688-004-global-floodmaps/modelling/model_outputs/6900/inputs/dem.tif
    output: P:/11212688-004-global-floodmaps/modelling/model_outputs/6900/inputs/mask.tif
    jobid: 785
    reason: Missing output files: P:/11212688-004-global-floodmaps/modelling/model_outputs/6900/inputs/mask.tif; Input files updated by another job: P:/11212688-004-global-floodmaps/modelling/model_outputs/6900/inputs/dem.tif
    wildcards: tile_id=6900
    resources: tmpdir=C:\Users\schlumbe\AppData\Local\Temp

2026-07-25 23:52:52,394 - snakemake_workflow - log - INFO - HydroMT version: 0.9.3
2026-07-25 23:52:52,395 - snakemake_workflow - data_catalog - INFO - Parsing data catalog from snakemake_workflow/config/data_catalog_gfm.yml
2026-07-25 23:52:52,399 - snakemake_workflow - log - INFO - HydroMT version: 0.9.3
2026-07-25 23:52:52,399 - snakemake_workflow - data_catalog - INFO - Parsing data catalog from snakemake_workflow/config/data_catalog_gfm.yml
2026-07-25 23:52:52,432 - snakemake_workflow - rasterdataset - INFO - Reading land_use raster data from P:\11212688-004-global-floodmaps\modelling\inputs\Copernicus\Copernicus_LandUse.tif
2026-07-25 23:52:52,436 - snakemake_workflow - rasterdataset - INFO - Reading deltadtm_mask raster data from P:\11212688-004-global-floodmaps\modelling\inputs\DeltaDTM_masks\deltadtm_mask.vrt
2026-07-25 23:52:52,532 - snakemake_workflow - rasterdataset - DEBUG - Clip to [-45.375, -23.969, -42.125, -21.999] (epsg:4326))
2026-07-25 23:52:52,533 - snakemake_workflow - rasterdataset - WARNING - Dataset does [-45.375000000000455, -23.969246031745683, -42.12500000000047, -21.999007936507596] does not fully cover bbox [-45.375, -23.969, -42.125, -21.999]
2026-07-25 23:52:53,376 - snakemake_workflow - rasterdataset - DEBUG - Clip to [-45.375, -23.969, -42.125, -21.999] (epsg:4326))
2026-07-25 23:52:53,378 - snakemake_workflow - rasterdataset - WARNING - Dataset does [-45.37487249636749, -23.968750000000007, -42.124869312989965, -21.999027777777783] does not fully cover bbox [-45.375, -23.969, -42.125, -21.999]
2026-07-25 23:52:56,796 - snakemake_workflow - dataframe - INFO - Reading lu_to_roughness_lookup csv data from P:\11212688-004-global-floodmaps\modelling\inputs\Copernicus\lu_to_roughness_lookup.csv
[Sat Jul 25 23:52:58 2026]
Finished job 785.
379 of 425 steps (89%) done
[Sat Jul 25 23:53:04 2026]
Finished job 786.
380 of 425 steps (89%) done
Select jobs to execute...

[Sat Jul 25 23:53:04 2026]
rule write_aqueduct_config:
    input: P:/11212688-004-global-floodmaps/modelling/model_outputs/6900/inputs/dem.tif, P:/11212688-004-global-floodmaps/modelling/model_outputs/6900/inputs/mask.tif, P:/11212688-004-global-floodmaps/modelling/model_outputs/6900/inputs/friction.tif, P:/11212688-004-global-floodmaps/modelling/model_outputs/6900/inputs/boundaries_RP1000_SLR_500.gpkg
    output: P:/11212688-004-global-floodmaps/modelling/model_outputs/6900/inputs/aqueduct_RP1000_SLR_500.toml
    jobid: 794
    reason: Missing output files: P:/11212688-004-global-floodmaps/modelling/model_outputs/6900/inputs/aqueduct_RP1000_SLR_500.toml; Input files updated by another job: P:/11212688-004-global-floodmaps/modelling/model_outputs/6900/inputs/dem.tif, P:/11212688-004-global-floodmaps/modelling/model_outputs/6900/inputs/friction.tif, P:/11212688-004-global-floodmaps/modelling/model_outputs/6900/inputs/boundaries_RP1000_SLR_500.gpkg, P:/11212688-004-global-floodmaps/modelling/model_outputs/6900/inputs/mask.tif
    wildcards: tile_id=6900, return_period=RP1000, waterlevel_name=SLR_500
    resources: tmpdir=C:\Users\schlumbe\AppData\Local\Temp

[Sat Jul 25 23:53:04 2026]
rule write_aqueduct_config:
    input: P:/11212688-004-global-floodmaps/modelling/model_outputs/6900/inputs/dem.tif, P:/11212688-004-global-floodmaps/modelling/model_outputs/6900/inputs/mask.tif, P:/11212688-004-global-floodmaps/modelling/model_outputs/6900/inputs/friction.tif, P:/11212688-004-global-floodmaps/modelling/model_outputs/6900/inputs/boundaries_RP250_SLR_0.gpkg
    output: P:/11212688-004-global-floodmaps/modelling/model_outputs/6900/inputs/aqueduct_RP250_SLR_0.toml
    jobid: 816
    reason: Missing output files: P:/11212688-004-global-floodmaps/modelling/model_outputs/6900/inputs/aqueduct_RP250_SLR_0.toml; Input files updated by another job: P:/11212688-004-global-floodmaps/modelling/model_outputs/6900/inputs/dem.tif, P:/11212688-004-global-floodmaps/modelling/model_outputs/6900/inputs/boundaries_RP250_SLR_0.gpkg, P:/11212688-004-global-floodmaps/modelling/model_outputs/6900/inputs/friction.tif, P:/11212688-004-global-floodmaps/modelling/model_outputs/6900/inputs/mask.tif
    wildcards: tile_id=6900, return_period=RP250, waterlevel_name=SLR_0
    resources: tmpdir=C:\Users\schlumbe\AppData\Local\Temp


[Sat Jul 25 23:53:04 2026]
rule write_aqueduct_config:
    input: P:/11212688-004-global-floodmaps/modelling/model_outputs/6900/inputs/dem.tif, P:/11212688-004-global-floodmaps/modelling/model_outputs/6900/inputs/mask.tif, P:/11212688-004-global-floodmaps/modelling/model_outputs/6900/inputs/friction.tif, P:/11212688-004-global-floodmaps/modelling/model_outputs/6900/inputs/boundaries_RP500_SLR_0.gpkg
    output: P:/11212688-004-global-floodmaps/modelling/model_outputs/6900/inputs/aqueduct_RP500_SLR_0.toml
    jobid: 846
    reason: Missing output files: P:/11212688-004-global-floodmaps/modelling/model_outputs/6900/inputs/aqueduct_RP500_SLR_0.toml; Input files updated by another job: P:/11212688-004-global-floodmaps/modelling/model_outputs/6900/inputs/dem.tif, P:/11212688-004-global-floodmaps/modelling/model_outputs/6900/inputs/boundaries_RP500_SLR_0.gpkg, P:/11212688-004-global-floodmaps/modelling/model_outputs/6900/inputs/friction.tif, P:/11212688-004-global-floodmaps/modelling/model_outputs/6900/inputs/mask.tif
    wildcards: tile_id=6900, return_period=RP500, waterlevel_name=SLR_0
    resources: tmpdir=C:\Users\schlumbe\AppData\Local\Temp


[Sat Jul 25 23:53:04 2026]
rule write_aqueduct_config:
    input: P:/11212688-004-global-floodmaps/modelling/model_outputs/6900/inputs/dem.tif, P:/11212688-004-global-floodmaps/modelling/model_outputs/6900/inputs/mask.tif, P:/11212688-004-global-floodmaps/modelling/model_outputs/6900/inputs/friction.tif, P:/11212688-004-global-floodmaps/modelling/model_outputs/6900/inputs/boundaries_RP250_SLR_500.gpkg
    output: P:/11212688-004-global-floodmaps/modelling/model_outputs/6900/inputs/aqueduct_RP250_SLR_500.toml
    jobid: 824
    reason: Missing output files: P:/11212688-004-global-floodmaps/modelling/model_outputs/6900/inputs/aqueduct_RP250_SLR_500.toml; Input files updated by another job: P:/11212688-004-global-floodmaps/modelling/model_outputs/6900/inputs/dem.tif, P:/11212688-004-global-floodmaps/modelling/model_outputs/6900/inputs/boundaries_RP250_SLR_500.gpkg, P:/11212688-004-global-floodmaps/modelling/model_outputs/6900/inputs/friction.tif, P:/11212688-004-global-floodmaps/modelling/model_outputs/6900/inputs/mask.tif
    wildcards: tile_id=6900, return_period=RP250, waterlevel_name=SLR_500
    resources: tmpdir=C:\Users\schlumbe\AppData\Local\Temp

[Sat Jul 25 23:53:05 2026]
Finished job 816.
381 of 425 steps (90%) done
Select jobs to execute...

[Sat Jul 25 23:53:05 2026]
rule write_aqueduct_config:
    input: P:/11212688-004-global-floodmaps/modelling/model_outputs/6900/inputs/dem.tif, P:/11212688-004-global-floodmaps/modelling/model_outputs/6900/inputs/mask.tif, P:/11212688-004-global-floodmaps/modelling/model_outputs/6900/inputs/friction.tif, P:/11212688-004-global-floodmaps/modelling/model_outputs/6900/inputs/boundaries_RP500_SLR_500.gpkg
    output: P:/11212688-004-global-floodmaps/modelling/model_outputs/6900/inputs/aqueduct_RP500_SLR_500.toml
    jobid: 854
    reason: Missing output files: P:/11212688-004-global-floodmaps/modelling/model_outputs/6900/inputs/aqueduct_RP500_SLR_500.toml; Input files updated by another job: P:/11212688-004-global-floodmaps/modelling/model_outputs/6900/inputs/dem.tif, P:/11212688-004-global-floodmaps/modelling/model_outputs/6900/inputs/friction.tif, P:/11212688-004-global-floodmaps/modelling/model_outputs/6900/inputs/boundaries_RP500_SLR_500.gpkg, P:/11212688-004-global-floodmaps/modelling/model_outputs/6900/inputs/mask.tif
    wildcards: tile_id=6900, return_period=RP500, waterlevel_name=SLR_500
    resources: tmpdir=C:\Users\schlumbe\AppData\Local\Temp

[Sat Jul 25 23:53:05 2026]
Finished job 794.
382 of 425 steps (90%) done
[Sat Jul 25 23:53:05 2026]
Finished job 846.
383 of 425 steps (90%) done
[Sat Jul 25 23:53:05 2026]
Finished job 824.
384 of 425 steps (90%) done
Select jobs to execute...

[Sat Jul 25 23:53:05 2026]
rule write_aqueduct_config:
    input: P:/11212688-004-global-floodmaps/modelling/model_outputs/6900/inputs/dem.tif, P:/11212688-004-global-floodmaps/modelling/model_outputs/6900/inputs/mask.tif, P:/11212688-004-global-floodmaps/modelling/model_outputs/6900/inputs/friction.tif, P:/11212688-004-global-floodmaps/modelling/model_outputs/6900/inputs/boundaries_RP10_SLR_1000.gpkg
    output: P:/11212688-004-global-floodmaps/modelling/model_outputs/6900/inputs/aqueduct_RP10_SLR_1000.toml
    jobid: 808
    reason: Missing output files: P:/11212688-004-global-floodmaps/modelling/model_outputs/6900/inputs/aqueduct_RP10_SLR_1000.toml; Input files updated by another job: P:/11212688-004-global-floodmaps/modelling/model_outputs/6900/inputs/dem.tif, P:/11212688-004-global-floodmaps/modelling/model_outputs/6900/inputs/boundaries_RP10_SLR_1000.gpkg, P:/11212688-004-global-floodmaps/modelling/model_outputs/6900/inputs/friction.tif, P:/11212688-004-global-floodmaps/modelling/model_outputs/6900/inputs/mask.tif
    wildcards: tile_id=6900, return_period=RP10, waterlevel_name=SLR_1000
    resources: tmpdir=C:\Users\schlumbe\AppData\Local\Temp

[Sat Jul 25 23:53:05 2026]
rule write_aqueduct_config:
    input: P:/11212688-004-global-floodmaps/modelling/model_outputs/6900/inputs/dem.tif, P:/11212688-004-global-floodmaps/modelling/model_outputs/6900/inputs/mask.tif, P:/11212688-004-global-floodmaps/modelling/model_outputs/6900/inputs/friction.tif, P:/11212688-004-global-floodmaps/modelling/model_outputs/6900/inputs/boundaries_RP25_SLR_2000.gpkg
    output: P:/11212688-004-global-floodmaps/modelling/model_outputs/6900/inputs/aqueduct_RP25_SLR_2000.toml
    jobid: 832
    reason: Missing output files: P:/11212688-004-global-floodmaps/modelling/model_outputs/6900/inputs/aqueduct_RP25_SLR_2000.toml; Input files updated by another job: P:/11212688-004-global-floodmaps/modelling/model_outputs/6900/inputs/dem.tif, P:/11212688-004-global-floodmaps/modelling/model_outputs/6900/inputs/boundaries_RP25_SLR_2000.gpkg, P:/11212688-004-global-floodmaps/modelling/model_outputs/6900/inputs/friction.tif, P:/11212688-004-global-floodmaps/modelling/model_outputs/6900/inputs/mask.tif
    wildcards: tile_id=6900, return_period=RP25, waterlevel_name=SLR_2000
    resources: tmpdir=C:\Users\schlumbe\AppData\Local\Temp


[Sat Jul 25 23:53:05 2026]
rule write_aqueduct_config:
    input: P:/11212688-004-global-floodmaps/modelling/model_outputs/6900/inputs/dem.tif, P:/11212688-004-global-floodmaps/modelling/model_outputs/6900/inputs/mask.tif, P:/11212688-004-global-floodmaps/modelling/model_outputs/6900/inputs/friction.tif, P:/11212688-004-global-floodmaps/modelling/model_outputs/6900/inputs/boundaries_RP100_SLR_2000.gpkg
    output: P:/11212688-004-global-floodmaps/modelling/model_outputs/6900/inputs/aqueduct_RP100_SLR_2000.toml
    jobid: 802
    reason: Missing output files: P:/11212688-004-global-floodmaps/modelling/model_outputs/6900/inputs/aqueduct_RP100_SLR_2000.toml; Input files updated by another job: P:/11212688-004-global-floodmaps/modelling/model_outputs/6900/inputs/dem.tif, P:/11212688-004-global-floodmaps/modelling/model_outputs/6900/inputs/friction.tif, P:/11212688-004-global-floodmaps/modelling/model_outputs/6900/inputs/boundaries_RP100_SLR_2000.gpkg, P:/11212688-004-global-floodmaps/modelling/model_outputs/6900/inputs/mask.tif
    wildcards: tile_id=6900, return_period=RP100, waterlevel_name=SLR_2000
    resources: tmpdir=C:\Users\schlumbe\AppData\Local\Temp

Select jobs to execute...
[Sat Jul 25 23:53:05 2026]
Finished job 854.
385 of 425 steps (91%) done

[Sat Jul 25 23:53:05 2026]
rule write_aqueduct_config:
    input: P:/11212688-004-global-floodmaps/modelling/model_outputs/6900/inputs/dem.tif, P:/11212688-004-global-floodmaps/modelling/model_outputs/6900/inputs/mask.tif, P:/11212688-004-global-floodmaps/modelling/model_outputs/6900/inputs/friction.tif, P:/11212688-004-global-floodmaps/modelling/model_outputs/6900/inputs/boundaries_RP50_SLR_2000.gpkg
    output: P:/11212688-004-global-floodmaps/modelling/model_outputs/6900/inputs/aqueduct_RP50_SLR_2000.toml
    jobid: 862
    reason: Missing output files: P:/11212688-004-global-floodmaps/modelling/model_outputs/6900/inputs/aqueduct_RP50_SLR_2000.toml; Input files updated by another job: P:/11212688-004-global-floodmaps/modelling/model_outputs/6900/inputs/dem.tif, P:/11212688-004-global-floodmaps/modelling/model_outputs/6900/inputs/boundaries_RP50_SLR_2000.gpkg, P:/11212688-004-global-floodmaps/modelling/model_outputs/6900/inputs/friction.tif, P:/11212688-004-global-floodmaps/modelling/model_outputs/6900/inputs/mask.tif
    wildcards: tile_id=6900, return_period=RP50, waterlevel_name=SLR_2000
    resources: tmpdir=C:\Users\schlumbe\AppData\Local\Temp

[Sat Jul 25 23:53:05 2026]
Finished job 808.
386 of 425 steps (91%) done
[Sat Jul 25 23:53:05 2026]
Finished job 832.
387 of 425 steps (91%) done
Select jobs to execute...

[Sat Jul 25 23:53:05 2026]
rule write_aqueduct_config:
    input: P:/11212688-004-global-floodmaps/modelling/model_outputs/6900/inputs/dem.tif, P:/11212688-004-global-floodmaps/modelling/model_outputs/6900/inputs/mask.tif, P:/11212688-004-global-floodmaps/modelling/model_outputs/6900/inputs/friction.tif, P:/11212688-004-global-floodmaps/modelling/model_outputs/6900/inputs/boundaries_RP2_SLR_1500.gpkg
    output: P:/11212688-004-global-floodmaps/modelling/model_outputs/6900/inputs/aqueduct_RP2_SLR_1500.toml
    jobid: 840
    reason: Missing output files: P:/11212688-004-global-floodmaps/modelling/model_outputs/6900/inputs/aqueduct_RP2_SLR_1500.toml; Input files updated by another job: P:/11212688-004-global-floodmaps/modelling/model_outputs/6900/inputs/dem.tif, P:/11212688-004-global-floodmaps/modelling/model_outputs/6900/inputs/boundaries_RP2_SLR_1500.gpkg, P:/11212688-004-global-floodmaps/modelling/model_outputs/6900/inputs/friction.tif, P:/11212688-004-global-floodmaps/modelling/model_outputs/6900/inputs/mask.tif
    wildcards: tile_id=6900, return_period=RP2, waterlevel_name=SLR_1500
    resources: tmpdir=C:\Users\schlumbe\AppData\Local\Temp

[Sat Jul 25 23:53:05 2026]
rule write_aqueduct_config:
    input: P:/11212688-004-global-floodmaps/modelling/model_outputs/6900/inputs/dem.tif, P:/11212688-004-global-floodmaps/modelling/model_outputs/6900/inputs/mask.tif, P:/11212688-004-global-floodmaps/modelling/model_outputs/6900/inputs/friction.tif, P:/11212688-004-global-floodmaps/modelling/model_outputs/6900/inputs/boundaries_RP10_SLR_1500.gpkg
    output: P:/11212688-004-global-floodmaps/modelling/model_outputs/6900/inputs/aqueduct_RP10_SLR_1500.toml
    jobid: 810
    reason: Missing output files: P:/11212688-004-global-floodmaps/modelling/model_outputs/6900/inputs/aqueduct_RP10_SLR_1500.toml; Input files updated by another job: P:/11212688-004-global-floodmaps/modelling/model_outputs/6900/inputs/dem.tif, P:/11212688-004-global-floodmaps/modelling/model_outputs/6900/inputs/friction.tif, P:/11212688-004-global-floodmaps/modelling/model_outputs/6900/inputs/boundaries_RP10_SLR_1500.gpkg, P:/11212688-004-global-floodmaps/modelling/model_outputs/6900/inputs/mask.tif
    wildcards: tile_id=6900, return_period=RP10, waterlevel_name=SLR_1500
    resources: tmpdir=C:\Users\schlumbe\AppData\Local\Temp

[Sat Jul 25 23:53:05 2026]
Finished job 802.
388 of 425 steps (91%) done
Select jobs to execute...

[Sat Jul 25 23:53:05 2026]
rule write_aqueduct_config:
    input: P:/11212688-004-global-floodmaps/modelling/model_outputs/6900/inputs/dem.tif, P:/11212688-004-global-floodmaps/modelling/model_outputs/6900/inputs/mask.tif, P:/11212688-004-global-floodmaps/modelling/model_outputs/6900/inputs/friction.tif, P:/11212688-004-global-floodmaps/modelling/model_outputs/6900/inputs/boundaries_RP5_SLR_1500.gpkg
    output: P:/11212688-004-global-floodmaps/modelling/model_outputs/6900/inputs/aqueduct_RP5_SLR_1500.toml
    jobid: 870
    reason: Missing output files: P:/11212688-004-global-floodmaps/modelling/model_outputs/6900/inputs/aqueduct_RP5_SLR_1500.toml; Input files updated by another job: P:/11212688-004-global-floodmaps/modelling/model_outputs/6900/inputs/dem.tif, P:/11212688-004-global-floodmaps/modelling/model_outputs/6900/inputs/boundaries_RP5_SLR_1500.gpkg, P:/11212688-004-global-floodmaps/modelling/model_outputs/6900/inputs/friction.tif, P:/11212688-004-global-floodmaps/modelling/model_outputs/6900/inputs/mask.tif
    wildcards: tile_id=6900, return_period=RP5, waterlevel_name=SLR_1500
    resources: tmpdir=C:\Users\schlumbe\AppData\Local\Temp

Select jobs to execute...
[Sat Jul 25 23:53:06 2026]
Finished job 862.
389 of 425 steps (92%) done

[Sat Jul 25 23:53:06 2026]
rule write_aqueduct_config:
    input: P:/11212688-004-global-floodmaps/modelling/model_outputs/6900/inputs/dem.tif, P:/11212688-004-global-floodmaps/modelling/model_outputs/6900/inputs/mask.tif, P:/11212688-004-global-floodmaps/modelling/model_outputs/6900/inputs/friction.tif, P:/11212688-004-global-floodmaps/modelling/model_outputs/6900/inputs/boundaries_RP250_SLR_1000.gpkg
    output: P:/11212688-004-global-floodmaps/modelling/model_outputs/6900/inputs/aqueduct_RP250_SLR_1000.toml
    jobid: 818
    reason: Missing output files: P:/11212688-004-global-floodmaps/modelling/model_outputs/6900/inputs/aqueduct_RP250_SLR_1000.toml; Input files updated by another job: P:/11212688-004-global-floodmaps/modelling/model_outputs/6900/inputs/dem.tif, P:/11212688-004-global-floodmaps/modelling/model_outputs/6900/inputs/boundaries_RP250_SLR_1000.gpkg, P:/11212688-004-global-floodmaps/modelling/model_outputs/6900/inputs/friction.tif, P:/11212688-004-global-floodmaps/modelling/model_outputs/6900/inputs/mask.tif
    wildcards: tile_id=6900, return_period=RP250, waterlevel_name=SLR_1000
    resources: tmpdir=C:\Users\schlumbe\AppData\Local\Temp

[Sat Jul 25 23:53:06 2026]
Finished job 810.
390 of 425 steps (92%) done
Select jobs to execute...

[Sat Jul 25 23:53:06 2026]
rule write_aqueduct_config:
    input: P:/11212688-004-global-floodmaps/modelling/model_outputs/6900/inputs/dem.tif, P:/11212688-004-global-floodmaps/modelling/model_outputs/6900/inputs/mask.tif, P:/11212688-004-global-floodmaps/modelling/model_outputs/6900/inputs/friction.tif, P:/11212688-004-global-floodmaps/modelling/model_outputs/6900/inputs/boundaries_RP500_SLR_1000.gpkg
    output: P:/11212688-004-global-floodmaps/modelling/model_outputs/6900/inputs/aqueduct_RP500_SLR_1000.toml
    jobid: 848
    reason: Missing output files: P:/11212688-004-global-floodmaps/modelling/model_outputs/6900/inputs/aqueduct_RP500_SLR_1000.toml; Input files updated by another job: P:/11212688-004-global-floodmaps/modelling/model_outputs/6900/inputs/dem.tif, P:/11212688-004-global-floodmaps/modelling/model_outputs/6900/inputs/boundaries_RP500_SLR_1000.gpkg, P:/11212688-004-global-floodmaps/modelling/model_outputs/6900/inputs/friction.tif, P:/11212688-004-global-floodmaps/modelling/model_outputs/6900/inputs/mask.tif
    wildcards: tile_id=6900, return_period=RP500, waterlevel_name=SLR_1000
    resources: tmpdir=C:\Users\schlumbe\AppData\Local\Temp

[Sat Jul 25 23:53:06 2026]
Finished job 840.
391 of 425 steps (92%) done
Select jobs to execute...

[Sat Jul 25 23:53:06 2026]
rule write_aqueduct_config:
    input: P:/11212688-004-global-floodmaps/modelling/model_outputs/6900/inputs/dem.tif, P:/11212688-004-global-floodmaps/modelling/model_outputs/6900/inputs/mask.tif, P:/11212688-004-global-floodmaps/modelling/model_outputs/6900/inputs/friction.tif, P:/11212688-004-global-floodmaps/modelling/model_outputs/6900/inputs/boundaries_RP1000_SLR_1000.gpkg
    output: P:/11212688-004-global-floodmaps/modelling/model_outputs/6900/inputs/aqueduct_RP1000_SLR_1000.toml
    jobid: 788
    reason: Missing output files: P:/11212688-004-global-floodmaps/modelling/model_outputs/6900/inputs/aqueduct_RP1000_SLR_1000.toml; Input files updated by another job: P:/11212688-004-global-floodmaps/modelling/model_outputs/6900/inputs/dem.tif, P:/11212688-004-global-floodmaps/modelling/model_outputs/6900/inputs/boundaries_RP1000_SLR_1000.gpkg, P:/11212688-004-global-floodmaps/modelling/model_outputs/6900/inputs/friction.tif, P:/11212688-004-global-floodmaps/modelling/model_outputs/6900/inputs/mask.tif
    wildcards: tile_id=6900, return_period=RP1000, waterlevel_name=SLR_1000
    resources: tmpdir=C:\Users\schlumbe\AppData\Local\Temp

[Sat Jul 25 23:53:06 2026]
Finished job 870.
392 of 425 steps (92%) done
Select jobs to execute...

[Sat Jul 25 23:53:06 2026]
rule write_aqueduct_config:
    input: P:/11212688-004-global-floodmaps/modelling/model_outputs/6900/inputs/dem.tif, P:/11212688-004-global-floodmaps/modelling/model_outputs/6900/inputs/mask.tif, P:/11212688-004-global-floodmaps/modelling/model_outputs/6900/inputs/friction.tif, P:/11212688-004-global-floodmaps/modelling/model_outputs/6900/inputs/boundaries_RP1000_SLR_0.gpkg
    output: P:/11212688-004-global-floodmaps/modelling/model_outputs/6900/inputs/aqueduct_RP1000_SLR_0.toml
    jobid: 781
    reason: Missing output files: P:/11212688-004-global-floodmaps/modelling/model_outputs/6900/inputs/aqueduct_RP1000_SLR_0.toml; Input files updated by another job: P:/11212688-004-global-floodmaps/modelling/model_outputs/6900/inputs/dem.tif, P:/11212688-004-global-floodmaps/modelling/model_outputs/6900/inputs/boundaries_RP1000_SLR_0.gpkg, P:/11212688-004-global-floodmaps/modelling/model_outputs/6900/inputs/friction.tif, P:/11212688-004-global-floodmaps/modelling/model_outputs/6900/inputs/mask.tif
    wildcards: tile_id=6900, return_period=RP1000, waterlevel_name=SLR_0
    resources: tmpdir=C:\Users\schlumbe\AppData\Local\Temp

[Sat Jul 25 23:53:06 2026]
Finished job 818.
393 of 425 steps (92%) done
Select jobs to execute...

[Sat Jul 25 23:53:06 2026]
rule write_aqueduct_config:
    input: P:/11212688-004-global-floodmaps/modelling/model_outputs/6900/inputs/dem.tif, P:/11212688-004-global-floodmaps/modelling/model_outputs/6900/inputs/mask.tif, P:/11212688-004-global-floodmaps/modelling/model_outputs/6900/inputs/friction.tif, P:/11212688-004-global-floodmaps/modelling/model_outputs/6900/inputs/boundaries_RP25_SLR_0.gpkg
    output: P:/11212688-004-global-floodmaps/modelling/model_outputs/6900/inputs/aqueduct_RP25_SLR_0.toml
    jobid: 826
    reason: Missing output files: P:/11212688-004-global-floodmaps/modelling/model_outputs/6900/inputs/aqueduct_RP25_SLR_0.toml; Input files updated by another job: P:/11212688-004-global-floodmaps/modelling/model_outputs/6900/inputs/dem.tif, P:/11212688-004-global-floodmaps/modelling/model_outputs/6900/inputs/boundaries_RP25_SLR_0.gpkg, P:/11212688-004-global-floodmaps/modelling/model_outputs/6900/inputs/friction.tif, P:/11212688-004-global-floodmaps/modelling/model_outputs/6900/inputs/mask.tif
    wildcards: tile_id=6900, return_period=RP25, waterlevel_name=SLR_0
    resources: tmpdir=C:\Users\schlumbe\AppData\Local\Temp

[Sat Jul 25 23:53:06 2026]
Finished job 848.
394 of 425 steps (93%) done
Select jobs to execute...

[Sat Jul 25 23:53:06 2026]
rule write_aqueduct_config:
    input: P:/11212688-004-global-floodmaps/modelling/model_outputs/6900/inputs/dem.tif, P:/11212688-004-global-floodmaps/modelling/model_outputs/6900/inputs/mask.tif, P:/11212688-004-global-floodmaps/modelling/model_outputs/6900/inputs/friction.tif, P:/11212688-004-global-floodmaps/modelling/model_outputs/6900/inputs/boundaries_RP50_SLR_0.gpkg
    output: P:/11212688-004-global-floodmaps/modelling/model_outputs/6900/inputs/aqueduct_RP50_SLR_0.toml
    jobid: 856
    reason: Missing output files: P:/11212688-004-global-floodmaps/modelling/model_outputs/6900/inputs/aqueduct_RP50_SLR_0.toml; Input files updated by another job: P:/11212688-004-global-floodmaps/modelling/model_outputs/6900/inputs/boundaries_RP50_SLR_0.gpkg, P:/11212688-004-global-floodmaps/modelling/model_outputs/6900/inputs/mask.tif, P:/11212688-004-global-floodmaps/modelling/model_outputs/6900/inputs/friction.tif, P:/11212688-004-global-floodmaps/modelling/model_outputs/6900/inputs/dem.tif
    wildcards: tile_id=6900, return_period=RP50, waterlevel_name=SLR_0
    resources: tmpdir=C:\Users\schlumbe\AppData\Local\Temp

[Sat Jul 25 23:53:06 2026]
Finished job 788.
395 of 425 steps (93%) done
Select jobs to execute...

[Sat Jul 25 23:53:06 2026]
rule write_aqueduct_config:
    input: P:/11212688-004-global-floodmaps/modelling/model_outputs/6900/inputs/dem.tif, P:/11212688-004-global-floodmaps/modelling/model_outputs/6900/inputs/mask.tif, P:/11212688-004-global-floodmaps/modelling/model_outputs/6900/inputs/friction.tif, P:/11212688-004-global-floodmaps/modelling/model_outputs/6900/inputs/boundaries_RP100_SLR_0.gpkg
    output: P:/11212688-004-global-floodmaps/modelling/model_outputs/6900/inputs/aqueduct_RP100_SLR_0.toml
    jobid: 796
    reason: Missing output files: P:/11212688-004-global-floodmaps/modelling/model_outputs/6900/inputs/aqueduct_RP100_SLR_0.toml; Input files updated by another job: P:/11212688-004-global-floodmaps/modelling/model_outputs/6900/inputs/boundaries_RP100_SLR_0.gpkg, P:/11212688-004-global-floodmaps/modelling/model_outputs/6900/inputs/mask.tif, P:/11212688-004-global-floodmaps/modelling/model_outputs/6900/inputs/friction.tif, P:/11212688-004-global-floodmaps/modelling/model_outputs/6900/inputs/dem.tif
    wildcards: tile_id=6900, return_period=RP100, waterlevel_name=SLR_0
    resources: tmpdir=C:\Users\schlumbe\AppData\Local\Temp

[Sat Jul 25 23:53:06 2026]
Finished job 781.
396 of 425 steps (93%) done
Select jobs to execute...

[Sat Jul 25 23:53:06 2026]
rule write_aqueduct_config:
    input: P:/11212688-004-global-floodmaps/modelling/model_outputs/6900/inputs/dem.tif, P:/11212688-004-global-floodmaps/modelling/model_outputs/6900/inputs/mask.tif, P:/11212688-004-global-floodmaps/modelling/model_outputs/6900/inputs/friction.tif, P:/11212688-004-global-floodmaps/modelling/model_outputs/6900/inputs/boundaries_RP25_SLR_500.gpkg
    output: P:/11212688-004-global-floodmaps/modelling/model_outputs/6900/inputs/aqueduct_RP25_SLR_500.toml
    jobid: 834
    reason: Missing output files: P:/11212688-004-global-floodmaps/modelling/model_outputs/6900/inputs/aqueduct_RP25_SLR_500.toml; Input files updated by another job: P:/11212688-004-global-floodmaps/modelling/model_outputs/6900/inputs/dem.tif, P:/11212688-004-global-floodmaps/modelling/model_outputs/6900/inputs/friction.tif, P:/11212688-004-global-floodmaps/modelling/model_outputs/6900/inputs/boundaries_RP25_SLR_500.gpkg, P:/11212688-004-global-floodmaps/modelling/model_outputs/6900/inputs/mask.tif
    wildcards: tile_id=6900, return_period=RP25, waterlevel_name=SLR_500
    resources: tmpdir=C:\Users\schlumbe\AppData\Local\Temp

[Sat Jul 25 23:53:07 2026]
Finished job 826.
397 of 425 steps (93%) done
Select jobs to execute...

[Sat Jul 25 23:53:07 2026]
rule write_aqueduct_config:
    input: P:/11212688-004-global-floodmaps/modelling/model_outputs/6900/inputs/dem.tif, P:/11212688-004-global-floodmaps/modelling/model_outputs/6900/inputs/mask.tif, P:/11212688-004-global-floodmaps/modelling/model_outputs/6900/inputs/friction.tif, P:/11212688-004-global-floodmaps/modelling/model_outputs/6900/inputs/boundaries_RP50_SLR_500.gpkg
    output: P:/11212688-004-global-floodmaps/modelling/model_outputs/6900/inputs/aqueduct_RP50_SLR_500.toml
    jobid: 864
    reason: Missing output files: P:/11212688-004-global-floodmaps/modelling/model_outputs/6900/inputs/aqueduct_RP50_SLR_500.toml; Input files updated by another job: P:/11212688-004-global-floodmaps/modelling/model_outputs/6900/inputs/dem.tif, P:/11212688-004-global-floodmaps/modelling/model_outputs/6900/inputs/boundaries_RP50_SLR_500.gpkg, P:/11212688-004-global-floodmaps/modelling/model_outputs/6900/inputs/friction.tif, P:/11212688-004-global-floodmaps/modelling/model_outputs/6900/inputs/mask.tif
    wildcards: tile_id=6900, return_period=RP50, waterlevel_name=SLR_500
    resources: tmpdir=C:\Users\schlumbe\AppData\Local\Temp

[Sat Jul 25 23:53:07 2026]
Finished job 856.
398 of 425 steps (94%) done
Select jobs to execute...

[Sat Jul 25 23:53:07 2026]
rule write_aqueduct_config:
    input: P:/11212688-004-global-floodmaps/modelling/model_outputs/6900/inputs/dem.tif, P:/11212688-004-global-floodmaps/modelling/model_outputs/6900/inputs/mask.tif, P:/11212688-004-global-floodmaps/modelling/model_outputs/6900/inputs/friction.tif, P:/11212688-004-global-floodmaps/modelling/model_outputs/6900/inputs/boundaries_RP100_SLR_500.gpkg
    output: P:/11212688-004-global-floodmaps/modelling/model_outputs/6900/inputs/aqueduct_RP100_SLR_500.toml
    jobid: 804
    reason: Missing output files: P:/11212688-004-global-floodmaps/modelling/model_outputs/6900/inputs/aqueduct_RP100_SLR_500.toml; Input files updated by another job: P:/11212688-004-global-floodmaps/modelling/model_outputs/6900/inputs/dem.tif, P:/11212688-004-global-floodmaps/modelling/model_outputs/6900/inputs/friction.tif, P:/11212688-004-global-floodmaps/modelling/model_outputs/6900/inputs/boundaries_RP100_SLR_500.gpkg, P:/11212688-004-global-floodmaps/modelling/model_outputs/6900/inputs/mask.tif
    wildcards: tile_id=6900, return_period=RP100, waterlevel_name=SLR_500
    resources: tmpdir=C:\Users\schlumbe\AppData\Local\Temp

[Sat Jul 25 23:53:07 2026]
Finished job 796.
399 of 425 steps (94%) done
Select jobs to execute...

[Sat Jul 25 23:53:07 2026]
rule write_aqueduct_config:
    input: P:/11212688-004-global-floodmaps/modelling/model_outputs/6900/inputs/dem.tif, P:/11212688-004-global-floodmaps/modelling/model_outputs/6900/inputs/mask.tif, P:/11212688-004-global-floodmaps/modelling/model_outputs/6900/inputs/friction.tif, P:/11212688-004-global-floodmaps/modelling/model_outputs/6900/inputs/boundaries_RP2_SLR_2000.gpkg
    output: P:/11212688-004-global-floodmaps/modelling/model_outputs/6900/inputs/aqueduct_RP2_SLR_2000.toml
    jobid: 842
    reason: Missing output files: P:/11212688-004-global-floodmaps/modelling/model_outputs/6900/inputs/aqueduct_RP2_SLR_2000.toml; Input files updated by another job: P:/11212688-004-global-floodmaps/modelling/model_outputs/6900/inputs/dem.tif, P:/11212688-004-global-floodmaps/modelling/model_outputs/6900/inputs/boundaries_RP2_SLR_2000.gpkg, P:/11212688-004-global-floodmaps/modelling/model_outputs/6900/inputs/friction.tif, P:/11212688-004-global-floodmaps/modelling/model_outputs/6900/inputs/mask.tif
    wildcards: tile_id=6900, return_period=RP2, waterlevel_name=SLR_2000
    resources: tmpdir=C:\Users\schlumbe\AppData\Local\Temp

[Sat Jul 25 23:53:07 2026]
Finished job 834.
400 of 425 steps (94%) done
Select jobs to execute...

[Sat Jul 25 23:53:07 2026]
rule write_aqueduct_config:
    input: P:/11212688-004-global-floodmaps/modelling/model_outputs/6900/inputs/dem.tif, P:/11212688-004-global-floodmaps/modelling/model_outputs/6900/inputs/mask.tif, P:/11212688-004-global-floodmaps/modelling/model_outputs/6900/inputs/friction.tif, P:/11212688-004-global-floodmaps/modelling/model_outputs/6900/inputs/boundaries_RP10_SLR_2000.gpkg
    output: P:/11212688-004-global-floodmaps/modelling/model_outputs/6900/inputs/aqueduct_RP10_SLR_2000.toml
    jobid: 812
    reason: Missing output files: P:/11212688-004-global-floodmaps/modelling/model_outputs/6900/inputs/aqueduct_RP10_SLR_2000.toml; Input files updated by another job: P:/11212688-004-global-floodmaps/modelling/model_outputs/6900/inputs/dem.tif, P:/11212688-004-global-floodmaps/modelling/model_outputs/6900/inputs/friction.tif, P:/11212688-004-global-floodmaps/modelling/model_outputs/6900/inputs/boundaries_RP10_SLR_2000.gpkg, P:/11212688-004-global-floodmaps/modelling/model_outputs/6900/inputs/mask.tif
    wildcards: tile_id=6900, return_period=RP10, waterlevel_name=SLR_2000
    resources: tmpdir=C:\Users\schlumbe\AppData\Local\Temp

[Sat Jul 25 23:53:07 2026]
Finished job 864.
401 of 425 steps (94%) done
Select jobs to execute...

[Sat Jul 25 23:53:07 2026]
rule write_aqueduct_config:
    input: P:/11212688-004-global-floodmaps/modelling/model_outputs/6900/inputs/dem.tif, P:/11212688-004-global-floodmaps/modelling/model_outputs/6900/inputs/mask.tif, P:/11212688-004-global-floodmaps/modelling/model_outputs/6900/inputs/friction.tif, P:/11212688-004-global-floodmaps/modelling/model_outputs/6900/inputs/boundaries_RP5_SLR_2000.gpkg
    output: P:/11212688-004-global-floodmaps/modelling/model_outputs/6900/inputs/aqueduct_RP5_SLR_2000.toml
    jobid: 872
    reason: Missing output files: P:/11212688-004-global-floodmaps/modelling/model_outputs/6900/inputs/aqueduct_RP5_SLR_2000.toml; Input files updated by another job: P:/11212688-004-global-floodmaps/modelling/model_outputs/6900/inputs/dem.tif, P:/11212688-004-global-floodmaps/modelling/model_outputs/6900/inputs/friction.tif, P:/11212688-004-global-floodmaps/modelling/model_outputs/6900/inputs/boundaries_RP5_SLR_2000.gpkg, P:/11212688-004-global-floodmaps/modelling/model_outputs/6900/inputs/mask.tif
    wildcards: tile_id=6900, return_period=RP5, waterlevel_name=SLR_2000
    resources: tmpdir=C:\Users\schlumbe\AppData\Local\Temp

[Sat Jul 25 23:53:07 2026]
Finished job 804.
402 of 425 steps (95%) done
Select jobs to execute...

[Sat Jul 25 23:53:07 2026]
rule write_aqueduct_config:
    input: P:/11212688-004-global-floodmaps/modelling/model_outputs/6900/inputs/dem.tif, P:/11212688-004-global-floodmaps/modelling/model_outputs/6900/inputs/mask.tif, P:/11212688-004-global-floodmaps/modelling/model_outputs/6900/inputs/friction.tif, P:/11212688-004-global-floodmaps/modelling/model_outputs/6900/inputs/boundaries_RP250_SLR_1500.gpkg
    output: P:/11212688-004-global-floodmaps/modelling/model_outputs/6900/inputs/aqueduct_RP250_SLR_1500.toml
    jobid: 820
    reason: Missing output files: P:/11212688-004-global-floodmaps/modelling/model_outputs/6900/inputs/aqueduct_RP250_SLR_1500.toml; Input files updated by another job: P:/11212688-004-global-floodmaps/modelling/model_outputs/6900/inputs/boundaries_RP250_SLR_1500.gpkg, P:/11212688-004-global-floodmaps/modelling/model_outputs/6900/inputs/mask.tif, P:/11212688-004-global-floodmaps/modelling/model_outputs/6900/inputs/friction.tif, P:/11212688-004-global-floodmaps/modelling/model_outputs/6900/inputs/dem.tif
    wildcards: tile_id=6900, return_period=RP250, waterlevel_name=SLR_1500
    resources: tmpdir=C:\Users\schlumbe\AppData\Local\Temp

[Sat Jul 25 23:53:08 2026]
Finished job 842.
403 of 425 steps (95%) done
Select jobs to execute...

[Sat Jul 25 23:53:08 2026]
rule write_aqueduct_config:
    input: P:/11212688-004-global-floodmaps/modelling/model_outputs/6900/inputs/dem.tif, P:/11212688-004-global-floodmaps/modelling/model_outputs/6900/inputs/mask.tif, P:/11212688-004-global-floodmaps/modelling/model_outputs/6900/inputs/friction.tif, P:/11212688-004-global-floodmaps/modelling/model_outputs/6900/inputs/boundaries_RP1000_SLR_1500.gpkg
    output: P:/11212688-004-global-floodmaps/modelling/model_outputs/6900/inputs/aqueduct_RP1000_SLR_1500.toml
    jobid: 790
    reason: Missing output files: P:/11212688-004-global-floodmaps/modelling/model_outputs/6900/inputs/aqueduct_RP1000_SLR_1500.toml; Input files updated by another job: P:/11212688-004-global-floodmaps/modelling/model_outputs/6900/inputs/dem.tif, P:/11212688-004-global-floodmaps/modelling/model_outputs/6900/inputs/boundaries_RP1000_SLR_1500.gpkg, P:/11212688-004-global-floodmaps/modelling/model_outputs/6900/inputs/friction.tif, P:/11212688-004-global-floodmaps/modelling/model_outputs/6900/inputs/mask.tif
    wildcards: tile_id=6900, return_period=RP1000, waterlevel_name=SLR_1500
    resources: tmpdir=C:\Users\schlumbe\AppData\Local\Temp

[Sat Jul 25 23:53:08 2026]
Finished job 812.
404 of 425 steps (95%) done
Select jobs to execute...

[Sat Jul 25 23:53:08 2026]
rule write_aqueduct_config:
    input: P:/11212688-004-global-floodmaps/modelling/model_outputs/6900/inputs/dem.tif, P:/11212688-004-global-floodmaps/modelling/model_outputs/6900/inputs/mask.tif, P:/11212688-004-global-floodmaps/modelling/model_outputs/6900/inputs/friction.tif, P:/11212688-004-global-floodmaps/modelling/model_outputs/6900/inputs/boundaries_RP10_SLR_500.gpkg
    output: P:/11212688-004-global-floodmaps/modelling/model_outputs/6900/inputs/aqueduct_RP10_SLR_500.toml
    jobid: 814
    reason: Missing output files: P:/11212688-004-global-floodmaps/modelling/model_outputs/6900/inputs/aqueduct_RP10_SLR_500.toml; Input files updated by another job: P:/11212688-004-global-floodmaps/modelling/model_outputs/6900/inputs/dem.tif, P:/11212688-004-global-floodmaps/modelling/model_outputs/6900/inputs/boundaries_RP10_SLR_500.gpkg, P:/11212688-004-global-floodmaps/modelling/model_outputs/6900/inputs/friction.tif, P:/11212688-004-global-floodmaps/modelling/model_outputs/6900/inputs/mask.tif
    wildcards: tile_id=6900, return_period=RP10, waterlevel_name=SLR_500
    resources: tmpdir=C:\Users\schlumbe\AppData\Local\Temp

[Sat Jul 25 23:53:08 2026]
Finished job 872.
405 of 425 steps (95%) done
Select jobs to execute...

[Sat Jul 25 23:53:08 2026]
rule write_aqueduct_config:
    input: P:/11212688-004-global-floodmaps/modelling/model_outputs/6900/inputs/dem.tif, P:/11212688-004-global-floodmaps/modelling/model_outputs/6900/inputs/mask.tif, P:/11212688-004-global-floodmaps/modelling/model_outputs/6900/inputs/friction.tif, P:/11212688-004-global-floodmaps/modelling/model_outputs/6900/inputs/boundaries_RP5_SLR_500.gpkg
    output: P:/11212688-004-global-floodmaps/modelling/model_outputs/6900/inputs/aqueduct_RP5_SLR_500.toml
    jobid: 874
    reason: Missing output files: P:/11212688-004-global-floodmaps/modelling/model_outputs/6900/inputs/aqueduct_RP5_SLR_500.toml; Input files updated by another job: P:/11212688-004-global-floodmaps/modelling/model_outputs/6900/inputs/boundaries_RP5_SLR_500.gpkg, P:/11212688-004-global-floodmaps/modelling/model_outputs/6900/inputs/mask.tif, P:/11212688-004-global-floodmaps/modelling/model_outputs/6900/inputs/friction.tif, P:/11212688-004-global-floodmaps/modelling/model_outputs/6900/inputs/dem.tif
    wildcards: tile_id=6900, return_period=RP5, waterlevel_name=SLR_500
    resources: tmpdir=C:\Users\schlumbe\AppData\Local\Temp

[Sat Jul 25 23:53:08 2026]
Finished job 820.
406 of 425 steps (96%) done
Select jobs to execute...

[Sat Jul 25 23:53:08 2026]
rule write_aqueduct_config:
    input: P:/11212688-004-global-floodmaps/modelling/model_outputs/6900/inputs/dem.tif, P:/11212688-004-global-floodmaps/modelling/model_outputs/6900/inputs/mask.tif, P:/11212688-004-global-floodmaps/modelling/model_outputs/6900/inputs/friction.tif, P:/11212688-004-global-floodmaps/modelling/model_outputs/6900/inputs/boundaries_RP5_SLR_0.gpkg
    output: P:/11212688-004-global-floodmaps/modelling/model_outputs/6900/inputs/aqueduct_RP5_SLR_0.toml
    jobid: 866
    reason: Missing output files: P:/11212688-004-global-floodmaps/modelling/model_outputs/6900/inputs/aqueduct_RP5_SLR_0.toml; Input files updated by another job: P:/11212688-004-global-floodmaps/modelling/model_outputs/6900/inputs/dem.tif, P:/11212688-004-global-floodmaps/modelling/model_outputs/6900/inputs/boundaries_RP5_SLR_0.gpkg, P:/11212688-004-global-floodmaps/modelling/model_outputs/6900/inputs/friction.tif, P:/11212688-004-global-floodmaps/modelling/model_outputs/6900/inputs/mask.tif
    wildcards: tile_id=6900, return_period=RP5, waterlevel_name=SLR_0
    resources: tmpdir=C:\Users\schlumbe\AppData\Local\Temp

[Sat Jul 25 23:53:08 2026]
Finished job 790.
407 of 425 steps (96%) done
Select jobs to execute...

[Sat Jul 25 23:53:08 2026]
rule write_aqueduct_config:
    input: P:/11212688-004-global-floodmaps/modelling/model_outputs/6900/inputs/dem.tif, P:/11212688-004-global-floodmaps/modelling/model_outputs/6900/inputs/mask.tif, P:/11212688-004-global-floodmaps/modelling/model_outputs/6900/inputs/friction.tif, P:/11212688-004-global-floodmaps/modelling/model_outputs/6900/inputs/boundaries_RP500_SLR_1500.gpkg
    output: P:/11212688-004-global-floodmaps/modelling/model_outputs/6900/inputs/aqueduct_RP500_SLR_1500.toml
    jobid: 850
    reason: Missing output files: P:/11212688-004-global-floodmaps/modelling/model_outputs/6900/inputs/aqueduct_RP500_SLR_1500.toml; Input files updated by another job: P:/11212688-004-global-floodmaps/modelling/model_outputs/6900/inputs/dem.tif, P:/11212688-004-global-floodmaps/modelling/model_outputs/6900/inputs/friction.tif, P:/11212688-004-global-floodmaps/modelling/model_outputs/6900/inputs/boundaries_RP500_SLR_1500.gpkg, P:/11212688-004-global-floodmaps/modelling/model_outputs/6900/inputs/mask.tif
    wildcards: tile_id=6900, return_period=RP500, waterlevel_name=SLR_1500
    resources: tmpdir=C:\Users\schlumbe\AppData\Local\Temp

[Sat Jul 25 23:53:08 2026]
Finished job 814.
408 of 425 steps (96%) done
Select jobs to execute...

[Sat Jul 25 23:53:08 2026]
rule write_aqueduct_config:
    input: P:/11212688-004-global-floodmaps/modelling/model_outputs/6900/inputs/dem.tif, P:/11212688-004-global-floodmaps/modelling/model_outputs/6900/inputs/mask.tif, P:/11212688-004-global-floodmaps/modelling/model_outputs/6900/inputs/friction.tif, P:/11212688-004-global-floodmaps/modelling/model_outputs/6900/inputs/boundaries_RP250_SLR_2000.gpkg
    output: P:/11212688-004-global-floodmaps/modelling/model_outputs/6900/inputs/aqueduct_RP250_SLR_2000.toml
    jobid: 822
    reason: Missing output files: P:/11212688-004-global-floodmaps/modelling/model_outputs/6900/inputs/aqueduct_RP250_SLR_2000.toml; Input files updated by another job: P:/11212688-004-global-floodmaps/modelling/model_outputs/6900/inputs/dem.tif, P:/11212688-004-global-floodmaps/modelling/model_outputs/6900/inputs/boundaries_RP250_SLR_2000.gpkg, P:/11212688-004-global-floodmaps/modelling/model_outputs/6900/inputs/friction.tif, P:/11212688-004-global-floodmaps/modelling/model_outputs/6900/inputs/mask.tif
    wildcards: tile_id=6900, return_period=RP250, waterlevel_name=SLR_2000
    resources: tmpdir=C:\Users\schlumbe\AppData\Local\Temp

[Sat Jul 25 23:53:08 2026]
Finished job 874.
409 of 425 steps (96%) done
Select jobs to execute...

[Sat Jul 25 23:53:08 2026]
rule write_aqueduct_config:
    input: P:/11212688-004-global-floodmaps/modelling/model_outputs/6900/inputs/dem.tif, P:/11212688-004-global-floodmaps/modelling/model_outputs/6900/inputs/mask.tif, P:/11212688-004-global-floodmaps/modelling/model_outputs/6900/inputs/friction.tif, P:/11212688-004-global-floodmaps/modelling/model_outputs/6900/inputs/boundaries_RP1000_SLR_2000.gpkg
    output: P:/11212688-004-global-floodmaps/modelling/model_outputs/6900/inputs/aqueduct_RP1000_SLR_2000.toml
    jobid: 792
    reason: Missing output files: P:/11212688-004-global-floodmaps/modelling/model_outputs/6900/inputs/aqueduct_RP1000_SLR_2000.toml; Input files updated by another job: P:/11212688-004-global-floodmaps/modelling/model_outputs/6900/inputs/dem.tif, P:/11212688-004-global-floodmaps/modelling/model_outputs/6900/inputs/mask.tif, P:/11212688-004-global-floodmaps/modelling/model_outputs/6900/inputs/friction.tif, P:/11212688-004-global-floodmaps/modelling/model_outputs/6900/inputs/boundaries_RP1000_SLR_2000.gpkg
    wildcards: tile_id=6900, return_period=RP1000, waterlevel_name=SLR_2000
    resources: tmpdir=C:\Users\schlumbe\AppData\Local\Temp

[Sat Jul 25 23:53:08 2026]
Finished job 866.
410 of 425 steps (96%) done
Select jobs to execute...

[Sat Jul 25 23:53:08 2026]
rule write_aqueduct_config:
    input: P:/11212688-004-global-floodmaps/modelling/model_outputs/6900/inputs/dem.tif, P:/11212688-004-global-floodmaps/modelling/model_outputs/6900/inputs/mask.tif, P:/11212688-004-global-floodmaps/modelling/model_outputs/6900/inputs/friction.tif, P:/11212688-004-global-floodmaps/modelling/model_outputs/6900/inputs/boundaries_RP500_SLR_2000.gpkg
    output: P:/11212688-004-global-floodmaps/modelling/model_outputs/6900/inputs/aqueduct_RP500_SLR_2000.toml
    jobid: 852
    reason: Missing output files: P:/11212688-004-global-floodmaps/modelling/model_outputs/6900/inputs/aqueduct_RP500_SLR_2000.toml; Input files updated by another job: P:/11212688-004-global-floodmaps/modelling/model_outputs/6900/inputs/dem.tif, P:/11212688-004-global-floodmaps/modelling/model_outputs/6900/inputs/boundaries_RP500_SLR_2000.gpkg, P:/11212688-004-global-floodmaps/modelling/model_outputs/6900/inputs/friction.tif, P:/11212688-004-global-floodmaps/modelling/model_outputs/6900/inputs/mask.tif
    wildcards: tile_id=6900, return_period=RP500, waterlevel_name=SLR_2000
    resources: tmpdir=C:\Users\schlumbe\AppData\Local\Temp

[Sat Jul 25 23:53:09 2026]
Finished job 850.
411 of 425 steps (97%) done
Select jobs to execute...

[Sat Jul 25 23:53:09 2026]
rule write_aqueduct_config:
    input: P:/11212688-004-global-floodmaps/modelling/model_outputs/6900/inputs/dem.tif, P:/11212688-004-global-floodmaps/modelling/model_outputs/6900/inputs/mask.tif, P:/11212688-004-global-floodmaps/modelling/model_outputs/6900/inputs/friction.tif, P:/11212688-004-global-floodmaps/modelling/model_outputs/6900/inputs/boundaries_RP25_SLR_1000.gpkg
    output: P:/11212688-004-global-floodmaps/modelling/model_outputs/6900/inputs/aqueduct_RP25_SLR_1000.toml
    jobid: 828
    reason: Missing output files: P:/11212688-004-global-floodmaps/modelling/model_outputs/6900/inputs/aqueduct_RP25_SLR_1000.toml; Input files updated by another job: P:/11212688-004-global-floodmaps/modelling/model_outputs/6900/inputs/dem.tif, P:/11212688-004-global-floodmaps/modelling/model_outputs/6900/inputs/boundaries_RP25_SLR_1000.gpkg, P:/11212688-004-global-floodmaps/modelling/model_outputs/6900/inputs/friction.tif, P:/11212688-004-global-floodmaps/modelling/model_outputs/6900/inputs/mask.tif
    wildcards: tile_id=6900, return_period=RP25, waterlevel_name=SLR_1000
    resources: tmpdir=C:\Users\schlumbe\AppData\Local\Temp

[Sat Jul 25 23:53:09 2026]
Finished job 822.
412 of 425 steps (97%) done
Select jobs to execute...

[Sat Jul 25 23:53:09 2026]
rule write_aqueduct_config:
    input: P:/11212688-004-global-floodmaps/modelling/model_outputs/6900/inputs/dem.tif, P:/11212688-004-global-floodmaps/modelling/model_outputs/6900/inputs/mask.tif, P:/11212688-004-global-floodmaps/modelling/model_outputs/6900/inputs/friction.tif, P:/11212688-004-global-floodmaps/modelling/model_outputs/6900/inputs/boundaries_RP100_SLR_1000.gpkg
    output: P:/11212688-004-global-floodmaps/modelling/model_outputs/6900/inputs/aqueduct_RP100_SLR_1000.toml
    jobid: 798
    reason: Missing output files: P:/11212688-004-global-floodmaps/modelling/model_outputs/6900/inputs/aqueduct_RP100_SLR_1000.toml; Input files updated by another job: P:/11212688-004-global-floodmaps/modelling/model_outputs/6900/inputs/dem.tif, P:/11212688-004-global-floodmaps/modelling/model_outputs/6900/inputs/boundaries_RP100_SLR_1000.gpkg, P:/11212688-004-global-floodmaps/modelling/model_outputs/6900/inputs/friction.tif, P:/11212688-004-global-floodmaps/modelling/model_outputs/6900/inputs/mask.tif
    wildcards: tile_id=6900, return_period=RP100, waterlevel_name=SLR_1000
    resources: tmpdir=C:\Users\schlumbe\AppData\Local\Temp

[Sat Jul 25 23:53:09 2026]
Finished job 852.
413 of 425 steps (97%) done
Select jobs to execute...

[Sat Jul 25 23:53:09 2026]
rule write_aqueduct_config:
    input: P:/11212688-004-global-floodmaps/modelling/model_outputs/6900/inputs/dem.tif, P:/11212688-004-global-floodmaps/modelling/model_outputs/6900/inputs/mask.tif, P:/11212688-004-global-floodmaps/modelling/model_outputs/6900/inputs/friction.tif, P:/11212688-004-global-floodmaps/modelling/model_outputs/6900/inputs/boundaries_RP50_SLR_1000.gpkg
    output: P:/11212688-004-global-floodmaps/modelling/model_outputs/6900/inputs/aqueduct_RP50_SLR_1000.toml
    jobid: 858
    reason: Missing output files: P:/11212688-004-global-floodmaps/modelling/model_outputs/6900/inputs/aqueduct_RP50_SLR_1000.toml; Input files updated by another job: P:/11212688-004-global-floodmaps/modelling/model_outputs/6900/inputs/dem.tif, P:/11212688-004-global-floodmaps/modelling/model_outputs/6900/inputs/boundaries_RP50_SLR_1000.gpkg, P:/11212688-004-global-floodmaps/modelling/model_outputs/6900/inputs/friction.tif, P:/11212688-004-global-floodmaps/modelling/model_outputs/6900/inputs/mask.tif
    wildcards: tile_id=6900, return_period=RP50, waterlevel_name=SLR_1000
    resources: tmpdir=C:\Users\schlumbe\AppData\Local\Temp

[Sat Jul 25 23:53:09 2026]
Finished job 828.
414 of 425 steps (97%) done
Select jobs to execute...

[Sat Jul 25 23:53:09 2026]
rule write_aqueduct_config:
    input: P:/11212688-004-global-floodmaps/modelling/model_outputs/6900/inputs/dem.tif, P:/11212688-004-global-floodmaps/modelling/model_outputs/6900/inputs/mask.tif, P:/11212688-004-global-floodmaps/modelling/model_outputs/6900/inputs/friction.tif, P:/11212688-004-global-floodmaps/modelling/model_outputs/6900/inputs/boundaries_RP25_SLR_1500.gpkg
    output: P:/11212688-004-global-floodmaps/modelling/model_outputs/6900/inputs/aqueduct_RP25_SLR_1500.toml
    jobid: 830
    reason: Missing output files: P:/11212688-004-global-floodmaps/modelling/model_outputs/6900/inputs/aqueduct_RP25_SLR_1500.toml; Input files updated by another job: P:/11212688-004-global-floodmaps/modelling/model_outputs/6900/inputs/boundaries_RP25_SLR_1500.gpkg, P:/11212688-004-global-floodmaps/modelling/model_outputs/6900/inputs/mask.tif, P:/11212688-004-global-floodmaps/modelling/model_outputs/6900/inputs/friction.tif, P:/11212688-004-global-floodmaps/modelling/model_outputs/6900/inputs/dem.tif
    wildcards: tile_id=6900, return_period=RP25, waterlevel_name=SLR_1500
    resources: tmpdir=C:\Users\schlumbe\AppData\Local\Temp

[Sat Jul 25 23:53:09 2026]
Finished job 798.
415 of 425 steps (98%) done
Select jobs to execute...

[Sat Jul 25 23:53:09 2026]
rule write_aqueduct_config:
    input: P:/11212688-004-global-floodmaps/modelling/model_outputs/6900/inputs/dem.tif, P:/11212688-004-global-floodmaps/modelling/model_outputs/6900/inputs/mask.tif, P:/11212688-004-global-floodmaps/modelling/model_outputs/6900/inputs/friction.tif, P:/11212688-004-global-floodmaps/modelling/model_outputs/6900/inputs/boundaries_RP100_SLR_1500.gpkg
    output: P:/11212688-004-global-floodmaps/modelling/model_outputs/6900/inputs/aqueduct_RP100_SLR_1500.toml
    jobid: 800
    reason: Missing output files: P:/11212688-004-global-floodmaps/modelling/model_outputs/6900/inputs/aqueduct_RP100_SLR_1500.toml; Input files updated by another job: P:/11212688-004-global-floodmaps/modelling/model_outputs/6900/inputs/dem.tif, P:/11212688-004-global-floodmaps/modelling/model_outputs/6900/inputs/friction.tif, P:/11212688-004-global-floodmaps/modelling/model_outputs/6900/inputs/boundaries_RP100_SLR_1500.gpkg, P:/11212688-004-global-floodmaps/modelling/model_outputs/6900/inputs/mask.tif
    wildcards: tile_id=6900, return_period=RP100, waterlevel_name=SLR_1500
    resources: tmpdir=C:\Users\schlumbe\AppData\Local\Temp

[Sat Jul 25 23:53:09 2026]
Finished job 858.
416 of 425 steps (98%) done
Select jobs to execute...

[Sat Jul 25 23:53:09 2026]
rule write_aqueduct_config:
    input: P:/11212688-004-global-floodmaps/modelling/model_outputs/6900/inputs/dem.tif, P:/11212688-004-global-floodmaps/modelling/model_outputs/6900/inputs/mask.tif, P:/11212688-004-global-floodmaps/modelling/model_outputs/6900/inputs/friction.tif, P:/11212688-004-global-floodmaps/modelling/model_outputs/6900/inputs/boundaries_RP50_SLR_1500.gpkg
    output: P:/11212688-004-global-floodmaps/modelling/model_outputs/6900/inputs/aqueduct_RP50_SLR_1500.toml
    jobid: 860
    reason: Missing output files: P:/11212688-004-global-floodmaps/modelling/model_outputs/6900/inputs/aqueduct_RP50_SLR_1500.toml; Input files updated by another job: P:/11212688-004-global-floodmaps/modelling/model_outputs/6900/inputs/dem.tif, P:/11212688-004-global-floodmaps/modelling/model_outputs/6900/inputs/boundaries_RP50_SLR_1500.gpkg, P:/11212688-004-global-floodmaps/modelling/model_outputs/6900/inputs/friction.tif, P:/11212688-004-global-floodmaps/modelling/model_outputs/6900/inputs/mask.tif
    wildcards: tile_id=6900, return_period=RP50, waterlevel_name=SLR_1500
    resources: tmpdir=C:\Users\schlumbe\AppData\Local\Temp

[Sat Jul 25 23:53:10 2026]
Finished job 830.
417 of 425 steps (98%) done
Select jobs to execute...

[Sat Jul 25 23:53:10 2026]
rule write_aqueduct_config:
    input: P:/11212688-004-global-floodmaps/modelling/model_outputs/6900/inputs/dem.tif, P:/11212688-004-global-floodmaps/modelling/model_outputs/6900/inputs/mask.tif, P:/11212688-004-global-floodmaps/modelling/model_outputs/6900/inputs/friction.tif, P:/11212688-004-global-floodmaps/modelling/model_outputs/6900/inputs/boundaries_RP2_SLR_1000.gpkg
    output: P:/11212688-004-global-floodmaps/modelling/model_outputs/6900/inputs/aqueduct_RP2_SLR_1000.toml
    jobid: 838
    reason: Missing output files: P:/11212688-004-global-floodmaps/modelling/model_outputs/6900/inputs/aqueduct_RP2_SLR_1000.toml; Input files updated by another job: P:/11212688-004-global-floodmaps/modelling/model_outputs/6900/inputs/dem.tif, P:/11212688-004-global-floodmaps/modelling/model_outputs/6900/inputs/boundaries_RP2_SLR_1000.gpkg, P:/11212688-004-global-floodmaps/modelling/model_outputs/6900/inputs/friction.tif, P:/11212688-004-global-floodmaps/modelling/model_outputs/6900/inputs/mask.tif
    wildcards: tile_id=6900, return_period=RP2, waterlevel_name=SLR_1000
    resources: tmpdir=C:\Users\schlumbe\AppData\Local\Temp

[Sat Jul 25 23:53:10 2026]
Finished job 800.
418 of 425 steps (98%) done
Select jobs to execute...

[Sat Jul 25 23:53:10 2026]
rule write_aqueduct_config:
    input: P:/11212688-004-global-floodmaps/modelling/model_outputs/6900/inputs/dem.tif, P:/11212688-004-global-floodmaps/modelling/model_outputs/6900/inputs/mask.tif, P:/11212688-004-global-floodmaps/modelling/model_outputs/6900/inputs/friction.tif, P:/11212688-004-global-floodmaps/modelling/model_outputs/6900/inputs/boundaries_RP10_SLR_0.gpkg
    output: P:/11212688-004-global-floodmaps/modelling/model_outputs/6900/inputs/aqueduct_RP10_SLR_0.toml
    jobid: 806
    reason: Missing output files: P:/11212688-004-global-floodmaps/modelling/model_outputs/6900/inputs/aqueduct_RP10_SLR_0.toml; Input files updated by another job: P:/11212688-004-global-floodmaps/modelling/model_outputs/6900/inputs/boundaries_RP10_SLR_0.gpkg, P:/11212688-004-global-floodmaps/modelling/model_outputs/6900/inputs/mask.tif, P:/11212688-004-global-floodmaps/modelling/model_outputs/6900/inputs/friction.tif, P:/11212688-004-global-floodmaps/modelling/model_outputs/6900/inputs/dem.tif
    wildcards: tile_id=6900, return_period=RP10, waterlevel_name=SLR_0
    resources: tmpdir=C:\Users\schlumbe\AppData\Local\Temp

[Sat Jul 25 23:53:10 2026]
Finished job 860.
419 of 425 steps (99%) done
Select jobs to execute...

[Sat Jul 25 23:53:10 2026]
rule write_aqueduct_config:
    input: P:/11212688-004-global-floodmaps/modelling/model_outputs/6900/inputs/dem.tif, P:/11212688-004-global-floodmaps/modelling/model_outputs/6900/inputs/mask.tif, P:/11212688-004-global-floodmaps/modelling/model_outputs/6900/inputs/friction.tif, P:/11212688-004-global-floodmaps/modelling/model_outputs/6900/inputs/boundaries_RP5_SLR_1000.gpkg
    output: P:/11212688-004-global-floodmaps/modelling/model_outputs/6900/inputs/aqueduct_RP5_SLR_1000.toml
    jobid: 868
    reason: Missing output files: P:/11212688-004-global-floodmaps/modelling/model_outputs/6900/inputs/aqueduct_RP5_SLR_1000.toml; Input files updated by another job: P:/11212688-004-global-floodmaps/modelling/model_outputs/6900/inputs/dem.tif, P:/11212688-004-global-floodmaps/modelling/model_outputs/6900/inputs/boundaries_RP5_SLR_1000.gpkg, P:/11212688-004-global-floodmaps/modelling/model_outputs/6900/inputs/friction.tif, P:/11212688-004-global-floodmaps/modelling/model_outputs/6900/inputs/mask.tif
    wildcards: tile_id=6900, return_period=RP5, waterlevel_name=SLR_1000
    resources: tmpdir=C:\Users\schlumbe\AppData\Local\Temp

[Sat Jul 25 23:53:10 2026]
Finished job 838.
420 of 425 steps (99%) done
Select jobs to execute...

[Sat Jul 25 23:53:10 2026]
rule write_aqueduct_config:
    input: P:/11212688-004-global-floodmaps/modelling/model_outputs/6900/inputs/dem.tif, P:/11212688-004-global-floodmaps/modelling/model_outputs/6900/inputs/mask.tif, P:/11212688-004-global-floodmaps/modelling/model_outputs/6900/inputs/friction.tif, P:/11212688-004-global-floodmaps/modelling/model_outputs/6900/inputs/boundaries_RP2_SLR_500.gpkg
    output: P:/11212688-004-global-floodmaps/modelling/model_outputs/6900/inputs/aqueduct_RP2_SLR_500.toml
    jobid: 844
    reason: Missing output files: P:/11212688-004-global-floodmaps/modelling/model_outputs/6900/inputs/aqueduct_RP2_SLR_500.toml; Input files updated by another job: P:/11212688-004-global-floodmaps/modelling/model_outputs/6900/inputs/boundaries_RP2_SLR_500.gpkg, P:/11212688-004-global-floodmaps/modelling/model_outputs/6900/inputs/mask.tif, P:/11212688-004-global-floodmaps/modelling/model_outputs/6900/inputs/friction.tif, P:/11212688-004-global-floodmaps/modelling/model_outputs/6900/inputs/dem.tif
    wildcards: tile_id=6900, return_period=RP2, waterlevel_name=SLR_500
    resources: tmpdir=C:\Users\schlumbe\AppData\Local\Temp

[Sat Jul 25 23:53:10 2026]
Finished job 806.
421 of 425 steps (99%) done
Select jobs to execute...

[Sat Jul 25 23:53:10 2026]
rule write_aqueduct_config:
    input: P:/11212688-004-global-floodmaps/modelling/model_outputs/6900/inputs/dem.tif, P:/11212688-004-global-floodmaps/modelling/model_outputs/6900/inputs/mask.tif, P:/11212688-004-global-floodmaps/modelling/model_outputs/6900/inputs/friction.tif, P:/11212688-004-global-floodmaps/modelling/model_outputs/6900/inputs/boundaries_RP2_SLR_0.gpkg
    output: P:/11212688-004-global-floodmaps/modelling/model_outputs/6900/inputs/aqueduct_RP2_SLR_0.toml
    jobid: 836
    reason: Missing output files: P:/11212688-004-global-floodmaps/modelling/model_outputs/6900/inputs/aqueduct_RP2_SLR_0.toml; Input files updated by another job: P:/11212688-004-global-floodmaps/modelling/model_outputs/6900/inputs/dem.tif, P:/11212688-004-global-floodmaps/modelling/model_outputs/6900/inputs/mask.tif, P:/11212688-004-global-floodmaps/modelling/model_outputs/6900/inputs/friction.tif, P:/11212688-004-global-floodmaps/modelling/model_outputs/6900/inputs/boundaries_RP2_SLR_0.gpkg
    wildcards: tile_id=6900, return_period=RP2, waterlevel_name=SLR_0
    resources: tmpdir=C:\Users\schlumbe\AppData\Local\Temp

[Sat Jul 25 23:53:10 2026]
Finished job 868.
422 of 425 steps (99%) done
[Sat Jul 25 23:53:11 2026]
Finished job 844.
423 of 425 steps (99.5%) done
[Sat Jul 25 23:53:11 2026]
Finished job 836.
424 of 425 steps (99.8%) done
[Sat Jul 25 23:53:19 2026]
Finished job 792.
425 of 425 steps (100%) done
Complete log: .snakemake\log\2026-07-25T233538.228695.snakemake.log
