 WARN Encountered 1 warning while parsing the manifest:
  ⚠ The `project` field is deprecated. Use `workspace` instead.
    ╭─[C:\Users\Schlu005\GFM\pixi.toml:1:1]
  1 │ ╭─▶ [project]
  2 │ │   name = "GFM"
  3 │ │   version = "0.1.0"
  4 │ │   description = "Add a short description here"
  5 │ │   authors = ["Maarten Pronk <git@evetion.nl>"]
  6 │ │   channels = ["conda-forge"]
  7 │ │   platforms = ["osx-arm64", "win-64", "linux-64"]
  8 │ │   readme = "README.md"
  9 │ │   license = "MIT"
 10 │ │   license-file = "LICENSE"
 11 │ │   homepage = "https://github.com/Deltares-research/GFM/"
 12 │ │   documentation = "https://github.com/Deltares-research/GFM/"
 13 │ ├─▶ repository = "https://github.com/Deltares-research/GFM/"
    · ╰──── replace this with 'workspace'
 14 │     
    ╰────


  [ SKIP ] Download DeltaDTM tiles

  [ SKIP ] Connectivity map

============================================================
  Build DeltaDTM-tile chunk manifest -> tile_grid.path
============================================================
2026-08-04 06:11:53,279 - snakemake_workflow - log - INFO - HydroMT version: 0.9.4
06:11:53  INFO      HydroMT version: 0.9.4
2026-08-04 06:11:53,279 - snakemake_workflow - data_catalog - INFO - Parsing data catalog from C:\Users\Schlu005\GFM\snakemake_workflow\config\data_catalog_gfm.yml
06:11:53  INFO      Parsing data catalog from C:\Users\Schlu005\GFM\snakemake_workflow\config\data_catalog_gfm.yml
Stage 1: build_tile_index
  7417 DeltaDTM tiles found

Stage 2: filter_floodable_tiles (+ river-mouth marking)
  filter_floodable_tiles: 500/7417 checked, 477 floodable, 10 river-mouth so far (136s elapsed)
  filter_floodable_tiles: 1000/7417 checked, 966 floodable, 19 river-mouth so far (246s elapsed)
  filter_floodable_tiles: 1500/7417 checked, 1456 floodable, 31 river-mouth so far (357s elapsed)
  filter_floodable_tiles: 2000/7417 checked, 1948 floodable, 46 river-mouth so far (477s elapsed)
  filter_floodable_tiles: 2500/7417 checked, 2444 floodable, 47 river-mouth so far (609s elapsed)
  filter_floodable_tiles: 3000/7417 checked, 2940 floodable, 49 river-mouth so far (695s elapsed)
  filter_floodable_tiles: 3500/7417 checked, 3428 floodable, 52 river-mouth so far (766s elapsed)
  filter_floodable_tiles: 4000/7417 checked, 3923 floodable, 53 river-mouth so far (842s elapsed)
  filter_floodable_tiles: 4500/7417 checked, 4415 floodable, 56 river-mouth so far (910s elapsed)
  filter_floodable_tiles: 5000/7417 checked, 4905 floodable, 61 river-mouth so far (962s elapsed)
  filter_floodable_tiles: 5500/7417 checked, 5392 floodable, 62 river-mouth so far (1002s elapsed)
  filter_floodable_tiles: 6000/7417 checked, 5841 floodable, 71 river-mouth so far (1092s elapsed)
  filter_floodable_tiles: 6500/7417 checked, 6329 floodable, 77 river-mouth so far (1184s elapsed)
  filter_floodable_tiles: 7000/7417 checked, 6798 floodable, 79 river-mouth so far (1273s elapsed)
  river-mouth speckle re-check: 5/79 candidates dropped (isolated inland water miscoded as ocean, not real coast)
  7186/7417 tiles kept (74 river-mouth)

Stage 3: build_chunks (river-mouth seeded) + overlap cleanup
  10241 chunks before overlap cleanup
  2429 chunks after reduce_overlap
  2384 chunks after add_minimum_overlap (1698 pairs left unresolved)
  3719 chunks after add_connector_chunks (1335 connectors, bridging 1698 pairs)

Stage 4: filter_and_shave_chunks (3719 chunks)
2026-08-04 06:35:48,668 - snakemake_workflow - log - INFO - HydroMT version: 0.9.4
2026-08-04 06:35:48,668 - snakemake_workflow - data_catalog - INFO - Parsing data catalog from C:\Users\Schlu005\GFM\snakemake_workflow\config\data_catalog_gfm.yml
2026-08-04 06:35:48,747 - snakemake_workflow - rasterdataset - INFO - Reading population raster data from D:\GFM\inputs\exposure\ppp_2020_1km_Aggregated.tif
2026-08-04 06:35:49,210 - snakemake_workflow - rasterdataset - DEBUG - Clip to [-72.000, -56.000, -68.000, -52.000] (epsg:4326))
2026-08-04 06:35:51,875 - snakemake_workflow - log - INFO - HydroMT version: 0.9.4
2026-08-04 06:35:51,875 - snakemake_workflow - data_catalog - INFO - Parsing data catalog from C:\Users\Schlu005\GFM\snakemake_workflow\config\data_catalog_gfm.yml
2026-08-04 06:35:51,916 - snakemake_workflow - rasterdataset - INFO - Reading population raster data from D:\GFM\inputs\exposure\ppp_2020_1km_Aggregated.tif
2026-08-04 06:35:51,983 - snakemake_workflow - rasterdataset - DEBUG - Clip to [-67.000, 44.000, -63.000, 48.000] (epsg:4326))
2026-08-04 06:35:52,813 - snakemake_workflow - rasterdataset - INFO - Reading population raster data from D:\GFM\inputs\exposure\ppp_2020_1km_Aggregated.tif
2026-08-04 06:35:52,857 - snakemake_workflow - rasterdataset - DEBUG - Clip to [-115.000, 26.000, -111.000, 30.000] (epsg:4326))
2026-08-04 06:35:55,742 - snakemake_workflow - log - INFO - HydroMT version: 0.9.4
2026-08-04 06:35:55,742 - snakemake_workflow - data_catalog - INFO - Parsing data catalog from C:\Users\Schlu005\GFM\snakemake_workflow\config\data_catalog_gfm.yml
2026-08-04 06:35:55,785 - snakemake_workflow - rasterdataset - INFO - Reading population raster data from D:\GFM\inputs\exposure\ppp_2020_1km_Aggregated.tif
2026-08-04 06:35:55,845 - snakemake_workflow - rasterdataset - DEBUG - Clip to [-67.000, 63.000, -63.000, 67.000] (epsg:4326))
2026-08-04 06:35:59,121 - snakemake_workflow - rasterdataset - INFO - Reading population raster data from D:\GFM\inputs\exposure\ppp_2020_1km_Aggregated.tif
2026-08-04 06:35:59,141 - snakemake_workflow - rasterdataset - DEBUG - Clip to [-116.000, 27.000, -114.000, 30.000] (epsg:4326))
2026-08-04 06:35:59,504 - snakemake_workflow - rasterdataset - INFO - Reading population raster data from D:\GFM\inputs\exposure\ppp_2020_1km_Aggregated.tif
2026-08-04 06:35:59,537 - snakemake_workflow - rasterdataset - DEBUG - Clip to [-64.000, 44.000, -62.000, 48.000] (epsg:4326))
2026-08-04 06:35:59,761 - snakemake_workflow - log - INFO - HydroMT version: 0.9.4
2026-08-04 06:35:59,761 - snakemake_workflow - data_catalog - INFO - Parsing data catalog from C:\Users\Schlu005\GFM\snakemake_workflow\config\data_catalog_gfm.yml
2026-08-04 06:35:59,822 - snakemake_workflow - rasterdataset - INFO - Reading population raster data from D:\GFM\inputs\exposure\ppp_2020_1km_Aggregated.tif
2026-08-04 06:35:59,926 - snakemake_workflow - rasterdataset - DEBUG - Clip to [-80.000, 55.000, -76.000, 59.000] (epsg:4326))
2026-08-04 06:36:00,997 - snakemake_workflow - rasterdataset - INFO - Reading population raster data from D:\GFM\inputs\exposure\ppp_2020_1km_Aggregated.tif
2026-08-04 06:36:01,041 - snakemake_workflow - rasterdataset - DEBUG - Clip to [-116.000, 30.000, -112.000, 31.000] (epsg:4326))
2026-08-04 06:36:02,355 - snakemake_workflow - rasterdataset - INFO - Reading population raster data from D:\GFM\inputs\exposure\ppp_2020_1km_Aggregated.tif
2026-08-04 06:36:02,384 - snakemake_workflow - rasterdataset - DEBUG - Clip to [-63.000, 44.000, -61.000, 48.000] (epsg:4326))
2026-08-04 06:36:02,564 - snakemake_workflow - rasterdataset - INFO - Reading population raster data from D:\GFM\inputs\exposure\ppp_2020_1km_Aggregated.tif
2026-08-04 06:36:02,609 - snakemake_workflow - rasterdataset - DEBUG - Clip to [-88.000, 69.000, -84.000, 71.000] (epsg:4326))
2026-08-04 06:36:02,641 - snakemake_workflow - rasterdataset - INFO - Reading population raster data from D:\GFM\inputs\exposure\ppp_2020_1km_Aggregated.tif
2026-08-04 06:36:02,685 - snakemake_workflow - rasterdataset - DEBUG - Clip to [-89.000, 67.000, -87.000, 71.000] (epsg:4326))
2026-08-04 06:36:02,717 - snakemake_workflow - rasterdataset - INFO - Reading population raster data from D:\GFM\inputs\exposure\ppp_2020_1km_Aggregated.tif
2026-08-04 06:36:02,748 - snakemake_workflow - rasterdataset - DEBUG - Clip to [-80.000, 71.000, -76.000, 73.000] (epsg:4326))
2026-08-04 06:36:04,080 - snakemake_workflow - log - INFO - HydroMT version: 0.9.4
2026-08-04 06:36:04,080 - snakemake_workflow - data_catalog - INFO - Parsing data catalog from C:\Users\Schlu005\GFM\snakemake_workflow\config\data_catalog_gfm.yml
2026-08-04 06:36:04,156 - snakemake_workflow - rasterdataset - INFO - Reading population raster data from D:\GFM\inputs\exposure\ppp_2020_1km_Aggregated.tif
2026-08-04 06:36:04,254 - snakemake_workflow - rasterdataset - DEBUG - Clip to [-90.000, 71.000, -87.000, 72.000] (epsg:4326))
2026-08-04 06:36:04,934 - snakemake_workflow - rasterdataset - INFO - Reading population raster data from D:\GFM\inputs\exposure\ppp_2020_1km_Aggregated.tif
2026-08-04 06:36:04,977 - snakemake_workflow - rasterdataset - DEBUG - Clip to [-67.000, 66.000, -63.000, 68.000] (epsg:4326))
2026-08-04 06:36:05,274 - snakemake_workflow - rasterdataset - INFO - Reading population raster data from D:\GFM\inputs\exposure\ppp_2020_1km_Aggregated.tif
2026-08-04 06:36:05,308 - snakemake_workflow - rasterdataset - DEBUG - Clip to [-133.000, 52.000, -129.000, 56.000] (epsg:4326))
2026-08-04 06:36:05,477 - snakemake_workflow - rasterdataset - INFO - Reading population raster data from D:\GFM\inputs\exposure\ppp_2020_1km_Aggregated.tif
2026-08-04 06:36:05,528 - snakemake_workflow - rasterdataset - DEBUG - Clip to [-91.000, 68.000, -88.000, 72.000] (epsg:4326))
2026-08-04 06:36:06,674 - snakemake_workflow - rasterdataset - INFO - Reading population raster data from D:\GFM\inputs\exposure\ppp_2020_1km_Aggregated.tif
2026-08-04 06:36:06,718 - snakemake_workflow - rasterdataset - DEBUG - Clip to [-88.000, 70.000, -84.000, 72.000] (epsg:4326))
2026-08-04 06:36:06,752 - snakemake_workflow - rasterdataset - INFO - Reading population raster data from D:\GFM\inputs\exposure\ppp_2020_1km_Aggregated.tif
2026-08-04 06:36:06,791 - snakemake_workflow - rasterdataset - DEBUG - Clip to [-83.000, 73.000, -79.000, 74.000] (epsg:4326))
2026-08-04 06:36:06,859 - snakemake_workflow - rasterdataset - INFO - Reading population raster data from D:\GFM\inputs\exposure\ppp_2020_1km_Aggregated.tif
2026-08-04 06:36:06,886 - snakemake_workflow - rasterdataset - DEBUG - Clip to [-87.000, 72.000, -83.000, 76.000] (epsg:4326))
2026-08-04 06:36:07,478 - snakemake_workflow - rasterdataset - INFO - Reading population raster data from D:\GFM\inputs\exposure\ppp_2020_1km_Aggregated.tif
2026-08-04 06:36:07,502 - snakemake_workflow - rasterdataset - DEBUG - Clip to [-88.000, 65.000, -84.000, 69.000] (epsg:4326))
2026-08-04 06:36:08,646 - snakemake_workflow - rasterdataset - INFO - Reading population raster data from D:\GFM\inputs\exposure\ppp_2020_1km_Aggregated.tif
2026-08-04 06:36:08,674 - snakemake_workflow - rasterdataset - DEBUG - Clip to [-68.000, 65.000, -66.000, 68.000] (epsg:4326))
2026-08-04 06:36:08,685 - snakemake_workflow - rasterdataset - INFO - Reading population raster data from D:\GFM\inputs\exposure\ppp_2020_1km_Aggregated.tif
2026-08-04 06:36:08,721 - snakemake_workflow - rasterdataset - DEBUG - Clip to [-68.000, 68.000, -64.000, 69.000] (epsg:4326))
2026-08-04 06:36:08,847 - snakemake_workflow - rasterdataset - INFO - Reading population raster data from D:\GFM\inputs\exposure\ppp_2020_1km_Aggregated.tif
2026-08-04 06:36:08,871 - snakemake_workflow - log - INFO - HydroMT version: 0.9.4
2026-08-04 06:36:08,871 - snakemake_workflow - data_catalog - INFO - Parsing data catalog from C:\Users\Schlu005\GFM\snakemake_workflow\config\data_catalog_gfm.yml
2026-08-04 06:36:08,895 - snakemake_workflow - rasterdataset - DEBUG - Clip to [-91.000, 73.000, -87.000, 77.000] (epsg:4326))
2026-08-04 06:36:08,942 - snakemake_workflow - rasterdataset - INFO - Reading population raster data from D:\GFM\inputs\exposure\ppp_2020_1km_Aggregated.tif
2026-08-04 06:36:08,998 - snakemake_workflow - rasterdataset - INFO - Reading population raster data from D:\GFM\inputs\exposure\ppp_2020_1km_Aggregated.tif
2026-08-04 06:36:09,038 - snakemake_workflow - rasterdataset - DEBUG - Clip to [-87.000, 75.000, -85.000, 77.000] (epsg:4326))
2026-08-04 06:36:09,047 - snakemake_workflow - rasterdataset - INFO - Reading population raster data from D:\GFM\inputs\exposure\ppp_2020_1km_Aggregated.tif
2026-08-04 06:36:09,053 - snakemake_workflow - rasterdataset - DEBUG - Clip to [-91.000, 71.000, -89.000, 74.000] (epsg:4326))
2026-08-04 06:36:09,090 - snakemake_workflow - rasterdataset - DEBUG - Clip to [-98.000, 71.000, -94.000, 75.000] (epsg:4326))
2026-08-04 06:36:10,225 - snakemake_workflow - rasterdataset - INFO - Reading population raster data from D:\GFM\inputs\exposure\ppp_2020_1km_Aggregated.tif
2026-08-04 06:36:10,274 - snakemake_workflow - rasterdataset - DEBUG - Clip to [-92.000, 76.000, -90.000, 77.000] (epsg:4326))
2026-08-04 06:36:10,282 - snakemake_workflow - rasterdataset - INFO - Reading population raster data from D:\GFM\inputs\exposure\ppp_2020_1km_Aggregated.tif
2026-08-04 06:36:10,319 - snakemake_workflow - rasterdataset - DEBUG - Clip to [-99.000, 71.000, -97.000, 75.000] (epsg:4326))
2026-08-04 06:36:12,332 - snakemake_workflow - rasterdataset - INFO - Reading population raster data from D:\GFM\inputs\exposure\ppp_2020_1km_Aggregated.tif
2026-08-04 06:36:12,372 - snakemake_workflow - rasterdataset - DEBUG - Clip to [-80.000, 72.000, -76.000, 74.000] (epsg:4326))
2026-08-04 06:36:13,241 - snakemake_workflow - rasterdataset - INFO - Reading population raster data from D:\GFM\inputs\exposure\ppp_2020_1km_Aggregated.tif
2026-08-04 06:36:13,283 - snakemake_workflow - rasterdataset - DEBUG - Clip to [-82.000, 73.000, -80.000, 77.000] (epsg:4326))
2026-08-04 06:36:13,290 - snakemake_workflow - rasterdataset - INFO - Reading population raster data from D:\GFM\inputs\exposure\ppp_2020_1km_Aggregated.tif
2026-08-04 06:36:13,333 - snakemake_workflow - rasterdataset - DEBUG - Clip to [-86.000, 76.000, -82.000, 78.000] (epsg:4326))
2026-08-04 06:36:13,996 - snakemake_workflow - log - INFO - HydroMT version: 0.9.4
2026-08-04 06:36:13,998 - snakemake_workflow - data_catalog - INFO - Parsing data catalog from C:\Users\Schlu005\GFM\snakemake_workflow\config\data_catalog_gfm.yml
2026-08-04 06:36:14,113 - snakemake_workflow - rasterdataset - INFO - Reading population raster data from D:\GFM\inputs\exposure\ppp_2020_1km_Aggregated.tif
2026-08-04 06:36:14,224 - snakemake_workflow - rasterdataset - DEBUG - Clip to [-91.000, 76.000, -87.000, 78.000] (epsg:4326))
2026-08-04 06:36:14,521 - snakemake_workflow - rasterdataset - INFO - Reading population raster data from D:\GFM\inputs\exposure\ppp_2020_1km_Aggregated.tif
2026-08-04 06:36:14,574 - snakemake_workflow - rasterdataset - DEBUG - Clip to [-166.000, 59.000, -162.000, 63.000] (epsg:4326))
2026-08-04 06:36:15,321 - snakemake_workflow - rasterdataset - INFO - Reading population raster data from D:\GFM\inputs\exposure\ppp_2020_1km_Aggregated.tif
2026-08-04 06:36:15,372 - snakemake_workflow - rasterdataset - DEBUG - Clip to [-84.000, 73.000, -82.000, 76.000] (epsg:4326))
2026-08-04 06:36:15,380 - snakemake_workflow - rasterdataset - INFO - Reading population raster data from D:\GFM\inputs\exposure\ppp_2020_1km_Aggregated.tif
2026-08-04 06:36:15,422 - snakemake_workflow - rasterdataset - DEBUG - Clip to [-86.000, 76.000, -82.000, 77.000] (epsg:4326))
2026-08-04 06:36:16,197 - snakemake_workflow - rasterdataset - INFO - Reading population raster data from D:\GFM\inputs\exposure\ppp_2020_1km_Aggregated.tif
2026-08-04 06:36:16,254 - snakemake_workflow - rasterdataset - DEBUG - Clip to [-82.000, 69.000, -79.000, 73.000] (epsg:4326))
2026-08-04 06:36:17,127 - snakemake_workflow - rasterdataset - INFO - Reading population raster data from D:\GFM\inputs\exposure\ppp_2020_1km_Aggregated.tif
2026-08-04 06:36:17,175 - snakemake_workflow - rasterdataset - DEBUG - Clip to [-101.000, 71.000, -98.000, 75.000] (epsg:4326))
2026-08-04 06:36:17,443 - snakemake_workflow - rasterdataset - INFO - Reading population raster data from D:\GFM\inputs\exposure\ppp_2020_1km_Aggregated.tif
2026-08-04 06:36:17,482 - snakemake_workflow - rasterdataset - DEBUG - Clip to [-88.000, 68.000, -84.000, 70.000] (epsg:4326))
2026-08-04 06:36:17,490 - snakemake_workflow - rasterdataset - INFO - Reading population raster data from D:\GFM\inputs\exposure\ppp_2020_1km_Aggregated.tif
2026-08-04 06:36:17,528 - snakemake_workflow - rasterdataset - DEBUG - Clip to [-80.000, 68.000, -76.000, 72.000] (epsg:4326))
2026-08-04 06:36:18,004 - snakemake_workflow - rasterdataset - INFO - Reading population raster data from D:\GFM\inputs\exposure\ppp_2020_1km_Aggregated.tif
2026-08-04 06:36:18,043 - snakemake_workflow - rasterdataset - DEBUG - Clip to [-93.000, 72.000, -91.000, 76.000] (epsg:4326))
2026-08-04 06:36:18,237 - snakemake_workflow - rasterdataset - INFO - Reading population raster data from D:\GFM\inputs\exposure\ppp_2020_1km_Aggregated.tif
2026-08-04 06:36:18,282 - snakemake_workflow - rasterdataset - DEBUG - Clip to [-104.000, 67.000, -100.000, 71.000] (epsg:4326))
2026-08-04 06:36:18,417 - snakemake_workflow - rasterdataset - INFO - Reading population raster data from D:\GFM\inputs\exposure\ppp_2020_1km_Aggregated.tif
2026-08-04 06:36:18,452 - snakemake_workflow - rasterdataset - DEBUG - Clip to [-105.000, 67.000, -103.000, 71.000] (epsg:4326))
2026-08-04 06:36:20,414 - snakemake_workflow - rasterdataset - INFO - Reading population raster data from D:\GFM\inputs\exposure\ppp_2020_1km_Aggregated.tif
2026-08-04 06:36:20,449 - snakemake_workflow - rasterdataset - DEBUG - Clip to [-94.000, 76.000, -90.000, 77.000] (epsg:4326))
2026-08-04 06:36:20,972 - snakemake_workflow - log - INFO - HydroMT version: 0.9.4
2026-08-04 06:36:20,972 - snakemake_workflow - data_catalog - INFO - Parsing data catalog from C:\Users\Schlu005\GFM\snakemake_workflow\config\data_catalog_gfm.yml
2026-08-04 06:36:21,101 - snakemake_workflow - rasterdataset - INFO - Reading population raster data from D:\GFM\inputs\exposure\ppp_2020_1km_Aggregated.tif
2026-08-04 06:36:21,101 - snakemake_workflow - rasterdataset - INFO - Reading population raster data from D:\GFM\inputs\exposure\ppp_2020_1km_Aggregated.tif
2026-08-04 06:36:21,110 - snakemake_workflow - rasterdataset - INFO - Reading population raster data from D:\GFM\inputs\exposure\ppp_2020_1km_Aggregated.tif
2026-08-04 06:36:21,128 - snakemake_workflow - rasterdataset - DEBUG - Clip to [-97.000, 76.000, -93.000, 78.000] (epsg:4326))
2026-08-04 06:36:21,135 - snakemake_workflow - rasterdataset - DEBUG - Clip to [-86.000, 77.000, -82.000, 79.000] (epsg:4326))
2026-08-04 06:36:21,171 - snakemake_workflow - rasterdataset - DEBUG - Clip to [-101.000, 75.000, -97.000, 76.000] (epsg:4326))
2026-08-04 06:36:22,381 - snakemake_workflow - rasterdataset - INFO - Reading population raster data from D:\GFM\inputs\exposure\ppp_2020_1km_Aggregated.tif
2026-08-04 06:36:22,408 - snakemake_workflow - rasterdataset - DEBUG - Clip to [-87.000, 76.000, -85.000, 78.000] (epsg:4326))
2026-08-04 06:36:22,682 - snakemake_workflow - rasterdataset - INFO - Reading population raster data from D:\GFM\inputs\exposure\ppp_2020_1km_Aggregated.tif
2026-08-04 06:36:22,713 - snakemake_workflow - rasterdataset - DEBUG - Clip to [-92.000, 77.000, -90.000, 78.000] (epsg:4326))
2026-08-04 06:36:22,921 - snakemake_workflow - rasterdataset - INFO - Reading population raster data from D:\GFM\inputs\exposure\ppp_2020_1km_Aggregated.tif
2026-08-04 06:36:22,949 - snakemake_workflow - rasterdataset - DEBUG - Clip to [-101.000, 76.000, -97.000, 78.000] (epsg:4326))
2026-08-04 06:36:23,560 - snakemake_workflow - rasterdataset - INFO - Reading population raster data from D:\GFM\inputs\exposure\ppp_2020_1km_Aggregated.tif
2026-08-04 06:36:23,597 - snakemake_workflow - rasterdataset - DEBUG - Clip to [-99.000, 75.000, -97.000, 76.000] (epsg:4326))
2026-08-04 06:36:23,858 - snakemake_workflow - rasterdataset - INFO - Reading population raster data from D:\GFM\inputs\exposure\ppp_2020_1km_Aggregated.tif
2026-08-04 06:36:23,891 - snakemake_workflow - rasterdataset - DEBUG - Clip to [-86.000, 78.000, -82.000, 80.000] (epsg:4326))
2026-08-04 06:36:24,346 - snakemake_workflow - rasterdataset - INFO - Reading population raster data from D:\GFM\inputs\exposure\ppp_2020_1km_Aggregated.tif
2026-08-04 06:36:24,378 - snakemake_workflow - rasterdataset - DEBUG - Clip to [-98.000, 74.000, -94.000, 76.000] (epsg:4326))
2026-08-04 06:36:24,661 - snakemake_workflow - rasterdataset - INFO - Reading population raster data from D:\GFM\inputs\exposure\ppp_2020_1km_Aggregated.tif
2026-08-04 06:36:24,695 - snakemake_workflow - rasterdataset - DEBUG - Clip to [-95.000, 74.000, -92.000, 76.000] (epsg:4326))
2026-08-04 06:36:24,703 - snakemake_workflow - rasterdataset - INFO - Reading population raster data from D:\GFM\inputs\exposure\ppp_2020_1km_Aggregated.tif
2026-08-04 06:36:24,730 - snakemake_workflow - rasterdataset - INFO - Reading population raster data from D:\GFM\inputs\exposure\ppp_2020_1km_Aggregated.tif
2026-08-04 06:36:24,738 - snakemake_workflow - rasterdataset - DEBUG - Clip to [-94.000, 78.000, -90.000, 79.000] (epsg:4326))
2026-08-04 06:36:24,764 - snakemake_workflow - rasterdataset - DEBUG - Clip to [-91.000, 77.000, -87.000, 79.000] (epsg:4326))
2026-08-04 06:36:25,893 - snakemake_workflow - rasterdataset - INFO - Reading population raster data from D:\GFM\inputs\exposure\ppp_2020_1km_Aggregated.tif
2026-08-04 06:36:25,914 - snakemake_workflow - rasterdataset - DEBUG - Clip to [-163.000, 59.000, -161.000, 63.000] (epsg:4326))
2026-08-04 06:36:26,814 - snakemake_workflow - rasterdataset - INFO - Reading population raster data from D:\GFM\inputs\exposure\ppp_2020_1km_Aggregated.tif
2026-08-04 06:36:26,845 - snakemake_workflow - rasterdataset - DEBUG - Clip to [-99.000, 76.000, -96.000, 77.000] (epsg:4326))
2026-08-04 06:36:27,081 - snakemake_workflow - rasterdataset - INFO - Reading population raster data from D:\GFM\inputs\exposure\ppp_2020_1km_Aggregated.tif
2026-08-04 06:36:27,113 - snakemake_workflow - rasterdataset - DEBUG - Clip to [-101.000, 77.000, -97.000, 79.000] (epsg:4326))
2026-08-04 06:36:27,423 - snakemake_workflow - rasterdataset - INFO - Reading population raster data from D:\GFM\inputs\exposure\ppp_2020_1km_Aggregated.tif
2026-08-04 06:36:27,462 - snakemake_workflow - rasterdataset - DEBUG - Clip to [-165.000, 62.000, -161.000, 64.000] (epsg:4326))
2026-08-04 06:36:27,498 - snakemake_workflow - rasterdataset - INFO - Reading population raster data from D:\GFM\inputs\exposure\ppp_2020_1km_Aggregated.tif
2026-08-04 06:36:27,536 - snakemake_workflow - rasterdataset - DEBUG - Clip to [-86.000, 79.000, -82.000, 81.000] (epsg:4326))
2026-08-04 06:36:27,664 - snakemake_workflow - rasterdataset - INFO - Reading population raster data from D:\GFM\inputs\exposure\ppp_2020_1km_Aggregated.tif
2026-08-04 06:36:27,708 - snakemake_workflow - rasterdataset - INFO - Reading population raster data from D:\GFM\inputs\exposure\ppp_2020_1km_Aggregated.tif
2026-08-04 06:36:27,714 - snakemake_workflow - rasterdataset - DEBUG - Clip to [-97.000, 79.000, -93.000, 81.000] (epsg:4326))
2026-08-04 06:36:27,767 - snakemake_workflow - rasterdataset - DEBUG - Clip to [-83.000, 77.000, -81.000, 79.000] (epsg:4326))
2026-08-04 06:36:27,831 - snakemake_workflow - rasterdataset - INFO - Reading population raster data from D:\GFM\inputs\exposure\ppp_2020_1km_Aggregated.tif
2026-08-04 06:36:27,868 - snakemake_workflow - rasterdataset - DEBUG - Clip to [-97.000, 77.000, -93.000, 79.000] (epsg:4326))
2026-08-04 06:36:28,239 - snakemake_workflow - rasterdataset - INFO - Reading population raster data from D:\GFM\inputs\exposure\ppp_2020_1km_Aggregated.tif
2026-08-04 06:36:28,286 - snakemake_workflow - rasterdataset - DEBUG - Clip to [-87.000, 77.000, -85.000, 79.000] (epsg:4326))
2026-08-04 06:36:29,417 - snakemake_workflow - rasterdataset - INFO - Reading population raster data from D:\GFM\inputs\exposure\ppp_2020_1km_Aggregated.tif
2026-08-04 06:36:29,450 - snakemake_workflow - rasterdataset - DEBUG - Clip to [-87.000, 79.000, -85.000, 80.000] (epsg:4326))
2026-08-04 06:36:29,630 - snakemake_workflow - rasterdataset - INFO - Reading population raster data from D:\GFM\inputs\exposure\ppp_2020_1km_Aggregated.tif
2026-08-04 06:36:29,660 - snakemake_workflow - rasterdataset - DEBUG - Clip to [-83.000, 77.000, -80.000, 78.000] (epsg:4326))
2026-08-04 06:36:29,785 - snakemake_workflow - rasterdataset - INFO - Reading population raster data from D:\GFM\inputs\exposure\ppp_2020_1km_Aggregated.tif
2026-08-04 06:36:29,827 - snakemake_workflow - rasterdataset - DEBUG - Clip to [-98.000, 76.000, -96.000, 77.000] (epsg:4326))
2026-08-04 06:36:30,379 - snakemake_workflow - rasterdataset - INFO - Reading population raster data from D:\GFM\inputs\exposure\ppp_2020_1km_Aggregated.tif
2026-08-04 06:36:30,413 - snakemake_workflow - rasterdataset - DEBUG - Clip to [-105.000, 75.000, -101.000, 79.000] (epsg:4326))
2026-08-04 06:36:30,514 - snakemake_workflow - rasterdataset - INFO - Reading population raster data from D:\GFM\inputs\exposure\ppp_2020_1km_Aggregated.tif
2026-08-04 06:36:30,514 - snakemake_workflow - rasterdataset - INFO - Reading population raster data from D:\GFM\inputs\exposure\ppp_2020_1km_Aggregated.tif
2026-08-04 06:36:30,600 - snakemake_workflow - rasterdataset - DEBUG - Clip to [-97.000, 78.000, -93.000, 80.000] (epsg:4326))
2026-08-04 06:36:30,600 - snakemake_workflow - rasterdataset - DEBUG - Clip to [-165.000, 64.000, -161.000, 66.000] (epsg:4326))
2026-08-04 06:36:30,774 - snakemake_workflow - rasterdataset - INFO - Reading population raster data from D:\GFM\inputs\exposure\ppp_2020_1km_Aggregated.tif
2026-08-04 06:36:30,801 - snakemake_workflow - rasterdataset - DEBUG - Clip to [-89.000, 78.000, -86.000, 80.000] (epsg:4326))
2026-08-04 06:36:30,871 - snakemake_workflow - rasterdataset - INFO - Reading population raster data from D:\GFM\inputs\exposure\ppp_2020_1km_Aggregated.tif
2026-08-04 06:36:30,908 - snakemake_workflow - rasterdataset - DEBUG - Clip to [-81.000, 73.000, -79.000, 77.000] (epsg:4326))
2026-08-04 06:36:30,924 - snakemake_workflow - rasterdataset - INFO - Reading population raster data from D:\GFM\inputs\exposure\ppp_2020_1km_Aggregated.tif
2026-08-04 06:36:30,958 - snakemake_workflow - rasterdataset - DEBUG - Clip to [-81.000, 79.000, -79.000, 83.000] (epsg:4326))
2026-08-04 06:36:31,241 - snakemake_workflow - rasterdataset - INFO - Reading population raster data from D:\GFM\inputs\exposure\ppp_2020_1km_Aggregated.tif
2026-08-04 06:36:31,277 - snakemake_workflow - rasterdataset - DEBUG - Clip to [-106.000, 78.000, -104.000, 80.000] (epsg:4326))
2026-08-04 06:36:31,668 - snakemake_workflow - rasterdataset - INFO - Reading population raster data from D:\GFM\inputs\exposure\ppp_2020_1km_Aggregated.tif
2026-08-04 06:36:31,710 - snakemake_workflow - rasterdataset - DEBUG - Clip to [-101.000, 78.000, -97.000, 80.000] (epsg:4326))
2026-08-04 06:36:31,782 - snakemake_workflow - rasterdataset - INFO - Reading population raster data from D:\GFM\inputs\exposure\ppp_2020_1km_Aggregated.tif
2026-08-04 06:36:31,802 - snakemake_workflow - rasterdataset - DEBUG - Clip to [-162.000, 59.000, -160.000, 63.000] (epsg:4326))
2026-08-04 06:36:33,090 - snakemake_workflow - rasterdataset - INFO - Reading population raster data from D:\GFM\inputs\exposure\ppp_2020_1km_Aggregated.tif
2026-08-04 06:36:33,142 - snakemake_workflow - rasterdataset - DEBUG - Clip to [-166.000, 64.000, -164.000, 67.000] (epsg:4326))
2026-08-04 06:36:33,234 - snakemake_workflow - rasterdataset - INFO - Reading population raster data from D:\GFM\inputs\exposure\ppp_2020_1km_Aggregated.tif
2026-08-04 06:36:33,287 - snakemake_workflow - rasterdataset - DEBUG - Clip to [-83.000, 79.000, -80.000, 80.000] (epsg:4326))
2026-08-04 06:36:33,347 - snakemake_workflow - rasterdataset - INFO - Reading population raster data from D:\GFM\inputs\exposure\ppp_2020_1km_Aggregated.tif
2026-08-04 06:36:33,379 - snakemake_workflow - rasterdataset - DEBUG - Clip to [-113.000, 74.000, -109.000, 78.000] (epsg:4326))
2026-08-04 06:36:34,518 - snakemake_workflow - rasterdataset - INFO - Reading population raster data from D:\GFM\inputs\exposure\ppp_2020_1km_Aggregated.tif
2026-08-04 06:36:34,556 - snakemake_workflow - rasterdataset - DEBUG - Clip to [-87.000, 80.000, -85.000, 81.000] (epsg:4326))
2026-08-04 06:36:35,164 - snakemake_workflow - rasterdataset - INFO - Reading population raster data from D:\GFM\inputs\exposure\ppp_2020_1km_Aggregated.tif
2026-08-04 06:36:35,197 - snakemake_workflow - rasterdataset - DEBUG - Clip to [-105.000, 78.000, -101.000, 80.000] (epsg:4326))
2026-08-04 06:36:35,297 - snakemake_workflow - rasterdataset - INFO - Reading population raster data from D:\GFM\inputs\exposure\ppp_2020_1km_Aggregated.tif
2026-08-04 06:36:35,343 - snakemake_workflow - rasterdataset - DEBUG - Clip to [-86.000, 81.000, -83.000, 82.000] (epsg:4326))
2026-08-04 06:36:35,465 - snakemake_workflow - rasterdataset - INFO - Reading population raster data from D:\GFM\inputs\exposure\ppp_2020_1km_Aggregated.tif
2026-08-04 06:36:35,503 - snakemake_workflow - rasterdataset - DEBUG - Clip to [-81.000, 82.000, -78.000, 83.000] (epsg:4326))
2026-08-04 06:36:36,116 - snakemake_workflow - rasterdataset - INFO - Reading population raster data from D:\GFM\inputs\exposure\ppp_2020_1km_Aggregated.tif
2026-08-04 06:36:36,133 - snakemake_workflow - rasterdataset - DEBUG - Clip to [-81.000, 76.000, -79.000, 78.000] (epsg:4326))
2026-08-04 06:36:36,165 - snakemake_workflow - rasterdataset - INFO - Reading population raster data from D:\GFM\inputs\exposure\ppp_2020_1km_Aggregated.tif
2026-08-04 06:36:36,205 - snakemake_workflow - rasterdataset - DEBUG - Clip to [-162.000, 64.000, -160.000, 66.000] (epsg:4326))
2026-08-04 06:36:36,423 - snakemake_workflow - rasterdataset - INFO - Reading population raster data from D:\GFM\inputs\exposure\ppp_2020_1km_Aggregated.tif
2026-08-04 06:36:36,453 - snakemake_workflow - rasterdataset - DEBUG - Clip to [-89.000, 81.000, -85.000, 82.000] (epsg:4326))
2026-08-04 06:36:37,095 - snakemake_workflow - rasterdataset - INFO - Reading population raster data from D:\GFM\inputs\exposure\ppp_2020_1km_Aggregated.tif
2026-08-04 06:36:37,133 - snakemake_workflow - rasterdataset - DEBUG - Clip to [-89.000, 80.000, -85.000, 81.000] (epsg:4326))
2026-08-04 06:36:37,704 - snakemake_workflow - rasterdataset - INFO - Reading population raster data from D:\GFM\inputs\exposure\ppp_2020_1km_Aggregated.tif
2026-08-04 06:36:37,739 - snakemake_workflow - rasterdataset - DEBUG - Clip to [-166.000, 67.000, -162.000, 68.000] (epsg:4326))
2026-08-04 06:36:38,159 - snakemake_workflow - rasterdataset - INFO - Reading population raster data from D:\GFM\inputs\exposure\ppp_2020_1km_Aggregated.tif
2026-08-04 06:36:38,191 - snakemake_workflow - rasterdataset - DEBUG - Clip to [-117.000, 74.000, -113.000, 78.000] (epsg:4326))
2026-08-04 06:36:38,292 - snakemake_workflow - rasterdataset - INFO - Reading population raster data from D:\GFM\inputs\exposure\ppp_2020_1km_Aggregated.tif
2026-08-04 06:36:38,358 - snakemake_workflow - rasterdataset - INFO - Reading population raster data from D:\GFM\inputs\exposure\ppp_2020_1km_Aggregated.tif
2026-08-04 06:36:38,364 - snakemake_workflow - rasterdataset - INFO - Reading population raster data from D:\GFM\inputs\exposure\ppp_2020_1km_Aggregated.tif
2026-08-04 06:36:38,380 - snakemake_workflow - rasterdataset - DEBUG - Clip to [-117.000, 67.000, -113.000, 71.000] (epsg:4326))
2026-08-04 06:36:38,388 - snakemake_workflow - rasterdataset - DEBUG - Clip to [-117.000, 72.000, -113.000, 75.000] (epsg:4326))
2026-08-04 06:36:38,409 - snakemake_workflow - rasterdataset - DEBUG - Clip to [-84.000, 80.000, -80.000, 83.000] (epsg:4326))
2026-08-04 06:36:38,421 - snakemake_workflow - rasterdataset - INFO - Reading population raster data from D:\GFM\inputs\exposure\ppp_2020_1km_Aggregated.tif
2026-08-04 06:36:38,463 - snakemake_workflow - rasterdataset - DEBUG - Clip to [-164.000, 67.000, -160.000, 68.000] (epsg:4326))
2026-08-04 06:36:38,754 - snakemake_workflow - rasterdataset - INFO - Reading population raster data from D:\GFM\inputs\exposure\ppp_2020_1km_Aggregated.tif
2026-08-04 06:36:38,795 - snakemake_workflow - rasterdataset - DEBUG - Clip to [-87.000, 81.000, -85.000, 82.000] (epsg:4326))
2026-08-04 06:36:38,886 - snakemake_workflow - rasterdataset - INFO - Reading population raster data from D:\GFM\inputs\exposure\ppp_2020_1km_Aggregated.tif
2026-08-04 06:36:38,932 - snakemake_workflow - rasterdataset - DEBUG - Clip to [-165.000, 63.000, -161.000, 65.000] (epsg:4326))
2026-08-04 06:36:39,420 - snakemake_workflow - rasterdataset - INFO - Reading population raster data from D:\GFM\inputs\exposure\ppp_2020_1km_Aggregated.tif
2026-08-04 06:36:39,431 - snakemake_workflow - rasterdataset - INFO - Reading population raster data from D:\GFM\inputs\exposure\ppp_2020_1km_Aggregated.tif
2026-08-04 06:36:39,459 - snakemake_workflow - rasterdataset - DEBUG - Clip to [-106.000, 75.000, -104.000, 79.000] (epsg:4326))
2026-08-04 06:36:39,473 - snakemake_workflow - rasterdataset - DEBUG - Clip to [-89.000, 82.000, -87.000, 83.000] (epsg:4326))
2026-08-04 06:36:39,702 - snakemake_workflow - rasterdataset - INFO - Reading population raster data from D:\GFM\inputs\exposure\ppp_2020_1km_Aggregated.tif
2026-08-04 06:36:39,748 - snakemake_workflow - rasterdataset - DEBUG - Clip to [-88.000, 81.000, -84.000, 83.000] (epsg:4326))
2026-08-04 06:36:40,252 - snakemake_workflow - rasterdataset - INFO - Reading population raster data from D:\GFM\inputs\exposure\ppp_2020_1km_Aggregated.tif
2026-08-04 06:36:40,291 - snakemake_workflow - rasterdataset - DEBUG - Clip to [-115.000, 77.000, -112.000, 79.000] (epsg:4326))
2026-08-04 06:36:40,297 - snakemake_workflow - rasterdataset - INFO - Reading population raster data from D:\GFM\inputs\exposure\ppp_2020_1km_Aggregated.tif
2026-08-04 06:36:40,333 - snakemake_workflow - rasterdataset - DEBUG - Clip to [-121.000, 74.000, -117.000, 78.000] (epsg:4326))
2026-08-04 06:36:40,506 - snakemake_workflow - rasterdataset - INFO - Reading population raster data from D:\GFM\inputs\exposure\ppp_2020_1km_Aggregated.tif
2026-08-04 06:36:40,537 - snakemake_workflow - rasterdataset - DEBUG - Clip to [-120.000, 72.000, -116.000, 74.000] (epsg:4326))
2026-08-04 06:36:40,568 - snakemake_workflow - rasterdataset - INFO - Reading population raster data from D:\GFM\inputs\exposure\ppp_2020_1km_Aggregated.tif
2026-08-04 06:36:40,605 - snakemake_workflow - rasterdataset - DEBUG - Clip to [-113.000, 72.000, -112.000, 75.000] (epsg:4326))
2026-08-04 06:36:40,609 - snakemake_workflow - rasterdataset - INFO - Reading population raster data from D:\GFM\inputs\exposure\ppp_2020_1km_Aggregated.tif
2026-08-04 06:36:40,641 - snakemake_workflow - rasterdataset - INFO - Reading population raster data from D:\GFM\inputs\exposure\ppp_2020_1km_Aggregated.tif
2026-08-04 06:36:40,643 - snakemake_workflow - rasterdataset - DEBUG - Clip to [-119.000, 69.000, -116.000, 71.000] (epsg:4326))
2026-08-04 06:36:40,674 - snakemake_workflow - rasterdataset - DEBUG - Clip to [-162.000, 66.000, -159.000, 67.000] (epsg:4326))
2026-08-04 06:36:41,972 - snakemake_workflow - rasterdataset - INFO - Reading population raster data from D:\GFM\inputs\exposure\ppp_2020_1km_Aggregated.tif
2026-08-04 06:36:42,004 - snakemake_workflow - rasterdataset - DEBUG - Clip to [-162.000, 63.000, -159.000, 64.000] (epsg:4326))
2026-08-04 06:36:42,683 - snakemake_workflow - rasterdataset - INFO - Reading population raster data from D:\GFM\inputs\exposure\ppp_2020_1km_Aggregated.tif
2026-08-04 06:36:42,715 - snakemake_workflow - rasterdataset - INFO - Reading population raster data from D:\GFM\inputs\exposure\ppp_2020_1km_Aggregated.tif
2026-08-04 06:36:42,720 - snakemake_workflow - rasterdataset - DEBUG - Clip to [-69.000, 79.000, -65.000, 83.000] (epsg:4326))
2026-08-04 06:36:42,775 - snakemake_workflow - rasterdataset - DEBUG - Clip to [-79.000, 80.000, -75.000, 82.000] (epsg:4326))
2026-08-04 06:36:42,924 - snakemake_workflow - rasterdataset - INFO - Reading population raster data from D:\GFM\inputs\exposure\ppp_2020_1km_Aggregated.tif
2026-08-04 06:36:42,985 - snakemake_workflow - rasterdataset - INFO - Reading population raster data from D:\GFM\inputs\exposure\ppp_2020_1km_Aggregated.tif
2026-08-04 06:36:43,024 - snakemake_workflow - rasterdataset - DEBUG - Clip to [-79.000, 77.000, -75.000, 81.000] (epsg:4326))
2026-08-04 06:36:43,036 - snakemake_workflow - rasterdataset - DEBUG - Clip to [-54.000, 70.000, -50.000, 72.000] (epsg:4326))
2026-08-04 06:36:43,144 - snakemake_workflow - rasterdataset - INFO - Reading population raster data from D:\GFM\inputs\exposure\ppp_2020_1km_Aggregated.tif
2026-08-04 06:36:43,173 - snakemake_workflow - rasterdataset - DEBUG - Clip to [-165.000, 65.000, -161.000, 67.000] (epsg:4326))
2026-08-04 06:36:43,613 - snakemake_workflow - rasterdataset - INFO - Reading population raster data from D:\GFM\inputs\exposure\ppp_2020_1km_Aggregated.tif
2026-08-04 06:36:43,650 - snakemake_workflow - rasterdataset - DEBUG - Clip to [-24.000, 70.000, -22.000, 73.000] (epsg:4326))
2026-08-04 06:36:43,659 - snakemake_workflow - rasterdataset - INFO - Reading population raster data from D:\GFM\inputs\exposure\ppp_2020_1km_Aggregated.tif
2026-08-04 06:36:43,694 - snakemake_workflow - rasterdataset - DEBUG - Clip to [-25.000, 73.000, -22.000, 74.000] (epsg:4326))
2026-08-04 06:36:43,697 - snakemake_workflow - rasterdataset - INFO - Reading population raster data from D:\GFM\inputs\exposure\ppp_2020_1km_Aggregated.tif
2026-08-04 06:36:43,731 - snakemake_workflow - rasterdataset - DEBUG - Clip to [-23.000, 70.000, -21.000, 74.000] (epsg:4326))
2026-08-04 06:36:44,100 - snakemake_workflow - rasterdataset - INFO - Reading population raster data from D:\GFM\inputs\exposure\ppp_2020_1km_Aggregated.tif
2026-08-04 06:36:44,136 - snakemake_workflow - rasterdataset - DEBUG - Clip to [-119.000, 71.000, -115.000, 73.000] (epsg:4326))
2026-08-04 06:36:44,142 - snakemake_workflow - rasterdataset - INFO - Reading population raster data from D:\GFM\inputs\exposure\ppp_2020_1km_Aggregated.tif
2026-08-04 06:36:44,176 - snakemake_workflow - rasterdataset - DEBUG - Clip to [-121.000, 71.000, -118.000, 72.000] (epsg:4326))
2026-08-04 06:36:44,237 - snakemake_workflow - rasterdataset - INFO - Reading population raster data from D:\GFM\inputs\exposure\ppp_2020_1km_Aggregated.tif
2026-08-04 06:36:44,265 - snakemake_workflow - rasterdataset - DEBUG - Clip to [-20.000, 74.000, -18.000, 78.000] (epsg:4326))
2026-08-04 06:36:44,280 - snakemake_workflow - rasterdataset - INFO - Reading population raster data from D:\GFM\inputs\exposure\ppp_2020_1km_Aggregated.tif
2026-08-04 06:36:44,318 - snakemake_workflow - rasterdataset - DEBUG - Clip to [-22.000, 77.000, -18.000, 79.000] (epsg:4326))
2026-08-04 06:36:44,327 - snakemake_workflow - rasterdataset - INFO - Reading population raster data from D:\GFM\inputs\exposure\ppp_2020_1km_Aggregated.tif
2026-08-04 06:36:44,365 - snakemake_workflow - rasterdataset - DEBUG - Clip to [-22.000, 78.000, -18.000, 80.000] (epsg:4326))
2026-08-04 06:36:44,432 - snakemake_workflow - rasterdataset - INFO - Reading population raster data from D:\GFM\inputs\exposure\ppp_2020_1km_Aggregated.tif
2026-08-04 06:36:44,468 - snakemake_workflow - rasterdataset - DEBUG - Clip to [-19.000, 77.000, -17.000, 80.000] (epsg:4326))
2026-08-04 06:36:44,476 - snakemake_workflow - rasterdataset - INFO - Reading population raster data from D:\GFM\inputs\exposure\ppp_2020_1km_Aggregated.tif
2026-08-04 06:36:44,518 - snakemake_workflow - rasterdataset - DEBUG - Clip to [-21.000, 80.000, -17.000, 81.000] (epsg:4326))
2026-08-04 06:36:44,524 - snakemake_workflow - rasterdataset - INFO - Reading population raster data from D:\GFM\inputs\exposure\ppp_2020_1km_Aggregated.tif
2026-08-04 06:36:44,564 - snakemake_workflow - rasterdataset - DEBUG - Clip to [-22.000, 80.000, -20.000, 82.000] (epsg:4326))
2026-08-04 06:36:44,606 - snakemake_workflow - rasterdataset - INFO - Reading population raster data from D:\GFM\inputs\exposure\ppp_2020_1km_Aggregated.tif
2026-08-04 06:36:44,642 - snakemake_workflow - rasterdataset - DEBUG - Clip to [-23.000, 79.000, -21.000, 81.000] (epsg:4326))
2026-08-04 06:36:44,648 - snakemake_workflow - rasterdataset - INFO - Reading population raster data from D:\GFM\inputs\exposure\ppp_2020_1km_Aggregated.tif
2026-08-04 06:36:44,691 - snakemake_workflow - rasterdataset - DEBUG - Clip to [-23.000, 81.000, -19.000, 83.000] (epsg:4326))
2026-08-04 06:36:44,832 - snakemake_workflow - rasterdataset - INFO - Reading population raster data from D:\GFM\inputs\exposure\ppp_2020_1km_Aggregated.tif
2026-08-04 06:36:44,879 - snakemake_workflow - rasterdataset - DEBUG - Clip to [-21.000, 81.000, -17.000, 82.000] (epsg:4326))
2026-08-04 06:36:44,885 - snakemake_workflow - rasterdataset - INFO - Reading population raster data from D:\GFM\inputs\exposure\ppp_2020_1km_Aggregated.tif
2026-08-04 06:36:44,918 - snakemake_workflow - rasterdataset - DEBUG - Clip to [-20.000, 82.000, -18.000, 83.000] (epsg:4326))
2026-08-04 06:36:44,922 - snakemake_workflow - rasterdataset - INFO - Reading population raster data from D:\GFM\inputs\exposure\ppp_2020_1km_Aggregated.tif
2026-08-04 06:36:44,962 - snakemake_workflow - rasterdataset - DEBUG - Clip to [-20.000, 82.000, -17.000, 83.000] (epsg:4326))
2026-08-04 06:36:44,968 - snakemake_workflow - rasterdataset - INFO - Reading population raster data from D:\GFM\inputs\exposure\ppp_2020_1km_Aggregated.tif
2026-08-04 06:36:45,002 - snakemake_workflow - rasterdataset - DEBUG - Clip to [140.000, -10.000, 144.000, -6.000] (epsg:4326))
2026-08-04 06:36:46,555 - snakemake_workflow - rasterdataset - INFO - Reading population raster data from D:\GFM\inputs\exposure\ppp_2020_1km_Aggregated.tif
2026-08-04 06:36:46,576 - snakemake_workflow - rasterdataset - DEBUG - Clip to [133.000, -5.000, 137.000, -1.000] (epsg:4326))
2026-08-04 06:36:46,999 - snakemake_workflow - rasterdataset - INFO - Reading population raster data from D:\GFM\inputs\exposure\ppp_2020_1km_Aggregated.tif
2026-08-04 06:36:47,078 - snakemake_workflow - rasterdataset - DEBUG - Clip to [-162.000, 65.000, -160.000, 66.000] (epsg:4326))
2026-08-04 06:36:47,698 - snakemake_workflow - rasterdataset - INFO - Reading population raster data from D:\GFM\inputs\exposure\ppp_2020_1km_Aggregated.tif
2026-08-04 06:36:47,701 - snakemake_workflow - rasterdataset - INFO - Reading population raster data from D:\GFM\inputs\exposure\ppp_2020_1km_Aggregated.tif
2026-08-04 06:36:47,734 - snakemake_workflow - rasterdataset - DEBUG - Clip to [-28.000, 70.000, -24.000, 74.000] (epsg:4326))
2026-08-04 06:36:47,736 - snakemake_workflow - rasterdataset - DEBUG - Clip to [129.000, -5.000, 131.000, -1.000] (epsg:4326))
2026-08-04 06:36:47,774 - snakemake_workflow - rasterdataset - INFO - Reading population raster data from D:\GFM\inputs\exposure\ppp_2020_1km_Aggregated.tif
2026-08-04 06:36:47,857 - snakemake_workflow - rasterdataset - INFO - Reading population raster data from D:\GFM\inputs\exposure\ppp_2020_1km_Aggregated.tif
2026-08-04 06:36:47,873 - snakemake_workflow - rasterdataset - DEBUG - Clip to [-25.000, 70.000, -23.000, 74.000] (epsg:4326))
2026-08-04 06:36:48,006 - snakemake_workflow - rasterdataset - DEBUG - Clip to [-113.000, 77.000, -109.000, 79.000] (epsg:4326))
2026-08-04 06:36:48,048 - snakemake_workflow - rasterdataset - INFO - Reading population raster data from D:\GFM\inputs\exposure\ppp_2020_1km_Aggregated.tif
2026-08-04 06:36:48,175 - snakemake_workflow - rasterdataset - DEBUG - Clip to [-26.000, 69.000, -22.000, 71.000] (epsg:4326))
2026-08-04 06:36:48,241 - snakemake_workflow - rasterdataset - INFO - Reading population raster data from D:\GFM\inputs\exposure\ppp_2020_1km_Aggregated.tif
2026-08-04 06:36:48,271 - snakemake_workflow - rasterdataset - DEBUG - Clip to [127.000, -1.000, 131.000, 1.000] (epsg:4326))
2026-08-04 06:36:48,638 - snakemake_workflow - rasterdataset - INFO - Reading population raster data from D:\GFM\inputs\exposure\ppp_2020_1km_Aggregated.tif
2026-08-04 06:36:48,679 - snakemake_workflow - rasterdataset - DEBUG - Clip to [-23.000, 74.000, -19.000, 78.000] (epsg:4326))
2026-08-04 06:36:48,687 - snakemake_workflow - rasterdataset - INFO - Reading population raster data from D:\GFM\inputs\exposure\ppp_2020_1km_Aggregated.tif
2026-08-04 06:36:48,718 - snakemake_workflow - rasterdataset - DEBUG - Clip to [119.000, -7.000, 123.000, -5.000] (epsg:4326))
2026-08-04 06:36:51,339 - snakemake_workflow - rasterdataset - INFO - Reading population raster data from D:\GFM\inputs\exposure\ppp_2020_1km_Aggregated.tif
2026-08-04 06:36:51,363 - snakemake_workflow - rasterdataset - DEBUG - Clip to [122.000, 0.000, 124.000, 1.000] (epsg:4326))
2026-08-04 06:36:51,841 - snakemake_workflow - rasterdataset - INFO - Reading population raster data from D:\GFM\inputs\exposure\ppp_2020_1km_Aggregated.tif
2026-08-04 06:36:51,871 - snakemake_workflow - rasterdataset - DEBUG - Clip to [-66.000, 79.000, -64.000, 83.000] (epsg:4326))
2026-08-04 06:36:53,479 - snakemake_workflow - rasterdataset - INFO - Reading population raster data from D:\GFM\inputs\exposure\ppp_2020_1km_Aggregated.tif
2026-08-04 06:36:53,502 - snakemake_workflow - rasterdataset - DEBUG - Clip to [125.000, 9.000, 127.000, 11.000] (epsg:4326))
2026-08-04 06:36:53,575 - snakemake_workflow - rasterdataset - INFO - Reading population raster data from D:\GFM\inputs\exposure\ppp_2020_1km_Aggregated.tif
2026-08-04 06:36:53,690 - snakemake_workflow - rasterdataset - DEBUG - Clip to [122.000, 6.000, 126.000, 10.000] (epsg:4326))
2026-08-04 06:36:55,122 - snakemake_workflow - rasterdataset - INFO - Reading population raster data from D:\GFM\inputs\exposure\ppp_2020_1km_Aggregated.tif
2026-08-04 06:36:55,138 - snakemake_workflow - rasterdataset - DEBUG - Clip to [130.000, 0.000, 132.000, 1.000] (epsg:4326))
2026-08-04 06:36:55,238 - snakemake_workflow - rasterdataset - INFO - Reading population raster data from D:\GFM\inputs\exposure\ppp_2020_1km_Aggregated.tif
2026-08-04 06:36:55,267 - snakemake_workflow - rasterdataset - DEBUG - Clip to [122.000, -6.000, 124.000, -2.000] (epsg:4326))
2026-08-04 06:36:55,456 - snakemake_workflow - rasterdataset - INFO - Reading population raster data from D:\GFM\inputs\exposure\ppp_2020_1km_Aggregated.tif
2026-08-04 06:36:55,456 - snakemake_workflow - rasterdataset - INFO - Reading population raster data from D:\GFM\inputs\exposure\ppp_2020_1km_Aggregated.tif
2026-08-04 06:36:55,487 - snakemake_workflow - rasterdataset - DEBUG - Clip to [131.000, -3.000, 133.000, -1.000] (epsg:4326))
2026-08-04 06:36:55,491 - snakemake_workflow - rasterdataset - DEBUG - Clip to [-54.000, 66.000, -50.000, 70.000] (epsg:4326))
2026-08-04 06:36:55,776 - snakemake_workflow - rasterdataset - INFO - Reading population raster data from D:\GFM\inputs\exposure\ppp_2020_1km_Aggregated.tif
2026-08-04 06:36:55,809 - snakemake_workflow - rasterdataset - DEBUG - Clip to [119.000, -6.000, 123.000, -2.000] (epsg:4326))
2026-08-04 06:36:56,986 - snakemake_workflow - rasterdataset - INFO - Reading population raster data from D:\GFM\inputs\exposure\ppp_2020_1km_Aggregated.tif
2026-08-04 06:36:57,011 - snakemake_workflow - rasterdataset - DEBUG - Clip to [122.000, 10.000, 126.000, 12.000] (epsg:4326))
2026-08-04 06:36:59,424 - snakemake_workflow - rasterdataset - INFO - Reading population raster data from D:\GFM\inputs\exposure\ppp_2020_1km_Aggregated.tif
2026-08-04 06:36:59,424 - snakemake_workflow - rasterdataset - DEBUG - Clip to [129.000, -2.000, 133.000, 0.000] (epsg:4326))
2026-08-04 06:37:01,426 - snakemake_workflow - rasterdataset - INFO - Reading population raster data from D:\GFM\inputs\exposure\ppp_2020_1km_Aggregated.tif
2026-08-04 06:37:01,450 - snakemake_workflow - rasterdataset - DEBUG - Clip to [119.000, -1.000, 123.000, 1.000] (epsg:4326))
2026-08-04 06:37:02,063 - snakemake_workflow - rasterdataset - INFO - Reading population raster data from D:\GFM\inputs\exposure\ppp_2020_1km_Aggregated.tif
2026-08-04 06:37:02,088 - snakemake_workflow - rasterdataset - INFO - Reading population raster data from D:\GFM\inputs\exposure\ppp_2020_1km_Aggregated.tif
2026-08-04 06:37:02,090 - snakemake_workflow - rasterdataset - DEBUG - Clip to [127.000, -4.000, 130.000, 0.000] (epsg:4326))
2026-08-04 06:37:02,109 - snakemake_workflow - rasterdataset - DEBUG - Clip to [123.000, 11.000, 126.000, 13.000] (epsg:4326))
2026-08-04 06:37:02,278 - snakemake_workflow - rasterdataset - INFO - Reading population raster data from D:\GFM\inputs\exposure\ppp_2020_1km_Aggregated.tif
2026-08-04 06:37:02,298 - snakemake_workflow - rasterdataset - DEBUG - Clip to [131.000, -6.000, 133.000, -2.000] (epsg:4326))
2026-08-04 06:37:04,932 - snakemake_workflow - rasterdataset - INFO - Reading population raster data from D:\GFM\inputs\exposure\ppp_2020_1km_Aggregated.tif
2026-08-04 06:37:04,955 - snakemake_workflow - rasterdataset - DEBUG - Clip to [120.000, 9.000, 122.000, 13.000] (epsg:4326))
2026-08-04 06:37:05,161 - snakemake_workflow - rasterdataset - INFO - Reading population raster data from D:\GFM\inputs\exposure\ppp_2020_1km_Aggregated.tif
2026-08-04 06:37:05,187 - snakemake_workflow - rasterdataset - DEBUG - Clip to [119.000, -3.000, 123.000, 0.000] (epsg:4326))
2026-08-04 06:37:05,986 - snakemake_workflow - rasterdataset - INFO - Reading population raster data from D:\GFM\inputs\exposure\ppp_2020_1km_Aggregated.tif
2026-08-04 06:37:06,024 - snakemake_workflow - rasterdataset - DEBUG - Clip to [133.000, -6.000, 135.000, -4.000] (epsg:4326))
2026-08-04 06:37:06,748 - snakemake_workflow - rasterdataset - INFO - Reading population raster data from D:\GFM\inputs\exposure\ppp_2020_1km_Aggregated.tif
2026-08-04 06:37:06,778 - snakemake_workflow - rasterdataset - DEBUG - Clip to [125.000, 6.000, 127.000, 10.000] (epsg:4326))
2026-08-04 06:37:06,811 - snakemake_workflow - rasterdataset - INFO - Reading population raster data from D:\GFM\inputs\exposure\ppp_2020_1km_Aggregated.tif
2026-08-04 06:37:06,855 - snakemake_workflow - rasterdataset - DEBUG - Clip to [123.000, -3.000, 124.000, 1.000] (epsg:4326))
2026-08-04 06:37:07,249 - snakemake_workflow - rasterdataset - INFO - Reading population raster data from D:\GFM\inputs\exposure\ppp_2020_1km_Aggregated.tif
2026-08-04 06:37:07,284 - snakemake_workflow - rasterdataset - DEBUG - Clip to [119.000, 9.000, 121.000, 13.000] (epsg:4326))
2026-08-04 06:37:07,606 - snakemake_workflow - rasterdataset - INFO - Reading population raster data from D:\GFM\inputs\exposure\ppp_2020_1km_Aggregated.tif
2026-08-04 06:37:07,644 - snakemake_workflow - rasterdataset - DEBUG - Clip to [120.000, 13.000, 124.000, 15.000] (epsg:4326))
2026-08-04 06:37:07,936 - snakemake_workflow - rasterdataset - INFO - Reading population raster data from D:\GFM\inputs\exposure\ppp_2020_1km_Aggregated.tif
2026-08-04 06:37:07,973 - snakemake_workflow - rasterdataset - DEBUG - Clip to [133.000, -2.000, 137.000, 0.000] (epsg:4326))
2026-08-04 06:37:08,810 - snakemake_workflow - rasterdataset - INFO - Reading population raster data from D:\GFM\inputs\exposure\ppp_2020_1km_Aggregated.tif
2026-08-04 06:37:08,840 - snakemake_workflow - rasterdataset - DEBUG - Clip to [97.000, 12.000, 101.000, 16.000] (epsg:4326))
2026-08-04 06:37:09,165 - snakemake_workflow - rasterdataset - INFO - Reading population raster data from D:\GFM\inputs\exposure\ppp_2020_1km_Aggregated.tif
2026-08-04 06:37:09,398 - snakemake_workflow - rasterdataset - DEBUG - Clip to [122.000, 11.000, 124.000, 13.000] (epsg:4326))
2026-08-04 06:37:09,873 - snakemake_workflow - rasterdataset - INFO - Reading population raster data from D:\GFM\inputs\exposure\ppp_2020_1km_Aggregated.tif
2026-08-04 06:37:09,909 - snakemake_workflow - rasterdataset - DEBUG - Clip to [116.000, 30.000, 120.000, 34.000] (epsg:4326))
2026-08-04 06:37:10,347 - snakemake_workflow - rasterdataset - INFO - Reading population raster data from D:\GFM\inputs\exposure\ppp_2020_1km_Aggregated.tif
2026-08-04 06:37:10,474 - snakemake_workflow - rasterdataset - DEBUG - Clip to [122.000, 9.000, 126.000, 11.000] (epsg:4326))
2026-08-04 06:37:10,815 - snakemake_workflow - rasterdataset - INFO - Reading population raster data from D:\GFM\inputs\exposure\ppp_2020_1km_Aggregated.tif
2026-08-04 06:37:10,815 - snakemake_workflow - rasterdataset - INFO - Reading population raster data from D:\GFM\inputs\exposure\ppp_2020_1km_Aggregated.tif
2026-08-04 06:37:10,855 - snakemake_workflow - rasterdataset - DEBUG - Clip to [88.000, 24.000, 92.000, 26.000] (epsg:4326))
2026-08-04 06:37:10,855 - snakemake_workflow - rasterdataset - DEBUG - Clip to [-54.000, 69.000, -50.000, 71.000] (epsg:4326))
2026-08-04 06:37:11,000 - snakemake_workflow - rasterdataset - INFO - Reading population raster data from D:\GFM\inputs\exposure\ppp_2020_1km_Aggregated.tif
2026-08-04 06:37:11,079 - snakemake_workflow - rasterdataset - DEBUG - Clip to [120.000, 12.000, 124.000, 14.000] (epsg:4326))
2026-08-04 06:37:11,579 - snakemake_workflow - rasterdataset - INFO - Reading population raster data from D:\GFM\inputs\exposure\ppp_2020_1km_Aggregated.tif
2026-08-04 06:37:11,628 - snakemake_workflow - rasterdataset - DEBUG - Clip to [161.000, 58.000, 165.000, 62.000] (epsg:4326))
2026-08-04 06:37:12,722 - snakemake_workflow - rasterdataset - INFO - Reading population raster data from D:\GFM\inputs\exposure\ppp_2020_1km_Aggregated.tif
2026-08-04 06:37:12,778 - snakemake_workflow - rasterdataset - DEBUG - Clip to [21.000, 36.000, 24.000, 40.000] (epsg:4326))
2026-08-04 06:37:13,546 - snakemake_workflow - rasterdataset - INFO - Reading population raster data from D:\GFM\inputs\exposure\ppp_2020_1km_Aggregated.tif
2026-08-04 06:37:13,577 - snakemake_workflow - rasterdataset - DEBUG - Clip to [123.000, 12.000, 125.000, 14.000] (epsg:4326))
2026-08-04 06:37:13,892 - snakemake_workflow - rasterdataset - INFO - Reading population raster data from D:\GFM\inputs\exposure\ppp_2020_1km_Aggregated.tif
2026-08-04 06:37:13,919 - snakemake_workflow - rasterdataset - DEBUG - Clip to [24.000, 40.000, 28.000, 42.000] (epsg:4326))
2026-08-04 06:37:15,151 - snakemake_workflow - rasterdataset - INFO - Reading population raster data from D:\GFM\inputs\exposure\ppp_2020_1km_Aggregated.tif
2026-08-04 06:37:15,167 - snakemake_workflow - rasterdataset - DEBUG - Clip to [0.000, 49.000, 2.000, 53.000] (epsg:4326))
2026-08-04 06:37:16,093 - snakemake_workflow - rasterdataset - INFO - Reading population raster data from D:\GFM\inputs\exposure\ppp_2020_1km_Aggregated.tif
2026-08-04 06:37:16,124 - snakemake_workflow - rasterdataset - DEBUG - Clip to [123.000, 13.000, 125.000, 15.000] (epsg:4326))
2026-08-04 06:37:17,136 - snakemake_workflow - rasterdataset - INFO - Reading population raster data from D:\GFM\inputs\exposure\ppp_2020_1km_Aggregated.tif
2026-08-04 06:37:17,144 - snakemake_workflow - rasterdataset - DEBUG - Clip to [101.000, -1.000, 105.000, 3.000] (epsg:4326))
2026-08-04 06:37:22,473 - snakemake_workflow - rasterdataset - INFO - Reading population raster data from D:\GFM\inputs\exposure\ppp_2020_1km_Aggregated.tif
2026-08-04 06:37:22,491 - snakemake_workflow - rasterdataset - DEBUG - Clip to [23.000, 40.000, 25.000, 42.000] (epsg:4326))
2026-08-04 06:37:23,469 - snakemake_workflow - rasterdataset - INFO - Reading population raster data from D:\GFM\inputs\exposure\ppp_2020_1km_Aggregated.tif
2026-08-04 06:37:23,493 - snakemake_workflow - rasterdataset - DEBUG - Clip to [87.000, 21.000, 89.000, 25.000] (epsg:4326))
2026-08-04 06:37:23,695 - snakemake_workflow - rasterdataset - INFO - Reading population raster data from D:\GFM\inputs\exposure\ppp_2020_1km_Aggregated.tif
2026-08-04 06:37:23,717 - snakemake_workflow - rasterdataset - DEBUG - Clip to [-6.000, 50.000, -2.000, 54.000] (epsg:4326))
2026-08-04 06:37:24,564 - snakemake_workflow - rasterdataset - INFO - Reading population raster data from D:\GFM\inputs\exposure\ppp_2020_1km_Aggregated.tif
2026-08-04 06:37:24,580 - snakemake_workflow - rasterdataset - DEBUG - Clip to [23.000, 34.000, 27.000, 36.000] (epsg:4326))
2026-08-04 06:37:25,509 - snakemake_workflow - rasterdataset - INFO - Reading population raster data from D:\GFM\inputs\exposure\ppp_2020_1km_Aggregated.tif
2026-08-04 06:37:25,662 - snakemake_workflow - rasterdataset - DEBUG - Clip to [-3.000, 49.000, 1.000, 53.000] (epsg:4326))
2026-08-04 06:37:26,448 - snakemake_workflow - rasterdataset - INFO - Reading population raster data from D:\GFM\inputs\exposure\ppp_2020_1km_Aggregated.tif
2026-08-04 06:37:26,468 - snakemake_workflow - rasterdataset - DEBUG - Clip to [24.000, 35.000, 28.000, 39.000] (epsg:4326))
2026-08-04 06:37:27,891 - snakemake_workflow - rasterdataset - INFO - Reading population raster data from D:\GFM\inputs\exposure\ppp_2020_1km_Aggregated.tif
2026-08-04 06:37:27,915 - snakemake_workflow - rasterdataset - DEBUG - Clip to [102.000, 9.000, 106.000, 13.000] (epsg:4326))
2026-08-04 06:37:28,997 - snakemake_workflow - rasterdataset - INFO - Reading population raster data from D:\GFM\inputs\exposure\ppp_2020_1km_Aggregated.tif
2026-08-04 06:37:29,008 - snakemake_workflow - rasterdataset - DEBUG - Clip to [24.000, 39.000, 28.000, 41.000] (epsg:4326))
2026-08-04 06:37:33,464 - snakemake_workflow - rasterdataset - INFO - Reading population raster data from D:\GFM\inputs\exposure\ppp_2020_1km_Aggregated.tif
2026-08-04 06:37:33,490 - snakemake_workflow - rasterdataset - DEBUG - Clip to [119.000, 30.000, 121.000, 34.000] (epsg:4326))
2026-08-04 06:37:33,680 - snakemake_workflow - rasterdataset - INFO - Reading population raster data from D:\GFM\inputs\exposure\ppp_2020_1km_Aggregated.tif
2026-08-04 06:37:33,705 - snakemake_workflow - rasterdataset - DEBUG - Clip to [22.000, 39.000, 25.000, 41.000] (epsg:4326))
2026-08-04 06:37:33,800 - snakemake_workflow - rasterdataset - INFO - Reading population raster data from D:\GFM\inputs\exposure\ppp_2020_1km_Aggregated.tif
2026-08-04 06:37:33,817 - snakemake_workflow - rasterdataset - DEBUG - Clip to [87.000, 25.000, 90.000, 26.000] (epsg:4326))
2026-08-04 06:37:35,554 - snakemake_workflow - rasterdataset - INFO - Reading population raster data from D:\GFM\inputs\exposure\ppp_2020_1km_Aggregated.tif
2026-08-04 06:37:35,580 - snakemake_workflow - rasterdataset - DEBUG - Clip to [128.000, 31.000, 132.000, 35.000] (epsg:4326))
2026-08-04 06:37:35,733 - snakemake_workflow - rasterdataset - INFO - Reading population raster data from D:\GFM\inputs\exposure\ppp_2020_1km_Aggregated.tif
2026-08-04 06:37:35,857 - snakemake_workflow - rasterdataset - DEBUG - Clip to [-3.000, 54.000, -1.000, 55.000] (epsg:4326))
2026-08-04 06:37:36,159 - snakemake_workflow - rasterdataset - INFO - Reading population raster data from D:\GFM\inputs\exposure\ppp_2020_1km_Aggregated.tif
2026-08-04 06:37:36,175 - snakemake_workflow - rasterdataset - DEBUG - Clip to [-3.000, 52.000, 1.000, 54.000] (epsg:4326))
2026-08-04 06:37:37,243 - snakemake_workflow - rasterdataset - INFO - Reading population raster data from D:\GFM\inputs\exposure\ppp_2020_1km_Aggregated.tif
2026-08-04 06:37:37,259 - snakemake_workflow - rasterdataset - DEBUG - Clip to [95.000, 2.000, 99.000, 6.000] (epsg:4326))
2026-08-04 06:37:37,519 - snakemake_workflow - rasterdataset - INFO - Reading population raster data from D:\GFM\inputs\exposure\ppp_2020_1km_Aggregated.tif
2026-08-04 06:37:37,641 - snakemake_workflow - rasterdataset - DEBUG - Clip to [-6.000, 53.000, -2.000, 55.000] (epsg:4326))
2026-08-04 06:37:37,754 - snakemake_workflow - rasterdataset - INFO - Reading population raster data from D:\GFM\inputs\exposure\ppp_2020_1km_Aggregated.tif
2026-08-04 06:37:37,899 - snakemake_workflow - rasterdataset - DEBUG - Clip to [-7.000, 52.000, -5.000, 56.000] (epsg:4326))
2026-08-04 06:37:40,063 - snakemake_workflow - rasterdataset - INFO - Reading population raster data from D:\GFM\inputs\exposure\ppp_2020_1km_Aggregated.tif
2026-08-04 06:37:40,090 - snakemake_workflow - rasterdataset - DEBUG - Clip to [117.000, 33.000, 121.000, 35.000] (epsg:4326))
2026-08-04 06:37:40,210 - snakemake_workflow - rasterdataset - INFO - Reading population raster data from D:\GFM\inputs\exposure\ppp_2020_1km_Aggregated.tif
2026-08-04 06:37:40,307 - snakemake_workflow - rasterdataset - DEBUG - Clip to [-3.000, 55.000, -1.000, 56.000] (epsg:4326))
2026-08-04 06:37:40,385 - snakemake_workflow - rasterdataset - INFO - Reading population raster data from D:\GFM\inputs\exposure\ppp_2020_1km_Aggregated.tif
2026-08-04 06:37:40,401 - snakemake_workflow - rasterdataset - DEBUG - Clip to [24.000, 38.000, 28.000, 40.000] (epsg:4326))
2026-08-04 06:37:41,232 - snakemake_workflow - rasterdataset - INFO - Reading population raster data from D:\GFM\inputs\exposure\ppp_2020_1km_Aggregated.tif
2026-08-04 06:37:41,276 - snakemake_workflow - rasterdataset - DEBUG - Clip to [-6.000, 54.000, -2.000, 56.000] (epsg:4326))
2026-08-04 06:37:41,640 - snakemake_workflow - rasterdataset - INFO - Reading population raster data from D:\GFM\inputs\exposure\ppp_2020_1km_Aggregated.tif
2026-08-04 06:37:41,684 - snakemake_workflow - rasterdataset - DEBUG - Clip to [-7.000, 56.000, -5.000, 57.000] (epsg:4326))
2026-08-04 06:37:42,086 - snakemake_workflow - rasterdataset - INFO - Reading population raster data from D:\GFM\inputs\exposure\ppp_2020_1km_Aggregated.tif
2026-08-04 06:37:42,115 - snakemake_workflow - rasterdataset - DEBUG - Clip to [23.000, 35.000, 25.000, 39.000] (epsg:4326))
2026-08-04 06:37:42,784 - snakemake_workflow - rasterdataset - INFO - Reading population raster data from D:\GFM\inputs\exposure\ppp_2020_1km_Aggregated.tif
2026-08-04 06:37:42,814 - snakemake_workflow - rasterdataset - DEBUG - Clip to [-2.000, 53.000, 0.000, 55.000] (epsg:4326))
2026-08-04 06:37:43,722 - snakemake_workflow - rasterdataset - INFO - Reading population raster data from D:\GFM\inputs\exposure\ppp_2020_1km_Aggregated.tif
2026-08-04 06:37:43,761 - snakemake_workflow - rasterdataset - DEBUG - Clip to [-6.000, 56.000, -2.000, 58.000] (epsg:4326))
2026-08-04 06:37:43,946 - snakemake_workflow - rasterdataset - INFO - Reading population raster data from D:\GFM\inputs\exposure\ppp_2020_1km_Aggregated.tif
2026-08-04 06:37:43,978 - snakemake_workflow - rasterdataset - DEBUG - Clip to [-8.000, 54.000, -6.000, 58.000] (epsg:4326))
2026-08-04 06:37:44,216 - snakemake_workflow - rasterdataset - INFO - Reading population raster data from D:\GFM\inputs\exposure\ppp_2020_1km_Aggregated.tif
2026-08-04 06:37:44,248 - snakemake_workflow - rasterdataset - DEBUG - Clip to [-6.000, 55.000, -2.000, 57.000] (epsg:4326))
2026-08-04 06:37:44,648 - snakemake_workflow - rasterdataset - INFO - Reading population raster data from D:\GFM\inputs\exposure\ppp_2020_1km_Aggregated.tif
2026-08-04 06:37:44,681 - snakemake_workflow - rasterdataset - DEBUG - Clip to [8.000, 52.000, 12.000, 56.000] (epsg:4326))
2026-08-04 06:37:44,978 - snakemake_workflow - rasterdataset - INFO - Reading population raster data from D:\GFM\inputs\exposure\ppp_2020_1km_Aggregated.tif
2026-08-04 06:37:45,011 - snakemake_workflow - rasterdataset - DEBUG - Clip to [102.000, 12.000, 106.000, 14.000] (epsg:4326))
2026-08-04 06:37:45,203 - snakemake_workflow - rasterdataset - INFO - Reading population raster data from D:\GFM\inputs\exposure\ppp_2020_1km_Aggregated.tif
2026-08-04 06:37:45,234 - snakemake_workflow - rasterdataset - DEBUG - Clip to [88.000, 21.000, 92.000, 25.000] (epsg:4326))
2026-08-04 06:37:46,492 - snakemake_workflow - rasterdataset - INFO - Reading population raster data from D:\GFM\inputs\exposure\ppp_2020_1km_Aggregated.tif
2026-08-04 06:37:46,541 - snakemake_workflow - rasterdataset - DEBUG - Clip to [11.000, 56.000, 15.000, 57.000] (epsg:4326))
2026-08-04 06:37:48,773 - snakemake_workflow - rasterdataset - INFO - Reading population raster data from D:\GFM\inputs\exposure\ppp_2020_1km_Aggregated.tif
2026-08-04 06:37:48,791 - snakemake_workflow - rasterdataset - DEBUG - Clip to [13.000, 52.000, 15.000, 56.000] (epsg:4326))
2026-08-04 06:37:48,929 - snakemake_workflow - rasterdataset - INFO - Reading population raster data from D:\GFM\inputs\exposure\ppp_2020_1km_Aggregated.tif
2026-08-04 06:37:49,056 - snakemake_workflow - rasterdataset - DEBUG - Clip to [-6.000, 57.000, -2.000, 59.000] (epsg:4326))
2026-08-04 06:37:50,014 - snakemake_workflow - rasterdataset - INFO - Reading population raster data from D:\GFM\inputs\exposure\ppp_2020_1km_Aggregated.tif
2026-08-04 06:37:50,030 - snakemake_workflow - rasterdataset - DEBUG - Clip to [-7.000, 57.000, -5.000, 58.000] (epsg:4326))
2026-08-04 06:37:50,142 - snakemake_workflow - rasterdataset - INFO - Reading population raster data from D:\GFM\inputs\exposure\ppp_2020_1km_Aggregated.tif
2026-08-04 06:37:50,158 - snakemake_workflow - rasterdataset - DEBUG - Clip to [105.000, 9.000, 107.000, 13.000] (epsg:4326))
2026-08-04 06:37:50,420 - snakemake_workflow - rasterdataset - INFO - Reading population raster data from D:\GFM\inputs\exposure\ppp_2020_1km_Aggregated.tif
2026-08-04 06:37:50,446 - snakemake_workflow - rasterdataset - DEBUG - Clip to [39.000, 63.000, 43.000, 67.000] (epsg:4326))
2026-08-04 06:37:51,035 - snakemake_workflow - rasterdataset - INFO - Reading population raster data from D:\GFM\inputs\exposure\ppp_2020_1km_Aggregated.tif
2026-08-04 06:37:51,035 - snakemake_workflow - rasterdataset - INFO - Reading population raster data from D:\GFM\inputs\exposure\ppp_2020_1km_Aggregated.tif
2026-08-04 06:37:51,118 - snakemake_workflow - rasterdataset - DEBUG - Clip to [12.000, 52.000, 14.000, 56.000] (epsg:4326))
2026-08-04 06:37:51,124 - snakemake_workflow - rasterdataset - DEBUG - Clip to [71.000, 70.000, 75.000, 72.000] (epsg:4326))
2026-08-04 06:37:53,007 - snakemake_workflow - rasterdataset - INFO - Reading population raster data from D:\GFM\inputs\exposure\ppp_2020_1km_Aggregated.tif
2026-08-04 06:37:53,039 - snakemake_workflow - rasterdataset - DEBUG - Clip to [-7.000, 58.000, -5.000, 59.000] (epsg:4326))
2026-08-04 06:37:54,145 - snakemake_workflow - rasterdataset - INFO - Reading population raster data from D:\GFM\inputs\exposure\ppp_2020_1km_Aggregated.tif
2026-08-04 06:37:54,168 - snakemake_workflow - rasterdataset - DEBUG - Clip to [-8.000, 58.000, -5.000, 59.000] (epsg:4326))
2026-08-04 06:37:55,040 - snakemake_workflow - rasterdataset - INFO - Reading population raster data from D:\GFM\inputs\exposure\ppp_2020_1km_Aggregated.tif
2026-08-04 06:37:55,068 - snakemake_workflow - rasterdataset - DEBUG - Clip to [75.000, 67.000, 77.000, 71.000] (epsg:4326))
2026-08-04 06:37:55,979 - snakemake_workflow - rasterdataset - INFO - Reading population raster data from D:\GFM\inputs\exposure\ppp_2020_1km_Aggregated.tif
2026-08-04 06:37:56,005 - snakemake_workflow - rasterdataset - DEBUG - Clip to [8.000, 57.000, 12.000, 59.000] (epsg:4326))
2026-08-04 06:37:56,195 - snakemake_workflow - rasterdataset - INFO - Reading population raster data from D:\GFM\inputs\exposure\ppp_2020_1km_Aggregated.tif
2026-08-04 06:37:56,218 - snakemake_workflow - rasterdataset - DEBUG - Clip to [77.000, 69.000, 79.000, 73.000] (epsg:4326))
2026-08-04 06:37:56,964 - snakemake_workflow - rasterdataset - INFO - Reading population raster data from D:\GFM\inputs\exposure\ppp_2020_1km_Aggregated.tif
2026-08-04 06:37:56,994 - snakemake_workflow - rasterdataset - DEBUG - Clip to [11.000, 58.000, 13.000, 59.000] (epsg:4326))
  filter_and_shave_chunks: 200/3719 checked, 157 kept so far (137s elapsed)
2026-08-04 06:37:57,995 - snakemake_workflow - rasterdataset - INFO - Reading population raster data from D:\GFM\inputs\exposure\ppp_2020_1km_Aggregated.tif
2026-08-04 06:37:58,010 - snakemake_workflow - rasterdataset - DEBUG - Clip to [79.000, 66.000, 81.000, 70.000] (epsg:4326))
2026-08-04 06:37:59,589 - snakemake_workflow - rasterdataset - INFO - Reading population raster data from D:\GFM\inputs\exposure\ppp_2020_1km_Aggregated.tif
2026-08-04 06:37:59,615 - snakemake_workflow - rasterdataset - DEBUG - Clip to [13.000, 56.000, 15.000, 57.000] (epsg:4326))
2026-08-04 06:37:59,973 - snakemake_workflow - rasterdataset - INFO - Reading population raster data from D:\GFM\inputs\exposure\ppp_2020_1km_Aggregated.tif
2026-08-04 06:38:00,008 - snakemake_workflow - rasterdataset - DEBUG - Clip to [21.000, 57.000, 25.000, 61.000] (epsg:4326))
2026-08-04 06:38:01,254 - snakemake_workflow - rasterdataset - INFO - Reading population raster data from D:\GFM\inputs\exposure\ppp_2020_1km_Aggregated.tif
2026-08-04 06:38:01,276 - snakemake_workflow - rasterdataset - DEBUG - Clip to [8.000, 55.000, 12.000, 57.000] (epsg:4326))
2026-08-04 06:38:01,646 - snakemake_workflow - rasterdataset - INFO - Reading population raster data from D:\GFM\inputs\exposure\ppp_2020_1km_Aggregated.tif
2026-08-04 06:38:01,664 - snakemake_workflow - rasterdataset - DEBUG - Clip to [71.000, 66.000, 75.000, 68.000] (epsg:4326))
2026-08-04 06:38:02,611 - snakemake_workflow - rasterdataset - INFO - Reading population raster data from D:\GFM\inputs\exposure\ppp_2020_1km_Aggregated.tif
2026-08-04 06:38:02,649 - snakemake_workflow - rasterdataset - DEBUG - Clip to [11.000, 57.000, 13.000, 59.000] (epsg:4326))
2026-08-04 06:38:04,529 - snakemake_workflow - rasterdataset - INFO - Reading population raster data from D:\GFM\inputs\exposure\ppp_2020_1km_Aggregated.tif
2026-08-04 06:38:04,541 - snakemake_workflow - rasterdataset - DEBUG - Clip to [81.000, 70.000, 83.000, 74.000] (epsg:4326))
2026-08-04 06:38:05,592 - snakemake_workflow - rasterdataset - INFO - Reading population raster data from D:\GFM\inputs\exposure\ppp_2020_1km_Aggregated.tif
2026-08-04 06:38:05,610 - snakemake_workflow - rasterdataset - DEBUG - Clip to [11.000, 52.000, 13.000, 56.000] (epsg:4326))
2026-08-04 06:38:06,754 - snakemake_workflow - rasterdataset - INFO - Reading population raster data from D:\GFM\inputs\exposure\ppp_2020_1km_Aggregated.tif
2026-08-04 06:38:06,782 - snakemake_workflow - rasterdataset - DEBUG - Clip to [8.000, 56.000, 12.000, 58.000] (epsg:4326))
2026-08-04 06:38:06,929 - snakemake_workflow - rasterdataset - INFO - Reading population raster data from D:\GFM\inputs\exposure\ppp_2020_1km_Aggregated.tif
2026-08-04 06:38:06,949 - snakemake_workflow - rasterdataset - DEBUG - Clip to [76.000, 66.000, 78.000, 68.000] (epsg:4326))
2026-08-04 06:38:07,590 - snakemake_workflow - rasterdataset - INFO - Reading population raster data from D:\GFM\inputs\exposure\ppp_2020_1km_Aggregated.tif
2026-08-04 06:38:07,610 - snakemake_workflow - rasterdataset - DEBUG - Clip to [76.000, 69.000, 78.000, 71.000] (epsg:4326))
2026-08-04 06:38:07,915 - snakemake_workflow - rasterdataset - INFO - Reading population raster data from D:\GFM\inputs\exposure\ppp_2020_1km_Aggregated.tif
2026-08-04 06:38:07,956 - snakemake_workflow - rasterdataset - DEBUG - Clip to [99.000, 76.000, 103.000, 80.000] (epsg:4326))
2026-08-04 06:38:08,537 - snakemake_workflow - rasterdataset - INFO - Reading population raster data from D:\GFM\inputs\exposure\ppp_2020_1km_Aggregated.tif
2026-08-04 06:38:08,887 - snakemake_workflow - rasterdataset - DEBUG - Clip to [74.000, 71.000, 78.000, 73.000] (epsg:4326))
2026-08-04 06:38:09,565 - snakemake_workflow - rasterdataset - INFO - Reading population raster data from D:\GFM\inputs\exposure\ppp_2020_1km_Aggregated.tif
2026-08-04 06:38:09,588 - snakemake_workflow - rasterdataset - DEBUG - Clip to [78.000, 72.000, 80.000, 74.000] (epsg:4326))
2026-08-04 06:38:09,697 - snakemake_workflow - rasterdataset - INFO - Reading population raster data from D:\GFM\inputs\exposure\ppp_2020_1km_Aggregated.tif
2026-08-04 06:38:09,709 - snakemake_workflow - rasterdataset - DEBUG - Clip to [66.000, 68.000, 70.000, 72.000] (epsg:4326))
2026-08-04 06:38:11,542 - snakemake_workflow - rasterdataset - INFO - Reading population raster data from D:\GFM\inputs\exposure\ppp_2020_1km_Aggregated.tif
2026-08-04 06:38:11,573 - snakemake_workflow - rasterdataset - DEBUG - Clip to [78.000, 66.000, 80.000, 70.000] (epsg:4326))
2026-08-04 06:38:12,590 - snakemake_workflow - rasterdataset - INFO - Reading population raster data from D:\GFM\inputs\exposure\ppp_2020_1km_Aggregated.tif
2026-08-04 06:38:12,606 - snakemake_workflow - rasterdataset - DEBUG - Clip to [80.000, 70.000, 82.000, 74.000] (epsg:4326))
2026-08-04 06:38:13,371 - snakemake_workflow - rasterdataset - INFO - Reading population raster data from D:\GFM\inputs\exposure\ppp_2020_1km_Aggregated.tif
2026-08-04 06:38:13,399 - snakemake_workflow - rasterdataset - DEBUG - Clip to [74.000, 67.000, 76.000, 71.000] (epsg:4326))
2026-08-04 06:38:15,407 - snakemake_workflow - rasterdataset - INFO - Reading population raster data from D:\GFM\inputs\exposure\ppp_2020_1km_Aggregated.tif
2026-08-04 06:38:15,426 - snakemake_workflow - rasterdataset - DEBUG - Clip to [81.000, 66.000, 83.000, 70.000] (epsg:4326))
2026-08-04 06:38:15,632 - snakemake_workflow - rasterdataset - INFO - Reading population raster data from D:\GFM\inputs\exposure\ppp_2020_1km_Aggregated.tif
2026-08-04 06:38:15,664 - snakemake_workflow - rasterdataset - DEBUG - Clip to [77.000, 66.000, 78.000, 70.000] (epsg:4326))
2026-08-04 06:38:17,578 - snakemake_workflow - rasterdataset - INFO - Reading population raster data from D:\GFM\inputs\exposure\ppp_2020_1km_Aggregated.tif
2026-08-04 06:38:17,619 - snakemake_workflow - rasterdataset - DEBUG - Clip to [79.000, 69.000, 80.000, 73.000] (epsg:4326))
2026-08-04 06:38:17,802 - snakemake_workflow - rasterdataset - INFO - Reading population raster data from D:\GFM\inputs\exposure\ppp_2020_1km_Aggregated.tif
2026-08-04 06:38:17,835 - snakemake_workflow - rasterdataset - DEBUG - Clip to [139.000, 73.000, 143.000, 75.000] (epsg:4326))
2026-08-04 06:38:18,021 - snakemake_workflow - rasterdataset - INFO - Reading population raster data from D:\GFM\inputs\exposure\ppp_2020_1km_Aggregated.tif
2026-08-04 06:38:18,312 - snakemake_workflow - rasterdataset - DEBUG - Clip to [74.000, 71.000, 76.000, 72.000] (epsg:4326))
2026-08-04 06:38:18,388 - snakemake_workflow - rasterdataset - INFO - Reading population raster data from D:\GFM\inputs\exposure\ppp_2020_1km_Aggregated.tif
2026-08-04 06:38:18,419 - snakemake_workflow - rasterdataset - DEBUG - Clip to [80.000, 66.000, 82.000, 70.000] (epsg:4326))
2026-08-04 06:38:18,915 - snakemake_workflow - rasterdataset - INFO - Reading population raster data from D:\GFM\inputs\exposure\ppp_2020_1km_Aggregated.tif
2026-08-04 06:38:18,943 - snakemake_workflow - rasterdataset - DEBUG - Clip to [139.000, 75.000, 143.000, 77.000] (epsg:4326))
2026-08-04 06:38:19,459 - snakemake_workflow - rasterdataset - INFO - Reading population raster data from D:\GFM\inputs\exposure\ppp_2020_1km_Aggregated.tif
2026-08-04 06:38:19,497 - snakemake_workflow - rasterdataset - DEBUG - Clip to [155.000, 67.000, 157.000, 71.000] (epsg:4326))
2026-08-04 06:38:21,093 - snakemake_workflow - rasterdataset - INFO - Reading population raster data from D:\GFM\inputs\exposure\ppp_2020_1km_Aggregated.tif
2026-08-04 06:38:21,111 - snakemake_workflow - rasterdataset - DEBUG - Clip to [46.000, 45.000, 50.000, 49.000] (epsg:4326))
2026-08-04 06:38:22,171 - snakemake_workflow - rasterdataset - INFO - Reading population raster data from D:\GFM\inputs\exposure\ppp_2020_1km_Aggregated.tif
2026-08-04 06:38:22,187 - snakemake_workflow - rasterdataset - DEBUG - Clip to [45.000, 45.000, 47.000, 49.000] (epsg:4326))
2026-08-04 06:38:23,573 - snakemake_workflow - rasterdataset - INFO - Reading population raster data from D:\GFM\inputs\exposure\ppp_2020_1km_Aggregated.tif
2026-08-04 06:38:23,618 - snakemake_workflow - rasterdataset - DEBUG - Clip to [82.000, 68.000, 84.000, 72.000] (epsg:4326))
2026-08-04 06:38:24,810 - snakemake_workflow - rasterdataset - INFO - Reading population raster data from D:\GFM\inputs\exposure\ppp_2020_1km_Aggregated.tif
2026-08-04 06:38:24,833 - snakemake_workflow - rasterdataset - DEBUG - Clip to [102.000, 76.000, 104.000, 80.000] (epsg:4326))
2026-08-04 06:38:26,493 - snakemake_workflow - rasterdataset - INFO - Reading population raster data from D:\GFM\inputs\exposure\ppp_2020_1km_Aggregated.tif
2026-08-04 06:38:26,507 - snakemake_workflow - rasterdataset - DEBUG - Clip to [142.000, 70.000, 144.000, 74.000] (epsg:4326))
2026-08-04 06:38:27,973 - snakemake_workflow - rasterdataset - INFO - Reading population raster data from D:\GFM\inputs\exposure\ppp_2020_1km_Aggregated.tif
2026-08-04 06:38:27,989 - snakemake_workflow - rasterdataset - DEBUG - Clip to [142.000, 75.000, 145.000, 76.000] (epsg:4326))
2026-08-04 06:38:30,139 - snakemake_workflow - rasterdataset - INFO - Reading population raster data from D:\GFM\inputs\exposure\ppp_2020_1km_Aggregated.tif
2026-08-04 06:38:30,161 - snakemake_workflow - rasterdataset - DEBUG - Clip to [103.000, 76.000, 105.000, 80.000] (epsg:4326))
2026-08-04 06:38:30,728 - snakemake_workflow - rasterdataset - INFO - Reading population raster data from D:\GFM\inputs\exposure\ppp_2020_1km_Aggregated.tif
2026-08-04 06:38:30,736 - snakemake_workflow - rasterdataset - DEBUG - Clip to [83.000, 68.000, 85.000, 72.000] (epsg:4326))
2026-08-04 06:38:31,195 - snakemake_workflow - rasterdataset - INFO - Reading population raster data from D:\GFM\inputs\exposure\ppp_2020_1km_Aggregated.tif
2026-08-04 06:38:31,236 - snakemake_workflow - rasterdataset - DEBUG - Clip to [151.000, 67.000, 155.000, 71.000] (epsg:4326))
2026-08-04 06:38:32,244 - snakemake_workflow - rasterdataset - INFO - Reading population raster data from D:\GFM\inputs\exposure\ppp_2020_1km_Aggregated.tif
2026-08-04 06:38:32,280 - snakemake_workflow - rasterdataset - DEBUG - Clip to [64.000, 62.000, 68.000, 66.000] (epsg:4326))
2026-08-04 06:38:32,344 - snakemake_workflow - rasterdataset - INFO - Reading population raster data from D:\GFM\inputs\exposure\ppp_2020_1km_Aggregated.tif
2026-08-04 06:38:32,497 - snakemake_workflow - rasterdataset - DEBUG - Clip to [155.000, 70.000, 158.000, 72.000] (epsg:4326))
2026-08-04 06:38:35,273 - snakemake_workflow - rasterdataset - INFO - Reading population raster data from D:\GFM\inputs\exposure\ppp_2020_1km_Aggregated.tif
2026-08-04 06:38:35,284 - snakemake_workflow - rasterdataset - DEBUG - Clip to [139.000, 70.000, 143.000, 74.000] (epsg:4326))
2026-08-04 06:38:35,407 - snakemake_workflow - rasterdataset - INFO - Reading population raster data from D:\GFM\inputs\exposure\ppp_2020_1km_Aggregated.tif
2026-08-04 06:38:35,587 - snakemake_workflow - rasterdataset - DEBUG - Clip to [49.000, 49.000, 51.000, 50.000] (epsg:4326))
2026-08-04 06:38:37,405 - snakemake_workflow - rasterdataset - INFO - Reading population raster data from D:\GFM\inputs\exposure\ppp_2020_1km_Aggregated.tif
2026-08-04 06:38:37,421 - snakemake_workflow - rasterdataset - DEBUG - Clip to [-74.000, -55.000, -71.000, -52.000] (epsg:4326))
2026-08-04 06:38:37,932 - snakemake_workflow - rasterdataset - INFO - Reading population raster data from D:\GFM\inputs\exposure\ppp_2020_1km_Aggregated.tif
2026-08-04 06:38:37,947 - snakemake_workflow - rasterdataset - DEBUG - Clip to [157.000, 68.000, 159.000, 72.000] (epsg:4326))
2026-08-04 06:38:38,236 - snakemake_workflow - rasterdataset - INFO - Reading population raster data from D:\GFM\inputs\exposure\ppp_2020_1km_Aggregated.tif
2026-08-04 06:38:38,269 - snakemake_workflow - rasterdataset - DEBUG - Clip to [139.000, 74.000, 143.000, 76.000] (epsg:4326))
2026-08-04 06:38:38,891 - snakemake_workflow - rasterdataset - INFO - Reading population raster data from D:\GFM\inputs\exposure\ppp_2020_1km_Aggregated.tif
2026-08-04 06:38:38,901 - snakemake_workflow - rasterdataset - DEBUG - Clip to [50.000, 48.000, 53.000, 50.000] (epsg:4326))
2026-08-04 06:38:39,824 - snakemake_workflow - rasterdataset - INFO - Reading population raster data from D:\GFM\inputs\exposure\ppp_2020_1km_Aggregated.tif
2026-08-04 06:38:39,842 - snakemake_workflow - rasterdataset - DEBUG - Clip to [142.000, 73.000, 144.000, 75.000] (epsg:4326))
2026-08-04 06:38:41,224 - snakemake_workflow - rasterdataset - INFO - Reading population raster data from D:\GFM\inputs\exposure\ppp_2020_1km_Aggregated.tif
2026-08-04 06:38:41,241 - snakemake_workflow - rasterdataset - DEBUG - Clip to [-76.000, -50.000, -73.000, -48.000] (epsg:4326))
2026-08-04 06:38:44,544 - snakemake_workflow - rasterdataset - INFO - Reading population raster data from D:\GFM\inputs\exposure\ppp_2020_1km_Aggregated.tif
2026-08-04 06:38:44,572 - snakemake_workflow - rasterdataset - DEBUG - Clip to [50.000, 47.000, 54.000, 49.000] (epsg:4326))
2026-08-04 06:38:45,612 - snakemake_workflow - rasterdataset - INFO - Reading population raster data from D:\GFM\inputs\exposure\ppp_2020_1km_Aggregated.tif
2026-08-04 06:38:45,632 - snakemake_workflow - rasterdataset - DEBUG - Clip to [-69.000, -56.000, -67.000, -53.000] (epsg:4326))
2026-08-04 06:38:46,849 - snakemake_workflow - rasterdataset - INFO - Reading population raster data from D:\GFM\inputs\exposure\ppp_2020_1km_Aggregated.tif
2026-08-04 06:38:46,877 - snakemake_workflow - rasterdataset - DEBUG - Clip to [20.000, 77.000, 24.000, 81.000] (epsg:4326))
2026-08-04 06:38:47,247 - snakemake_workflow - rasterdataset - INFO - Reading population raster data from D:\GFM\inputs\exposure\ppp_2020_1km_Aggregated.tif
2026-08-04 06:38:47,487 - snakemake_workflow - rasterdataset - DEBUG - Clip to [50.000, 44.000, 54.000, 48.000] (epsg:4326))
2026-08-04 06:38:48,727 - snakemake_workflow - rasterdataset - INFO - Reading population raster data from D:\GFM\inputs\exposure\ppp_2020_1km_Aggregated.tif
2026-08-04 06:38:48,758 - snakemake_workflow - rasterdataset - DEBUG - Clip to [-52.000, -4.000, -49.000, -2.000] (epsg:4326))
2026-08-04 06:38:49,382 - snakemake_workflow - rasterdataset - INFO - Reading population raster data from D:\GFM\inputs\exposure\ppp_2020_1km_Aggregated.tif
2026-08-04 06:38:49,404 - snakemake_workflow - rasterdataset - DEBUG - Clip to [-76.000, -53.000, -73.000, -49.000] (epsg:4326))
2026-08-04 06:38:50,042 - snakemake_workflow - rasterdataset - INFO - Reading population raster data from D:\GFM\inputs\exposure\ppp_2020_1km_Aggregated.tif
2026-08-04 06:38:50,070 - snakemake_workflow - rasterdataset - DEBUG - Clip to [-76.000, -49.000, -73.000, -47.000] (epsg:4326))
2026-08-04 06:38:53,282 - snakemake_workflow - rasterdataset - INFO - Reading population raster data from D:\GFM\inputs\exposure\ppp_2020_1km_Aggregated.tif
2026-08-04 06:38:53,309 - snakemake_workflow - rasterdataset - DEBUG - Clip to [53.000, 44.000, 55.000, 48.000] (epsg:4326))
2026-08-04 06:38:53,815 - snakemake_workflow - rasterdataset - INFO - Reading population raster data from D:\GFM\inputs\exposure\ppp_2020_1km_Aggregated.tif
2026-08-04 06:38:53,831 - snakemake_workflow - rasterdataset - DEBUG - Clip to [-49.000, -3.000, -47.000, 0.000] (epsg:4326))
2026-08-04 06:38:56,629 - snakemake_workflow - rasterdataset - INFO - Reading population raster data from D:\GFM\inputs\exposure\ppp_2020_1km_Aggregated.tif
2026-08-04 06:38:56,644 - snakemake_workflow - rasterdataset - DEBUG - Clip to [71.000, 67.000, 75.000, 71.000] (epsg:4326))
2026-08-04 06:38:57,249 - snakemake_workflow - rasterdataset - INFO - Reading population raster data from D:\GFM\inputs\exposure\ppp_2020_1km_Aggregated.tif
2026-08-04 06:38:57,265 - snakemake_workflow - rasterdataset - DEBUG - Clip to [-50.000, -3.000, -48.000, 0.000] (epsg:4326))
2026-08-04 06:38:57,795 - snakemake_workflow - rasterdataset - INFO - Reading population raster data from D:\GFM\inputs\exposure\ppp_2020_1km_Aggregated.tif
2026-08-04 06:38:57,818 - snakemake_workflow - rasterdataset - DEBUG - Clip to [154.000, 67.000, 156.000, 71.000] (epsg:4326))
2026-08-04 06:38:59,027 - snakemake_workflow - rasterdataset - INFO - Reading population raster data from D:\GFM\inputs\exposure\ppp_2020_1km_Aggregated.tif
2026-08-04 06:38:59,052 - snakemake_workflow - rasterdataset - DEBUG - Clip to [-53.000, -3.000, -49.000, 0.000] (epsg:4326))
2026-08-04 06:39:00,462 - snakemake_workflow - rasterdataset - INFO - Reading population raster data from D:\GFM\inputs\exposure\ppp_2020_1km_Aggregated.tif
2026-08-04 06:39:00,491 - snakemake_workflow - rasterdataset - DEBUG - Clip to [-61.000, -5.000, -57.000, -2.000] (epsg:4326))
2026-08-04 06:39:00,527 - snakemake_workflow - rasterdataset - INFO - Reading population raster data from D:\GFM\inputs\exposure\ppp_2020_1km_Aggregated.tif
2026-08-04 06:39:00,670 - snakemake_workflow - rasterdataset - DEBUG - Clip to [-74.000, -46.000, -72.000, -43.000] (epsg:4326))
2026-08-04 06:39:00,906 - snakemake_workflow - rasterdataset - INFO - Reading population raster data from D:\GFM\inputs\exposure\ppp_2020_1km_Aggregated.tif
2026-08-04 06:39:01,049 - snakemake_workflow - rasterdataset - DEBUG - Clip to [-52.000, -1.000, -49.000, 1.000] (epsg:4326))
2026-08-04 06:39:01,319 - snakemake_workflow - rasterdataset - INFO - Reading population raster data from D:\GFM\inputs\exposure\ppp_2020_1km_Aggregated.tif
2026-08-04 06:39:01,351 - snakemake_workflow - rasterdataset - DEBUG - Clip to [-52.000, 0.000, -49.000, 2.000] (epsg:4326))
2026-08-04 06:39:01,557 - snakemake_workflow - rasterdataset - INFO - Reading population raster data from D:\GFM\inputs\exposure\ppp_2020_1km_Aggregated.tif
2026-08-04 06:39:01,575 - snakemake_workflow - rasterdataset - DEBUG - Clip to [46.000, 48.000, 50.000, 50.000] (epsg:4326))
2026-08-04 06:39:02,161 - snakemake_workflow - rasterdataset - INFO - Reading population raster data from D:\GFM\inputs\exposure\ppp_2020_1km_Aggregated.tif
2026-08-04 06:39:02,193 - snakemake_workflow - rasterdataset - DEBUG - Clip to [-73.000, 9.000, -70.000, 13.000] (epsg:4326))
2026-08-04 06:39:06,089 - snakemake_workflow - rasterdataset - INFO - Reading population raster data from D:\GFM\inputs\exposure\ppp_2020_1km_Aggregated.tif
2026-08-04 06:39:06,121 - snakemake_workflow - rasterdataset - DEBUG - Clip to [-76.000, 18.000, -72.000, 21.000] (epsg:4326))
2026-08-04 06:39:06,886 - snakemake_workflow - rasterdataset - INFO - Reading population raster data from D:\GFM\inputs\exposure\ppp_2020_1km_Aggregated.tif
2026-08-04 06:39:06,914 - snakemake_workflow - rasterdataset - DEBUG - Clip to [-83.000, 23.000, -80.000, 25.000] (epsg:4326))
2026-08-04 06:39:07,412 - snakemake_workflow - rasterdataset - INFO - Reading population raster data from D:\GFM\inputs\exposure\ppp_2020_1km_Aggregated.tif
2026-08-04 06:39:07,428 - snakemake_workflow - rasterdataset - DEBUG - Clip to [-116.000, 30.000, -113.000, 32.000] (epsg:4326))
2026-08-04 06:39:07,841 - snakemake_workflow - rasterdataset - INFO - Reading population raster data from D:\GFM\inputs\exposure\ppp_2020_1km_Aggregated.tif
2026-08-04 06:39:07,859 - snakemake_workflow - rasterdataset - DEBUG - Clip to [-75.000, -44.000, -72.000, -42.000] (epsg:4326))
2026-08-04 06:39:08,623 - snakemake_workflow - rasterdataset - INFO - Reading population raster data from D:\GFM\inputs\exposure\ppp_2020_1km_Aggregated.tif
2026-08-04 06:39:08,639 - snakemake_workflow - rasterdataset - DEBUG - Clip to [-67.000, 49.000, -64.000, 51.000] (epsg:4326))
2026-08-04 06:39:09,228 - snakemake_workflow - rasterdataset - INFO - Reading population raster data from D:\GFM\inputs\exposure\ppp_2020_1km_Aggregated.tif
2026-08-04 06:39:09,254 - snakemake_workflow - rasterdataset - DEBUG - Clip to [-76.000, -48.000, -73.000, -46.000] (epsg:4326))
2026-08-04 06:39:10,367 - snakemake_workflow - rasterdataset - INFO - Reading population raster data from D:\GFM\inputs\exposure\ppp_2020_1km_Aggregated.tif
2026-08-04 06:39:10,373 - snakemake_workflow - rasterdataset - DEBUG - Clip to [-67.000, 43.000, -64.000, 45.000] (epsg:4326))
2026-08-04 06:39:11,267 - snakemake_workflow - rasterdataset - INFO - Reading population raster data from D:\GFM\inputs\exposure\ppp_2020_1km_Aggregated.tif
2026-08-04 06:39:11,282 - snakemake_workflow - rasterdataset - DEBUG - Clip to [-75.000, -43.000, -72.000, -41.000] (epsg:4326))
2026-08-04 06:39:11,585 - snakemake_workflow - rasterdataset - INFO - Reading population raster data from D:\GFM\inputs\exposure\ppp_2020_1km_Aggregated.tif
2026-08-04 06:39:11,617 - snakemake_workflow - rasterdataset - DEBUG - Clip to [-81.000, 21.000, -79.000, 24.000] (epsg:4326))
2026-08-04 06:39:12,796 - snakemake_workflow - rasterdataset - INFO - Reading population raster data from D:\GFM\inputs\exposure\ppp_2020_1km_Aggregated.tif
2026-08-04 06:39:12,815 - snakemake_workflow - rasterdataset - DEBUG - Clip to [-125.000, 45.000, -122.000, 49.000] (epsg:4326))
2026-08-04 06:39:13,622 - snakemake_workflow - rasterdataset - INFO - Reading population raster data from D:\GFM\inputs\exposure\ppp_2020_1km_Aggregated.tif
2026-08-04 06:39:13,701 - snakemake_workflow - rasterdataset - INFO - Reading population raster data from D:\GFM\inputs\exposure\ppp_2020_1km_Aggregated.tif
2026-08-04 06:39:13,724 - snakemake_workflow - rasterdataset - DEBUG - Clip to [-67.000, 47.000, -64.000, 49.000] (epsg:4326))
2026-08-04 06:39:13,730 - snakemake_workflow - rasterdataset - DEBUG - Clip to [-62.000, 45.000, -60.000, 48.000] (epsg:4326))
2026-08-04 06:39:14,135 - snakemake_workflow - rasterdataset - INFO - Reading population raster data from D:\GFM\inputs\exposure\ppp_2020_1km_Aggregated.tif
2026-08-04 06:39:14,161 - snakemake_workflow - rasterdataset - DEBUG - Clip to [-81.000, 7.000, -77.000, 10.000] (epsg:4326))
2026-08-04 06:39:14,223 - snakemake_workflow - rasterdataset - INFO - Reading population raster data from D:\GFM\inputs\exposure\ppp_2020_1km_Aggregated.tif
2026-08-04 06:39:14,414 - snakemake_workflow - rasterdataset - DEBUG - Clip to [-64.000, 8.000, -60.000, 11.000] (epsg:4326))
2026-08-04 06:39:15,405 - snakemake_workflow - rasterdataset - INFO - Reading population raster data from D:\GFM\inputs\exposure\ppp_2020_1km_Aggregated.tif
2026-08-04 06:39:15,432 - snakemake_workflow - rasterdataset - DEBUG - Clip to [-78.000, 18.000, -75.000, 21.000] (epsg:4326))
2026-08-04 06:39:16,462 - snakemake_workflow - rasterdataset - INFO - Reading population raster data from D:\GFM\inputs\exposure\ppp_2020_1km_Aggregated.tif
2026-08-04 06:39:16,488 - snakemake_workflow - rasterdataset - DEBUG - Clip to [-83.000, 26.000, -80.000, 30.000] (epsg:4326))
2026-08-04 06:39:17,017 - snakemake_workflow - rasterdataset - INFO - Reading population raster data from D:\GFM\inputs\exposure\ppp_2020_1km_Aggregated.tif
2026-08-04 06:39:17,041 - snakemake_workflow - rasterdataset - DEBUG - Clip to [-61.000, 45.000, -59.000, 48.000] (epsg:4326))
2026-08-04 06:39:17,901 - snakemake_workflow - rasterdataset - INFO - Reading population raster data from D:\GFM\inputs\exposure\ppp_2020_1km_Aggregated.tif
2026-08-04 06:39:17,928 - snakemake_workflow - rasterdataset - DEBUG - Clip to [-67.000, 48.000, -64.000, 50.000] (epsg:4326))
2026-08-04 06:39:18,351 - snakemake_workflow - rasterdataset - INFO - Reading population raster data from D:\GFM\inputs\exposure\ppp_2020_1km_Aggregated.tif
2026-08-04 06:39:18,379 - snakemake_workflow - rasterdataset - DEBUG - Clip to [-76.000, -47.000, -73.000, -45.000] (epsg:4326))
2026-08-04 06:39:19,265 - snakemake_workflow - rasterdataset - INFO - Reading population raster data from D:\GFM\inputs\exposure\ppp_2020_1km_Aggregated.tif
2026-08-04 06:39:19,302 - snakemake_workflow - rasterdataset - DEBUG - Clip to [-130.000, 52.000, -128.000, 55.000] (epsg:4326))
2026-08-04 06:39:20,266 - snakemake_workflow - rasterdataset - INFO - Reading population raster data from D:\GFM\inputs\exposure\ppp_2020_1km_Aggregated.tif
2026-08-04 06:39:20,290 - snakemake_workflow - rasterdataset - DEBUG - Clip to [-59.000, 49.000, -55.000, 52.000] (epsg:4326))
2026-08-04 06:39:21,008 - snakemake_workflow - rasterdataset - INFO - Reading population raster data from D:\GFM\inputs\exposure\ppp_2020_1km_Aggregated.tif
2026-08-04 06:39:21,028 - snakemake_workflow - rasterdataset - DEBUG - Clip to [-62.000, -5.000, -60.000, -2.000] (epsg:4326))
2026-08-04 06:39:21,773 - snakemake_workflow - rasterdataset - INFO - Reading population raster data from D:\GFM\inputs\exposure\ppp_2020_1km_Aggregated.tif
2026-08-04 06:39:21,789 - snakemake_workflow - rasterdataset - DEBUG - Clip to [-78.000, 20.000, -75.000, 22.000] (epsg:4326))
2026-08-04 06:39:25,606 - snakemake_workflow - rasterdataset - INFO - Reading population raster data from D:\GFM\inputs\exposure\ppp_2020_1km_Aggregated.tif
2026-08-04 06:39:25,622 - snakemake_workflow - rasterdataset - DEBUG - Clip to [-84.000, 21.000, -80.000, 24.000] (epsg:4326))
2026-08-04 06:39:25,972 - snakemake_workflow - rasterdataset - INFO - Reading population raster data from D:\GFM\inputs\exposure\ppp_2020_1km_Aggregated.tif
2026-08-04 06:39:25,998 - snakemake_workflow - rasterdataset - DEBUG - Clip to [-134.000, 55.000, -131.000, 57.000] (epsg:4326))
2026-08-04 06:39:26,751 - snakemake_workflow - rasterdataset - INFO - Reading population raster data from D:\GFM\inputs\exposure\ppp_2020_1km_Aggregated.tif
2026-08-04 06:39:26,783 - snakemake_workflow - rasterdataset - INFO - Reading population raster data from D:\GFM\inputs\exposure\ppp_2020_1km_Aggregated.tif
2026-08-04 06:39:26,783 - snakemake_workflow - rasterdataset - DEBUG - Clip to [-125.000, 48.000, -122.000, 50.000] (epsg:4326))
2026-08-04 06:39:26,989 - snakemake_workflow - rasterdataset - INFO - Reading population raster data from D:\GFM\inputs\exposure\ppp_2020_1km_Aggregated.tif
2026-08-04 06:39:27,005 - snakemake_workflow - rasterdataset - DEBUG - Clip to [-76.000, -46.000, -73.000, -44.000] (epsg:4326))
2026-08-04 06:39:27,149 - snakemake_workflow - rasterdataset - DEBUG - Clip to [-78.000, 7.000, -76.000, 10.000] (epsg:4326))
2026-08-04 06:39:27,673 - snakemake_workflow - rasterdataset - INFO - Reading population raster data from D:\GFM\inputs\exposure\ppp_2020_1km_Aggregated.tif
2026-08-04 06:39:27,705 - snakemake_workflow - rasterdataset - DEBUG - Clip to [-73.000, 61.000, -71.000, 64.000] (epsg:4326))
2026-08-04 06:39:29,551 - snakemake_workflow - rasterdataset - INFO - Reading population raster data from D:\GFM\inputs\exposure\ppp_2020_1km_Aggregated.tif
2026-08-04 06:39:29,582 - snakemake_workflow - rasterdataset - DEBUG - Clip to [-80.000, 58.000, -77.000, 60.000] (epsg:4326))
2026-08-04 06:39:30,426 - snakemake_workflow - rasterdataset - INFO - Reading population raster data from D:\GFM\inputs\exposure\ppp_2020_1km_Aggregated.tif
2026-08-04 06:39:30,453 - snakemake_workflow - rasterdataset - DEBUG - Clip to [-83.000, 7.000, -80.000, 10.000] (epsg:4326))
2026-08-04 06:39:31,065 - snakemake_workflow - rasterdataset - INFO - Reading population raster data from D:\GFM\inputs\exposure\ppp_2020_1km_Aggregated.tif
2026-08-04 06:39:31,088 - snakemake_workflow - rasterdataset - DEBUG - Clip to [-78.000, 35.000, -75.000, 39.000] (epsg:4326))
2026-08-04 06:39:31,463 - snakemake_workflow - rasterdataset - INFO - Reading population raster data from D:\GFM\inputs\exposure\ppp_2020_1km_Aggregated.tif
2026-08-04 06:39:31,606 - snakemake_workflow - rasterdataset - INFO - Reading population raster data from D:\GFM\inputs\exposure\ppp_2020_1km_Aggregated.tif
2026-08-04 06:39:31,691 - snakemake_workflow - rasterdataset - DEBUG - Clip to [-128.000, 49.000, -124.000, 52.000] (epsg:4326))
2026-08-04 06:39:31,701 - snakemake_workflow - rasterdataset - DEBUG - Clip to [-67.000, 61.000, -64.000, 64.000] (epsg:4326))
2026-08-04 06:39:31,830 - snakemake_workflow - rasterdataset - INFO - Reading population raster data from D:\GFM\inputs\exposure\ppp_2020_1km_Aggregated.tif
2026-08-04 06:39:31,860 - snakemake_workflow - rasterdataset - DEBUG - Clip to [-72.000, 60.000, -69.000, 64.000] (epsg:4326))
2026-08-04 06:39:32,309 - snakemake_workflow - rasterdataset - INFO - Reading population raster data from D:\GFM\inputs\exposure\ppp_2020_1km_Aggregated.tif
2026-08-04 06:39:32,321 - snakemake_workflow - rasterdataset - DEBUG - Clip to [-91.000, 63.000, -87.000, 66.000] (epsg:4326))
2026-08-04 06:39:33,899 - snakemake_workflow - rasterdataset - INFO - Reading population raster data from D:\GFM\inputs\exposure\ppp_2020_1km_Aggregated.tif
2026-08-04 06:39:33,923 - snakemake_workflow - rasterdataset - DEBUG - Clip to [-64.000, 65.000, -62.000, 68.000] (epsg:4326))
2026-08-04 06:39:34,052 - snakemake_workflow - rasterdataset - INFO - Reading population raster data from D:\GFM\inputs\exposure\ppp_2020_1km_Aggregated.tif
2026-08-04 06:39:34,070 - snakemake_workflow - rasterdataset - DEBUG - Clip to [-82.000, 51.000, -78.000, 54.000] (epsg:4326))
2026-08-04 06:39:34,458 - snakemake_workflow - rasterdataset - INFO - Reading population raster data from D:\GFM\inputs\exposure\ppp_2020_1km_Aggregated.tif
2026-08-04 06:39:34,595 - snakemake_workflow - rasterdataset - DEBUG - Clip to [-158.000, 57.000, -154.000, 60.000] (epsg:4326))
2026-08-04 06:39:35,834 - snakemake_workflow - rasterdataset - INFO - Reading population raster data from D:\GFM\inputs\exposure\ppp_2020_1km_Aggregated.tif
2026-08-04 06:39:35,850 - snakemake_workflow - rasterdataset - DEBUG - Clip to [-155.000, 57.000, -153.000, 60.000] (epsg:4326))
2026-08-04 06:39:39,113 - snakemake_workflow - rasterdataset - INFO - Reading population raster data from D:\GFM\inputs\exposure\ppp_2020_1km_Aggregated.tif
2026-08-04 06:39:39,127 - snakemake_workflow - rasterdataset - DEBUG - Clip to [-79.000, 62.000, -76.000, 66.000] (epsg:4326))
2026-08-04 06:39:40,027 - snakemake_workflow - rasterdataset - INFO - Reading population raster data from D:\GFM\inputs\exposure\ppp_2020_1km_Aggregated.tif
2026-08-04 06:39:40,066 - snakemake_workflow - rasterdataset - DEBUG - Clip to [-163.000, 58.000, -159.000, 60.000] (epsg:4326))
2026-08-04 06:39:40,744 - snakemake_workflow - rasterdataset - INFO - Reading population raster data from D:\GFM\inputs\exposure\ppp_2020_1km_Aggregated.tif
2026-08-04 06:39:40,784 - snakemake_workflow - rasterdataset - DEBUG - Clip to [-101.000, 67.000, -98.000, 70.000] (epsg:4326))
2026-08-04 06:39:40,791 - snakemake_workflow - rasterdataset - INFO - Reading population raster data from D:\GFM\inputs\exposure\ppp_2020_1km_Aggregated.tif
2026-08-04 06:39:40,820 - snakemake_workflow - rasterdataset - DEBUG - Clip to [-154.000, 57.000, -152.000, 60.000] (epsg:4326))
2026-08-04 06:39:41,953 - snakemake_workflow - rasterdataset - INFO - Reading population raster data from D:\GFM\inputs\exposure\ppp_2020_1km_Aggregated.tif
2026-08-04 06:39:41,991 - snakemake_workflow - rasterdataset - DEBUG - Clip to [-134.000, 53.000, -132.000, 56.000] (epsg:4326))
2026-08-04 06:39:43,456 - snakemake_workflow - rasterdataset - INFO - Reading population raster data from D:\GFM\inputs\exposure\ppp_2020_1km_Aggregated.tif
2026-08-04 06:39:43,481 - snakemake_workflow - rasterdataset - DEBUG - Clip to [-99.000, 67.000, -95.000, 70.000] (epsg:4326))
2026-08-04 06:39:43,613 - snakemake_workflow - rasterdataset - INFO - Reading population raster data from D:\GFM\inputs\exposure\ppp_2020_1km_Aggregated.tif
2026-08-04 06:39:43,641 - snakemake_workflow - rasterdataset - DEBUG - Clip to [-87.000, 63.000, -86.000, 66.000] (epsg:4326))
2026-08-04 06:39:43,647 - snakemake_workflow - rasterdataset - INFO - Reading population raster data from D:\GFM\inputs\exposure\ppp_2020_1km_Aggregated.tif
2026-08-04 06:39:43,674 - snakemake_workflow - rasterdataset - DEBUG - Clip to [-150.000, 59.000, -146.000, 62.000] (epsg:4326))
2026-08-04 06:39:43,916 - snakemake_workflow - rasterdataset - INFO - Reading population raster data from D:\GFM\inputs\exposure\ppp_2020_1km_Aggregated.tif
2026-08-04 06:39:43,933 - snakemake_workflow - rasterdataset - INFO - Reading population raster data from D:\GFM\inputs\exposure\ppp_2020_1km_Aggregated.tif
2026-08-04 06:39:43,935 - snakemake_workflow - rasterdataset - DEBUG - Clip to [-107.000, 75.000, -105.000, 78.000] (epsg:4326))
2026-08-04 06:39:43,994 - snakemake_workflow - rasterdataset - DEBUG - Clip to [-159.000, 56.000, -156.000, 58.000] (epsg:4326))
2026-08-04 06:39:45,429 - snakemake_workflow - rasterdataset - INFO - Reading population raster data from D:\GFM\inputs\exposure\ppp_2020_1km_Aggregated.tif
2026-08-04 06:39:45,452 - snakemake_workflow - rasterdataset - INFO - Reading population raster data from D:\GFM\inputs\exposure\ppp_2020_1km_Aggregated.tif
2026-08-04 06:39:45,452 - snakemake_workflow - rasterdataset - DEBUG - Clip to [-79.000, 75.000, -78.000, 78.000] (epsg:4326))
2026-08-04 06:39:45,472 - snakemake_workflow - rasterdataset - DEBUG - Clip to [-101.000, 79.000, -98.000, 81.000] (epsg:4326))
2026-08-04 06:39:46,587 - snakemake_workflow - rasterdataset - INFO - Reading population raster data from D:\GFM\inputs\exposure\ppp_2020_1km_Aggregated.tif
2026-08-04 06:39:46,603 - snakemake_workflow - rasterdataset - DEBUG - Clip to [-78.000, 67.000, -74.000, 68.000] (epsg:4326))
2026-08-04 06:39:46,603 - snakemake_workflow - rasterdataset - INFO - Reading population raster data from D:\GFM\inputs\exposure\ppp_2020_1km_Aggregated.tif
2026-08-04 06:39:46,631 - snakemake_workflow - rasterdataset - DEBUG - Clip to [-77.000, 68.000, -74.000, 70.000] (epsg:4326))
2026-08-04 06:39:46,637 - snakemake_workflow - rasterdataset - INFO - Reading population raster data from D:\GFM\inputs\exposure\ppp_2020_1km_Aggregated.tif
2026-08-04 06:39:46,659 - snakemake_workflow - rasterdataset - DEBUG - Clip to [-123.000, 74.000, -120.000, 77.000] (epsg:4326))
2026-08-04 06:39:46,725 - snakemake_workflow - rasterdataset - INFO - Reading population raster data from D:\GFM\inputs\exposure\ppp_2020_1km_Aggregated.tif
2026-08-04 06:39:46,725 - snakemake_workflow - rasterdataset - INFO - Reading population raster data from D:\GFM\inputs\exposure\ppp_2020_1km_Aggregated.tif
2026-08-04 06:39:46,757 - snakemake_workflow - rasterdataset - DEBUG - Clip to [-109.000, 72.000, -106.000, 76.000] (epsg:4326))
2026-08-04 06:39:46,757 - snakemake_workflow - rasterdataset - DEBUG - Clip to [-73.000, 76.000, -70.000, 80.000] (epsg:4326))
2026-08-04 06:39:47,270 - snakemake_workflow - rasterdataset - INFO - Reading population raster data from D:\GFM\inputs\exposure\ppp_2020_1km_Aggregated.tif
2026-08-04 06:39:47,307 - snakemake_workflow - rasterdataset - DEBUG - Clip to [-167.000, 59.000, -165.000, 62.000] (epsg:4326))
2026-08-04 06:39:47,557 - snakemake_workflow - rasterdataset - INFO - Reading population raster data from D:\GFM\inputs\exposure\ppp_2020_1km_Aggregated.tif
2026-08-04 06:39:47,582 - snakemake_workflow - rasterdataset - DEBUG - Clip to [-70.000, 76.000, -68.000, 79.000] (epsg:4326))
2026-08-04 06:39:48,291 - snakemake_workflow - rasterdataset - INFO - Reading population raster data from D:\GFM\inputs\exposure\ppp_2020_1km_Aggregated.tif
2026-08-04 06:39:48,318 - snakemake_workflow - rasterdataset - DEBUG - Clip to [-84.000, 62.000, -80.000, 65.000] (epsg:4326))
2026-08-04 06:39:48,996 - snakemake_workflow - rasterdataset - INFO - Reading population raster data from D:\GFM\inputs\exposure\ppp_2020_1km_Aggregated.tif
2026-08-04 06:39:49,047 - snakemake_workflow - rasterdataset - DEBUG - Clip to [-109.000, 76.000, -105.000, 77.000] (epsg:4326))
2026-08-04 06:39:50,701 - snakemake_workflow - rasterdataset - INFO - Reading population raster data from D:\GFM\inputs\exposure\ppp_2020_1km_Aggregated.tif
2026-08-04 06:39:50,727 - snakemake_workflow - rasterdataset - DEBUG - Clip to [-118.000, 68.000, -116.000, 70.000] (epsg:4326))
2026-08-04 06:39:50,731 - snakemake_workflow - rasterdataset - INFO - Reading population raster data from D:\GFM\inputs\exposure\ppp_2020_1km_Aggregated.tif
2026-08-04 06:39:50,751 - snakemake_workflow - rasterdataset - DEBUG - Clip to [-166.000, 67.000, -163.000, 69.000] (epsg:4326))
2026-08-04 06:39:51,210 - snakemake_workflow - rasterdataset - INFO - Reading population raster data from D:\GFM\inputs\exposure\ppp_2020_1km_Aggregated.tif
2026-08-04 06:39:51,232 - snakemake_workflow - rasterdataset - DEBUG - Clip to [-70.000, 80.000, -68.000, 83.000] (epsg:4326))
2026-08-04 06:39:51,951 - snakemake_workflow - rasterdataset - INFO - Reading population raster data from D:\GFM\inputs\exposure\ppp_2020_1km_Aggregated.tif
2026-08-04 06:39:51,979 - snakemake_workflow - rasterdataset - DEBUG - Clip to [-161.000, 61.000, -159.000, 64.000] (epsg:4326))
2026-08-04 06:39:52,558 - snakemake_workflow - rasterdataset - INFO - Reading population raster data from D:\GFM\inputs\exposure\ppp_2020_1km_Aggregated.tif
2026-08-04 06:39:52,597 - snakemake_workflow - rasterdataset - DEBUG - Clip to [-152.000, 59.000, -149.000, 62.000] (epsg:4326))
2026-08-04 06:39:53,561 - snakemake_workflow - rasterdataset - INFO - Reading population raster data from D:\GFM\inputs\exposure\ppp_2020_1km_Aggregated.tif
2026-08-04 06:39:53,604 - snakemake_workflow - rasterdataset - DEBUG - Clip to [-73.000, 79.000, -70.000, 81.000] (epsg:4326))
2026-08-04 06:39:54,056 - snakemake_workflow - rasterdataset - INFO - Reading population raster data from D:\GFM\inputs\exposure\ppp_2020_1km_Aggregated.tif
2026-08-04 06:39:54,087 - snakemake_workflow - rasterdataset - DEBUG - Clip to [-136.000, 67.000, -132.000, 70.000] (epsg:4326))
2026-08-04 06:39:54,695 - snakemake_workflow - rasterdataset - INFO - Reading population raster data from D:\GFM\inputs\exposure\ppp_2020_1km_Aggregated.tif
2026-08-04 06:39:54,735 - snakemake_workflow - rasterdataset - DEBUG - Clip to [-167.000, 64.000, -165.000, 67.000] (epsg:4326))
2026-08-04 06:39:54,850 - snakemake_workflow - rasterdataset - INFO - Reading population raster data from D:\GFM\inputs\exposure\ppp_2020_1km_Aggregated.tif
2026-08-04 06:39:54,887 - snakemake_workflow - rasterdataset - DEBUG - Clip to [-65.000, 80.000, -63.000, 83.000] (epsg:4326))
2026-08-04 06:39:55,449 - snakemake_workflow - rasterdataset - INFO - Reading population raster data from D:\GFM\inputs\exposure\ppp_2020_1km_Aggregated.tif
2026-08-04 06:39:55,487 - snakemake_workflow - rasterdataset - DEBUG - Clip to [-96.000, 67.000, -94.000, 70.000] (epsg:4326))
2026-08-04 06:39:56,106 - snakemake_workflow - rasterdataset - INFO - Reading population raster data from D:\GFM\inputs\exposure\ppp_2020_1km_Aggregated.tif
2026-08-04 06:39:56,144 - snakemake_workflow - rasterdataset - DEBUG - Clip to [-71.000, 76.000, -69.000, 79.000] (epsg:4326))
2026-08-04 06:39:56,943 - snakemake_workflow - rasterdataset - INFO - Reading population raster data from D:\GFM\inputs\exposure\ppp_2020_1km_Aggregated.tif
2026-08-04 06:39:56,978 - snakemake_workflow - rasterdataset - DEBUG - Clip to [-54.000, 65.000, -51.000, 67.000] (epsg:4326))
2026-08-04 06:39:57,063 - snakemake_workflow - rasterdataset - INFO - Reading population raster data from D:\GFM\inputs\exposure\ppp_2020_1km_Aggregated.tif
2026-08-04 06:39:57,103 - snakemake_workflow - rasterdataset - DEBUG - Clip to [138.000, -9.000, 141.000, -6.000] (epsg:4326))
2026-08-04 06:39:57,736 - snakemake_workflow - rasterdataset - INFO - Reading population raster data from D:\GFM\inputs\exposure\ppp_2020_1km_Aggregated.tif
2026-08-04 06:39:57,752 - snakemake_workflow - rasterdataset - DEBUG - Clip to [-56.000, 70.000, -53.000, 72.000] (epsg:4326))
2026-08-04 06:39:58,004 - snakemake_workflow - rasterdataset - INFO - Reading population raster data from D:\GFM\inputs\exposure\ppp_2020_1km_Aggregated.tif
2026-08-04 06:39:58,036 - snakemake_workflow - rasterdataset - DEBUG - Clip to [125.000, -4.000, 128.000, -1.000] (epsg:4326))
2026-08-04 06:39:58,369 - snakemake_workflow - rasterdataset - INFO - Reading population raster data from D:\GFM\inputs\exposure\ppp_2020_1km_Aggregated.tif
2026-08-04 06:39:58,405 - snakemake_workflow - rasterdataset - DEBUG - Clip to [112.000, -9.000, 116.000, -6.000] (epsg:4326))
2026-08-04 06:39:58,959 - snakemake_workflow - rasterdataset - INFO - Reading population raster data from D:\GFM\inputs\exposure\ppp_2020_1km_Aggregated.tif
2026-08-04 06:39:59,046 - snakemake_workflow - rasterdataset - DEBUG - Clip to [-159.000, 57.000, -157.000, 60.000] (epsg:4326))
2026-08-04 06:39:59,916 - snakemake_workflow - rasterdataset - INFO - Reading population raster data from D:\GFM\inputs\exposure\ppp_2020_1km_Aggregated.tif
2026-08-04 06:39:59,948 - snakemake_workflow - rasterdataset - DEBUG - Clip to [-96.000, 80.000, -93.000, 82.000] (epsg:4326))
2026-08-04 06:40:01,551 - snakemake_workflow - rasterdataset - INFO - Reading population raster data from D:\GFM\inputs\exposure\ppp_2020_1km_Aggregated.tif
2026-08-04 06:40:01,571 - snakemake_workflow - rasterdataset - DEBUG - Clip to [-29.000, 70.000, -27.000, 73.000] (epsg:4326))
2026-08-04 06:40:01,571 - snakemake_workflow - rasterdataset - INFO - Reading population raster data from D:\GFM\inputs\exposure\ppp_2020_1km_Aggregated.tif
2026-08-04 06:40:01,612 - snakemake_workflow - rasterdataset - DEBUG - Clip to [-23.000, 73.000, -20.000, 75.000] (epsg:4326))
2026-08-04 06:40:01,614 - snakemake_workflow - rasterdataset - INFO - Reading population raster data from D:\GFM\inputs\exposure\ppp_2020_1km_Aggregated.tif
2026-08-04 06:40:01,624 - snakemake_workflow - rasterdataset - INFO - Reading population raster data from D:\GFM\inputs\exposure\ppp_2020_1km_Aggregated.tif
2026-08-04 06:40:01,634 - snakemake_workflow - rasterdataset - DEBUG - Clip to [-25.000, 80.000, -22.000, 83.000] (epsg:4326))
2026-08-04 06:40:01,650 - snakemake_workflow - rasterdataset - DEBUG - Clip to [-56.000, 72.000, -52.000, 73.000] (epsg:4326))
2026-08-04 06:40:01,698 - snakemake_workflow - rasterdataset - INFO - Reading population raster data from D:\GFM\inputs\exposure\ppp_2020_1km_Aggregated.tif
2026-08-04 06:40:01,809 - snakemake_workflow - rasterdataset - DEBUG - Clip to [115.000, 4.000, 119.000, 7.000] (epsg:4326))
2026-08-04 06:40:02,049 - snakemake_workflow - rasterdataset - INFO - Reading population raster data from D:\GFM\inputs\exposure\ppp_2020_1km_Aggregated.tif
2026-08-04 06:40:02,160 - snakemake_workflow - rasterdataset - DEBUG - Clip to [102.000, -6.000, 106.000, -3.000] (epsg:4326))
2026-08-04 06:40:03,975 - snakemake_workflow - rasterdataset - INFO - Reading population raster data from D:\GFM\inputs\exposure\ppp_2020_1km_Aggregated.tif
2026-08-04 06:40:03,991 - snakemake_workflow - rasterdataset - DEBUG - Clip to [151.000, -11.000, 153.000, -8.000] (epsg:4326))
2026-08-04 06:40:04,918 - snakemake_workflow - rasterdataset - INFO - Reading population raster data from D:\GFM\inputs\exposure\ppp_2020_1km_Aggregated.tif
2026-08-04 06:40:04,950 - snakemake_workflow - rasterdataset - DEBUG - Clip to [103.000, -2.000, 107.000, -1.000] (epsg:4326))
2026-08-04 06:40:05,731 - snakemake_workflow - rasterdataset - INFO - Reading population raster data from D:\GFM\inputs\exposure\ppp_2020_1km_Aggregated.tif
2026-08-04 06:40:05,747 - snakemake_workflow - rasterdataset - DEBUG - Clip to [-55.000, 69.000, -53.000, 71.000] (epsg:4326))
2026-08-04 06:40:07,369 - snakemake_workflow - rasterdataset - INFO - Reading population raster data from D:\GFM\inputs\exposure\ppp_2020_1km_Aggregated.tif
2026-08-04 06:40:07,408 - snakemake_workflow - rasterdataset - DEBUG - Clip to [120.000, 14.000, 123.000, 16.000] (epsg:4326))
2026-08-04 06:40:07,496 - snakemake_workflow - rasterdataset - INFO - Reading population raster data from D:\GFM\inputs\exposure\ppp_2020_1km_Aggregated.tif
2026-08-04 06:40:07,671 - snakemake_workflow - rasterdataset - DEBUG - Clip to [138.000, -7.000, 141.000, -5.000] (epsg:4326))
2026-08-04 06:40:07,862 - snakemake_workflow - rasterdataset - INFO - Reading population raster data from D:\GFM\inputs\exposure\ppp_2020_1km_Aggregated.tif
2026-08-04 06:40:07,878 - snakemake_workflow - rasterdataset - DEBUG - Clip to [135.000, -36.000, 139.000, -33.000] (epsg:4326))
2026-08-04 06:40:09,218 - snakemake_workflow - rasterdataset - INFO - Reading population raster data from D:\GFM\inputs\exposure\ppp_2020_1km_Aggregated.tif
2026-08-04 06:40:09,240 - snakemake_workflow - rasterdataset - DEBUG - Clip to [106.000, 2.000, 109.000, 4.000] (epsg:4326))
2026-08-04 06:40:09,905 - snakemake_workflow - rasterdataset - INFO - Reading population raster data from D:\GFM\inputs\exposure\ppp_2020_1km_Aggregated.tif
2026-08-04 06:40:09,925 - snakemake_workflow - rasterdataset - DEBUG - Clip to [-136.000, 66.000, -133.000, 68.000] (epsg:4326))
2026-08-04 06:40:10,127 - snakemake_workflow - rasterdataset - INFO - Reading population raster data from D:\GFM\inputs\exposure\ppp_2020_1km_Aggregated.tif
2026-08-04 06:40:10,254 - snakemake_workflow - rasterdataset - DEBUG - Clip to [114.000, -5.000, 117.000, -1.000] (epsg:4326))
2026-08-04 06:40:11,653 - snakemake_workflow - rasterdataset - INFO - Reading population raster data from D:\GFM\inputs\exposure\ppp_2020_1km_Aggregated.tif
2026-08-04 06:40:11,695 - snakemake_workflow - rasterdataset - DEBUG - Clip to [101.000, 2.000, 104.000, 4.000] (epsg:4326))
2026-08-04 06:40:12,119 - snakemake_workflow - rasterdataset - INFO - Reading population raster data from D:\GFM\inputs\exposure\ppp_2020_1km_Aggregated.tif
2026-08-04 06:40:12,149 - snakemake_workflow - rasterdataset - DEBUG - Clip to [147.000, -11.000, 151.000, -8.000] (epsg:4326))
2026-08-04 06:40:13,253 - snakemake_workflow - rasterdataset - INFO - Reading population raster data from D:\GFM\inputs\exposure\ppp_2020_1km_Aggregated.tif
2026-08-04 06:40:13,269 - snakemake_workflow - rasterdataset - DEBUG - Clip to [104.000, -2.000, 106.000, 0.000] (epsg:4326))
2026-08-04 06:40:13,776 - snakemake_workflow - rasterdataset - INFO - Reading population raster data from D:\GFM\inputs\exposure\ppp_2020_1km_Aggregated.tif
2026-08-04 06:40:13,811 - snakemake_workflow - rasterdataset - DEBUG - Clip to [97.000, 1.000, 99.000, 2.000] (epsg:4326))
2026-08-04 06:40:14,379 - snakemake_workflow - rasterdataset - INFO - Reading population raster data from D:\GFM\inputs\exposure\ppp_2020_1km_Aggregated.tif
2026-08-04 06:40:14,411 - snakemake_workflow - rasterdataset - DEBUG - Clip to [105.000, -8.000, 109.000, -5.000] (epsg:4326))
2026-08-04 06:40:14,882 - snakemake_workflow - rasterdataset - INFO - Reading population raster data from D:\GFM\inputs\exposure\ppp_2020_1km_Aggregated.tif
2026-08-04 06:40:14,904 - snakemake_workflow - rasterdataset - DEBUG - Clip to [102.000, -2.000, 104.000, 0.000] (epsg:4326))
2026-08-04 06:40:15,080 - snakemake_workflow - rasterdataset - INFO - Reading population raster data from D:\GFM\inputs\exposure\ppp_2020_1km_Aggregated.tif
2026-08-04 06:40:15,105 - snakemake_workflow - rasterdataset - DEBUG - Clip to [98.000, 1.000, 101.000, 4.000] (epsg:4326))
2026-08-04 06:40:15,592 - snakemake_workflow - rasterdataset - INFO - Reading population raster data from D:\GFM\inputs\exposure\ppp_2020_1km_Aggregated.tif
2026-08-04 06:40:15,612 - snakemake_workflow - rasterdataset - DEBUG - Clip to [103.000, -4.000, 106.000, -2.000] (epsg:4326))
2026-08-04 06:40:15,811 - snakemake_workflow - rasterdataset - INFO - Reading population raster data from D:\GFM\inputs\exposure\ppp_2020_1km_Aggregated.tif
2026-08-04 06:40:15,847 - snakemake_workflow - rasterdataset - DEBUG - Clip to [120.000, 16.000, 123.000, 18.000] (epsg:4326))
2026-08-04 06:40:17,996 - snakemake_workflow - rasterdataset - INFO - Reading population raster data from D:\GFM\inputs\exposure\ppp_2020_1km_Aggregated.tif
2026-08-04 06:40:18,009 - snakemake_workflow - rasterdataset - DEBUG - Clip to [97.000, 8.000, 100.000, 12.000] (epsg:4326))
2026-08-04 06:40:19,014 - snakemake_workflow - rasterdataset - INFO - Reading population raster data from D:\GFM\inputs\exposure\ppp_2020_1km_Aggregated.tif
2026-08-04 06:40:19,144 - snakemake_workflow - rasterdataset - DEBUG - Clip to [120.000, 0.000, 123.000, 2.000] (epsg:4326))
2026-08-04 06:40:20,452 - snakemake_workflow - rasterdataset - INFO - Reading population raster data from D:\GFM\inputs\exposure\ppp_2020_1km_Aggregated.tif
2026-08-04 06:40:20,463 - snakemake_workflow - rasterdataset - DEBUG - Clip to [106.000, 0.000, 110.000, 3.000] (epsg:4326))
2026-08-04 06:40:21,200 - snakemake_workflow - rasterdataset - INFO - Reading population raster data from D:\GFM\inputs\exposure\ppp_2020_1km_Aggregated.tif
2026-08-04 06:40:21,222 - snakemake_workflow - rasterdataset - DEBUG - Clip to [150.000, -11.000, 152.000, -8.000] (epsg:4326))
2026-08-04 06:40:22,071 - snakemake_workflow - rasterdataset - INFO - Reading population raster data from D:\GFM\inputs\exposure\ppp_2020_1km_Aggregated.tif
2026-08-04 06:40:22,102 - snakemake_workflow - rasterdataset - DEBUG - Clip to [97.000, -1.000, 100.000, 2.000] (epsg:4326))
2026-08-04 06:40:22,250 - snakemake_workflow - rasterdataset - INFO - Reading population raster data from D:\GFM\inputs\exposure\ppp_2020_1km_Aggregated.tif
2026-08-04 06:40:22,284 - snakemake_workflow - rasterdataset - INFO - Reading population raster data from D:\GFM\inputs\exposure\ppp_2020_1km_Aggregated.tif
2026-08-04 06:40:22,291 - snakemake_workflow - rasterdataset - DEBUG - Clip to [120.000, 15.000, 123.000, 17.000] (epsg:4326))
2026-08-04 06:40:22,323 - snakemake_workflow - rasterdataset - DEBUG - Clip to [111.000, 21.000, 115.000, 24.000] (epsg:4326))
2026-08-04 06:40:23,607 - snakemake_workflow - rasterdataset - INFO - Reading population raster data from D:\GFM\inputs\exposure\ppp_2020_1km_Aggregated.tif
2026-08-04 06:40:23,659 - snakemake_workflow - rasterdataset - DEBUG - Clip to [112.000, -4.000, 115.000, -1.000] (epsg:4326))
2026-08-04 06:40:23,871 - snakemake_workflow - rasterdataset - INFO - Reading population raster data from D:\GFM\inputs\exposure\ppp_2020_1km_Aggregated.tif
2026-08-04 06:40:23,917 - snakemake_workflow - rasterdataset - DEBUG - Clip to [115.000, 37.000, 117.000, 40.000] (epsg:4326))
2026-08-04 06:40:24,171 - snakemake_workflow - rasterdataset - INFO - Reading population raster data from D:\GFM\inputs\exposure\ppp_2020_1km_Aggregated.tif
2026-08-04 06:40:24,274 - snakemake_workflow - rasterdataset - DEBUG - Clip to [131.000, 32.000, 133.000, 35.000] (epsg:4326))
2026-08-04 06:40:24,353 - snakemake_workflow - rasterdataset - INFO - Reading population raster data from D:\GFM\inputs\exposure\ppp_2020_1km_Aggregated.tif
2026-08-04 06:40:24,502 - snakemake_workflow - rasterdataset - DEBUG - Clip to [116.000, 6.000, 119.000, 8.000] (epsg:4326))
2026-08-04 06:40:27,501 - snakemake_workflow - rasterdataset - INFO - Reading population raster data from D:\GFM\inputs\exposure\ppp_2020_1km_Aggregated.tif
2026-08-04 06:40:27,550 - snakemake_workflow - rasterdataset - DEBUG - Clip to [116.000, 7.000, 119.000, 9.000] (epsg:4326))
2026-08-04 06:40:27,653 - snakemake_workflow - rasterdataset - INFO - Reading population raster data from D:\GFM\inputs\exposure\ppp_2020_1km_Aggregated.tif
2026-08-04 06:40:27,687 - snakemake_workflow - rasterdataset - DEBUG - Clip to [105.000, -4.000, 107.000, -2.000] (epsg:4326))
2026-08-04 06:40:27,689 - snakemake_workflow - rasterdataset - INFO - Reading population raster data from D:\GFM\inputs\exposure\ppp_2020_1km_Aggregated.tif
2026-08-04 06:40:27,720 - snakemake_workflow - rasterdataset - DEBUG - Clip to [120.000, 17.000, 123.000, 19.000] (epsg:4326))
2026-08-04 06:40:28,641 - snakemake_workflow - rasterdataset - INFO - Reading population raster data from D:\GFM\inputs\exposure\ppp_2020_1km_Aggregated.tif
2026-08-04 06:40:28,673 - snakemake_workflow - rasterdataset - DEBUG - Clip to [132.000, 32.000, 134.000, 35.000] (epsg:4326))
2026-08-04 06:40:29,862 - snakemake_workflow - rasterdataset - INFO - Reading population raster data from D:\GFM\inputs\exposure\ppp_2020_1km_Aggregated.tif
2026-08-04 06:40:29,882 - snakemake_workflow - rasterdataset - DEBUG - Clip to [100.000, 12.000, 102.000, 15.000] (epsg:4326))
2026-08-04 06:40:30,006 - snakemake_workflow - rasterdataset - INFO - Reading population raster data from D:\GFM\inputs\exposure\ppp_2020_1km_Aggregated.tif
2026-08-04 06:40:30,137 - snakemake_workflow - rasterdataset - DEBUG - Clip to [135.000, 33.000, 137.000, 36.000] (epsg:4326))
2026-08-04 06:40:30,237 - snakemake_workflow - rasterdataset - INFO - Reading population raster data from D:\GFM\inputs\exposure\ppp_2020_1km_Aggregated.tif
2026-08-04 06:40:30,265 - snakemake_workflow - rasterdataset - DEBUG - Clip to [70.000, 20.000, 74.000, 23.000] (epsg:4326))
2026-08-04 06:40:30,792 - snakemake_workflow - rasterdataset - INFO - Reading population raster data from D:\GFM\inputs\exposure\ppp_2020_1km_Aggregated.tif
2026-08-04 06:40:30,903 - snakemake_workflow - rasterdataset - DEBUG - Clip to [124.000, 5.000, 127.000, 7.000] (epsg:4326))
2026-08-04 06:40:31,412 - snakemake_workflow - rasterdataset - INFO - Reading population raster data from D:\GFM\inputs\exposure\ppp_2020_1km_Aggregated.tif
2026-08-04 06:40:31,436 - snakemake_workflow - rasterdataset - DEBUG - Clip to [69.000, 23.000, 72.000, 25.000] (epsg:4326))
2026-08-04 06:40:31,881 - snakemake_workflow - rasterdataset - INFO - Reading population raster data from D:\GFM\inputs\exposure\ppp_2020_1km_Aggregated.tif
2026-08-04 06:40:31,891 - snakemake_workflow - rasterdataset - DEBUG - Clip to [125.000, 34.000, 128.000, 38.000] (epsg:4326))
2026-08-04 06:40:32,289 - snakemake_workflow - rasterdataset - INFO - Reading population raster data from D:\GFM\inputs\exposure\ppp_2020_1km_Aggregated.tif
2026-08-04 06:40:32,395 - snakemake_workflow - rasterdataset - DEBUG - Clip to [133.000, 33.000, 136.000, 35.000] (epsg:4326))
2026-08-04 06:40:35,624 - snakemake_workflow - rasterdataset - INFO - Reading population raster data from D:\GFM\inputs\exposure\ppp_2020_1km_Aggregated.tif
2026-08-04 06:40:35,650 - snakemake_workflow - rasterdataset - DEBUG - Clip to [55.000, 26.000, 58.000, 28.000] (epsg:4326))
2026-08-04 06:40:35,860 - snakemake_workflow - rasterdataset - INFO - Reading population raster data from D:\GFM\inputs\exposure\ppp_2020_1km_Aggregated.tif
2026-08-04 06:40:35,975 - snakemake_workflow - rasterdataset - DEBUG - Clip to [132.000, 35.000, 136.000, 36.000] (epsg:4326))
2026-08-04 06:40:37,340 - snakemake_workflow - rasterdataset - INFO - Reading population raster data from D:\GFM\inputs\exposure\ppp_2020_1km_Aggregated.tif
2026-08-04 06:40:37,343 - snakemake_workflow - rasterdataset - DEBUG - Clip to [119.000, 32.000, 122.000, 33.000] (epsg:4326))
2026-08-04 06:40:37,621 - snakemake_workflow - rasterdataset - INFO - Reading population raster data from D:\GFM\inputs\exposure\ppp_2020_1km_Aggregated.tif
2026-08-04 06:40:37,632 - snakemake_workflow - rasterdataset - DEBUG - Clip to [139.000, 37.000, 142.000, 41.000] (epsg:4326))
2026-08-04 06:40:38,972 - snakemake_workflow - rasterdataset - INFO - Reading population raster data from D:\GFM\inputs\exposure\ppp_2020_1km_Aggregated.tif
2026-08-04 06:40:38,988 - snakemake_workflow - rasterdataset - DEBUG - Clip to [120.000, 28.000, 123.000, 32.000] (epsg:4326))
2026-08-04 06:40:39,672 - snakemake_workflow - rasterdataset - INFO - Reading population raster data from D:\GFM\inputs\exposure\ppp_2020_1km_Aggregated.tif
2026-08-04 06:40:39,685 - snakemake_workflow - rasterdataset - DEBUG - Clip to [40.000, 14.000, 43.000, 16.000] (epsg:4326))
2026-08-04 06:40:40,279 - snakemake_workflow - rasterdataset - INFO - Reading population raster data from D:\GFM\inputs\exposure\ppp_2020_1km_Aggregated.tif
2026-08-04 06:40:40,305 - snakemake_workflow - rasterdataset - DEBUG - Clip to [138.000, 53.000, 141.000, 55.000] (epsg:4326))
2026-08-04 06:40:41,830 - snakemake_workflow - rasterdataset - INFO - Reading population raster data from D:\GFM\inputs\exposure\ppp_2020_1km_Aggregated.tif
2026-08-04 06:40:41,857 - snakemake_workflow - rasterdataset - DEBUG - Clip to [104.000, 8.000, 107.000, 10.000] (epsg:4326))
2026-08-04 06:40:41,991 - snakemake_workflow - rasterdataset - INFO - Reading population raster data from D:\GFM\inputs\exposure\ppp_2020_1km_Aggregated.tif
2026-08-04 06:40:42,014 - snakemake_workflow - rasterdataset - DEBUG - Clip to [161.000, 56.000, 164.000, 59.000] (epsg:4326))
2026-08-04 06:40:44,578 - snakemake_workflow - rasterdataset - INFO - Reading population raster data from D:\GFM\inputs\exposure\ppp_2020_1km_Aggregated.tif
2026-08-04 06:40:44,611 - snakemake_workflow - rasterdataset - DEBUG - Clip to [70.000, 22.000, 73.000, 24.000] (epsg:4326))
2026-08-04 06:40:44,972 - snakemake_workflow - rasterdataset - INFO - Reading population raster data from D:\GFM\inputs\exposure\ppp_2020_1km_Aggregated.tif
2026-08-04 06:40:44,991 - snakemake_workflow - rasterdataset - DEBUG - Clip to [40.000, 15.000, 43.000, 17.000] (epsg:4326))
2026-08-04 06:40:46,092 - snakemake_workflow - rasterdataset - INFO - Reading population raster data from D:\GFM\inputs\exposure\ppp_2020_1km_Aggregated.tif
2026-08-04 06:40:46,114 - snakemake_workflow - rasterdataset - DEBUG - Clip to [125.000, 37.000, 128.000, 39.000] (epsg:4326))
2026-08-04 06:40:46,126 - snakemake_workflow - rasterdataset - INFO - Reading population raster data from D:\GFM\inputs\exposure\ppp_2020_1km_Aggregated.tif
2026-08-04 06:40:46,151 - snakemake_workflow - rasterdataset - DEBUG - Clip to [68.000, 22.000, 70.000, 25.000] (epsg:4326))
2026-08-04 06:40:46,454 - snakemake_workflow - rasterdataset - INFO - Reading population raster data from D:\GFM\inputs\exposure\ppp_2020_1km_Aggregated.tif
2026-08-04 06:40:46,470 - snakemake_workflow - rasterdataset - DEBUG - Clip to [69.000, 21.000, 71.000, 24.000] (epsg:4326))
2026-08-04 06:40:47,757 - snakemake_workflow - rasterdataset - INFO - Reading population raster data from D:\GFM\inputs\exposure\ppp_2020_1km_Aggregated.tif
2026-08-04 06:40:47,784 - snakemake_workflow - rasterdataset - DEBUG - Clip to [116.000, 36.000, 119.000, 40.000] (epsg:4326))
2026-08-04 06:40:48,088 - snakemake_workflow - rasterdataset - INFO - Reading population raster data from D:\GFM\inputs\exposure\ppp_2020_1km_Aggregated.tif
2026-08-04 06:40:48,108 - snakemake_workflow - rasterdataset - DEBUG - Clip to [39.000, 14.000, 41.000, 17.000] (epsg:4326))
2026-08-04 06:40:48,695 - snakemake_workflow - rasterdataset - INFO - Reading population raster data from D:\GFM\inputs\exposure\ppp_2020_1km_Aggregated.tif
2026-08-04 06:40:48,711 - snakemake_workflow - rasterdataset - DEBUG - Clip to [138.000, 51.000, 142.000, 54.000] (epsg:4326))
2026-08-04 06:40:49,794 - snakemake_workflow - rasterdataset - INFO - Reading population raster data from D:\GFM\inputs\exposure\ppp_2020_1km_Aggregated.tif
2026-08-04 06:40:49,810 - snakemake_workflow - rasterdataset - DEBUG - Clip to [129.000, 30.000, 132.000, 32.000] (epsg:4326))
2026-08-04 06:40:49,994 - snakemake_workflow - rasterdataset - INFO - Reading population raster data from D:\GFM\inputs\exposure\ppp_2020_1km_Aggregated.tif
2026-08-04 06:40:50,017 - snakemake_workflow - rasterdataset - DEBUG - Clip to [139.000, 40.000, 142.000, 42.000] (epsg:4326))
2026-08-04 06:40:50,718 - snakemake_workflow - rasterdataset - INFO - Reading population raster data from D:\GFM\inputs\exposure\ppp_2020_1km_Aggregated.tif
2026-08-04 06:40:50,739 - snakemake_workflow - rasterdataset - DEBUG - Clip to [159.000, 59.000, 162.000, 62.000] (epsg:4326))
2026-08-04 06:40:50,940 - snakemake_workflow - rasterdataset - INFO - Reading population raster data from D:\GFM\inputs\exposure\ppp_2020_1km_Aggregated.tif
2026-08-04 06:40:51,113 - snakemake_workflow - rasterdataset - INFO - Reading population raster data from D:\GFM\inputs\exposure\ppp_2020_1km_Aggregated.tif
2026-08-04 06:40:51,129 - snakemake_workflow - rasterdataset - DEBUG - Clip to [54.000, 24.000, 58.000, 27.000] (epsg:4326))
2026-08-04 06:40:51,145 - snakemake_workflow - rasterdataset - DEBUG - Clip to [176.000, 62.000, 180.000, 65.000] (epsg:4326))
2026-08-04 06:40:52,871 - snakemake_workflow - rasterdataset - INFO - Reading population raster data from D:\GFM\inputs\exposure\ppp_2020_1km_Aggregated.tif
2026-08-04 06:40:53,104 - snakemake_workflow - rasterdataset - DEBUG - Clip to [119.000, 29.000, 121.000, 30.000] (epsg:4326))
2026-08-04 06:40:53,557 - snakemake_workflow - rasterdataset - INFO - Reading population raster data from D:\GFM\inputs\exposure\ppp_2020_1km_Aggregated.tif
2026-08-04 06:40:53,805 - snakemake_workflow - rasterdataset - DEBUG - Clip to [139.000, 41.000, 142.000, 43.000] (epsg:4326))
  filter_and_shave_chunks: 400/3719 checked, 347 kept so far (313s elapsed)
2026-08-04 06:40:54,540 - snakemake_workflow - rasterdataset - INFO - Reading population raster data from D:\GFM\inputs\exposure\ppp_2020_1km_Aggregated.tif
2026-08-04 06:40:54,540 - snakemake_workflow - rasterdataset - INFO - Reading population raster data from D:\GFM\inputs\exposure\ppp_2020_1km_Aggregated.tif
2026-08-04 06:40:54,632 - snakemake_workflow - rasterdataset - DEBUG - Clip to [15.000, 38.000, 18.000, 42.000] (epsg:4326))
2026-08-04 06:40:54,632 - snakemake_workflow - rasterdataset - DEBUG - Clip to [33.000, 26.000, 36.000, 30.000] (epsg:4326))
2026-08-04 06:40:57,174 - snakemake_workflow - rasterdataset - INFO - Reading population raster data from D:\GFM\inputs\exposure\ppp_2020_1km_Aggregated.tif
2026-08-04 06:40:57,397 - snakemake_workflow - rasterdataset - DEBUG - Clip to [-17.000, 15.000, -14.000, 19.000] (epsg:4326))
2026-08-04 06:40:58,273 - snakemake_workflow - rasterdataset - INFO - Reading population raster data from D:\GFM\inputs\exposure\ppp_2020_1km_Aggregated.tif
2026-08-04 06:40:58,487 - snakemake_workflow - rasterdataset - DEBUG - Clip to [40.000, 12.000, 44.000, 15.000] (epsg:4326))
2026-08-04 06:40:58,976 - snakemake_workflow - rasterdataset - INFO - Reading population raster data from D:\GFM\inputs\exposure\ppp_2020_1km_Aggregated.tif
2026-08-04 06:40:59,090 - snakemake_workflow - rasterdataset - DEBUG - Clip to [7.000, 52.000, 9.000, 55.000] (epsg:4326))
2026-08-04 06:41:00,826 - snakemake_workflow - rasterdataset - INFO - Reading population raster data from D:\GFM\inputs\exposure\ppp_2020_1km_Aggregated.tif
2026-08-04 06:41:01,080 - snakemake_workflow - rasterdataset - DEBUG - Clip to [6.000, 60.000, 8.000, 63.000] (epsg:4326))
2026-08-04 06:41:03,472 - snakemake_workflow - rasterdataset - INFO - Reading population raster data from D:\GFM\inputs\exposure\ppp_2020_1km_Aggregated.tif
2026-08-04 06:41:03,710 - snakemake_workflow - rasterdataset - DEBUG - Clip to [29.000, 59.000, 33.000, 62.000] (epsg:4326))
2026-08-04 06:41:06,089 - snakemake_workflow - rasterdataset - INFO - Reading population raster data from D:\GFM\inputs\exposure\ppp_2020_1km_Aggregated.tif
2026-08-04 06:41:06,268 - snakemake_workflow - rasterdataset - INFO - Reading population raster data from D:\GFM\inputs\exposure\ppp_2020_1km_Aggregated.tif
2026-08-04 06:41:06,380 - snakemake_workflow - rasterdataset - INFO - Reading population raster data from D:\GFM\inputs\exposure\ppp_2020_1km_Aggregated.tif
2026-08-04 06:41:06,590 - snakemake_workflow - rasterdataset - DEBUG - Clip to [15.000, 41.000, 18.000, 43.000] (epsg:4326))
2026-08-04 06:41:06,592 - snakemake_workflow - rasterdataset - DEBUG - Clip to [9.000, 58.000, 12.000, 60.000] (epsg:4326))
2026-08-04 06:41:06,592 - snakemake_workflow - rasterdataset - DEBUG - Clip to [30.000, 29.000, 34.000, 32.000] (epsg:4326))
2026-08-04 06:41:08,255 - snakemake_workflow - rasterdataset - INFO - Reading population raster data from D:\GFM\inputs\exposure\ppp_2020_1km_Aggregated.tif
2026-08-04 06:41:08,589 - snakemake_workflow - rasterdataset - DEBUG - Clip to [43.000, 64.000, 45.000, 67.000] (epsg:4326))
2026-08-04 06:41:08,701 - snakemake_workflow - rasterdataset - INFO - Reading population raster data from D:\GFM\inputs\exposure\ppp_2020_1km_Aggregated.tif
2026-08-04 06:41:08,956 - snakemake_workflow - rasterdataset - INFO - Reading population raster data from D:\GFM\inputs\exposure\ppp_2020_1km_Aggregated.tif
2026-08-04 06:41:09,212 - snakemake_workflow - rasterdataset - DEBUG - Clip to [15.000, 42.000, 18.000, 44.000] (epsg:4326))
2026-08-04 06:41:09,216 - snakemake_workflow - rasterdataset - DEBUG - Clip to [16.000, 57.000, 20.000, 60.000] (epsg:4326))
2026-08-04 06:41:14,290 - snakemake_workflow - rasterdataset - INFO - Reading population raster data from D:\GFM\inputs\exposure\ppp_2020_1km_Aggregated.tif
2026-08-04 06:41:14,450 - snakemake_workflow - rasterdataset - INFO - Reading population raster data from D:\GFM\inputs\exposure\ppp_2020_1km_Aggregated.tif
2026-08-04 06:41:14,467 - snakemake_workflow - rasterdataset - DEBUG - Clip to [-17.000, 11.000, -14.000, 15.000] (epsg:4326))
2026-08-04 06:41:14,819 - snakemake_workflow - rasterdataset - DEBUG - Clip to [12.000, 40.000, 16.000, 43.000] (epsg:4326))
2026-08-04 06:41:15,334 - snakemake_workflow - rasterdataset - INFO - Reading population raster data from D:\GFM\inputs\exposure\ppp_2020_1km_Aggregated.tif
2026-08-04 06:41:15,553 - snakemake_workflow - rasterdataset - DEBUG - Clip to [14.000, 54.000, 16.000, 57.000] (epsg:4326))
2026-08-04 06:41:18,269 - snakemake_workflow - rasterdataset - INFO - Reading population raster data from D:\GFM\inputs\exposure\ppp_2020_1km_Aggregated.tif
2026-08-04 06:41:18,516 - snakemake_workflow - rasterdataset - DEBUG - Clip to [43.000, 66.000, 45.000, 68.000] (epsg:4326))
2026-08-04 06:41:21,625 - snakemake_workflow - rasterdataset - INFO - Reading population raster data from D:\GFM\inputs\exposure\ppp_2020_1km_Aggregated.tif
2026-08-04 06:41:21,893 - snakemake_workflow - rasterdataset - DEBUG - Clip to [34.000, 64.000, 38.000, 67.000] (epsg:4326))
2026-08-04 06:41:22,611 - snakemake_workflow - rasterdataset - INFO - Reading population raster data from D:\GFM\inputs\exposure\ppp_2020_1km_Aggregated.tif
2026-08-04 06:41:22,935 - snakemake_workflow - rasterdataset - INFO - Reading population raster data from D:\GFM\inputs\exposure\ppp_2020_1km_Aggregated.tif
2026-08-04 06:41:22,935 - snakemake_workflow - rasterdataset - INFO - Reading population raster data from D:\GFM\inputs\exposure\ppp_2020_1km_Aggregated.tif
2026-08-04 06:41:22,945 - snakemake_workflow - rasterdataset - DEBUG - Clip to [45.000, 64.000, 46.000, 68.000] (epsg:4326))
2026-08-04 06:41:23,376 - snakemake_workflow - rasterdataset - DEBUG - Clip to [4.000, 59.000, 7.000, 63.000] (epsg:4326))
2026-08-04 06:41:23,378 - snakemake_workflow - rasterdataset - DEBUG - Clip to [32.000, 34.000, 36.000, 37.000] (epsg:4326))
2026-08-04 06:41:23,948 - snakemake_workflow - rasterdataset - INFO - Reading population raster data from D:\GFM\inputs\exposure\ppp_2020_1km_Aggregated.tif
2026-08-04 06:41:24,081 - snakemake_workflow - rasterdataset - DEBUG - Clip to [45.000, 66.000, 47.000, 69.000] (epsg:4326))
2026-08-04 06:41:25,271 - snakemake_workflow - rasterdataset - INFO - Reading population raster data from D:\GFM\inputs\exposure\ppp_2020_1km_Aggregated.tif
2026-08-04 06:41:25,626 - snakemake_workflow - rasterdataset - DEBUG - Clip to [17.000, 59.000, 20.000, 61.000] (epsg:4326))
2026-08-04 06:41:26,944 - snakemake_workflow - rasterdataset - INFO - Reading population raster data from D:\GFM\inputs\exposure\ppp_2020_1km_Aggregated.tif
2026-08-04 06:41:27,072 - snakemake_workflow - rasterdataset - DEBUG - Clip to [43.000, 67.000, 46.000, 69.000] (epsg:4326))
2026-08-04 06:41:30,114 - snakemake_workflow - rasterdataset - INFO - Reading population raster data from D:\GFM\inputs\exposure\ppp_2020_1km_Aggregated.tif
2026-08-04 06:41:30,237 - snakemake_workflow - rasterdataset - INFO - Reading population raster data from D:\GFM\inputs\exposure\ppp_2020_1km_Aggregated.tif
2026-08-04 06:41:30,265 - snakemake_workflow - rasterdataset - DEBUG - Clip to [70.000, 65.000, 74.000, 67.000] (epsg:4326))
2026-08-04 06:41:30,265 - snakemake_workflow - rasterdataset - DEBUG - Clip to [55.000, 73.000, 59.000, 76.000] (epsg:4326))
2026-08-04 06:41:30,551 - snakemake_workflow - rasterdataset - INFO - Reading population raster data from D:\GFM\inputs\exposure\ppp_2020_1km_Aggregated.tif
2026-08-04 06:41:30,775 - snakemake_workflow - rasterdataset - DEBUG - Clip to [5.000, 4.000, 9.000, 7.000] (epsg:4326))
2026-08-04 06:41:33,560 - snakemake_workflow - rasterdataset - INFO - Reading population raster data from D:\GFM\inputs\exposure\ppp_2020_1km_Aggregated.tif
2026-08-04 06:41:33,825 - snakemake_workflow - rasterdataset - DEBUG - Clip to [-17.000, 18.000, -14.000, 20.000] (epsg:4326))
2026-08-04 06:41:35,631 - snakemake_workflow - rasterdataset - INFO - Reading population raster data from D:\GFM\inputs\exposure\ppp_2020_1km_Aggregated.tif
2026-08-04 06:41:35,658 - snakemake_workflow - rasterdataset - DEBUG - Clip to [87.000, 72.000, 89.000, 75.000] (epsg:4326))
2026-08-04 06:41:36,167 - snakemake_workflow - rasterdataset - INFO - Reading population raster data from D:\GFM\inputs\exposure\ppp_2020_1km_Aggregated.tif
2026-08-04 06:41:36,549 - snakemake_workflow - rasterdataset - DEBUG - Clip to [39.000, 66.000, 42.000, 68.000] (epsg:4326))
2026-08-04 06:41:37,137 - snakemake_workflow - rasterdataset - INFO - Reading population raster data from D:\GFM\inputs\exposure\ppp_2020_1km_Aggregated.tif
2026-08-04 06:41:37,392 - snakemake_workflow - rasterdataset - DEBUG - Clip to [20.000, 37.000, 22.000, 40.000] (epsg:4326))
2026-08-04 06:41:38,110 - snakemake_workflow - rasterdataset - INFO - Reading population raster data from D:\GFM\inputs\exposure\ppp_2020_1km_Aggregated.tif
2026-08-04 06:41:38,722 - snakemake_workflow - rasterdataset - DEBUG - Clip to [-11.000, 51.000, -8.000, 55.000] (epsg:4326))
2026-08-04 06:41:43,802 - snakemake_workflow - rasterdataset - INFO - Reading population raster data from D:\GFM\inputs\exposure\ppp_2020_1km_Aggregated.tif
2026-08-04 06:41:44,011 - snakemake_workflow - rasterdataset - INFO - Reading population raster data from D:\GFM\inputs\exposure\ppp_2020_1km_Aggregated.tif
2026-08-04 06:41:44,040 - snakemake_workflow - rasterdataset - DEBUG - Clip to [67.000, 65.000, 70.000, 68.000] (epsg:4326))
2026-08-04 06:41:44,216 - snakemake_workflow - rasterdataset - DEBUG - Clip to [86.000, 74.000, 89.000, 76.000] (epsg:4326))
2026-08-04 06:41:44,566 - snakemake_workflow - rasterdataset - INFO - Reading population raster data from D:\GFM\inputs\exposure\ppp_2020_1km_Aggregated.tif
2026-08-04 06:41:44,806 - snakemake_workflow - rasterdataset - DEBUG - Clip to [42.000, 64.000, 44.000, 67.000] (epsg:4326))
2026-08-04 06:41:44,886 - snakemake_workflow - rasterdataset - INFO - Reading population raster data from D:\GFM\inputs\exposure\ppp_2020_1km_Aggregated.tif
2026-08-04 06:41:45,026 - snakemake_workflow - rasterdataset - DEBUG - Clip to [74.000, 72.000, 77.000, 74.000] (epsg:4326))
2026-08-04 06:41:45,669 - snakemake_workflow - rasterdataset - INFO - Reading population raster data from D:\GFM\inputs\exposure\ppp_2020_1km_Aggregated.tif
2026-08-04 06:41:45,790 - snakemake_workflow - rasterdataset - DEBUG - Clip to [96.000, 74.000, 100.000, 77.000] (epsg:4326))
2026-08-04 06:41:49,077 - snakemake_workflow - rasterdataset - INFO - Reading population raster data from D:\GFM\inputs\exposure\ppp_2020_1km_Aggregated.tif
2026-08-04 06:41:49,274 - snakemake_workflow - rasterdataset - INFO - Reading population raster data from D:\GFM\inputs\exposure\ppp_2020_1km_Aggregated.tif
2026-08-04 06:41:49,384 - snakemake_workflow - rasterdataset - INFO - Reading population raster data from D:\GFM\inputs\exposure\ppp_2020_1km_Aggregated.tif
2026-08-04 06:41:49,403 - snakemake_workflow - rasterdataset - DEBUG - Clip to [87.000, 71.000, 91.000, 73.000] (epsg:4326))
2026-08-04 06:41:49,667 - snakemake_workflow - rasterdataset - DEBUG - Clip to [93.000, 80.000, 97.000, 82.000] (epsg:4326))
2026-08-04 06:41:50,389 - snakemake_workflow - rasterdataset - DEBUG - Clip to [104.000, 76.000, 106.000, 79.000] (epsg:4326))
2026-08-04 06:41:51,307 - snakemake_workflow - rasterdataset - INFO - Reading population raster data from D:\GFM\inputs\exposure\ppp_2020_1km_Aggregated.tif
2026-08-04 06:41:51,742 - snakemake_workflow - rasterdataset - DEBUG - Clip to [80.000, 64.000, 83.000, 67.000] (epsg:4326))
2026-08-04 06:41:53,744 - snakemake_workflow - rasterdataset - INFO - Reading population raster data from D:\GFM\inputs\exposure\ppp_2020_1km_Aggregated.tif
2026-08-04 06:41:53,985 - snakemake_workflow - rasterdataset - DEBUG - Clip to [111.000, 72.000, 113.000, 75.000] (epsg:4326))
2026-08-04 06:41:56,993 - snakemake_workflow - rasterdataset - INFO - Reading population raster data from D:\GFM\inputs\exposure\ppp_2020_1km_Aggregated.tif
2026-08-04 06:41:57,234 - snakemake_workflow - rasterdataset - DEBUG - Clip to [105.000, 76.000, 107.000, 79.000] (epsg:4326))
2026-08-04 06:41:57,999 - snakemake_workflow - rasterdataset - INFO - Reading population raster data from D:\GFM\inputs\exposure\ppp_2020_1km_Aggregated.tif
2026-08-04 06:41:58,110 - snakemake_workflow - rasterdataset - DEBUG - Clip to [98.000, 79.000, 100.000, 81.000] (epsg:4326))
2026-08-04 06:41:58,605 - snakemake_workflow - rasterdataset - INFO - Reading population raster data from D:\GFM\inputs\exposure\ppp_2020_1km_Aggregated.tif
2026-08-04 06:41:58,744 - snakemake_workflow - rasterdataset - DEBUG - Clip to [88.000, 72.000, 91.000, 74.000] (epsg:4326))
2026-08-04 06:41:58,940 - snakemake_workflow - rasterdataset - INFO - Reading population raster data from D:\GFM\inputs\exposure\ppp_2020_1km_Aggregated.tif
2026-08-04 06:41:59,682 - snakemake_workflow - rasterdataset - DEBUG - Clip to [65.000, 65.000, 68.000, 67.000] (epsg:4326))
2026-08-04 06:42:01,357 - snakemake_workflow - rasterdataset - INFO - Reading population raster data from D:\GFM\inputs\exposure\ppp_2020_1km_Aggregated.tif
2026-08-04 06:42:01,605 - snakemake_workflow - rasterdataset - INFO - Reading population raster data from D:\GFM\inputs\exposure\ppp_2020_1km_Aggregated.tif
2026-08-04 06:42:01,724 - snakemake_workflow - rasterdataset - DEBUG - Clip to [106.000, 76.000, 108.000, 79.000] (epsg:4326))
2026-08-04 06:42:01,728 - snakemake_workflow - rasterdataset - DEBUG - Clip to [95.000, 78.000, 99.000, 81.000] (epsg:4326))
2026-08-04 06:42:02,591 - snakemake_workflow - rasterdataset - INFO - Reading population raster data from D:\GFM\inputs\exposure\ppp_2020_1km_Aggregated.tif
2026-08-04 06:42:02,591 - snakemake_workflow - rasterdataset - INFO - Reading population raster data from D:\GFM\inputs\exposure\ppp_2020_1km_Aggregated.tif
2026-08-04 06:42:02,808 - snakemake_workflow - rasterdataset - INFO - Reading population raster data from D:\GFM\inputs\exposure\ppp_2020_1km_Aggregated.tif
2026-08-04 06:42:02,817 - snakemake_workflow - rasterdataset - DEBUG - Clip to [137.000, 74.000, 140.000, 77.000] (epsg:4326))
2026-08-04 06:42:02,817 - snakemake_workflow - rasterdataset - DEBUG - Clip to [99.000, 71.000, 102.000, 75.000] (epsg:4326))
2026-08-04 06:42:03,016 - snakemake_workflow - rasterdataset - DEBUG - Clip to [112.000, 72.000, 114.000, 75.000] (epsg:4326))
2026-08-04 06:42:05,326 - snakemake_workflow - rasterdataset - INFO - Reading population raster data from D:\GFM\inputs\exposure\ppp_2020_1km_Aggregated.tif
2026-08-04 06:42:05,533 - snakemake_workflow - rasterdataset - INFO - Reading population raster data from D:\GFM\inputs\exposure\ppp_2020_1km_Aggregated.tif
2026-08-04 06:42:05,551 - snakemake_workflow - rasterdataset - DEBUG - Clip to [84.000, 72.000, 88.000, 75.000] (epsg:4326))
2026-08-04 06:42:05,948 - snakemake_workflow - rasterdataset - DEBUG - Clip to [108.000, 72.000, 112.000, 75.000] (epsg:4326))
2026-08-04 06:42:07,494 - snakemake_workflow - rasterdataset - INFO - Reading population raster data from D:\GFM\inputs\exposure\ppp_2020_1km_Aggregated.tif
2026-08-04 06:42:07,858 - snakemake_workflow - rasterdataset - INFO - Reading population raster data from D:\GFM\inputs\exposure\ppp_2020_1km_Aggregated.tif
2026-08-04 06:42:07,874 - snakemake_workflow - rasterdataset - DEBUG - Clip to [126.000, 71.000, 130.000, 74.000] (epsg:4326))
2026-08-04 06:42:07,874 - snakemake_workflow - rasterdataset - DEBUG - Clip to [146.000, 70.000, 148.000, 72.000] (epsg:4326))
2026-08-04 06:42:09,214 - snakemake_workflow - rasterdataset - INFO - Reading population raster data from D:\GFM\inputs\exposure\ppp_2020_1km_Aggregated.tif
2026-08-04 06:42:09,502 - snakemake_workflow - rasterdataset - DEBUG - Clip to [100.000, 74.000, 101.000, 77.000] (epsg:4326))
2026-08-04 06:42:13,361 - snakemake_workflow - rasterdataset - INFO - Reading population raster data from D:\GFM\inputs\exposure\ppp_2020_1km_Aggregated.tif
2026-08-04 06:42:13,672 - snakemake_workflow - rasterdataset - DEBUG - Clip to [144.000, 70.000, 146.000, 73.000] (epsg:4326))
2026-08-04 06:42:13,911 - snakemake_workflow - rasterdataset - INFO - Reading population raster data from D:\GFM\inputs\exposure\ppp_2020_1km_Aggregated.tif
2026-08-04 06:42:14,181 - snakemake_workflow - rasterdataset - DEBUG - Clip to [93.000, 79.000, 96.000, 81.000] (epsg:4326))
2026-08-04 06:42:15,105 - snakemake_workflow - rasterdataset - INFO - Reading population raster data from D:\GFM\inputs\exposure\ppp_2020_1km_Aggregated.tif
2026-08-04 06:42:15,266 - snakemake_workflow - rasterdataset - INFO - Reading population raster data from D:\GFM\inputs\exposure\ppp_2020_1km_Aggregated.tif
2026-08-04 06:42:15,378 - snakemake_workflow - rasterdataset - DEBUG - Clip to [101.000, 74.000, 102.000, 77.000] (epsg:4326))
2026-08-04 06:42:15,378 - snakemake_workflow - rasterdataset - DEBUG - Clip to [145.000, 72.000, 149.000, 73.000] (epsg:4326))
2026-08-04 06:42:16,427 - snakemake_workflow - rasterdataset - INFO - Reading population raster data from D:\GFM\inputs\exposure\ppp_2020_1km_Aggregated.tif
2026-08-04 06:42:16,577 - snakemake_workflow - rasterdataset - DEBUG - Clip to [151.000, 66.000, 154.000, 68.000] (epsg:4326))
2026-08-04 06:42:17,369 - snakemake_workflow - rasterdataset - INFO - Reading population raster data from D:\GFM\inputs\exposure\ppp_2020_1km_Aggregated.tif
2026-08-04 06:42:17,723 - snakemake_workflow - rasterdataset - DEBUG - Clip to [160.000, 67.000, 163.000, 69.000] (epsg:4326))
2026-08-04 06:42:18,057 - snakemake_workflow - rasterdataset - INFO - Reading population raster data from D:\GFM\inputs\exposure\ppp_2020_1km_Aggregated.tif
2026-08-04 06:42:18,057 - snakemake_workflow - rasterdataset - INFO - Reading population raster data from D:\GFM\inputs\exposure\ppp_2020_1km_Aggregated.tif
2026-08-04 06:42:18,295 - snakemake_workflow - rasterdataset - DEBUG - Clip to [17.000, 77.000, 19.000, 80.000] (epsg:4326))
2026-08-04 06:42:18,550 - snakemake_workflow - rasterdataset - DEBUG - Clip to [44.000, 46.000, 46.000, 49.000] (epsg:4326))
2026-08-04 06:42:20,401 - snakemake_workflow - rasterdataset - INFO - Reading population raster data from D:\GFM\inputs\exposure\ppp_2020_1km_Aggregated.tif
2026-08-04 06:42:20,778 - snakemake_workflow - rasterdataset - DEBUG - Clip to [147.000, 70.000, 149.000, 73.000] (epsg:4326))
2026-08-04 06:42:21,625 - snakemake_workflow - rasterdataset - INFO - Reading population raster data from D:\GFM\inputs\exposure\ppp_2020_1km_Aggregated.tif
2026-08-04 06:42:21,920 - snakemake_workflow - rasterdataset - DEBUG - Clip to [145.000, 70.000, 147.000, 73.000] (epsg:4326))
2026-08-04 06:42:23,304 - snakemake_workflow - rasterdataset - INFO - Reading population raster data from D:\GFM\inputs\exposure\ppp_2020_1km_Aggregated.tif
2026-08-04 06:42:23,583 - snakemake_workflow - rasterdataset - DEBUG - Clip to [145.000, 68.000, 148.000, 71.000] (epsg:4326))
2026-08-04 06:42:25,218 - snakemake_workflow - rasterdataset - INFO - Reading population raster data from D:\GFM\inputs\exposure\ppp_2020_1km_Aggregated.tif
2026-08-04 06:42:25,349 - snakemake_workflow - rasterdataset - DEBUG - Clip to [143.000, 70.000, 145.000, 73.000] (epsg:4326))
2026-08-04 06:42:25,550 - snakemake_workflow - rasterdataset - INFO - Reading population raster data from D:\GFM\inputs\exposure\ppp_2020_1km_Aggregated.tif
2026-08-04 06:42:25,694 - snakemake_workflow - rasterdataset - INFO - Reading population raster data from D:\GFM\inputs\exposure\ppp_2020_1km_Aggregated.tif
2026-08-04 06:42:25,694 - snakemake_workflow - rasterdataset - INFO - Reading population raster data from D:\GFM\inputs\exposure\ppp_2020_1km_Aggregated.tif
2026-08-04 06:42:25,822 - snakemake_workflow - rasterdataset - DEBUG - Clip to [16.000, 79.000, 19.000, 81.000] (epsg:4326))
2026-08-04 06:42:25,949 - snakemake_workflow - rasterdataset - DEBUG - Clip to [148.000, 70.000, 150.000, 73.000] (epsg:4326))
2026-08-04 06:42:25,949 - snakemake_workflow - rasterdataset - DEBUG - Clip to [158.000, 68.000, 160.000, 71.000] (epsg:4326))
2026-08-04 06:42:27,962 - snakemake_workflow - rasterdataset - INFO - Reading population raster data from D:\GFM\inputs\exposure\ppp_2020_1km_Aggregated.tif
2026-08-04 06:42:28,076 - snakemake_workflow - rasterdataset - DEBUG - Clip to [162.000, 67.000, 163.000, 71.000] (epsg:4326))
2026-08-04 06:42:28,399 - snakemake_workflow - rasterdataset - INFO - Reading population raster data from D:\GFM\inputs\exposure\ppp_2020_1km_Aggregated.tif
2026-08-04 06:42:28,683 - snakemake_workflow - rasterdataset - DEBUG - Clip to [49.000, 49.000, 52.000, 51.000] (epsg:4326))
2026-08-04 06:42:29,727 - snakemake_workflow - rasterdataset - INFO - Reading population raster data from D:\GFM\inputs\exposure\ppp_2020_1km_Aggregated.tif
2026-08-04 06:42:29,871 - snakemake_workflow - rasterdataset - DEBUG - Clip to [18.000, 78.000, 21.000, 81.000] (epsg:4326))
2026-08-04 06:42:30,816 - snakemake_workflow - rasterdataset - INFO - Reading population raster data from D:\GFM\inputs\exposure\ppp_2020_1km_Aggregated.tif
2026-08-04 06:42:30,927 - snakemake_workflow - rasterdataset - DEBUG - Clip to [173.000, -42.000, 177.000, -39.000] (epsg:4326))
2026-08-04 06:42:32,090 - snakemake_workflow - rasterdataset - INFO - Reading population raster data from D:\GFM\inputs\exposure\ppp_2020_1km_Aggregated.tif
2026-08-04 06:42:32,223 - snakemake_workflow - rasterdataset - DEBUG - Clip to [-60.000, -36.000, -57.000, -33.000] (epsg:4326))
2026-08-04 06:42:32,315 - snakemake_workflow - rasterdataset - INFO - Reading population raster data from D:\GFM\inputs\exposure\ppp_2020_1km_Aggregated.tif
2026-08-04 06:42:32,584 - snakemake_workflow - rasterdataset - DEBUG - Clip to [-86.000, 9.000, -83.000, 12.000] (epsg:4326))
2026-08-04 06:42:35,457 - snakemake_workflow - rasterdataset - INFO - Reading population raster data from D:\GFM\inputs\exposure\ppp_2020_1km_Aggregated.tif
2026-08-04 06:42:36,113 - snakemake_workflow - rasterdataset - DEBUG - Clip to [-96.000, 16.000, -93.000, 19.000] (epsg:4326))
2026-08-04 06:42:38,933 - snakemake_workflow - rasterdataset - INFO - Reading population raster data from D:\GFM\inputs\exposure\ppp_2020_1km_Aggregated.tif
2026-08-04 06:42:39,063 - snakemake_workflow - rasterdataset - DEBUG - Clip to [-53.000, -32.000, -50.000, -29.000] (epsg:4326))
2026-08-04 06:42:39,464 - snakemake_workflow - rasterdataset - INFO - Reading population raster data from D:\GFM\inputs\exposure\ppp_2020_1km_Aggregated.tif
2026-08-04 06:42:39,649 - snakemake_workflow - rasterdataset - DEBUG - Clip to [159.000, 68.000, 161.000, 71.000] (epsg:4326))
2026-08-04 06:42:39,765 - snakemake_workflow - rasterdataset - INFO - Reading population raster data from D:\GFM\inputs\exposure\ppp_2020_1km_Aggregated.tif
2026-08-04 06:42:40,046 - snakemake_workflow - rasterdataset - DEBUG - Clip to [15.000, 76.000, 18.000, 80.000] (epsg:4326))
2026-08-04 06:42:43,625 - snakemake_workflow - rasterdataset - INFO - Reading population raster data from D:\GFM\inputs\exposure\ppp_2020_1km_Aggregated.tif
2026-08-04 06:42:43,922 - snakemake_workflow - rasterdataset - DEBUG - Clip to [160.000, 68.000, 162.000, 71.000] (epsg:4326))
2026-08-04 06:42:44,830 - snakemake_workflow - rasterdataset - INFO - Reading population raster data from D:\GFM\inputs\exposure\ppp_2020_1km_Aggregated.tif
2026-08-04 06:42:45,096 - snakemake_workflow - rasterdataset - DEBUG - Clip to [-80.000, 20.000, -78.000, 22.000] (epsg:4326))
2026-08-04 06:42:45,264 - snakemake_workflow - rasterdataset - INFO - Reading population raster data from D:\GFM\inputs\exposure\ppp_2020_1km_Aggregated.tif
2026-08-04 06:42:45,499 - snakemake_workflow - rasterdataset - DEBUG - Clip to [45.000, 44.000, 48.000, 46.000] (epsg:4326))
2026-08-04 06:42:45,953 - snakemake_workflow - rasterdataset - INFO - Reading population raster data from D:\GFM\inputs\exposure\ppp_2020_1km_Aggregated.tif
2026-08-04 06:42:46,157 - snakemake_workflow - rasterdataset - DEBUG - Clip to [-66.000, -43.000, -63.000, -40.000] (epsg:4326))
2026-08-04 06:42:47,342 - snakemake_workflow - rasterdataset - INFO - Reading population raster data from D:\GFM\inputs\exposure\ppp_2020_1km_Aggregated.tif
2026-08-04 06:42:47,645 - snakemake_workflow - rasterdataset - DEBUG - Clip to [-55.000, 46.000, -52.000, 49.000] (epsg:4326))
2026-08-04 06:42:48,202 - snakemake_workflow - rasterdataset - INFO - Reading population raster data from D:\GFM\inputs\exposure\ppp_2020_1km_Aggregated.tif
2026-08-04 06:42:48,284 - snakemake_workflow - rasterdataset - DEBUG - Clip to [-117.000, 30.000, -115.000, 32.000] (epsg:4326))
2026-08-04 06:42:49,416 - snakemake_workflow - rasterdataset - INFO - Reading population raster data from D:\GFM\inputs\exposure\ppp_2020_1km_Aggregated.tif
2026-08-04 06:42:49,502 - snakemake_workflow - rasterdataset - DEBUG - Clip to [13.000, 77.000, 16.000, 80.000] (epsg:4326))
2026-08-04 06:42:49,955 - snakemake_workflow - rasterdataset - INFO - Reading population raster data from D:\GFM\inputs\exposure\ppp_2020_1km_Aggregated.tif
2026-08-04 06:42:50,141 - snakemake_workflow - rasterdataset - DEBUG - Clip to [-79.000, 20.000, -77.000, 23.000] (epsg:4326))
2026-08-04 06:42:50,895 - snakemake_workflow - rasterdataset - INFO - Reading population raster data from D:\GFM\inputs\exposure\ppp_2020_1km_Aggregated.tif
2026-08-04 06:42:51,214 - snakemake_workflow - rasterdataset - DEBUG - Clip to [-129.000, 50.000, -127.000, 52.000] (epsg:4326))
2026-08-04 06:42:52,777 - snakemake_workflow - rasterdataset - INFO - Reading population raster data from D:\GFM\inputs\exposure\ppp_2020_1km_Aggregated.tif
2026-08-04 06:42:52,937 - snakemake_workflow - rasterdataset - DEBUG - Clip to [-117.000, 32.000, -114.000, 33.000] (epsg:4326))
2026-08-04 06:42:54,272 - snakemake_workflow - rasterdataset - INFO - Reading population raster data from D:\GFM\inputs\exposure\ppp_2020_1km_Aggregated.tif
2026-08-04 06:42:54,505 - snakemake_workflow - rasterdataset - DEBUG - Clip to [-136.000, 57.000, -132.000, 58.000] (epsg:4326))
2026-08-04 06:42:55,368 - snakemake_workflow - rasterdataset - INFO - Reading population raster data from D:\GFM\inputs\exposure\ppp_2020_1km_Aggregated.tif
2026-08-04 06:42:55,560 - snakemake_workflow - rasterdataset - DEBUG - Clip to [-79.000, 24.000, -76.000, 27.000] (epsg:4326))
2026-08-04 06:42:55,882 - snakemake_workflow - rasterdataset - INFO - Reading population raster data from D:\GFM\inputs\exposure\ppp_2020_1km_Aggregated.tif
2026-08-04 06:42:56,265 - snakemake_workflow - rasterdataset - INFO - Reading population raster data from D:\GFM\inputs\exposure\ppp_2020_1km_Aggregated.tif
2026-08-04 06:42:56,281 - snakemake_workflow - rasterdataset - DEBUG - Clip to [-130.000, 52.000, -126.000, 53.000] (epsg:4326))
2026-08-04 06:42:56,332 - snakemake_workflow - rasterdataset - INFO - Reading population raster data from D:\GFM\inputs\exposure\ppp_2020_1km_Aggregated.tif
2026-08-04 06:42:56,546 - snakemake_workflow - rasterdataset - DEBUG - Clip to [-75.000, -54.000, -73.000, -52.000] (epsg:4326))
2026-08-04 06:42:56,552 - snakemake_workflow - rasterdataset - INFO - Reading population raster data from D:\GFM\inputs\exposure\ppp_2020_1km_Aggregated.tif
2026-08-04 06:42:56,648 - snakemake_workflow - rasterdataset - DEBUG - Clip to [-124.000, 37.000, -121.000, 40.000] (epsg:4326))
2026-08-04 06:42:56,854 - snakemake_workflow - rasterdataset - DEBUG - Clip to [-75.000, 66.000, -72.000, 69.000] (epsg:4326))
2026-08-04 06:42:57,220 - snakemake_workflow - rasterdataset - INFO - Reading population raster data from D:\GFM\inputs\exposure\ppp_2020_1km_Aggregated.tif
2026-08-04 06:42:57,236 - snakemake_workflow - rasterdataset - DEBUG - Clip to [-154.000, 59.000, -151.000, 61.000] (epsg:4326))
2026-08-04 06:42:58,115 - snakemake_workflow - rasterdataset - INFO - Reading population raster data from D:\GFM\inputs\exposure\ppp_2020_1km_Aggregated.tif
2026-08-04 06:42:58,256 - snakemake_workflow - rasterdataset - DEBUG - Clip to [-61.000, 53.000, -58.000, 56.000] (epsg:4326))
2026-08-04 06:42:58,414 - snakemake_workflow - rasterdataset - INFO - Reading population raster data from D:\GFM\inputs\exposure\ppp_2020_1km_Aggregated.tif
2026-08-04 06:42:58,526 - snakemake_workflow - rasterdataset - DEBUG - Clip to [-136.000, 56.000, -134.000, 58.000] (epsg:4326))
2026-08-04 06:43:00,368 - snakemake_workflow - rasterdataset - INFO - Reading population raster data from D:\GFM\inputs\exposure\ppp_2020_1km_Aggregated.tif
2026-08-04 06:43:00,424 - snakemake_workflow - rasterdataset - INFO - Reading population raster data from D:\GFM\inputs\exposure\ppp_2020_1km_Aggregated.tif
2026-08-04 06:43:00,615 - snakemake_workflow - rasterdataset - DEBUG - Clip to [-74.000, -53.000, -72.000, -51.000] (epsg:4326))
2026-08-04 06:43:00,618 - snakemake_workflow - rasterdataset - DEBUG - Clip to [-71.000, 58.000, -68.000, 61.000] (epsg:4326))
2026-08-04 06:43:00,852 - snakemake_workflow - rasterdataset - INFO - Reading population raster data from D:\GFM\inputs\exposure\ppp_2020_1km_Aggregated.tif
2026-08-04 06:43:00,994 - snakemake_workflow - rasterdataset - DEBUG - Clip to [-136.000, 58.000, -133.000, 59.000] (epsg:4326))
2026-08-04 06:43:03,022 - snakemake_workflow - rasterdataset - INFO - Reading population raster data from D:\GFM\inputs\exposure\ppp_2020_1km_Aggregated.tif
2026-08-04 06:43:03,031 - snakemake_workflow - rasterdataset - DEBUG - Clip to [-153.000, 58.000, -151.000, 60.000] (epsg:4326))
2026-08-04 06:43:04,112 - snakemake_workflow - rasterdataset - INFO - Reading population raster data from D:\GFM\inputs\exposure\ppp_2020_1km_Aggregated.tif
2026-08-04 06:43:04,304 - snakemake_workflow - rasterdataset - INFO - Reading population raster data from D:\GFM\inputs\exposure\ppp_2020_1km_Aggregated.tif
2026-08-04 06:43:04,304 - snakemake_workflow - rasterdataset - INFO - Reading population raster data from D:\GFM\inputs\exposure\ppp_2020_1km_Aggregated.tif
2026-08-04 06:43:04,399 - snakemake_workflow - rasterdataset - DEBUG - Clip to [-109.000, 66.000, -106.000, 69.000] (epsg:4326))
2026-08-04 06:43:04,655 - snakemake_workflow - rasterdataset - DEBUG - Clip to [141.000, -14.000, 144.000, -11.000] (epsg:4326))
2026-08-04 06:43:04,909 - snakemake_workflow - rasterdataset - INFO - Reading population raster data from D:\GFM\inputs\exposure\ppp_2020_1km_Aggregated.tif
2026-08-04 06:43:05,005 - snakemake_workflow - rasterdataset - DEBUG - Clip to [-70.000, 68.000, -67.000, 71.000] (epsg:4326))
2026-08-04 06:43:05,005 - snakemake_workflow - rasterdataset - DEBUG - Clip to [-162.000, 54.000, -159.000, 57.000] (epsg:4326))
2026-08-04 06:43:05,929 - snakemake_workflow - rasterdataset - INFO - Reading population raster data from D:\GFM\inputs\exposure\ppp_2020_1km_Aggregated.tif
2026-08-04 06:43:06,040 - snakemake_workflow - rasterdataset - DEBUG - Clip to [115.000, -2.000, 118.000, 1.000] (epsg:4326))
2026-08-04 06:43:08,104 - snakemake_workflow - rasterdataset - INFO - Reading population raster data from D:\GFM\inputs\exposure\ppp_2020_1km_Aggregated.tif
2026-08-04 06:43:08,215 - snakemake_workflow - rasterdataset - DEBUG - Clip to [-126.000, 48.000, -124.000, 50.000] (epsg:4326))
2026-08-04 06:43:10,191 - snakemake_workflow - rasterdataset - INFO - Reading population raster data from D:\GFM\inputs\exposure\ppp_2020_1km_Aggregated.tif
2026-08-04 06:43:10,303 - snakemake_workflow - rasterdataset - DEBUG - Clip to [-135.000, 55.000, -133.000, 57.000] (epsg:4326))
2026-08-04 06:43:13,437 - snakemake_workflow - rasterdataset - INFO - Reading population raster data from D:\GFM\inputs\exposure\ppp_2020_1km_Aggregated.tif
2026-08-04 06:43:13,437 - snakemake_workflow - rasterdataset - INFO - Reading population raster data from D:\GFM\inputs\exposure\ppp_2020_1km_Aggregated.tif
2026-08-04 06:43:13,660 - snakemake_workflow - rasterdataset - DEBUG - Clip to [99.000, 8.000, 101.000, 10.000] (epsg:4326))
2026-08-04 06:43:13,723 - snakemake_workflow - rasterdataset - INFO - Reading population raster data from D:\GFM\inputs\exposure\ppp_2020_1km_Aggregated.tif
2026-08-04 06:43:13,748 - snakemake_workflow - rasterdataset - DEBUG - Clip to [-125.000, 49.000, -123.000, 51.000] (epsg:4326))
2026-08-04 06:43:13,998 - snakemake_workflow - rasterdataset - DEBUG - Clip to [135.000, 36.000, 138.000, 37.000] (epsg:4326))
2026-08-04 06:43:14,102 - snakemake_workflow - rasterdataset - INFO - Reading population raster data from D:\GFM\inputs\exposure\ppp_2020_1km_Aggregated.tif
2026-08-04 06:43:14,216 - snakemake_workflow - rasterdataset - DEBUG - Clip to [129.000, -9.000, 132.000, -6.000] (epsg:4326))
2026-08-04 06:43:14,749 - snakemake_workflow - rasterdataset - INFO - Reading population raster data from D:\GFM\inputs\exposure\ppp_2020_1km_Aggregated.tif
2026-08-04 06:43:14,862 - snakemake_workflow - rasterdataset - DEBUG - Clip to [8.000, 42.000, 11.000, 45.000] (epsg:4326))
2026-08-04 06:43:15,670 - snakemake_workflow - rasterdataset - INFO - Reading population raster data from D:\GFM\inputs\exposure\ppp_2020_1km_Aggregated.tif
2026-08-04 06:43:15,925 - snakemake_workflow - rasterdataset - DEBUG - Clip to [-127.000, 69.000, -124.000, 72.000] (epsg:4326))
2026-08-04 06:43:17,093 - snakemake_workflow - rasterdataset - INFO - Reading population raster data from D:\GFM\inputs\exposure\ppp_2020_1km_Aggregated.tif
2026-08-04 06:43:17,093 - snakemake_workflow - rasterdataset - INFO - Reading population raster data from D:\GFM\inputs\exposure\ppp_2020_1km_Aggregated.tif
2026-08-04 06:43:17,361 - snakemake_workflow - rasterdataset - DEBUG - Clip to [13.000, 66.000, 15.000, 68.000] (epsg:4326))
2026-08-04 06:43:17,365 - snakemake_workflow - rasterdataset - DEBUG - Clip to [136.000, 53.000, 139.000, 56.000] (epsg:4326))
2026-08-04 06:43:17,659 - snakemake_workflow - rasterdataset - INFO - Reading population raster data from D:\GFM\inputs\exposure\ppp_2020_1km_Aggregated.tif
2026-08-04 06:43:17,841 - snakemake_workflow - rasterdataset - DEBUG - Clip to [146.000, -42.000, 149.000, -39.000] (epsg:4326))
2026-08-04 06:43:18,033 - snakemake_workflow - rasterdataset - INFO - Reading population raster data from D:\GFM\inputs\exposure\ppp_2020_1km_Aggregated.tif
2026-08-04 06:43:18,321 - snakemake_workflow - rasterdataset - DEBUG - Clip to [94.000, 16.000, 97.000, 19.000] (epsg:4326))
2026-08-04 06:43:21,967 - snakemake_workflow - rasterdataset - INFO - Reading population raster data from D:\GFM\inputs\exposure\ppp_2020_1km_Aggregated.tif
2026-08-04 06:43:22,104 - snakemake_workflow - rasterdataset - DEBUG - Clip to [151.000, -12.000, 154.000, -11.000] (epsg:4326))
2026-08-04 06:43:23,333 - snakemake_workflow - rasterdataset - INFO - Reading population raster data from D:\GFM\inputs\exposure\ppp_2020_1km_Aggregated.tif
2026-08-04 06:43:23,596 - snakemake_workflow - rasterdataset - DEBUG - Clip to [12.000, 68.000, 16.000, 69.000] (epsg:4326))
2026-08-04 06:43:24,152 - snakemake_workflow - rasterdataset - INFO - Reading population raster data from D:\GFM\inputs\exposure\ppp_2020_1km_Aggregated.tif
2026-08-04 06:43:24,152 - snakemake_workflow - rasterdataset - INFO - Reading population raster data from D:\GFM\inputs\exposure\ppp_2020_1km_Aggregated.tif
2026-08-04 06:43:24,173 - snakemake_workflow - rasterdataset - DEBUG - Clip to [33.000, 44.000, 36.000, 47.000] (epsg:4326))
2026-08-04 06:43:24,173 - snakemake_workflow - rasterdataset - DEBUG - Clip to [152.000, -11.000, 154.000, -9.000] (epsg:4326))
2026-08-04 06:43:25,585 - snakemake_workflow - rasterdataset - INFO - Reading population raster data from D:\GFM\inputs\exposure\ppp_2020_1km_Aggregated.tif
2026-08-04 06:43:25,971 - snakemake_workflow - rasterdataset - DEBUG - Clip to [-68.000, 75.000, -65.000, 78.000] (epsg:4326))
2026-08-04 06:43:27,757 - snakemake_workflow - rasterdataset - INFO - Reading population raster data from D:\GFM\inputs\exposure\ppp_2020_1km_Aggregated.tif
2026-08-04 06:43:27,757 - snakemake_workflow - rasterdataset - INFO - Reading population raster data from D:\GFM\inputs\exposure\ppp_2020_1km_Aggregated.tif
2026-08-04 06:43:27,931 - snakemake_workflow - rasterdataset - DEBUG - Clip to [69.000, 71.000, 72.000, 74.000] (epsg:4326))
2026-08-04 06:43:28,011 - snakemake_workflow - rasterdataset - INFO - Reading population raster data from D:\GFM\inputs\exposure\ppp_2020_1km_Aggregated.tif
2026-08-04 06:43:28,011 - snakemake_workflow - rasterdataset - DEBUG - Clip to [45.000, 30.000, 48.000, 33.000] (epsg:4326))
2026-08-04 06:43:28,217 - snakemake_workflow - rasterdataset - DEBUG - Clip to [158.000, -10.000, 161.000, -7.000] (epsg:4326))
2026-08-04 06:43:29,287 - snakemake_workflow - rasterdataset - INFO - Reading population raster data from D:\GFM\inputs\exposure\ppp_2020_1km_Aggregated.tif
2026-08-04 06:43:30,112 - snakemake_workflow - rasterdataset - DEBUG - Clip to [48.000, 67.000, 51.000, 70.000] (epsg:4326))
2026-08-04 06:43:33,836 - snakemake_workflow - rasterdataset - INFO - Reading population raster data from D:\GFM\inputs\exposure\ppp_2020_1km_Aggregated.tif
2026-08-04 06:43:33,948 - snakemake_workflow - rasterdataset - DEBUG - Clip to [139.000, -19.000, 142.000, -16.000] (epsg:4326))
2026-08-04 06:43:35,406 - snakemake_workflow - rasterdataset - INFO - Reading population raster data from D:\GFM\inputs\exposure\ppp_2020_1km_Aggregated.tif
2026-08-04 06:43:35,707 - snakemake_workflow - rasterdataset - DEBUG - Clip to [115.000, 28.000, 118.000, 31.000] (epsg:4326))
2026-08-04 06:43:38,422 - snakemake_workflow - rasterdataset - INFO - Reading population raster data from D:\GFM\inputs\exposure\ppp_2020_1km_Aggregated.tif
2026-08-04 06:43:38,438 - snakemake_workflow - rasterdataset - DEBUG - Clip to [4.000, 51.000, 7.000, 54.000] (epsg:4326))
2026-08-04 06:43:38,791 - snakemake_workflow - rasterdataset - INFO - Reading population raster data from D:\GFM\inputs\exposure\ppp_2020_1km_Aggregated.tif
2026-08-04 06:43:39,092 - snakemake_workflow - rasterdataset - DEBUG - Clip to [98.000, 7.000, 101.000, 9.000] (epsg:4326))
2026-08-04 06:43:42,753 - snakemake_workflow - rasterdataset - INFO - Reading population raster data from D:\GFM\inputs\exposure\ppp_2020_1km_Aggregated.tif
2026-08-04 06:43:42,864 - snakemake_workflow - rasterdataset - DEBUG - Clip to [104.000, 72.000, 107.000, 75.000] (epsg:4326))
2026-08-04 06:43:44,189 - snakemake_workflow - rasterdataset - INFO - Reading population raster data from D:\GFM\inputs\exposure\ppp_2020_1km_Aggregated.tif
2026-08-04 06:43:44,221 - snakemake_workflow - rasterdataset - DEBUG - Clip to [58.000, 68.000, 61.000, 71.000] (epsg:4326))
2026-08-04 06:43:44,508 - snakemake_workflow - rasterdataset - INFO - Reading population raster data from D:\GFM\inputs\exposure\ppp_2020_1km_Aggregated.tif
2026-08-04 06:43:44,683 - snakemake_workflow - rasterdataset - DEBUG - Clip to [10.000, 35.000, 13.000, 38.000] (epsg:4326))
2026-08-04 06:43:45,533 - snakemake_workflow - rasterdataset - INFO - Reading population raster data from D:\GFM\inputs\exposure\ppp_2020_1km_Aggregated.tif
2026-08-04 06:43:45,690 - snakemake_workflow - rasterdataset - INFO - Reading population raster data from D:\GFM\inputs\exposure\ppp_2020_1km_Aggregated.tif
2026-08-04 06:43:45,944 - snakemake_workflow - rasterdataset - DEBUG - Clip to [-147.000, -17.000, -144.000, -14.000] (epsg:4326))
2026-08-04 06:43:45,944 - snakemake_workflow - rasterdataset - DEBUG - Clip to [-45.000, -24.000, -41.000, -22.000] (epsg:4326))
2026-08-04 06:43:52,128 - snakemake_workflow - rasterdataset - INFO - Reading population raster data from D:\GFM\inputs\exposure\ppp_2020_1km_Aggregated.tif
2026-08-04 06:43:52,239 - snakemake_workflow - rasterdataset - INFO - Reading population raster data from D:\GFM\inputs\exposure\ppp_2020_1km_Aggregated.tif
2026-08-04 06:43:52,255 - snakemake_workflow - rasterdataset - DEBUG - Clip to [136.000, 34.000, 138.000, 36.000] (epsg:4326))
2026-08-04 06:43:52,255 - snakemake_workflow - rasterdataset - DEBUG - Clip to [177.000, -19.000, 180.000, -16.000] (epsg:4326))
2026-08-04 06:43:53,173 - snakemake_workflow - rasterdataset - INFO - Reading population raster data from D:\GFM\inputs\exposure\ppp_2020_1km_Aggregated.tif
2026-08-04 06:43:53,406 - snakemake_workflow - rasterdataset - DEBUG - Clip to [11.000, 65.000, 14.000, 68.000] (epsg:4326))
2026-08-04 06:43:54,429 - snakemake_workflow - rasterdataset - INFO - Reading population raster data from D:\GFM\inputs\exposure\ppp_2020_1km_Aggregated.tif
2026-08-04 06:43:54,429 - snakemake_workflow - rasterdataset - INFO - Reading population raster data from D:\GFM\inputs\exposure\ppp_2020_1km_Aggregated.tif
2026-08-04 06:43:54,455 - snakemake_workflow - rasterdataset - DEBUG - Clip to [-59.000, -37.000, -57.000, -35.000] (epsg:4326))
2026-08-04 06:43:54,522 - snakemake_workflow - rasterdataset - DEBUG - Clip to [-40.000, -15.000, -38.000, -13.000] (epsg:4326))
2026-08-04 06:43:54,984 - snakemake_workflow - rasterdataset - INFO - Reading population raster data from D:\GFM\inputs\exposure\ppp_2020_1km_Aggregated.tif
2026-08-04 06:43:55,174 - snakemake_workflow - rasterdataset - INFO - Reading population raster data from D:\GFM\inputs\exposure\ppp_2020_1km_Aggregated.tif
2026-08-04 06:43:55,401 - snakemake_workflow - rasterdataset - DEBUG - Clip to [-24.000, 64.000, -21.000, 67.000] (epsg:4326))
2026-08-04 06:43:55,401 - snakemake_workflow - rasterdataset - DEBUG - Clip to [-70.000, -52.000, -68.000, -50.000] (epsg:4326))
2026-08-04 06:43:57,178 - snakemake_workflow - rasterdataset - INFO - Reading population raster data from D:\GFM\inputs\exposure\ppp_2020_1km_Aggregated.tif
2026-08-04 06:43:57,416 - snakemake_workflow - rasterdataset - DEBUG - Clip to [-46.000, -5.000, -44.000, -3.000] (epsg:4326))
2026-08-04 06:43:58,070 - snakemake_workflow - rasterdataset - INFO - Reading population raster data from D:\GFM\inputs\exposure\ppp_2020_1km_Aggregated.tif
2026-08-04 06:43:58,334 - snakemake_workflow - rasterdataset - DEBUG - Clip to [-64.000, -42.000, -62.000, -38.000] (epsg:4326))
2026-08-04 06:43:59,386 - snakemake_workflow - rasterdataset - INFO - Reading population raster data from D:\GFM\inputs\exposure\ppp_2020_1km_Aggregated.tif
2026-08-04 06:43:59,720 - snakemake_workflow - rasterdataset - DEBUG - Clip to [-43.000, -4.000, -39.000, -2.000] (epsg:4326))
2026-08-04 06:43:59,799 - snakemake_workflow - rasterdataset - INFO - Reading population raster data from D:\GFM\inputs\exposure\ppp_2020_1km_Aggregated.tif
2026-08-04 06:44:00,120 - snakemake_workflow - rasterdataset - DEBUG - Clip to [-60.000, -34.000, -58.000, -32.000] (epsg:4326))
2026-08-04 06:44:02,994 - snakemake_workflow - rasterdataset - INFO - Reading population raster data from D:\GFM\inputs\exposure\ppp_2020_1km_Aggregated.tif
2026-08-04 06:44:03,336 - snakemake_workflow - rasterdataset - DEBUG - Clip to [-46.000, -3.000, -44.000, -1.000] (epsg:4326))
2026-08-04 06:44:03,858 - snakemake_workflow - rasterdataset - INFO - Reading population raster data from D:\GFM\inputs\exposure\ppp_2020_1km_Aggregated.tif
2026-08-04 06:44:03,873 - snakemake_workflow - rasterdataset - DEBUG - Clip to [-54.000, -3.000, -52.000, -1.000] (epsg:4326))
2026-08-04 06:44:06,302 - snakemake_workflow - rasterdataset - INFO - Reading population raster data from D:\GFM\inputs\exposure\ppp_2020_1km_Aggregated.tif
2026-08-04 06:44:06,845 - snakemake_workflow - rasterdataset - INFO - Reading population raster data from D:\GFM\inputs\exposure\ppp_2020_1km_Aggregated.tif
2026-08-04 06:44:07,052 - snakemake_workflow - rasterdataset - DEBUG - Clip to [-40.000, -18.000, -38.000, -14.000] (epsg:4326))
2026-08-04 06:44:07,565 - snakemake_workflow - rasterdataset - INFO - Reading population raster data from D:\GFM\inputs\exposure\ppp_2020_1km_Aggregated.tif
2026-08-04 06:44:07,768 - snakemake_workflow - rasterdataset - DEBUG - Clip to [-143.000, -19.000, -140.000, -16.000] (epsg:4326))
2026-08-04 06:44:08,079 - snakemake_workflow - rasterdataset - DEBUG - Clip to [-66.000, -44.000, -64.000, -42.000] (epsg:4326))
2026-08-04 06:44:08,951 - snakemake_workflow - rasterdataset - INFO - Reading population raster data from D:\GFM\inputs\exposure\ppp_2020_1km_Aggregated.tif
2026-08-04 06:44:09,181 - snakemake_workflow - rasterdataset - INFO - Reading population raster data from D:\GFM\inputs\exposure\ppp_2020_1km_Aggregated.tif
2026-08-04 06:44:09,218 - snakemake_workflow - rasterdataset - DEBUG - Clip to [-70.000, -51.000, -68.000, -49.000] (epsg:4326))
2026-08-04 06:44:09,376 - snakemake_workflow - rasterdataset - DEBUG - Clip to [-68.000, -56.000, -66.000, -54.000] (epsg:4326))
2026-08-04 06:44:09,494 - snakemake_workflow - rasterdataset - INFO - Reading population raster data from D:\GFM\inputs\exposure\ppp_2020_1km_Aggregated.tif
2026-08-04 06:44:09,555 - snakemake_workflow - rasterdataset - DEBUG - Clip to [-57.000, -3.000, -53.000, -1.000] (epsg:4326))
2026-08-04 06:44:11,985 - snakemake_workflow - rasterdataset - INFO - Reading population raster data from D:\GFM\inputs\exposure\ppp_2020_1km_Aggregated.tif
2026-08-04 06:44:12,177 - snakemake_workflow - rasterdataset - DEBUG - Clip to [-70.000, -53.000, -68.000, -51.000] (epsg:4326))
2026-08-04 06:44:13,006 - snakemake_workflow - rasterdataset - INFO - Reading population raster data from D:\GFM\inputs\exposure\ppp_2020_1km_Aggregated.tif
2026-08-04 06:44:13,259 - snakemake_workflow - rasterdataset - INFO - Reading population raster data from D:\GFM\inputs\exposure\ppp_2020_1km_Aggregated.tif
2026-08-04 06:44:13,277 - snakemake_workflow - rasterdataset - DEBUG - Clip to [-48.000, -2.000, -46.000, 0.000] (epsg:4326))
2026-08-04 06:44:13,431 - snakemake_workflow - rasterdataset - DEBUG - Clip to [-46.000, -4.000, -42.000, -2.000] (epsg:4326))
2026-08-04 06:44:14,942 - snakemake_workflow - rasterdataset - INFO - Reading population raster data from D:\GFM\inputs\exposure\ppp_2020_1km_Aggregated.tif
2026-08-04 06:44:14,961 - snakemake_workflow - rasterdataset - INFO - Reading population raster data from D:\GFM\inputs\exposure\ppp_2020_1km_Aggregated.tif
2026-08-04 06:44:15,072 - snakemake_workflow - rasterdataset - DEBUG - Clip to [-64.000, -5.000, -61.000, -3.000] (epsg:4326))
2026-08-04 06:44:15,124 - snakemake_workflow - rasterdataset - DEBUG - Clip to [-74.000, 8.000, -71.000, 10.000] (epsg:4326))
2026-08-04 06:44:16,347 - snakemake_workflow - rasterdataset - INFO - Reading population raster data from D:\GFM\inputs\exposure\ppp_2020_1km_Aggregated.tif
2026-08-04 06:44:16,442 - snakemake_workflow - rasterdataset - DEBUG - Clip to [-85.000, 11.000, -83.000, 13.000] (epsg:4326))
2026-08-04 06:44:19,152 - snakemake_workflow - rasterdataset - INFO - Reading population raster data from D:\GFM\inputs\exposure\ppp_2020_1km_Aggregated.tif
2026-08-04 06:44:19,423 - snakemake_workflow - rasterdataset - DEBUG - Clip to [-68.000, 17.000, -66.000, 19.000] (epsg:4326))
2026-08-04 06:44:22,523 - snakemake_workflow - rasterdataset - INFO - Reading population raster data from D:\GFM\inputs\exposure\ppp_2020_1km_Aggregated.tif
2026-08-04 06:44:22,676 - snakemake_workflow - rasterdataset - INFO - Reading population raster data from D:\GFM\inputs\exposure\ppp_2020_1km_Aggregated.tif
2026-08-04 06:44:22,692 - snakemake_workflow - rasterdataset - DEBUG - Clip to [-67.000, 17.000, -63.000, 19.000] (epsg:4326))
2026-08-04 06:44:22,821 - snakemake_workflow - rasterdataset - DEBUG - Clip to [-52.000, 1.000, -50.000, 3.000] (epsg:4326))
2026-08-04 06:44:23,873 - snakemake_workflow - rasterdataset - INFO - Reading population raster data from D:\GFM\inputs\exposure\ppp_2020_1km_Aggregated.tif
2026-08-04 06:44:23,992 - snakemake_workflow - rasterdataset - INFO - Reading population raster data from D:\GFM\inputs\exposure\ppp_2020_1km_Aggregated.tif
2026-08-04 06:44:23,992 - snakemake_workflow - rasterdataset - INFO - Reading population raster data from D:\GFM\inputs\exposure\ppp_2020_1km_Aggregated.tif
2026-08-04 06:44:24,088 - snakemake_workflow - rasterdataset - DEBUG - Clip to [-64.000, 17.000, -62.000, 19.000] (epsg:4326))
2026-08-04 06:44:24,088 - snakemake_workflow - rasterdataset - DEBUG - Clip to [-78.000, 17.000, -76.000, 19.000] (epsg:4326))
2026-08-04 06:44:24,088 - snakemake_workflow - rasterdataset - DEBUG - Clip to [-77.000, 8.000, -73.000, 10.000] (epsg:4326))
2026-08-04 06:44:26,960 - snakemake_workflow - rasterdataset - INFO - Reading population raster data from D:\GFM\inputs\exposure\ppp_2020_1km_Aggregated.tif
2026-08-04 06:44:26,960 - snakemake_workflow - rasterdataset - INFO - Reading population raster data from D:\GFM\inputs\exposure\ppp_2020_1km_Aggregated.tif
2026-08-04 06:44:26,960 - snakemake_workflow - rasterdataset - INFO - Reading population raster data from D:\GFM\inputs\exposure\ppp_2020_1km_Aggregated.tif
2026-08-04 06:44:27,133 - snakemake_workflow - rasterdataset - DEBUG - Clip to [-78.000, 3.000, -76.000, 5.000] (epsg:4326))
2026-08-04 06:44:27,229 - snakemake_workflow - rasterdataset - DEBUG - Clip to [-62.000, 10.000, -60.000, 12.000] (epsg:4326))
2026-08-04 06:44:27,229 - snakemake_workflow - rasterdataset - DEBUG - Clip to [-72.000, 18.000, -68.000, 20.000] (epsg:4326))
2026-08-04 06:44:27,444 - snakemake_workflow - rasterdataset - INFO - Reading population raster data from D:\GFM\inputs\exposure\ppp_2020_1km_Aggregated.tif
2026-08-04 06:44:27,673 - snakemake_workflow - rasterdataset - DEBUG - Clip to [-58.000, -4.000, -55.000, -3.000] (epsg:4326))
2026-08-04 06:44:28,631 - snakemake_workflow - rasterdataset - INFO - Reading population raster data from D:\GFM\inputs\exposure\ppp_2020_1km_Aggregated.tif
2026-08-04 06:44:28,654 - snakemake_workflow - rasterdataset - DEBUG - Clip to [-74.000, 21.000, -72.000, 23.000] (epsg:4326))
2026-08-04 06:44:31,742 - snakemake_workflow - rasterdataset - INFO - Reading population raster data from D:\GFM\inputs\exposure\ppp_2020_1km_Aggregated.tif
2026-08-04 06:44:31,958 - snakemake_workflow - rasterdataset - DEBUG - Clip to [-71.000, 11.000, -69.000, 13.000] (epsg:4326))
2026-08-04 06:44:33,560 - snakemake_workflow - rasterdataset - INFO - Reading population raster data from D:\GFM\inputs\exposure\ppp_2020_1km_Aggregated.tif
2026-08-04 06:44:33,772 - snakemake_workflow - rasterdataset - DEBUG - Clip to [-85.000, 21.000, -83.000, 23.000] (epsg:4326))
2026-08-04 06:44:33,924 - snakemake_workflow - rasterdataset - INFO - Reading population raster data from D:\GFM\inputs\exposure\ppp_2020_1km_Aggregated.tif
2026-08-04 06:44:34,037 - snakemake_workflow - rasterdataset - INFO - Reading population raster data from D:\GFM\inputs\exposure\ppp_2020_1km_Aggregated.tif
2026-08-04 06:44:34,068 - snakemake_workflow - rasterdataset - DEBUG - Clip to [-78.000, 4.000, -76.000, 8.000] (epsg:4326))
2026-08-04 06:44:34,227 - snakemake_workflow - rasterdataset - DEBUG - Clip to [-85.000, 12.000, -83.000, 14.000] (epsg:4326))
2026-08-04 06:44:34,483 - snakemake_workflow - rasterdataset - INFO - Reading population raster data from D:\GFM\inputs\exposure\ppp_2020_1km_Aggregated.tif
2026-08-04 06:44:34,768 - snakemake_workflow - rasterdataset - DEBUG - Clip to [-89.000, 17.000, -87.000, 21.000] (epsg:4326))
2026-08-04 06:44:36,394 - snakemake_workflow - rasterdataset - INFO - Reading population raster data from D:\GFM\inputs\exposure\ppp_2020_1km_Aggregated.tif
2026-08-04 06:44:36,632 - snakemake_workflow - rasterdataset - INFO - Reading population raster data from D:\GFM\inputs\exposure\ppp_2020_1km_Aggregated.tif
2026-08-04 06:44:36,663 - snakemake_workflow - rasterdataset - DEBUG - Clip to [-88.000, 20.000, -86.000, 22.000] (epsg:4326))
2026-08-04 06:44:36,878 - snakemake_workflow - rasterdataset - DEBUG - Clip to [-70.000, 11.000, -68.000, 13.000] (epsg:4326))
2026-08-04 06:44:36,940 - snakemake_workflow - rasterdataset - INFO - Reading population raster data from D:\GFM\inputs\exposure\ppp_2020_1km_Aggregated.tif
2026-08-04 06:44:37,242 - snakemake_workflow - rasterdataset - DEBUG - Clip to [-74.000, 20.000, -72.000, 22.000] (epsg:4326))
2026-08-04 06:44:37,522 - snakemake_workflow - rasterdataset - INFO - Reading population raster data from D:\GFM\inputs\exposure\ppp_2020_1km_Aggregated.tif
2026-08-04 06:44:37,642 - snakemake_workflow - rasterdataset - DEBUG - Clip to [-93.000, 17.000, -91.000, 19.000] (epsg:4326))
2026-08-04 06:44:39,202 - snakemake_workflow - rasterdataset - INFO - Reading population raster data from D:\GFM\inputs\exposure\ppp_2020_1km_Aggregated.tif
2026-08-04 06:44:39,390 - snakemake_workflow - rasterdataset - DEBUG - Clip to [-83.000, 31.000, -81.000, 33.000] (epsg:4326))
2026-08-04 06:44:39,552 - snakemake_workflow - rasterdataset - INFO - Reading population raster data from D:\GFM\inputs\exposure\ppp_2020_1km_Aggregated.tif
2026-08-04 06:44:39,965 - snakemake_workflow - rasterdataset - DEBUG - Clip to [-91.000, 29.000, -88.000, 31.000] (epsg:4326))
2026-08-04 06:44:40,128 - snakemake_workflow - rasterdataset - INFO - Reading population raster data from D:\GFM\inputs\exposure\ppp_2020_1km_Aggregated.tif
2026-08-04 06:44:40,259 - snakemake_workflow - rasterdataset - DEBUG - Clip to [-89.000, 20.000, -87.000, 22.000] (epsg:4326))
2026-08-04 06:44:43,306 - snakemake_workflow - rasterdataset - INFO - Reading population raster data from D:\GFM\inputs\exposure\ppp_2020_1km_Aggregated.tif
2026-08-04 06:44:43,581 - snakemake_workflow - rasterdataset - DEBUG - Clip to [-79.000, 26.000, -77.000, 28.000] (epsg:4326))
2026-08-04 06:44:44,037 - snakemake_workflow - rasterdataset - INFO - Reading population raster data from D:\GFM\inputs\exposure\ppp_2020_1km_Aggregated.tif
2026-08-04 06:44:44,276 - snakemake_workflow - rasterdataset - INFO - Reading population raster data from D:\GFM\inputs\exposure\ppp_2020_1km_Aggregated.tif
2026-08-04 06:44:44,902 - snakemake_workflow - rasterdataset - INFO - Reading population raster data from D:\GFM\inputs\exposure\ppp_2020_1km_Aggregated.tif
2026-08-04 06:44:44,916 - snakemake_workflow - rasterdataset - DEBUG - Clip to [-78.000, 23.000, -74.000, 25.000] (epsg:4326))
2026-08-04 06:44:44,916 - snakemake_workflow - rasterdataset - DEBUG - Clip to [-84.000, 8.000, -82.000, 10.000] (epsg:4326))
2026-08-04 06:44:45,315 - snakemake_workflow - rasterdataset - DEBUG - Clip to [-82.000, 24.000, -80.000, 27.000] (epsg:4326))
2026-08-04 06:44:45,472 - snakemake_workflow - rasterdataset - INFO - Reading population raster data from D:\GFM\inputs\exposure\ppp_2020_1km_Aggregated.tif
2026-08-04 06:44:46,008 - snakemake_workflow - rasterdataset - DEBUG - Clip to [-83.000, 29.000, -81.000, 31.000] (epsg:4326))
2026-08-04 06:44:49,320 - snakemake_workflow - rasterdataset - INFO - Reading population raster data from D:\GFM\inputs\exposure\ppp_2020_1km_Aggregated.tif
2026-08-04 06:44:49,464 - snakemake_workflow - rasterdataset - INFO - Reading population raster data from D:\GFM\inputs\exposure\ppp_2020_1km_Aggregated.tif
2026-08-04 06:44:49,826 - snakemake_workflow - rasterdataset - DEBUG - Clip to [-94.000, 29.000, -90.000, 31.000] (epsg:4326))
2026-08-04 06:44:49,826 - snakemake_workflow - rasterdataset - DEBUG - Clip to [-80.000, 25.000, -78.000, 27.000] (epsg:4326))
2026-08-04 06:44:50,746 - snakemake_workflow - rasterdataset - INFO - Reading population raster data from D:\GFM\inputs\exposure\ppp_2020_1km_Aggregated.tif
2026-08-04 06:44:51,282 - snakemake_workflow - rasterdataset - DEBUG - Clip to [-99.000, 26.000, -97.000, 28.000] (epsg:4326))
2026-08-04 06:44:52,597 - snakemake_workflow - rasterdataset - INFO - Reading population raster data from D:\GFM\inputs\exposure\ppp_2020_1km_Aggregated.tif
2026-08-04 06:44:52,916 - snakemake_workflow - rasterdataset - DEBUG - Clip to [-94.000, 17.000, -92.000, 19.000] (epsg:4326))
2026-08-04 06:44:53,685 - snakemake_workflow - rasterdataset - INFO - Reading population raster data from D:\GFM\inputs\exposure\ppp_2020_1km_Aggregated.tif
2026-08-04 06:44:53,900 - snakemake_workflow - rasterdataset - DEBUG - Clip to [-83.000, 30.000, -81.000, 32.000] (epsg:4326))
2026-08-04 06:44:54,552 - snakemake_workflow - rasterdataset - INFO - Reading population raster data from D:\GFM\inputs\exposure\ppp_2020_1km_Aggregated.tif
2026-08-04 06:44:54,552 - snakemake_workflow - rasterdataset - INFO - Reading population raster data from D:\GFM\inputs\exposure\ppp_2020_1km_Aggregated.tif
2026-08-04 06:44:54,790 - snakemake_workflow - rasterdataset - DEBUG - Clip to [-95.000, 29.000, -93.000, 31.000] (epsg:4326))
2026-08-04 06:44:54,790 - snakemake_workflow - rasterdataset - DEBUG - Clip to [-86.000, 29.000, -82.000, 31.000] (epsg:4326))
2026-08-04 06:44:55,383 - snakemake_workflow - rasterdataset - INFO - Reading population raster data from D:\GFM\inputs\exposure\ppp_2020_1km_Aggregated.tif
2026-08-04 06:44:55,685 - snakemake_workflow - rasterdataset - DEBUG - Clip to [-111.000, 22.000, -109.000, 25.000] (epsg:4326))
2026-08-04 06:44:55,988 - snakemake_workflow - rasterdataset - INFO - Reading population raster data from D:\GFM\inputs\exposure\ppp_2020_1km_Aggregated.tif
2026-08-04 06:44:55,988 - snakemake_workflow - rasterdataset - INFO - Reading population raster data from D:\GFM\inputs\exposure\ppp_2020_1km_Aggregated.tif
2026-08-04 06:44:56,176 - snakemake_workflow - rasterdataset - DEBUG - Clip to [-91.000, 20.000, -88.000, 22.000] (epsg:4326))
2026-08-04 06:44:56,176 - snakemake_workflow - rasterdataset - DEBUG - Clip to [-74.000, 41.000, -70.000, 43.000] (epsg:4326))
2026-08-04 06:44:58,201 - snakemake_workflow - rasterdataset - INFO - Reading population raster data from D:\GFM\inputs\exposure\ppp_2020_1km_Aggregated.tif
2026-08-04 06:44:58,495 - snakemake_workflow - rasterdataset - DEBUG - Clip to [-78.000, 34.000, -76.000, 36.000] (epsg:4326))
2026-08-04 06:44:59,207 - snakemake_workflow - rasterdataset - INFO - Reading population raster data from D:\GFM\inputs\exposure\ppp_2020_1km_Aggregated.tif
2026-08-04 06:44:59,426 - snakemake_workflow - rasterdataset - DEBUG - Clip to [-99.000, 24.000, -97.000, 26.000] (epsg:4326))
2026-08-04 06:45:02,234 - snakemake_workflow - rasterdataset - INFO - Reading population raster data from D:\GFM\inputs\exposure\ppp_2020_1km_Aggregated.tif
2026-08-04 06:45:02,425 - snakemake_workflow - rasterdataset - INFO - Reading population raster data from D:\GFM\inputs\exposure\ppp_2020_1km_Aggregated.tif
2026-08-04 06:45:02,454 - snakemake_workflow - rasterdataset - DEBUG - Clip to [-69.000, 48.000, -66.000, 50.000] (epsg:4326))
2026-08-04 06:45:02,584 - snakemake_workflow - rasterdataset - INFO - Reading population raster data from D:\GFM\inputs\exposure\ppp_2020_1km_Aggregated.tif
2026-08-04 06:45:02,599 - snakemake_workflow - rasterdataset - DEBUG - Clip to [-93.000, 30.000, -91.000, 33.000] (epsg:4326))
2026-08-04 06:45:02,604 - snakemake_workflow - rasterdataset - DEBUG - Clip to [-113.000, 24.000, -111.000, 27.000] (epsg:4326))
2026-08-04 06:45:05,121 - snakemake_workflow - rasterdataset - INFO - Reading population raster data from D:\GFM\inputs\exposure\ppp_2020_1km_Aggregated.tif
2026-08-04 06:45:05,457 - snakemake_workflow - rasterdataset - INFO - Reading population raster data from D:\GFM\inputs\exposure\ppp_2020_1km_Aggregated.tif
2026-08-04 06:45:05,469 - snakemake_workflow - rasterdataset - DEBUG - Clip to [-63.000, 49.000, -61.000, 51.000] (epsg:4326))
2026-08-04 06:45:05,963 - snakemake_workflow - rasterdataset - DEBUG - Clip to [-99.000, 25.000, -97.000, 27.000] (epsg:4326))
2026-08-04 06:45:06,159 - snakemake_workflow - rasterdataset - INFO - Reading population raster data from D:\GFM\inputs\exposure\ppp_2020_1km_Aggregated.tif
2026-08-04 06:45:06,288 - snakemake_workflow - rasterdataset - DEBUG - Clip to [-77.000, 38.000, -75.000, 40.000] (epsg:4326))
2026-08-04 06:45:06,596 - snakemake_workflow - rasterdataset - INFO - Reading population raster data from D:\GFM\inputs\exposure\ppp_2020_1km_Aggregated.tif
2026-08-04 06:45:07,115 - snakemake_workflow - rasterdataset - DEBUG - Clip to [-57.000, 51.000, -55.000, 53.000] (epsg:4326))
2026-08-04 06:45:10,598 - snakemake_workflow - rasterdataset - INFO - Reading population raster data from D:\GFM\inputs\exposure\ppp_2020_1km_Aggregated.tif
2026-08-04 06:45:11,154 - snakemake_workflow - rasterdataset - DEBUG - Clip to [-109.000, 24.000, -107.000, 26.000] (epsg:4326))
2026-08-04 06:45:11,745 - snakemake_workflow - rasterdataset - INFO - Reading population raster data from D:\GFM\inputs\exposure\ppp_2020_1km_Aggregated.tif
2026-08-04 06:45:11,936 - snakemake_workflow - rasterdataset - INFO - Reading population raster data from D:\GFM\inputs\exposure\ppp_2020_1km_Aggregated.tif
2026-08-04 06:45:11,936 - snakemake_workflow - rasterdataset - INFO - Reading population raster data from D:\GFM\inputs\exposure\ppp_2020_1km_Aggregated.tif
2026-08-04 06:45:11,961 - snakemake_workflow - rasterdataset - DEBUG - Clip to [-117.000, 32.000, -115.000, 34.000] (epsg:4326))
2026-08-04 06:45:12,163 - snakemake_workflow - rasterdataset - DEBUG - Clip to [-99.000, 21.000, -97.000, 25.000] (epsg:4326))
2026-08-04 06:45:12,256 - snakemake_workflow - rasterdataset - DEBUG - Clip to [-65.000, 49.000, -63.000, 51.000] (epsg:4326))
2026-08-04 06:45:12,955 - snakemake_workflow - rasterdataset - INFO - Reading population raster data from D:\GFM\inputs\exposure\ppp_2020_1km_Aggregated.tif
2026-08-04 06:45:13,196 - snakemake_workflow - rasterdataset - DEBUG - Clip to [-59.000, 47.000, -57.000, 50.000] (epsg:4326))
2026-08-04 06:45:13,961 - snakemake_workflow - rasterdataset - INFO - Reading population raster data from D:\GFM\inputs\exposure\ppp_2020_1km_Aggregated.tif
2026-08-04 06:45:14,983 - snakemake_workflow - rasterdataset - DEBUG - Clip to [-112.000, 24.000, -108.000, 26.000] (epsg:4326))
2026-08-04 06:45:15,130 - snakemake_workflow - rasterdataset - INFO - Reading population raster data from D:\GFM\inputs\exposure\ppp_2020_1km_Aggregated.tif
2026-08-04 06:45:15,383 - snakemake_workflow - rasterdataset - DEBUG - Clip to [-55.000, 48.000, -53.000, 50.000] (epsg:4326))
2026-08-04 06:45:16,434 - snakemake_workflow - rasterdataset - INFO - Reading population raster data from D:\GFM\inputs\exposure\ppp_2020_1km_Aggregated.tif
2026-08-04 06:45:16,641 - snakemake_workflow - rasterdataset - DEBUG - Clip to [-112.000, 27.000, -110.000, 29.000] (epsg:4326))
2026-08-04 06:45:17,055 - snakemake_workflow - rasterdataset - INFO - Reading population raster data from D:\GFM\inputs\exposure\ppp_2020_1km_Aggregated.tif
2026-08-04 06:45:17,218 - snakemake_workflow - rasterdataset - DEBUG - Clip to [-119.000, 32.000, -116.000, 34.000] (epsg:4326))
2026-08-04 06:45:17,421 - snakemake_workflow - rasterdataset - INFO - Reading population raster data from D:\GFM\inputs\exposure\ppp_2020_1km_Aggregated.tif
2026-08-04 06:45:17,614 - snakemake_workflow - rasterdataset - DEBUG - Clip to [-64.000, 49.000, -62.000, 51.000] (epsg:4326))
2026-08-04 06:45:18,070 - snakemake_workflow - rasterdataset - INFO - Reading population raster data from D:\GFM\inputs\exposure\ppp_2020_1km_Aggregated.tif
2026-08-04 06:45:18,322 - snakemake_workflow - rasterdataset - DEBUG - Clip to [-59.000, 53.000, -57.000, 55.000] (epsg:4326))
2026-08-04 06:45:18,419 - snakemake_workflow - rasterdataset - INFO - Reading population raster data from D:\GFM\inputs\exposure\ppp_2020_1km_Aggregated.tif
2026-08-04 06:45:18,680 - snakemake_workflow - rasterdataset - DEBUG - Clip to [-123.000, 36.000, -121.000, 38.000] (epsg:4326))
2026-08-04 06:45:20,556 - snakemake_workflow - rasterdataset - INFO - Reading population raster data from D:\GFM\inputs\exposure\ppp_2020_1km_Aggregated.tif
2026-08-04 06:45:20,569 - snakemake_workflow - rasterdataset - INFO - Reading population raster data from D:\GFM\inputs\exposure\ppp_2020_1km_Aggregated.tif
2026-08-04 06:45:21,096 - snakemake_workflow - rasterdataset - INFO - Reading population raster data from D:\GFM\inputs\exposure\ppp_2020_1km_Aggregated.tif
2026-08-04 06:45:21,112 - snakemake_workflow - rasterdataset - DEBUG - Clip to [-57.000, 52.000, -55.000, 54.000] (epsg:4326))
2026-08-04 06:45:21,112 - snakemake_workflow - rasterdataset - DEBUG - Clip to [-70.000, 62.000, -67.000, 64.000] (epsg:4326))
2026-08-04 06:45:21,399 - snakemake_workflow - rasterdataset - DEBUG - Clip to [-79.000, 59.000, -77.000, 62.000] (epsg:4326))
2026-08-04 06:45:22,022 - snakemake_workflow - rasterdataset - INFO - Reading population raster data from D:\GFM\inputs\exposure\ppp_2020_1km_Aggregated.tif
2026-08-04 06:45:22,059 - snakemake_workflow - rasterdataset - DEBUG - Clip to [-60.000, 50.000, -58.000, 52.000] (epsg:4326))
2026-08-04 06:45:22,178 - snakemake_workflow - rasterdataset - INFO - Reading population raster data from D:\GFM\inputs\exposure\ppp_2020_1km_Aggregated.tif
2026-08-04 06:45:22,450 - snakemake_workflow - rasterdataset - DEBUG - Clip to [-68.000, 44.000, -66.000, 46.000] (epsg:4326))
2026-08-04 06:45:22,928 - snakemake_workflow - rasterdataset - INFO - Reading population raster data from D:\GFM\inputs\exposure\ppp_2020_1km_Aggregated.tif
2026-08-04 06:45:22,928 - snakemake_workflow - rasterdataset - INFO - Reading population raster data from D:\GFM\inputs\exposure\ppp_2020_1km_Aggregated.tif
2026-08-04 06:45:23,185 - snakemake_workflow - rasterdataset - DEBUG - Clip to [-130.000, 53.000, -127.000, 54.000] (epsg:4326))
2026-08-04 06:45:23,485 - snakemake_workflow - rasterdataset - DEBUG - Clip to [-76.000, 64.000, -74.000, 66.000] (epsg:4326))
2026-08-04 06:45:23,707 - snakemake_workflow - rasterdataset - INFO - Reading population raster data from D:\GFM\inputs\exposure\ppp_2020_1km_Aggregated.tif
2026-08-04 06:45:23,892 - snakemake_workflow - rasterdataset - DEBUG - Clip to [-81.000, 61.000, -78.000, 63.000] (epsg:4326))
2026-08-04 06:45:24,170 - snakemake_workflow - rasterdataset - INFO - Reading population raster data from D:\GFM\inputs\exposure\ppp_2020_1km_Aggregated.tif
2026-08-04 06:45:24,410 - snakemake_workflow - rasterdataset - DEBUG - Clip to [-125.000, 43.000, -123.000, 46.000] (epsg:4326))
2026-08-04 06:45:24,605 - snakemake_workflow - rasterdataset - INFO - Reading population raster data from D:\GFM\inputs\exposure\ppp_2020_1km_Aggregated.tif
2026-08-04 06:45:24,821 - snakemake_workflow - rasterdataset - DEBUG - Clip to [-139.000, 58.000, -135.000, 60.000] (epsg:4326))
2026-08-04 06:45:26,913 - snakemake_workflow - rasterdataset - INFO - Reading population raster data from D:\GFM\inputs\exposure\ppp_2020_1km_Aggregated.tif
2026-08-04 06:45:27,029 - snakemake_workflow - rasterdataset - DEBUG - Clip to [-57.000, 46.000, -54.000, 48.000] (epsg:4326))
2026-08-04 06:45:27,456 - snakemake_workflow - rasterdataset - INFO - Reading population raster data from D:\GFM\inputs\exposure\ppp_2020_1km_Aggregated.tif
2026-08-04 06:45:28,012 - snakemake_workflow - rasterdataset - INFO - Reading population raster data from D:\GFM\inputs\exposure\ppp_2020_1km_Aggregated.tif
2026-08-04 06:45:28,028 - snakemake_workflow - rasterdataset - DEBUG - Clip to [-67.000, 58.000, -63.000, 60.000] (epsg:4326))
2026-08-04 06:45:28,197 - snakemake_workflow - rasterdataset - DEBUG - Clip to [-80.000, 53.000, -78.000, 55.000] (epsg:4326))
2026-08-04 06:45:29,256 - snakemake_workflow - rasterdataset - INFO - Reading population raster data from D:\GFM\inputs\exposure\ppp_2020_1km_Aggregated.tif
2026-08-04 06:45:29,494 - snakemake_workflow - rasterdataset - DEBUG - Clip to [-74.000, 62.000, -72.000, 64.000] (epsg:4326))
2026-08-04 06:45:29,719 - snakemake_workflow - rasterdataset - INFO - Reading population raster data from D:\GFM\inputs\exposure\ppp_2020_1km_Aggregated.tif
2026-08-04 06:45:29,955 - snakemake_workflow - rasterdataset - DEBUG - Clip to [-69.000, 65.000, -67.000, 67.000] (epsg:4326))
2026-08-04 06:45:30,672 - snakemake_workflow - rasterdataset - INFO - Reading population raster data from D:\GFM\inputs\exposure\ppp_2020_1km_Aggregated.tif
2026-08-04 06:45:30,786 - snakemake_workflow - rasterdataset - INFO - Reading population raster data from D:\GFM\inputs\exposure\ppp_2020_1km_Aggregated.tif
2026-08-04 06:45:30,984 - snakemake_workflow - rasterdataset - DEBUG - Clip to [-63.000, 66.000, -61.000, 68.000] (epsg:4326))
2026-08-04 06:45:30,984 - snakemake_workflow - rasterdataset - DEBUG - Clip to [-137.000, 57.000, -135.000, 59.000] (epsg:4326))
2026-08-04 06:45:31,275 - snakemake_workflow - rasterdataset - INFO - Reading population raster data from D:\GFM\inputs\exposure\ppp_2020_1km_Aggregated.tif
2026-08-04 06:45:31,283 - snakemake_workflow - rasterdataset - INFO - Reading population raster data from D:\GFM\inputs\exposure\ppp_2020_1km_Aggregated.tif
2026-08-04 06:45:31,500 - snakemake_workflow - rasterdataset - DEBUG - Clip to [-68.000, 68.000, -66.000, 70.000] (epsg:4326))
2026-08-04 06:45:31,500 - snakemake_workflow - rasterdataset - DEBUG - Clip to [-85.000, 65.000, -83.000, 67.000] (epsg:4326))
2026-08-04 06:45:31,690 - snakemake_workflow - rasterdataset - INFO - Reading population raster data from D:\GFM\inputs\exposure\ppp_2020_1km_Aggregated.tif
2026-08-04 06:45:31,833 - snakemake_workflow - rasterdataset - INFO - Reading population raster data from D:\GFM\inputs\exposure\ppp_2020_1km_Aggregated.tif
2026-08-04 06:45:31,849 - snakemake_workflow - rasterdataset - DEBUG - Clip to [-77.000, 64.000, -75.000, 66.000] (epsg:4326))
2026-08-04 06:45:32,248 - snakemake_workflow - rasterdataset - DEBUG - Clip to [-94.000, 62.000, -90.000, 64.000] (epsg:4326))
2026-08-04 06:45:33,572 - snakemake_workflow - rasterdataset - INFO - Reading population raster data from D:\GFM\inputs\exposure\ppp_2020_1km_Aggregated.tif
2026-08-04 06:45:33,794 - snakemake_workflow - rasterdataset - DEBUG - Clip to [-75.000, 64.000, -73.000, 66.000] (epsg:4326))
2026-08-04 06:45:33,794 - snakemake_workflow - rasterdataset - INFO - Reading population raster data from D:\GFM\inputs\exposure\ppp_2020_1km_Aggregated.tif
2026-08-04 06:45:33,890 - snakemake_workflow - rasterdataset - DEBUG - Clip to [-84.000, 69.000, -81.000, 71.000] (epsg:4326))
2026-08-04 06:45:33,970 - snakemake_workflow - rasterdataset - INFO - Reading population raster data from D:\GFM\inputs\exposure\ppp_2020_1km_Aggregated.tif
2026-08-04 06:45:34,097 - snakemake_workflow - rasterdataset - INFO - Reading population raster data from D:\GFM\inputs\exposure\ppp_2020_1km_Aggregated.tif
2026-08-04 06:45:34,229 - snakemake_workflow - rasterdataset - DEBUG - Clip to [-94.000, 70.000, -92.000, 72.000] (epsg:4326))
2026-08-04 06:45:34,575 - snakemake_workflow - rasterdataset - INFO - Reading population raster data from D:\GFM\inputs\exposure\ppp_2020_1km_Aggregated.tif
2026-08-04 06:45:34,760 - snakemake_workflow - rasterdataset - DEBUG - Clip to [-97.000, 69.000, -95.000, 72.000] (epsg:4326))
2026-08-04 06:45:34,767 - snakemake_workflow - rasterdataset - DEBUG - Clip to [-81.000, 55.000, -79.000, 57.000] (epsg:4326))
2026-08-04 06:45:35,346 - snakemake_workflow - rasterdataset - INFO - Reading population raster data from D:\GFM\inputs\exposure\ppp_2020_1km_Aggregated.tif
2026-08-04 06:45:35,566 - snakemake_workflow - rasterdataset - INFO - Reading population raster data from D:\GFM\inputs\exposure\ppp_2020_1km_Aggregated.tif
2026-08-04 06:45:35,905 - snakemake_workflow - rasterdataset - DEBUG - Clip to [-155.000, 56.000, -153.000, 58.000] (epsg:4326))
2026-08-04 06:45:35,909 - snakemake_workflow - rasterdataset - DEBUG - Clip to [-95.000, 72.000, -92.000, 73.000] (epsg:4326))
2026-08-04 06:45:36,122 - snakemake_workflow - rasterdataset - INFO - Reading population raster data from D:\GFM\inputs\exposure\ppp_2020_1km_Aggregated.tif
2026-08-04 06:45:36,378 - snakemake_workflow - rasterdataset - DEBUG - Clip to [-160.000, 58.000, -158.000, 60.000] (epsg:4326))
2026-08-04 06:45:37,368 - snakemake_workflow - rasterdataset - INFO - Reading population raster data from D:\GFM\inputs\exposure\ppp_2020_1km_Aggregated.tif
2026-08-04 06:45:37,368 - snakemake_workflow - rasterdataset - INFO - Reading population raster data from D:\GFM\inputs\exposure\ppp_2020_1km_Aggregated.tif
2026-08-04 06:45:37,399 - snakemake_workflow - rasterdataset - DEBUG - Clip to [-160.000, 55.000, -158.000, 57.000] (epsg:4326))
2026-08-04 06:45:37,399 - snakemake_workflow - rasterdataset - DEBUG - Clip to [-66.000, 59.000, -64.000, 62.000] (epsg:4326))
2026-08-04 06:45:37,527 - snakemake_workflow - rasterdataset - INFO - Reading population raster data from D:\GFM\inputs\exposure\ppp_2020_1km_Aggregated.tif
2026-08-04 06:45:37,829 - snakemake_workflow - rasterdataset - DEBUG - Clip to [-160.000, 62.000, -158.000, 64.000] (epsg:4326))
2026-08-04 06:45:39,392 - snakemake_workflow - rasterdataset - INFO - Reading population raster data from D:\GFM\inputs\exposure\ppp_2020_1km_Aggregated.tif
2026-08-04 06:45:39,647 - snakemake_workflow - rasterdataset - DEBUG - Clip to [-71.000, 69.000, -69.000, 71.000] (epsg:4326))
2026-08-04 06:45:40,120 - snakemake_workflow - rasterdataset - INFO - Reading population raster data from D:\GFM\inputs\exposure\ppp_2020_1km_Aggregated.tif
2026-08-04 06:45:40,799 - snakemake_workflow - rasterdataset - DEBUG - Clip to [-83.000, 52.000, -81.000, 54.000] (epsg:4326))
2026-08-04 06:45:41,469 - snakemake_workflow - rasterdataset - INFO - Reading population raster data from D:\GFM\inputs\exposure\ppp_2020_1km_Aggregated.tif
2026-08-04 06:45:41,898 - snakemake_workflow - rasterdataset - DEBUG - Clip to [-107.000, 68.000, -104.000, 70.000] (epsg:4326))
2026-08-04 06:45:42,619 - snakemake_workflow - rasterdataset - INFO - Reading population raster data from D:\GFM\inputs\exposure\ppp_2020_1km_Aggregated.tif
2026-08-04 06:45:42,848 - snakemake_workflow - rasterdataset - DEBUG - Clip to [-92.000, 79.000, -90.000, 81.000] (epsg:4326))
2026-08-04 06:45:43,017 - snakemake_workflow - rasterdataset - INFO - Reading population raster data from D:\GFM\inputs\exposure\ppp_2020_1km_Aggregated.tif
2026-08-04 06:45:43,037 - snakemake_workflow - rasterdataset - INFO - Reading population raster data from D:\GFM\inputs\exposure\ppp_2020_1km_Aggregated.tif
2026-08-04 06:45:43,161 - snakemake_workflow - rasterdataset - DEBUG - Clip to [-77.000, 71.000, -74.000, 73.000] (epsg:4326))
2026-08-04 06:45:43,256 - snakemake_workflow - rasterdataset - DEBUG - Clip to [-168.000, 59.000, -166.000, 61.000] (epsg:4326))
2026-08-04 06:45:43,737 - snakemake_workflow - rasterdataset - INFO - Reading population raster data from D:\GFM\inputs\exposure\ppp_2020_1km_Aggregated.tif
2026-08-04 06:45:43,753 - snakemake_workflow - rasterdataset - DEBUG - Clip to [-94.000, 69.000, -90.000, 71.000] (epsg:4326))
2026-08-04 06:45:45,173 - snakemake_workflow - rasterdataset - INFO - Reading population raster data from D:\GFM\inputs\exposure\ppp_2020_1km_Aggregated.tif
2026-08-04 06:45:45,297 - snakemake_workflow - rasterdataset - INFO - Reading population raster data from D:\GFM\inputs\exposure\ppp_2020_1km_Aggregated.tif
2026-08-04 06:45:45,476 - snakemake_workflow - rasterdataset - DEBUG - Clip to [-74.000, 70.000, -70.000, 72.000] (epsg:4326))
2026-08-04 06:45:45,685 - snakemake_workflow - rasterdataset - DEBUG - Clip to [-92.000, 78.000, -90.000, 80.000] (epsg:4326))
2026-08-04 06:45:46,134 - snakemake_workflow - rasterdataset - INFO - Reading population raster data from D:\GFM\inputs\exposure\ppp_2020_1km_Aggregated.tif
2026-08-04 06:45:46,246 - snakemake_workflow - rasterdataset - DEBUG - Clip to [-83.000, 66.000, -81.000, 70.000] (epsg:4326))
2026-08-04 06:45:47,121 - snakemake_workflow - rasterdataset - INFO - Reading population raster data from D:\GFM\inputs\exposure\ppp_2020_1km_Aggregated.tif
2026-08-04 06:45:47,343 - snakemake_workflow - rasterdataset - DEBUG - Clip to [-107.000, 72.000, -105.000, 74.000] (epsg:4326))
2026-08-04 06:45:48,143 - snakemake_workflow - rasterdataset - INFO - Reading population raster data from D:\GFM\inputs\exposure\ppp_2020_1km_Aggregated.tif
2026-08-04 06:45:48,348 - snakemake_workflow - rasterdataset - DEBUG - Clip to [-81.000, 76.000, -77.000, 77.000] (epsg:4326))
2026-08-04 06:45:48,733 - snakemake_workflow - rasterdataset - INFO - Reading population raster data from D:\GFM\inputs\exposure\ppp_2020_1km_Aggregated.tif
2026-08-04 06:45:48,914 - snakemake_workflow - rasterdataset - DEBUG - Clip to [-164.000, 54.000, -161.000, 56.000] (epsg:4326))
2026-08-04 06:45:49,000 - snakemake_workflow - rasterdataset - INFO - Reading population raster data from D:\GFM\inputs\exposure\ppp_2020_1km_Aggregated.tif
2026-08-04 06:45:49,415 - snakemake_workflow - rasterdataset - DEBUG - Clip to [-94.000, 78.000, -92.000, 80.000] (epsg:4326))
2026-08-04 06:45:51,967 - snakemake_workflow - rasterdataset - INFO - Reading population raster data from D:\GFM\inputs\exposure\ppp_2020_1km_Aggregated.tif
2026-08-04 06:45:52,097 - snakemake_workflow - rasterdataset - INFO - Reading population raster data from D:\GFM\inputs\exposure\ppp_2020_1km_Aggregated.tif
2026-08-04 06:45:52,109 - snakemake_workflow - rasterdataset - DEBUG - Clip to [-103.000, 72.000, -100.000, 74.000] (epsg:4326))
2026-08-04 06:45:52,109 - snakemake_workflow - rasterdataset - DEBUG - Clip to [-108.000, 68.000, -106.000, 70.000] (epsg:4326))
2026-08-04 06:45:52,340 - snakemake_workflow - rasterdataset - INFO - Reading population raster data from D:\GFM\inputs\exposure\ppp_2020_1km_Aggregated.tif
2026-08-04 06:45:52,340 - snakemake_workflow - rasterdataset - INFO - Reading population raster data from D:\GFM\inputs\exposure\ppp_2020_1km_Aggregated.tif
2026-08-04 06:45:52,355 - snakemake_workflow - rasterdataset - INFO - Reading population raster data from D:\GFM\inputs\exposure\ppp_2020_1km_Aggregated.tif
2026-08-04 06:45:52,368 - snakemake_workflow - rasterdataset - DEBUG - Clip to [-93.000, 56.000, -89.000, 58.000] (epsg:4326))
2026-08-04 06:45:52,368 - snakemake_workflow - rasterdataset - DEBUG - Clip to [-109.000, 71.000, -107.000, 73.000] (epsg:4326))
2026-08-04 06:45:52,442 - snakemake_workflow - rasterdataset - DEBUG - Clip to [-106.000, 72.000, -104.000, 74.000] (epsg:4326))
2026-08-04 06:45:52,474 - snakemake_workflow - rasterdataset - INFO - Reading population raster data from D:\GFM\inputs\exposure\ppp_2020_1km_Aggregated.tif
2026-08-04 06:45:52,474 - snakemake_workflow - rasterdataset - INFO - Reading population raster data from D:\GFM\inputs\exposure\ppp_2020_1km_Aggregated.tif
2026-08-04 06:45:52,601 - snakemake_workflow - rasterdataset - DEBUG - Clip to [-92.000, 80.000, -89.000, 82.000] (epsg:4326))
2026-08-04 06:45:52,637 - snakemake_workflow - rasterdataset - DEBUG - Clip to [-160.000, 66.000, -158.000, 68.000] (epsg:4326))
2026-08-04 06:45:52,809 - snakemake_workflow - rasterdataset - INFO - Reading population raster data from D:\GFM\inputs\exposure\ppp_2020_1km_Aggregated.tif
2026-08-04 06:45:53,017 - snakemake_workflow - rasterdataset - DEBUG - Clip to [-76.000, 78.000, -74.000, 80.000] (epsg:4326))
2026-08-04 06:45:54,174 - snakemake_workflow - rasterdataset - INFO - Reading population raster data from D:\GFM\inputs\exposure\ppp_2020_1km_Aggregated.tif
2026-08-04 06:45:54,380 - snakemake_workflow - rasterdataset - INFO - Reading population raster data from D:\GFM\inputs\exposure\ppp_2020_1km_Aggregated.tif
2026-08-04 06:45:54,396 - snakemake_workflow - rasterdataset - DEBUG - Clip to [-121.000, 71.000, -119.000, 73.000] (epsg:4326))
2026-08-04 06:45:54,476 - snakemake_workflow - rasterdataset - DEBUG - Clip to [-95.000, 68.000, -92.000, 70.000] (epsg:4326))
2026-08-04 06:45:54,717 - snakemake_workflow - rasterdataset - INFO - Reading population raster data from D:\GFM\inputs\exposure\ppp_2020_1km_Aggregated.tif
2026-08-04 06:45:54,780 - snakemake_workflow - rasterdataset - INFO - Reading population raster data from D:\GFM\inputs\exposure\ppp_2020_1km_Aggregated.tif
2026-08-04 06:45:54,853 - snakemake_workflow - rasterdataset - DEBUG - Clip to [-90.000, 80.000, -88.000, 82.000] (epsg:4326))
2026-08-04 06:45:54,922 - snakemake_workflow - rasterdataset - INFO - Reading population raster data from D:\GFM\inputs\exposure\ppp_2020_1km_Aggregated.tif
2026-08-04 06:45:54,938 - snakemake_workflow - rasterdataset - DEBUG - Clip to [-112.000, 67.000, -108.000, 69.000] (epsg:4326))
2026-08-04 06:45:55,081 - snakemake_workflow - rasterdataset - DEBUG - Clip to [-171.000, 65.000, -169.000, 67.000] (epsg:4326))
2026-08-04 06:45:57,559 - snakemake_workflow - rasterdataset - INFO - Reading population raster data from D:\GFM\inputs\exposure\ppp_2020_1km_Aggregated.tif
2026-08-04 06:45:57,652 - snakemake_workflow - rasterdataset - INFO - Reading population raster data from D:\GFM\inputs\exposure\ppp_2020_1km_Aggregated.tif
2026-08-04 06:45:57,826 - snakemake_workflow - rasterdataset - DEBUG - Clip to [-114.000, 67.000, -111.000, 69.000] (epsg:4326))
2026-08-04 06:45:57,911 - snakemake_workflow - rasterdataset - DEBUG - Clip to [-75.000, 78.000, -73.000, 80.000] (epsg:4326))
2026-08-04 06:45:58,113 - snakemake_workflow - rasterdataset - INFO - Reading population raster data from D:\GFM\inputs\exposure\ppp_2020_1km_Aggregated.tif
2026-08-04 06:45:58,131 - snakemake_workflow - rasterdataset - DEBUG - Clip to [-126.000, 71.000, -124.000, 73.000] (epsg:4326))
2026-08-04 06:45:58,190 - snakemake_workflow - rasterdataset - INFO - Reading population raster data from D:\GFM\inputs\exposure\ppp_2020_1km_Aggregated.tif
2026-08-04 06:45:58,361 - snakemake_workflow - rasterdataset - DEBUG - Clip to [-174.000, 65.000, -170.000, 67.000] (epsg:4326))
2026-08-04 06:45:58,445 - snakemake_workflow - rasterdataset - INFO - Reading population raster data from D:\GFM\inputs\exposure\ppp_2020_1km_Aggregated.tif
2026-08-04 06:45:58,702 - snakemake_workflow - rasterdataset - DEBUG - Clip to [-161.000, 66.000, -159.000, 68.000] (epsg:4326))
2026-08-04 06:45:59,451 - snakemake_workflow - rasterdataset - INFO - Reading population raster data from D:\GFM\inputs\exposure\ppp_2020_1km_Aggregated.tif
2026-08-04 06:45:59,705 - snakemake_workflow - rasterdataset - DEBUG - Clip to [-158.000, 70.000, -154.000, 72.000] (epsg:4326))
2026-08-04 06:45:59,801 - snakemake_workflow - rasterdataset - INFO - Reading population raster data from D:\GFM\inputs\exposure\ppp_2020_1km_Aggregated.tif
2026-08-04 06:45:59,977 - snakemake_workflow - rasterdataset - INFO - Reading population raster data from D:\GFM\inputs\exposure\ppp_2020_1km_Aggregated.tif
2026-08-04 06:46:00,179 - snakemake_workflow - rasterdataset - DEBUG - Clip to [-176.000, 66.000, -173.000, 68.000] (epsg:4326))
2026-08-04 06:46:00,179 - snakemake_workflow - rasterdataset - DEBUG - Clip to [-62.000, 81.000, -60.000, 83.000] (epsg:4326))
2026-08-04 06:46:02,383 - snakemake_workflow - rasterdataset - INFO - Reading population raster data from D:\GFM\inputs\exposure\ppp_2020_1km_Aggregated.tif
2026-08-04 06:46:02,527 - snakemake_workflow - rasterdataset - DEBUG - Clip to [-77.000, 81.000, -75.000, 83.000] (epsg:4326))
2026-08-04 06:46:03,053 - snakemake_workflow - rasterdataset - INFO - Reading population raster data from D:\GFM\inputs\exposure\ppp_2020_1km_Aggregated.tif
2026-08-04 06:46:03,538 - snakemake_workflow - rasterdataset - DEBUG - Clip to [-131.000, 69.000, -127.000, 71.000] (epsg:4326))
2026-08-04 06:46:04,018 - snakemake_workflow - rasterdataset - INFO - Reading population raster data from D:\GFM\inputs\exposure\ppp_2020_1km_Aggregated.tif
2026-08-04 06:46:04,258 - snakemake_workflow - rasterdataset - DEBUG - Clip to [-132.000, 69.000, -130.000, 71.000] (epsg:4326))
2026-08-04 06:46:04,418 - snakemake_workflow - rasterdataset - INFO - Reading population raster data from D:\GFM\inputs\exposure\ppp_2020_1km_Aggregated.tif
2026-08-04 06:46:04,769 - snakemake_workflow - rasterdataset - DEBUG - Clip to [-138.000, 68.000, -135.000, 70.000] (epsg:4326))
2026-08-04 06:46:05,247 - snakemake_workflow - rasterdataset - INFO - Reading population raster data from D:\GFM\inputs\exposure\ppp_2020_1km_Aggregated.tif
2026-08-04 06:46:05,359 - snakemake_workflow - rasterdataset - DEBUG - Clip to [-61.000, 81.000, -59.000, 83.000] (epsg:4326))
2026-08-04 06:46:05,559 - snakemake_workflow - rasterdataset - INFO - Reading population raster data from D:\GFM\inputs\exposure\ppp_2020_1km_Aggregated.tif
2026-08-04 06:46:05,822 - snakemake_workflow - rasterdataset - DEBUG - Clip to [-60.000, 81.000, -58.000, 83.000] (epsg:4326))
2026-08-04 06:46:06,203 - snakemake_workflow - rasterdataset - INFO - Reading population raster data from D:\GFM\inputs\exposure\ppp_2020_1km_Aggregated.tif
2026-08-04 06:46:06,203 - snakemake_workflow - rasterdataset - INFO - Reading population raster data from D:\GFM\inputs\exposure\ppp_2020_1km_Aggregated.tif
2026-08-04 06:46:06,214 - snakemake_workflow - rasterdataset - INFO - Reading population raster data from D:\GFM\inputs\exposure\ppp_2020_1km_Aggregated.tif
2026-08-04 06:46:06,449 - snakemake_workflow - rasterdataset - DEBUG - Clip to [-59.000, 81.000, -57.000, 83.000] (epsg:4326))
2026-08-04 06:46:06,453 - snakemake_workflow - rasterdataset - DEBUG - Clip to [-53.000, 64.000, -51.000, 66.000] (epsg:4326))
2026-08-04 06:46:06,455 - snakemake_workflow - rasterdataset - DEBUG - Clip to [-55.000, 81.000, -51.000, 83.000] (epsg:4326))
2026-08-04 06:46:06,614 - snakemake_workflow - rasterdataset - INFO - Reading population raster data from D:\GFM\inputs\exposure\ppp_2020_1km_Aggregated.tif
2026-08-04 06:46:06,723 - snakemake_workflow - rasterdataset - DEBUG - Clip to [-18.000, 80.000, -16.000, 82.000] (epsg:4326))
2026-08-04 06:46:06,884 - snakemake_workflow - rasterdataset - INFO - Reading population raster data from D:\GFM\inputs\exposure\ppp_2020_1km_Aggregated.tif
2026-08-04 06:46:06,963 - snakemake_workflow - rasterdataset - INFO - Reading population raster data from D:\GFM\inputs\exposure\ppp_2020_1km_Aggregated.tif
2026-08-04 06:46:07,026 - snakemake_workflow - rasterdataset - INFO - Reading population raster data from D:\GFM\inputs\exposure\ppp_2020_1km_Aggregated.tif
2026-08-04 06:46:07,043 - snakemake_workflow - rasterdataset - DEBUG - Clip to [-52.000, 81.000, -50.000, 83.000] (epsg:4326))
2026-08-04 06:46:07,049 - snakemake_workflow - rasterdataset - DEBUG - Clip to [-29.000, 81.000, -25.000, 83.000] (epsg:4326))
2026-08-04 06:46:07,049 - snakemake_workflow - rasterdataset - DEBUG - Clip to [-174.000, 64.000, -172.000, 66.000] (epsg:4326))
2026-08-04 06:46:07,095 - snakemake_workflow - rasterdataset - INFO - Reading population raster data from D:\GFM\inputs\exposure\ppp_2020_1km_Aggregated.tif
2026-08-04 06:46:07,279 - snakemake_workflow - rasterdataset - INFO - Reading population raster data from D:\GFM\inputs\exposure\ppp_2020_1km_Aggregated.tif
2026-08-04 06:46:07,491 - snakemake_workflow - rasterdataset - DEBUG - Clip to [-17.000, 80.000, -15.000, 82.000] (epsg:4326))
2026-08-04 06:46:07,580 - snakemake_workflow - rasterdataset - DEBUG - Clip to [-56.000, 72.000, -54.000, 74.000] (epsg:4326))
2026-08-04 06:46:07,660 - snakemake_workflow - rasterdataset - INFO - Reading population raster data from D:\GFM\inputs\exposure\ppp_2020_1km_Aggregated.tif
2026-08-04 06:46:08,201 - snakemake_workflow - rasterdataset - DEBUG - Clip to [-33.000, 81.000, -29.000, 83.000] (epsg:4326))
2026-08-04 06:46:08,408 - snakemake_workflow - rasterdataset - INFO - Reading population raster data from D:\GFM\inputs\exposure\ppp_2020_1km_Aggregated.tif
2026-08-04 06:46:08,536 - snakemake_workflow - rasterdataset - INFO - Reading population raster data from D:\GFM\inputs\exposure\ppp_2020_1km_Aggregated.tif
2026-08-04 06:46:08,666 - snakemake_workflow - rasterdataset - DEBUG - Clip to [-16.000, 80.000, -14.000, 82.000] (epsg:4326))
2026-08-04 06:46:08,852 - snakemake_workflow - rasterdataset - INFO - Reading population raster data from D:\GFM\inputs\exposure\ppp_2020_1km_Aggregated.tif
2026-08-04 06:46:08,865 - snakemake_workflow - rasterdataset - DEBUG - Clip to [-71.000, 81.000, -68.000, 82.000] (epsg:4326))
2026-08-04 06:46:08,876 - snakemake_workflow - rasterdataset - DEBUG - Clip to [-15.000, 80.000, -13.000, 82.000] (epsg:4326))
2026-08-04 06:46:09,045 - snakemake_workflow - rasterdataset - INFO - Reading population raster data from D:\GFM\inputs\exposure\ppp_2020_1km_Aggregated.tif
2026-08-04 06:46:09,221 - snakemake_workflow - rasterdataset - DEBUG - Clip to [123.000, -18.000, 125.000, -14.000] (epsg:4326))
2026-08-04 06:46:10,024 - snakemake_workflow - rasterdataset - INFO - Reading population raster data from D:\GFM\inputs\exposure\ppp_2020_1km_Aggregated.tif
2026-08-04 06:46:10,024 - snakemake_workflow - rasterdataset - INFO - Reading population raster data from D:\GFM\inputs\exposure\ppp_2020_1km_Aggregated.tif
2026-08-04 06:46:10,223 - snakemake_workflow - rasterdataset - DEBUG - Clip to [-174.000, 66.000, -172.000, 68.000] (epsg:4326))
2026-08-04 06:46:10,239 - snakemake_workflow - rasterdataset - DEBUG - Clip to [-66.000, 75.000, -64.000, 77.000] (epsg:4326))
2026-08-04 06:46:11,356 - snakemake_workflow - rasterdataset - INFO - Reading population raster data from D:\GFM\inputs\exposure\ppp_2020_1km_Aggregated.tif
2026-08-04 06:46:11,595 - snakemake_workflow - rasterdataset - DEBUG - Clip to [130.000, -13.000, 134.000, -11.000] (epsg:4326))
2026-08-04 06:46:11,777 - snakemake_workflow - rasterdataset - INFO - Reading population raster data from D:\GFM\inputs\exposure\ppp_2020_1km_Aggregated.tif
2026-08-04 06:46:11,947 - snakemake_workflow - rasterdataset - DEBUG - Clip to [113.000, -23.000, 115.000, -21.000] (epsg:4326))
2026-08-04 06:46:12,362 - snakemake_workflow - rasterdataset - INFO - Reading population raster data from D:\GFM\inputs\exposure\ppp_2020_1km_Aggregated.tif
2026-08-04 06:46:12,473 - snakemake_workflow - rasterdataset - INFO - Reading population raster data from D:\GFM\inputs\exposure\ppp_2020_1km_Aggregated.tif
2026-08-04 06:46:12,632 - snakemake_workflow - rasterdataset - DEBUG - Clip to [-48.000, 81.000, -44.000, 83.000] (epsg:4326))
2026-08-04 06:46:12,632 - snakemake_workflow - rasterdataset - DEBUG - Clip to [-49.000, 60.000, -45.000, 62.000] (epsg:4326))
2026-08-04 06:46:12,632 - snakemake_workflow - rasterdataset - INFO - Reading population raster data from D:\GFM\inputs\exposure\ppp_2020_1km_Aggregated.tif
2026-08-04 06:46:12,855 - snakemake_workflow - rasterdataset - DEBUG - Clip to [138.000, -18.000, 140.000, -16.000] (epsg:4326))
2026-08-04 06:46:12,935 - snakemake_workflow - rasterdataset - INFO - Reading population raster data from D:\GFM\inputs\exposure\ppp_2020_1km_Aggregated.tif
2026-08-04 06:46:13,122 - snakemake_workflow - rasterdataset - DEBUG - Clip to [137.000, -9.000, 139.000, -7.000] (epsg:4326))
2026-08-04 06:46:13,191 - snakemake_workflow - rasterdataset - INFO - Reading population raster data from D:\GFM\inputs\exposure\ppp_2020_1km_Aggregated.tif
2026-08-04 06:46:13,407 - snakemake_workflow - rasterdataset - DEBUG - Clip to [-64.000, 81.000, -62.000, 83.000] (epsg:4326))
2026-08-04 06:46:17,150 - snakemake_workflow - rasterdataset - INFO - Reading population raster data from D:\GFM\inputs\exposure\ppp_2020_1km_Aggregated.tif
2026-08-04 06:46:17,340 - snakemake_workflow - rasterdataset - DEBUG - Clip to [-63.000, 81.000, -61.000, 83.000] (epsg:4326))
2026-08-04 06:46:17,734 - snakemake_workflow - rasterdataset - INFO - Reading population raster data from D:\GFM\inputs\exposure\ppp_2020_1km_Aggregated.tif
2026-08-04 06:46:18,007 - snakemake_workflow - rasterdataset - DEBUG - Clip to [119.000, -35.000, 123.000, -33.000] (epsg:4326))
2026-08-04 06:46:18,216 - snakemake_workflow - rasterdataset - INFO - Reading population raster data from D:\GFM\inputs\exposure\ppp_2020_1km_Aggregated.tif
2026-08-04 06:46:18,216 - snakemake_workflow - rasterdataset - INFO - Reading population raster data from D:\GFM\inputs\exposure\ppp_2020_1km_Aggregated.tif
2026-08-04 06:46:18,375 - snakemake_workflow - rasterdataset - INFO - Reading population raster data from D:\GFM\inputs\exposure\ppp_2020_1km_Aggregated.tif
2026-08-04 06:46:18,375 - snakemake_workflow - rasterdataset - DEBUG - Clip to [134.000, -13.000, 136.000, -11.000] (epsg:4326))
2026-08-04 06:46:18,502 - snakemake_workflow - rasterdataset - DEBUG - Clip to [136.000, -3.000, 138.000, -1.000] (epsg:4326))
2026-08-04 06:46:18,502 - snakemake_workflow - rasterdataset - DEBUG - Clip to [146.000, -10.000, 148.000, -6.000] (epsg:4326))
2026-08-04 06:46:19,731 - snakemake_workflow - rasterdataset - INFO - Reading population raster data from D:\GFM\inputs\exposure\ppp_2020_1km_Aggregated.tif
2026-08-04 06:46:20,095 - snakemake_workflow - rasterdataset - DEBUG - Clip to [127.000, -16.000, 131.000, -14.000] (epsg:4326))
2026-08-04 06:46:22,453 - snakemake_workflow - rasterdataset - INFO - Reading population raster data from D:\GFM\inputs\exposure\ppp_2020_1km_Aggregated.tif
2026-08-04 06:46:22,623 - snakemake_workflow - rasterdataset - DEBUG - Clip to [-39.000, 65.000, -35.000, 67.000] (epsg:4326))
2026-08-04 06:46:23,363 - snakemake_workflow - rasterdataset - INFO - Reading population raster data from D:\GFM\inputs\exposure\ppp_2020_1km_Aggregated.tif
2026-08-04 06:46:23,500 - snakemake_workflow - rasterdataset - DEBUG - Clip to [135.000, -13.000, 137.000, -11.000] (epsg:4326))
2026-08-04 06:46:23,887 - snakemake_workflow - rasterdataset - INFO - Reading population raster data from D:\GFM\inputs\exposure\ppp_2020_1km_Aggregated.tif
2026-08-04 06:46:24,187 - snakemake_workflow - rasterdataset - DEBUG - Clip to [113.000, -26.000, 115.000, -22.000] (epsg:4326))
2026-08-04 06:46:24,347 - snakemake_workflow - rasterdataset - INFO - Reading population raster data from D:\GFM\inputs\exposure\ppp_2020_1km_Aggregated.tif
2026-08-04 06:46:24,448 - snakemake_workflow - rasterdataset - DEBUG - Clip to [131.000, -7.000, 133.000, -5.000] (epsg:4326))
2026-08-04 06:46:26,259 - snakemake_workflow - rasterdataset - INFO - Reading population raster data from D:\GFM\inputs\exposure\ppp_2020_1km_Aggregated.tif
2026-08-04 06:46:26,418 - snakemake_workflow - rasterdataset - DEBUG - Clip to [135.000, -16.000, 137.000, -12.000] (epsg:4326))
2026-08-04 06:46:26,609 - snakemake_workflow - rasterdataset - INFO - Reading population raster data from D:\GFM\inputs\exposure\ppp_2020_1km_Aggregated.tif
2026-08-04 06:46:26,992 - snakemake_workflow - rasterdataset - DEBUG - Clip to [122.000, -35.000, 124.000, -33.000] (epsg:4326))
2026-08-04 06:46:27,566 - snakemake_workflow - rasterdataset - INFO - Reading population raster data from D:\GFM\inputs\exposure\ppp_2020_1km_Aggregated.tif
2026-08-04 06:46:27,582 - snakemake_workflow - rasterdataset - DEBUG - Clip to [134.000, -35.000, 136.000, -33.000] (epsg:4326))
2026-08-04 06:46:28,985 - snakemake_workflow - rasterdataset - INFO - Reading population raster data from D:\GFM\inputs\exposure\ppp_2020_1km_Aggregated.tif
2026-08-04 06:46:29,079 - snakemake_workflow - rasterdataset - DEBUG - Clip to [142.000, -12.000, 144.000, -10.000] (epsg:4326))
2026-08-04 06:46:29,287 - snakemake_workflow - rasterdataset - INFO - Reading population raster data from D:\GFM\inputs\exposure\ppp_2020_1km_Aggregated.tif
2026-08-04 06:46:29,573 - snakemake_workflow - rasterdataset - DEBUG - Clip to [146.000, -7.000, 148.000, -5.000] (epsg:4326))
2026-08-04 06:46:30,614 - snakemake_workflow - rasterdataset - INFO - Reading population raster data from D:\GFM\inputs\exposure\ppp_2020_1km_Aggregated.tif
2026-08-04 06:46:30,614 - snakemake_workflow - rasterdataset - INFO - Reading population raster data from D:\GFM\inputs\exposure\ppp_2020_1km_Aggregated.tif
2026-08-04 06:46:30,689 - snakemake_workflow - rasterdataset - DEBUG - Clip to [137.000, -3.000, 139.000, -1.000] (epsg:4326))
2026-08-04 06:46:30,689 - snakemake_workflow - rasterdataset - DEBUG - Clip to [-19.000, 74.000, -17.000, 76.000] (epsg:4326))
2026-08-04 06:46:30,927 - snakemake_workflow - rasterdataset - INFO - Reading population raster data from D:\GFM\inputs\exposure\ppp_2020_1km_Aggregated.tif
2026-08-04 06:46:31,288 - snakemake_workflow - rasterdataset - DEBUG - Clip to [138.000, -3.000, 140.000, -1.000] (epsg:4326))
2026-08-04 06:46:31,458 - snakemake_workflow - rasterdataset - INFO - Reading population raster data from D:\GFM\inputs\exposure\ppp_2020_1km_Aggregated.tif
2026-08-04 06:46:31,458 - snakemake_workflow - rasterdataset - INFO - Reading population raster data from D:\GFM\inputs\exposure\ppp_2020_1km_Aggregated.tif
2026-08-04 06:46:31,522 - snakemake_workflow - rasterdataset - DEBUG - Clip to [149.000, -7.000, 151.000, -5.000] (epsg:4326))
2026-08-04 06:46:31,526 - snakemake_workflow - rasterdataset - DEBUG - Clip to [133.000, -13.000, 135.000, -11.000] (epsg:4326))
2026-08-04 06:46:31,974 - snakemake_workflow - rasterdataset - INFO - Reading population raster data from D:\GFM\inputs\exposure\ppp_2020_1km_Aggregated.tif
2026-08-04 06:46:32,070 - snakemake_workflow - rasterdataset - DEBUG - Clip to [147.000, -7.000, 150.000, -5.000] (epsg:4326))
2026-08-04 06:46:32,334 - snakemake_workflow - rasterdataset - INFO - Reading population raster data from D:\GFM\inputs\exposure\ppp_2020_1km_Aggregated.tif
2026-08-04 06:46:32,409 - snakemake_workflow - rasterdataset - DEBUG - Clip to [113.000, -29.000, 115.000, -25.000] (epsg:4326))
2026-08-04 06:46:32,584 - snakemake_workflow - rasterdataset - INFO - Reading population raster data from D:\GFM\inputs\exposure\ppp_2020_1km_Aggregated.tif
2026-08-04 06:46:32,762 - snakemake_workflow - rasterdataset - DEBUG - Clip to [125.000, -9.000, 129.000, -7.000] (epsg:4326))
2026-08-04 06:46:32,848 - snakemake_workflow - rasterdataset - INFO - Reading population raster data from D:\GFM\inputs\exposure\ppp_2020_1km_Aggregated.tif
2026-08-04 06:46:32,924 - snakemake_workflow - rasterdataset - DEBUG - Clip to [150.000, -7.000, 152.000, -5.000] (epsg:4326))
2026-08-04 06:46:33,436 - snakemake_workflow - rasterdataset - INFO - Reading population raster data from D:\GFM\inputs\exposure\ppp_2020_1km_Aggregated.tif
2026-08-04 06:46:33,580 - snakemake_workflow - rasterdataset - DEBUG - Clip to [152.000, -28.000, 154.000, -24.000] (epsg:4326))
2026-08-04 06:46:33,835 - snakemake_workflow - rasterdataset - INFO - Reading population raster data from D:\GFM\inputs\exposure\ppp_2020_1km_Aggregated.tif
2026-08-04 06:46:34,063 - snakemake_workflow - rasterdataset - DEBUG - Clip to [152.000, -5.000, 155.000, -3.000] (epsg:4326))
2026-08-04 06:46:34,250 - snakemake_workflow - rasterdataset - INFO - Reading population raster data from D:\GFM\inputs\exposure\ppp_2020_1km_Aggregated.tif
2026-08-04 06:46:34,464 - snakemake_workflow - rasterdataset - DEBUG - Clip to [118.000, -7.000, 120.000, -5.000] (epsg:4326))
2026-08-04 06:46:34,813 - snakemake_workflow - rasterdataset - INFO - Reading population raster data from D:\GFM\inputs\exposure\ppp_2020_1km_Aggregated.tif
2026-08-04 06:46:35,114 - snakemake_workflow - rasterdataset - DEBUG - Clip to [146.000, -3.000, 148.000, -1.000] (epsg:4326))
2026-08-04 06:46:35,908 - snakemake_workflow - rasterdataset - INFO - Reading population raster data from D:\GFM\inputs\exposure\ppp_2020_1km_Aggregated.tif
2026-08-04 06:46:36,022 - snakemake_workflow - rasterdataset - DEBUG - Clip to [141.000, -5.000, 145.000, -3.000] (epsg:4326))
2026-08-04 06:46:37,356 - snakemake_workflow - rasterdataset - INFO - Reading population raster data from D:\GFM\inputs\exposure\ppp_2020_1km_Aggregated.tif
2026-08-04 06:46:37,356 - snakemake_workflow - rasterdataset - INFO - Reading population raster data from D:\GFM\inputs\exposure\ppp_2020_1km_Aggregated.tif
2026-08-04 06:46:37,369 - snakemake_workflow - rasterdataset - DEBUG - Clip to [108.000, -8.000, 110.000, -6.000] (epsg:4326))
2026-08-04 06:46:37,369 - snakemake_workflow - rasterdataset - DEBUG - Clip to [123.000, -10.000, 127.000, -8.000] (epsg:4326))
2026-08-04 06:46:38,435 - snakemake_workflow - rasterdataset - INFO - Reading population raster data from D:\GFM\inputs\exposure\ppp_2020_1km_Aggregated.tif
2026-08-04 06:46:38,547 - snakemake_workflow - rasterdataset - INFO - Reading population raster data from D:\GFM\inputs\exposure\ppp_2020_1km_Aggregated.tif
2026-08-04 06:46:38,579 - snakemake_workflow - rasterdataset - DEBUG - Clip to [118.000, -4.000, 120.000, -2.000] (epsg:4326))
2026-08-04 06:46:38,579 - snakemake_workflow - rasterdataset - DEBUG - Clip to [116.000, -10.000, 118.000, -8.000] (epsg:4326))
2026-08-04 06:46:39,493 - snakemake_workflow - rasterdataset - INFO - Reading population raster data from D:\GFM\inputs\exposure\ppp_2020_1km_Aggregated.tif
2026-08-04 06:46:39,503 - snakemake_workflow - rasterdataset - DEBUG - Clip to [138.000, -36.000, 140.000, -34.000] (epsg:4326))
2026-08-04 06:46:41,605 - snakemake_workflow - rasterdataset - INFO - Reading population raster data from D:\GFM\inputs\exposure\ppp_2020_1km_Aggregated.tif
2026-08-04 06:46:41,630 - snakemake_workflow - rasterdataset - DEBUG - Clip to [136.000, -37.000, 138.000, -35.000] (epsg:4326))
2026-08-04 06:46:42,323 - snakemake_workflow - rasterdataset - INFO - Reading population raster data from D:\GFM\inputs\exposure\ppp_2020_1km_Aggregated.tif
2026-08-04 06:46:42,352 - snakemake_workflow - rasterdataset - DEBUG - Clip to [110.000, -4.000, 113.000, -2.000] (epsg:4326))
2026-08-04 06:46:42,528 - snakemake_workflow - rasterdataset - INFO - Reading population raster data from D:\GFM\inputs\exposure\ppp_2020_1km_Aggregated.tif
2026-08-04 06:46:42,559 - snakemake_workflow - rasterdataset - DEBUG - Clip to [125.000, 3.000, 127.000, 6.000] (epsg:4326))
2026-08-04 06:46:42,846 - snakemake_workflow - rasterdataset - INFO - Reading population raster data from D:\GFM\inputs\exposure\ppp_2020_1km_Aggregated.tif
2026-08-04 06:46:42,878 - snakemake_workflow - rasterdataset - DEBUG - Clip to [127.000, 1.000, 129.000, 3.000] (epsg:4326))
2026-08-04 06:46:43,022 - snakemake_workflow - rasterdataset - INFO - Reading population raster data from D:\GFM\inputs\exposure\ppp_2020_1km_Aggregated.tif
2026-08-04 06:46:43,054 - snakemake_workflow - rasterdataset - DEBUG - Clip to [147.000, -3.000, 151.000, -1.000] (epsg:4326))
2026-08-04 06:46:43,520 - snakemake_workflow - rasterdataset - INFO - Reading population raster data from D:\GFM\inputs\exposure\ppp_2020_1km_Aggregated.tif
2026-08-04 06:46:43,545 - snakemake_workflow - rasterdataset - DEBUG - Clip to [151.000, -6.000, 153.000, -2.000] (epsg:4326))
2026-08-04 06:46:44,002 - snakemake_workflow - rasterdataset - INFO - Reading population raster data from D:\GFM\inputs\exposure\ppp_2020_1km_Aggregated.tif
2026-08-04 06:46:44,037 - snakemake_workflow - rasterdataset - DEBUG - Clip to [137.000, -34.000, 139.000, -32.000] (epsg:4326))
2026-08-04 06:46:44,510 - snakemake_workflow - rasterdataset - INFO - Reading population raster data from D:\GFM\inputs\exposure\ppp_2020_1km_Aggregated.tif
2026-08-04 06:46:44,529 - snakemake_workflow - rasterdataset - DEBUG - Clip to [123.000, -3.000, 126.000, -1.000] (epsg:4326))
2026-08-04 06:46:45,310 - snakemake_workflow - rasterdataset - INFO - Reading population raster data from D:\GFM\inputs\exposure\ppp_2020_1km_Aggregated.tif
2026-08-04 06:46:45,344 - snakemake_workflow - rasterdataset - DEBUG - Clip to [120.000, -9.000, 122.000, -6.000] (epsg:4326))
2026-08-04 06:46:45,709 - snakemake_workflow - rasterdataset - INFO - Reading population raster data from D:\GFM\inputs\exposure\ppp_2020_1km_Aggregated.tif
2026-08-04 06:46:45,741 - snakemake_workflow - rasterdataset - DEBUG - Clip to [116.000, 2.000, 118.000, 5.000] (epsg:4326))
2026-08-04 06:46:46,118 - snakemake_workflow - rasterdataset - INFO - Reading population raster data from D:\GFM\inputs\exposure\ppp_2020_1km_Aggregated.tif
2026-08-04 06:46:46,153 - snakemake_workflow - rasterdataset - DEBUG - Clip to [117.000, -10.000, 121.000, -8.000] (epsg:4326))
2026-08-04 06:46:46,705 - snakemake_workflow - rasterdataset - INFO - Reading population raster data from D:\GFM\inputs\exposure\ppp_2020_1km_Aggregated.tif
2026-08-04 06:46:46,741 - snakemake_workflow - rasterdataset - DEBUG - Clip to [144.000, -39.000, 148.000, -37.000] (epsg:4326))
2026-08-04 06:46:47,417 - snakemake_workflow - rasterdataset - INFO - Reading population raster data from D:\GFM\inputs\exposure\ppp_2020_1km_Aggregated.tif
2026-08-04 06:46:47,442 - snakemake_workflow - rasterdataset - DEBUG - Clip to [127.000, 0.000, 129.000, 2.000] (epsg:4326))
2026-08-04 06:46:47,851 - snakemake_workflow - rasterdataset - INFO - Reading population raster data from D:\GFM\inputs\exposure\ppp_2020_1km_Aggregated.tif
2026-08-04 06:46:47,880 - snakemake_workflow - rasterdataset - DEBUG - Clip to [114.000, 4.000, 116.000, 6.000] (epsg:4326))
2026-08-04 06:46:48,853 - snakemake_workflow - rasterdataset - INFO - Reading population raster data from D:\GFM\inputs\exposure\ppp_2020_1km_Aggregated.tif
2026-08-04 06:46:48,900 - snakemake_workflow - rasterdataset - DEBUG - Clip to [121.000, 6.000, 123.000, 8.000] (epsg:4326))
2026-08-04 06:46:49,290 - snakemake_workflow - rasterdataset - INFO - Reading population raster data from D:\GFM\inputs\exposure\ppp_2020_1km_Aggregated.tif
2026-08-04 06:46:49,328 - snakemake_workflow - rasterdataset - DEBUG - Clip to [160.000, -10.000, 162.000, -8.000] (epsg:4326))
2026-08-04 06:46:49,409 - snakemake_workflow - rasterdataset - INFO - Reading population raster data from D:\GFM\inputs\exposure\ppp_2020_1km_Aggregated.tif
2026-08-04 06:46:49,429 - snakemake_workflow - rasterdataset - DEBUG - Clip to [101.000, -5.000, 103.000, -3.000] (epsg:4326))
2026-08-04 06:46:50,964 - snakemake_workflow - rasterdataset - INFO - Reading population raster data from D:\GFM\inputs\exposure\ppp_2020_1km_Aggregated.tif
2026-08-04 06:46:51,016 - snakemake_workflow - rasterdataset - DEBUG - Clip to [107.000, -4.000, 109.000, -2.000] (epsg:4326))
2026-08-04 06:46:51,250 - snakemake_workflow - rasterdataset - INFO - Reading population raster data from D:\GFM\inputs\exposure\ppp_2020_1km_Aggregated.tif
2026-08-04 06:46:51,272 - snakemake_workflow - rasterdataset - DEBUG - Clip to [109.000, -8.000, 111.000, -6.000] (epsg:4326))
2026-08-04 06:46:51,359 - snakemake_workflow - rasterdataset - INFO - Reading population raster data from D:\GFM\inputs\exposure\ppp_2020_1km_Aggregated.tif
2026-08-04 06:46:51,375 - snakemake_workflow - rasterdataset - DEBUG - Clip to [100.000, 3.000, 102.000, 5.000] (epsg:4326))
2026-08-04 06:46:52,094 - snakemake_workflow - rasterdataset - INFO - Reading population raster data from D:\GFM\inputs\exposure\ppp_2020_1km_Aggregated.tif
2026-08-04 06:46:52,150 - snakemake_workflow - rasterdataset - DEBUG - Clip to [119.000, 4.000, 121.000, 6.000] (epsg:4326))
2026-08-04 06:46:52,797 - snakemake_workflow - rasterdataset - INFO - Reading population raster data from D:\GFM\inputs\exposure\ppp_2020_1km_Aggregated.tif
2026-08-04 06:46:52,822 - snakemake_workflow - rasterdataset - INFO - Reading population raster data from D:\GFM\inputs\exposure\ppp_2020_1km_Aggregated.tif
2026-08-04 06:46:52,834 - snakemake_workflow - rasterdataset - DEBUG - Clip to [161.000, -10.000, 163.000, -8.000] (epsg:4326))
2026-08-04 06:46:52,857 - snakemake_workflow - rasterdataset - DEBUG - Clip to [118.000, 9.000, 120.000, 11.000] (epsg:4326))
2026-08-04 06:46:53,482 - snakemake_workflow - rasterdataset - INFO - Reading population raster data from D:\GFM\inputs\exposure\ppp_2020_1km_Aggregated.tif
2026-08-04 06:46:53,527 - snakemake_workflow - rasterdataset - DEBUG - Clip to [121.000, 18.000, 123.000, 20.000] (epsg:4326))
2026-08-04 06:46:54,176 - snakemake_workflow - rasterdataset - INFO - Reading population raster data from D:\GFM\inputs\exposure\ppp_2020_1km_Aggregated.tif
2026-08-04 06:46:54,221 - snakemake_workflow - rasterdataset - DEBUG - Clip to [156.000, -9.000, 159.000, -7.000] (epsg:4326))
2026-08-04 06:46:54,239 - snakemake_workflow - rasterdataset - INFO - Reading population raster data from D:\GFM\inputs\exposure\ppp_2020_1km_Aggregated.tif
2026-08-04 06:46:54,283 - snakemake_workflow - rasterdataset - DEBUG - Clip to [107.000, 3.000, 109.000, 5.000] (epsg:4326))
2026-08-04 06:46:54,427 - snakemake_workflow - rasterdataset - INFO - Reading population raster data from D:\GFM\inputs\exposure\ppp_2020_1km_Aggregated.tif
2026-08-04 06:46:54,466 - snakemake_workflow - rasterdataset - DEBUG - Clip to [111.000, 0.000, 113.000, 2.000] (epsg:4326))
2026-08-04 06:46:54,575 - snakemake_workflow - rasterdataset - INFO - Reading population raster data from D:\GFM\inputs\exposure\ppp_2020_1km_Aggregated.tif
2026-08-04 06:46:54,773 - snakemake_workflow - rasterdataset - INFO - Reading population raster data from D:\GFM\inputs\exposure\ppp_2020_1km_Aggregated.tif
2026-08-04 06:46:54,775 - snakemake_workflow - rasterdataset - DEBUG - Clip to [119.000, 15.000, 121.000, 17.000] (epsg:4326))
2026-08-04 06:46:54,845 - snakemake_workflow - rasterdataset - DEBUG - Clip to [109.000, -2.000, 111.000, 2.000] (epsg:4326))
2026-08-04 06:46:55,783 - snakemake_workflow - rasterdataset - INFO - Reading population raster data from D:\GFM\inputs\exposure\ppp_2020_1km_Aggregated.tif
2026-08-04 06:46:55,814 - snakemake_workflow - rasterdataset - DEBUG - Clip to [110.000, 0.000, 112.000, 2.000] (epsg:4326))
2026-08-04 06:46:56,482 - snakemake_workflow - rasterdataset - INFO - Reading population raster data from D:\GFM\inputs\exposure\ppp_2020_1km_Aggregated.tif
2026-08-04 06:46:56,498 - snakemake_workflow - rasterdataset - DEBUG - Clip to [121.000, 19.000, 123.000, 21.000] (epsg:4326))
2026-08-04 06:46:56,959 - snakemake_workflow - rasterdataset - INFO - Reading population raster data from D:\GFM\inputs\exposure\ppp_2020_1km_Aggregated.tif
2026-08-04 06:46:56,981 - snakemake_workflow - rasterdataset - DEBUG - Clip to [105.000, 2.000, 107.000, 4.000] (epsg:4326))
2026-08-04 06:46:58,172 - snakemake_workflow - rasterdataset - INFO - Reading population raster data from D:\GFM\inputs\exposure\ppp_2020_1km_Aggregated.tif
2026-08-04 06:46:58,194 - snakemake_workflow - rasterdataset - INFO - Reading population raster data from D:\GFM\inputs\exposure\ppp_2020_1km_Aggregated.tif
2026-08-04 06:46:58,194 - snakemake_workflow - rasterdataset - DEBUG - Clip to [99.000, 6.000, 101.000, 8.000] (epsg:4326))
2026-08-04 06:46:58,359 - snakemake_workflow - rasterdataset - DEBUG - Clip to [117.000, 9.000, 121.000, 10.000] (epsg:4326))
2026-08-04 06:46:58,707 - snakemake_workflow - rasterdataset - INFO - Reading population raster data from D:\GFM\inputs\exposure\ppp_2020_1km_Aggregated.tif
2026-08-04 06:46:58,727 - snakemake_workflow - rasterdataset - DEBUG - Clip to [100.000, 4.000, 102.000, 6.000] (epsg:4326))
2026-08-04 06:46:59,046 - snakemake_workflow - rasterdataset - INFO - Reading population raster data from D:\GFM\inputs\exposure\ppp_2020_1km_Aggregated.tif
2026-08-04 06:46:59,078 - snakemake_workflow - rasterdataset - DEBUG - Clip to [106.000, -4.000, 108.000, -2.000] (epsg:4326))
2026-08-04 06:46:59,157 - snakemake_workflow - rasterdataset - INFO - Reading population raster data from D:\GFM\inputs\exposure\ppp_2020_1km_Aggregated.tif
2026-08-04 06:46:59,188 - snakemake_workflow - rasterdataset - DEBUG - Clip to [118.000, 4.000, 120.000, 6.000] (epsg:4326))
2026-08-04 06:46:59,701 - snakemake_workflow - rasterdataset - INFO - Reading population raster data from D:\GFM\inputs\exposure\ppp_2020_1km_Aggregated.tif
2026-08-04 06:46:59,727 - snakemake_workflow - rasterdataset - DEBUG - Clip to [98.000, -2.000, 100.000, 0.000] (epsg:4326))
2026-08-04 06:47:00,045 - snakemake_workflow - rasterdataset - INFO - Reading population raster data from D:\GFM\inputs\exposure\ppp_2020_1km_Aggregated.tif
2026-08-04 06:47:00,063 - snakemake_workflow - rasterdataset - DEBUG - Clip to [121.000, 24.000, 125.000, 26.000] (epsg:4326))
2026-08-04 06:47:01,124 - snakemake_workflow - rasterdataset - INFO - Reading population raster data from D:\GFM\inputs\exposure\ppp_2020_1km_Aggregated.tif
2026-08-04 06:47:01,131 - snakemake_workflow - rasterdataset - DEBUG - Clip to [94.000, 15.000, 96.000, 17.000] (epsg:4326))
2026-08-04 06:47:01,370 - snakemake_workflow - rasterdataset - INFO - Reading population raster data from D:\GFM\inputs\exposure\ppp_2020_1km_Aggregated.tif
2026-08-04 06:47:01,495 - snakemake_workflow - rasterdataset - DEBUG - Clip to [100.000, 5.000, 102.000, 7.000] (epsg:4326))
2026-08-04 06:47:02,037 - snakemake_workflow - rasterdataset - INFO - Reading population raster data from D:\GFM\inputs\exposure\ppp_2020_1km_Aggregated.tif
2026-08-04 06:47:02,052 - snakemake_workflow - rasterdataset - DEBUG - Clip to [144.000, -42.000, 147.000, -40.000] (epsg:4326))
2026-08-04 06:47:02,161 - snakemake_workflow - rasterdataset - INFO - Reading population raster data from D:\GFM\inputs\exposure\ppp_2020_1km_Aggregated.tif
2026-08-04 06:47:02,183 - snakemake_workflow - rasterdataset - DEBUG - Clip to [147.000, -44.000, 149.000, -41.000] (epsg:4326))
2026-08-04 06:47:02,849 - snakemake_workflow - rasterdataset - INFO - Reading population raster data from D:\GFM\inputs\exposure\ppp_2020_1km_Aggregated.tif
2026-08-04 06:47:02,867 - snakemake_workflow - rasterdataset - DEBUG - Clip to [119.000, 34.000, 121.000, 36.000] (epsg:4326))
2026-08-04 06:47:03,275 - snakemake_workflow - rasterdataset - INFO - Reading population raster data from D:\GFM\inputs\exposure\ppp_2020_1km_Aggregated.tif
2026-08-04 06:47:03,382 - snakemake_workflow - rasterdataset - DEBUG - Clip to [-92.000, -2.000, -89.000, 1.000] (epsg:4326))
2026-08-04 06:47:03,458 - snakemake_workflow - rasterdataset - INFO - Reading population raster data from D:\GFM\inputs\exposure\ppp_2020_1km_Aggregated.tif
2026-08-04 06:47:03,524 - snakemake_workflow - rasterdataset - INFO - Reading population raster data from D:\GFM\inputs\exposure\ppp_2020_1km_Aggregated.tif
2026-08-04 06:47:03,618 - snakemake_workflow - rasterdataset - DEBUG - Clip to [120.000, 21.000, 122.000, 25.000] (epsg:4326))
2026-08-04 06:47:03,618 - snakemake_workflow - rasterdataset - DEBUG - Clip to [119.000, 36.000, 121.000, 38.000] (epsg:4326))
2026-08-04 06:47:06,116 - snakemake_workflow - rasterdataset - INFO - Reading population raster data from D:\GFM\inputs\exposure\ppp_2020_1km_Aggregated.tif
2026-08-04 06:47:06,132 - snakemake_workflow - rasterdataset - DEBUG - Clip to [120.000, 27.000, 122.000, 29.000] (epsg:4326))
2026-08-04 06:47:06,490 - snakemake_workflow - rasterdataset - INFO - Reading population raster data from D:\GFM\inputs\exposure\ppp_2020_1km_Aggregated.tif
2026-08-04 06:47:06,626 - snakemake_workflow - rasterdataset - DEBUG - Clip to [97.000, 15.000, 99.000, 17.000] (epsg:4326))
2026-08-04 06:47:06,721 - snakemake_workflow - rasterdataset - INFO - Reading population raster data from D:\GFM\inputs\exposure\ppp_2020_1km_Aggregated.tif
2026-08-04 06:47:06,833 - snakemake_workflow - rasterdataset - DEBUG - Clip to [121.000, 36.000, 123.000, 38.000] (epsg:4326))
2026-08-04 06:47:07,375 - snakemake_workflow - rasterdataset - INFO - Reading population raster data from D:\GFM\inputs\exposure\ppp_2020_1km_Aggregated.tif
2026-08-04 06:47:07,403 - snakemake_workflow - rasterdataset - DEBUG - Clip to [124.000, 37.000, 126.000, 39.000] (epsg:4326))
2026-08-04 06:47:07,994 - snakemake_workflow - rasterdataset - INFO - Reading population raster data from D:\GFM\inputs\exposure\ppp_2020_1km_Aggregated.tif
2026-08-04 06:47:08,010 - snakemake_workflow - rasterdataset - DEBUG - Clip to [105.000, 18.000, 107.000, 22.000] (epsg:4326))
2026-08-04 06:47:09,498 - snakemake_workflow - rasterdataset - INFO - Reading population raster data from D:\GFM\inputs\exposure\ppp_2020_1km_Aggregated.tif
2026-08-04 06:47:09,503 - snakemake_workflow - rasterdataset - DEBUG - Clip to [91.000, 21.000, 93.000, 23.000] (epsg:4326))
2026-08-04 06:47:09,923 - snakemake_workflow - rasterdataset - INFO - Reading population raster data from D:\GFM\inputs\exposure\ppp_2020_1km_Aggregated.tif
2026-08-04 06:47:09,933 - snakemake_workflow - rasterdataset - DEBUG - Clip to [-53.000, -33.000, -51.000, -31.000] (epsg:4326))
2026-08-04 06:47:10,216 - snakemake_workflow - rasterdataset - INFO - Reading population raster data from D:\GFM\inputs\exposure\ppp_2020_1km_Aggregated.tif
2026-08-04 06:47:10,234 - snakemake_workflow - rasterdataset - DEBUG - Clip to [128.000, 34.000, 130.000, 36.000] (epsg:4326))
2026-08-04 06:47:10,597 - snakemake_workflow - rasterdataset - INFO - Reading population raster data from D:\GFM\inputs\exposure\ppp_2020_1km_Aggregated.tif
2026-08-04 06:47:10,686 - snakemake_workflow - rasterdataset - DEBUG - Clip to [96.000, 16.000, 99.000, 18.000] (epsg:4326))
2026-08-04 06:47:11,036 - snakemake_workflow - rasterdataset - INFO - Reading population raster data from D:\GFM\inputs\exposure\ppp_2020_1km_Aggregated.tif
2026-08-04 06:47:11,043 - snakemake_workflow - rasterdataset - DEBUG - Clip to [89.000, 25.000, 91.000, 27.000] (epsg:4326))
2026-08-04 06:47:12,053 - snakemake_workflow - rasterdataset - INFO - Reading population raster data from D:\GFM\inputs\exposure\ppp_2020_1km_Aggregated.tif
2026-08-04 06:47:12,069 - snakemake_workflow - rasterdataset - DEBUG - Clip to [127.000, 37.000, 129.000, 39.000] (epsg:4326))
2026-08-04 06:47:12,289 - snakemake_workflow - rasterdataset - INFO - Reading population raster data from D:\GFM\inputs\exposure\ppp_2020_1km_Aggregated.tif
2026-08-04 06:47:12,306 - snakemake_workflow - rasterdataset - DEBUG - Clip to [94.000, 18.000, 96.000, 20.000] (epsg:4326))
2026-08-04 06:47:14,742 - snakemake_workflow - rasterdataset - INFO - Reading population raster data from D:\GFM\inputs\exposure\ppp_2020_1km_Aggregated.tif
  filter_and_shave_chunks: 600/3719 checked, 546 kept so far (694s elapsed)
  filter_and_shave_chunks: 800/3719 checked, 710 kept so far (694s elapsed)
2026-08-04 06:47:14,764 - snakemake_workflow - rasterdataset - DEBUG - Clip to [136.000, 36.000, 138.000, 38.000] (epsg:4326))
2026-08-04 06:47:15,609 - snakemake_workflow - rasterdataset - INFO - Reading population raster data from D:\GFM\inputs\exposure\ppp_2020_1km_Aggregated.tif
2026-08-04 06:47:15,624 - snakemake_workflow - rasterdataset - DEBUG - Clip to [108.000, 14.000, 110.000, 16.000] (epsg:4326))
2026-08-04 06:47:15,799 - snakemake_workflow - rasterdataset - INFO - Reading population raster data from D:\GFM\inputs\exposure\ppp_2020_1km_Aggregated.tif
2026-08-04 06:47:15,933 - snakemake_workflow - rasterdataset - DEBUG - Clip to [79.000, 12.000, 81.000, 16.000] (epsg:4326))
2026-08-04 06:47:16,512 - snakemake_workflow - rasterdataset - INFO - Reading population raster data from D:\GFM\inputs\exposure\ppp_2020_1km_Aggregated.tif
2026-08-04 06:47:16,534 - snakemake_workflow - rasterdataset - DEBUG - Clip to [127.000, 35.000, 130.000, 36.000] (epsg:4326))
2026-08-04 06:47:16,729 - snakemake_workflow - rasterdataset - INFO - Reading population raster data from D:\GFM\inputs\exposure\ppp_2020_1km_Aggregated.tif
2026-08-04 06:47:16,757 - snakemake_workflow - rasterdataset - DEBUG - Clip to [114.000, 22.000, 117.000, 24.000] (epsg:4326))
2026-08-04 06:47:16,820 - snakemake_workflow - rasterdataset - INFO - Reading population raster data from D:\GFM\inputs\exposure\ppp_2020_1km_Aggregated.tif
2026-08-04 06:47:16,998 - snakemake_workflow - rasterdataset - DEBUG - Clip to [109.000, 18.000, 111.000, 22.000] (epsg:4326))
2026-08-04 06:47:18,077 - snakemake_workflow - rasterdataset - INFO - Reading population raster data from D:\GFM\inputs\exposure\ppp_2020_1km_Aggregated.tif
2026-08-04 06:47:18,093 - snakemake_workflow - rasterdataset - DEBUG - Clip to [127.000, 38.000, 129.000, 41.000] (epsg:4326))
2026-08-04 06:47:18,620 - snakemake_workflow - rasterdataset - INFO - Reading population raster data from D:\GFM\inputs\exposure\ppp_2020_1km_Aggregated.tif
2026-08-04 06:47:18,636 - snakemake_workflow - rasterdataset - DEBUG - Clip to [91.000, 24.000, 93.000, 26.000] (epsg:4326))
2026-08-04 06:47:18,874 - snakemake_workflow - rasterdataset - INFO - Reading population raster data from D:\GFM\inputs\exposure\ppp_2020_1km_Aggregated.tif
2026-08-04 06:47:18,890 - snakemake_workflow - rasterdataset - DEBUG - Clip to [119.000, 35.000, 121.000, 37.000] (epsg:4326))
2026-08-04 06:47:19,175 - snakemake_workflow - rasterdataset - INFO - Reading population raster data from D:\GFM\inputs\exposure\ppp_2020_1km_Aggregated.tif
2026-08-04 06:47:19,191 - snakemake_workflow - rasterdataset - DEBUG - Clip to [120.000, 36.000, 122.000, 38.000] (epsg:4326))
2026-08-04 06:47:19,556 - snakemake_workflow - rasterdataset - INFO - Reading population raster data from D:\GFM\inputs\exposure\ppp_2020_1km_Aggregated.tif
2026-08-04 06:47:19,571 - snakemake_workflow - rasterdataset - DEBUG - Clip to [108.000, 11.000, 110.000, 15.000] (epsg:4326))
2026-08-04 06:47:19,763 - snakemake_workflow - rasterdataset - INFO - Reading population raster data from D:\GFM\inputs\exposure\ppp_2020_1km_Aggregated.tif
2026-08-04 06:47:19,779 - snakemake_workflow - rasterdataset - DEBUG - Clip to [138.000, 34.000, 140.000, 36.000] (epsg:4326))
2026-08-04 06:47:19,880 - snakemake_workflow - rasterdataset - INFO - Reading population raster data from D:\GFM\inputs\exposure\ppp_2020_1km_Aggregated.tif
2026-08-04 06:47:19,890 - snakemake_workflow - rasterdataset - DEBUG - Clip to [140.000, 42.000, 142.000, 44.000] (epsg:4326))
2026-08-04 06:47:22,125 - snakemake_workflow - rasterdataset - INFO - Reading population raster data from D:\GFM\inputs\exposure\ppp_2020_1km_Aggregated.tif
2026-08-04 06:47:22,133 - snakemake_workflow - rasterdataset - DEBUG - Clip to [68.000, 24.000, 70.000, 26.000] (epsg:4326))
2026-08-04 06:47:23,648 - snakemake_workflow - rasterdataset - INFO - Reading population raster data from D:\GFM\inputs\exposure\ppp_2020_1km_Aggregated.tif
2026-08-04 06:47:23,681 - snakemake_workflow - rasterdataset - DEBUG - Clip to [132.000, 35.000, 134.000, 37.000] (epsg:4326))
2026-08-04 06:47:24,053 - snakemake_workflow - rasterdataset - INFO - Reading population raster data from D:\GFM\inputs\exposure\ppp_2020_1km_Aggregated.tif
2026-08-04 06:47:24,082 - snakemake_workflow - rasterdataset - DEBUG - Clip to [121.000, 39.000, 125.000, 41.000] (epsg:4326))
2026-08-04 06:47:24,204 - snakemake_workflow - rasterdataset - INFO - Reading population raster data from D:\GFM\inputs\exposure\ppp_2020_1km_Aggregated.tif
2026-08-04 06:47:24,356 - snakemake_workflow - rasterdataset - INFO - Reading population raster data from D:\GFM\inputs\exposure\ppp_2020_1km_Aggregated.tif
2026-08-04 06:47:24,372 - snakemake_workflow - rasterdataset - DEBUG - Clip to [135.000, 54.000, 137.000, 56.000] (epsg:4326))
2026-08-04 06:47:24,380 - snakemake_workflow - rasterdataset - DEBUG - Clip to [139.000, 35.000, 141.000, 38.000] (epsg:4326))
2026-08-04 06:47:25,039 - snakemake_workflow - rasterdataset - INFO - Reading population raster data from D:\GFM\inputs\exposure\ppp_2020_1km_Aggregated.tif
2026-08-04 06:47:25,059 - snakemake_workflow - rasterdataset - DEBUG - Clip to [72.000, 18.000, 74.000, 21.000] (epsg:4326))
2026-08-04 06:47:25,797 - snakemake_workflow - rasterdataset - INFO - Reading population raster data from D:\GFM\inputs\exposure\ppp_2020_1km_Aggregated.tif
2026-08-04 06:47:25,805 - snakemake_workflow - rasterdataset - DEBUG - Clip to [161.000, 54.000, 163.000, 57.000] (epsg:4326))
2026-08-04 06:47:27,827 - snakemake_workflow - rasterdataset - INFO - Reading population raster data from D:\GFM\inputs\exposure\ppp_2020_1km_Aggregated.tif
2026-08-04 06:47:27,852 - snakemake_workflow - rasterdataset - DEBUG - Clip to [137.000, 34.000, 139.000, 36.000] (epsg:4326))
2026-08-04 06:47:28,448 - snakemake_workflow - rasterdataset - INFO - Reading population raster data from D:\GFM\inputs\exposure\ppp_2020_1km_Aggregated.tif
2026-08-04 06:47:28,450 - snakemake_workflow - rasterdataset - INFO - Reading population raster data from D:\GFM\inputs\exposure\ppp_2020_1km_Aggregated.tif
2026-08-04 06:47:28,474 - snakemake_workflow - rasterdataset - DEBUG - Clip to [165.000, 59.000, 167.000, 61.000] (epsg:4326))
2026-08-04 06:47:28,478 - snakemake_workflow - rasterdataset - DEBUG - Clip to [67.000, 23.000, 69.000, 25.000] (epsg:4326))
2026-08-04 06:47:28,907 - snakemake_workflow - rasterdataset - INFO - Reading population raster data from D:\GFM\inputs\exposure\ppp_2020_1km_Aggregated.tif
2026-08-04 06:47:28,939 - snakemake_workflow - rasterdataset - DEBUG - Clip to [56.000, 23.000, 58.000, 25.000] (epsg:4326))
2026-08-04 06:47:30,238 - snakemake_workflow - rasterdataset - INFO - Reading population raster data from D:\GFM\inputs\exposure\ppp_2020_1km_Aggregated.tif
2026-08-04 06:47:30,263 - snakemake_workflow - rasterdataset - DEBUG - Clip to [172.000, 64.000, 176.000, 66.000] (epsg:4326))
2026-08-04 06:47:31,051 - snakemake_workflow - rasterdataset - INFO - Reading population raster data from D:\GFM\inputs\exposure\ppp_2020_1km_Aggregated.tif
2026-08-04 06:47:31,058 - snakemake_workflow - rasterdataset - DEBUG - Clip to [138.000, 37.000, 140.000, 39.000] (epsg:4326))
2026-08-04 06:47:31,986 - snakemake_workflow - rasterdataset - INFO - Reading population raster data from D:\GFM\inputs\exposure\ppp_2020_1km_Aggregated.tif
2026-08-04 06:47:31,995 - snakemake_workflow - rasterdataset - DEBUG - Clip to [44.000, 31.000, 46.000, 33.000] (epsg:4326))
2026-08-04 06:47:32,729 - snakemake_workflow - rasterdataset - INFO - Reading population raster data from D:\GFM\inputs\exposure\ppp_2020_1km_Aggregated.tif
2026-08-04 06:47:32,747 - snakemake_workflow - rasterdataset - DEBUG - Clip to [141.000, 44.000, 143.000, 48.000] (epsg:4326))
2026-08-04 06:47:32,872 - snakemake_workflow - rasterdataset - INFO - Reading population raster data from D:\GFM\inputs\exposure\ppp_2020_1km_Aggregated.tif
2026-08-04 06:47:33,096 - snakemake_workflow - rasterdataset - INFO - Reading population raster data from D:\GFM\inputs\exposure\ppp_2020_1km_Aggregated.tif
2026-08-04 06:47:33,112 - snakemake_workflow - rasterdataset - DEBUG - Clip to [51.000, 23.000, 55.000, 25.000] (epsg:4326))
2026-08-04 06:47:33,196 - snakemake_workflow - rasterdataset - INFO - Reading population raster data from D:\GFM\inputs\exposure\ppp_2020_1km_Aggregated.tif
2026-08-04 06:47:33,328 - snakemake_workflow - rasterdataset - DEBUG - Clip to [68.000, 25.000, 70.000, 27.000] (epsg:4326))
2026-08-04 06:47:33,330 - snakemake_workflow - rasterdataset - DEBUG - Clip to [42.000, 11.000, 44.000, 13.000] (epsg:4326))
2026-08-04 06:47:33,852 - snakemake_workflow - rasterdataset - INFO - Reading population raster data from D:\GFM\inputs\exposure\ppp_2020_1km_Aggregated.tif
2026-08-04 06:47:33,864 - snakemake_workflow - rasterdataset - DEBUG - Clip to [38.000, -9.000, 40.000, -5.000] (epsg:4326))
2026-08-04 06:47:34,377 - snakemake_workflow - rasterdataset - INFO - Reading population raster data from D:\GFM\inputs\exposure\ppp_2020_1km_Aggregated.tif
2026-08-04 06:47:34,392 - snakemake_workflow - rasterdataset - DEBUG - Clip to [27.000, 41.000, 29.000, 44.000] (epsg:4326))
2026-08-04 06:47:36,908 - snakemake_workflow - rasterdataset - INFO - Reading population raster data from D:\GFM\inputs\exposure\ppp_2020_1km_Aggregated.tif
2026-08-04 06:47:36,924 - snakemake_workflow - rasterdataset - DEBUG - Clip to [137.000, 55.000, 139.000, 57.000] (epsg:4326))
2026-08-04 06:47:37,514 - snakemake_workflow - rasterdataset - INFO - Reading population raster data from D:\GFM\inputs\exposure\ppp_2020_1km_Aggregated.tif
2026-08-04 06:47:37,530 - snakemake_workflow - rasterdataset - DEBUG - Clip to [41.000, 16.000, 43.000, 18.000] (epsg:4326))
2026-08-04 06:47:38,269 - snakemake_workflow - rasterdataset - INFO - Reading population raster data from D:\GFM\inputs\exposure\ppp_2020_1km_Aggregated.tif
2026-08-04 06:47:38,282 - snakemake_workflow - rasterdataset - DEBUG - Clip to [163.000, 61.000, 165.000, 63.000] (epsg:4326))
2026-08-04 06:47:40,335 - snakemake_workflow - rasterdataset - INFO - Reading population raster data from D:\GFM\inputs\exposure\ppp_2020_1km_Aggregated.tif
2026-08-04 06:47:40,363 - snakemake_workflow - rasterdataset - DEBUG - Clip to [12.000, 37.000, 15.000, 39.000] (epsg:4326))
2026-08-04 06:47:41,148 - snakemake_workflow - rasterdataset - INFO - Reading population raster data from D:\GFM\inputs\exposure\ppp_2020_1km_Aggregated.tif
2026-08-04 06:47:41,161 - snakemake_workflow - rasterdataset - DEBUG - Clip to [28.000, 40.000, 30.000, 42.000] (epsg:4326))
2026-08-04 06:47:41,518 - snakemake_workflow - rasterdataset - INFO - Reading population raster data from D:\GFM\inputs\exposure\ppp_2020_1km_Aggregated.tif
2026-08-04 06:47:41,550 - snakemake_workflow - rasterdataset - DEBUG - Clip to [170.000, 64.000, 173.000, 66.000] (epsg:4326))
2026-08-04 06:47:41,621 - snakemake_workflow - rasterdataset - INFO - Reading population raster data from D:\GFM\inputs\exposure\ppp_2020_1km_Aggregated.tif
2026-08-04 06:47:41,717 - snakemake_workflow - rasterdataset - INFO - Reading population raster data from D:\GFM\inputs\exposure\ppp_2020_1km_Aggregated.tif
2026-08-04 06:47:41,742 - snakemake_workflow - rasterdataset - DEBUG - Clip to [141.000, 47.000, 143.000, 49.000] (epsg:4326))
2026-08-04 06:47:41,746 - snakemake_workflow - rasterdataset - DEBUG - Clip to [175.000, 64.000, 178.000, 66.000] (epsg:4326))
2026-08-04 06:47:42,253 - snakemake_workflow - rasterdataset - INFO - Reading population raster data from D:\GFM\inputs\exposure\ppp_2020_1km_Aggregated.tif
2026-08-04 06:47:42,281 - snakemake_workflow - rasterdataset - DEBUG - Clip to [164.000, 59.000, 166.000, 61.000] (epsg:4326))
2026-08-04 06:47:42,293 - snakemake_workflow - rasterdataset - INFO - Reading population raster data from D:\GFM\inputs\exposure\ppp_2020_1km_Aggregated.tif
2026-08-04 06:47:42,310 - snakemake_workflow - rasterdataset - DEBUG - Clip to [47.000, 30.000, 50.000, 32.000] (epsg:4326))
2026-08-04 06:47:42,799 - snakemake_workflow - rasterdataset - INFO - Reading population raster data from D:\GFM\inputs\exposure\ppp_2020_1km_Aggregated.tif
2026-08-04 06:47:42,830 - snakemake_workflow - rasterdataset - DEBUG - Clip to [27.000, 36.000, 29.000, 38.000] (epsg:4326))
2026-08-04 06:47:44,405 - snakemake_workflow - rasterdataset - INFO - Reading population raster data from D:\GFM\inputs\exposure\ppp_2020_1km_Aggregated.tif
2026-08-04 06:47:44,428 - snakemake_workflow - rasterdataset - DEBUG - Clip to [8.000, 37.000, 10.000, 40.000] (epsg:4326))
2026-08-04 06:47:44,659 - snakemake_workflow - rasterdataset - INFO - Reading population raster data from D:\GFM\inputs\exposure\ppp_2020_1km_Aggregated.tif
2026-08-04 06:47:44,691 - snakemake_workflow - rasterdataset - INFO - Reading population raster data from D:\GFM\inputs\exposure\ppp_2020_1km_Aggregated.tif
2026-08-04 06:47:44,707 - snakemake_workflow - rasterdataset - DEBUG - Clip to [11.000, 44.000, 15.000, 46.000] (epsg:4326))
2026-08-04 06:47:44,757 - snakemake_workflow - rasterdataset - DEBUG - Clip to [15.000, 37.000, 17.000, 39.000] (epsg:4326))
2026-08-04 06:47:46,635 - snakemake_workflow - rasterdataset - INFO - Reading population raster data from D:\GFM\inputs\exposure\ppp_2020_1km_Aggregated.tif
2026-08-04 06:47:46,651 - snakemake_workflow - rasterdataset - DEBUG - Clip to [6.000, 36.000, 10.000, 38.000] (epsg:4326))
2026-08-04 06:47:47,430 - snakemake_workflow - rasterdataset - INFO - Reading population raster data from D:\GFM\inputs\exposure\ppp_2020_1km_Aggregated.tif
2026-08-04 06:47:47,460 - snakemake_workflow - rasterdataset - DEBUG - Clip to [27.000, 40.000, 29.000, 42.000] (epsg:4326))
2026-08-04 06:47:47,541 - snakemake_workflow - rasterdataset - INFO - Reading population raster data from D:\GFM\inputs\exposure\ppp_2020_1km_Aggregated.tif
2026-08-04 06:47:47,562 - snakemake_workflow - rasterdataset - DEBUG - Clip to [32.000, 28.000, 34.000, 30.000] (epsg:4326))
2026-08-04 06:47:48,366 - snakemake_workflow - rasterdataset - INFO - Reading population raster data from D:\GFM\inputs\exposure\ppp_2020_1km_Aggregated.tif
2026-08-04 06:47:48,389 - snakemake_workflow - rasterdataset - DEBUG - Clip to [10.000, 33.000, 12.000, 36.000] (epsg:4326))
2026-08-04 06:47:49,707 - snakemake_workflow - rasterdataset - INFO - Reading population raster data from D:\GFM\inputs\exposure\ppp_2020_1km_Aggregated.tif
2026-08-04 06:47:49,725 - snakemake_workflow - rasterdataset - DEBUG - Clip to [17.000, 39.000, 20.000, 41.000] (epsg:4326))
2026-08-04 06:47:49,896 - snakemake_workflow - rasterdataset - INFO - Reading population raster data from D:\GFM\inputs\exposure\ppp_2020_1km_Aggregated.tif
2026-08-04 06:47:50,027 - snakemake_workflow - rasterdataset - DEBUG - Clip to [-7.000, 36.000, -5.000, 38.000] (epsg:4326))
2026-08-04 06:47:50,744 - snakemake_workflow - rasterdataset - INFO - Reading population raster data from D:\GFM\inputs\exposure\ppp_2020_1km_Aggregated.tif
2026-08-04 06:47:50,760 - snakemake_workflow - rasterdataset - DEBUG - Clip to [34.000, -22.000, 36.000, -18.000] (epsg:4326))
2026-08-04 06:47:51,339 - snakemake_workflow - rasterdataset - INFO - Reading population raster data from D:\GFM\inputs\exposure\ppp_2020_1km_Aggregated.tif
2026-08-04 06:47:51,350 - snakemake_workflow - rasterdataset - DEBUG - Clip to [36.000, 45.000, 38.000, 47.000] (epsg:4326))
2026-08-04 06:47:52,180 - snakemake_workflow - rasterdataset - INFO - Reading population raster data from D:\GFM\inputs\exposure\ppp_2020_1km_Aggregated.tif
2026-08-04 06:47:52,196 - snakemake_workflow - rasterdataset - DEBUG - Clip to [28.000, 30.000, 31.000, 32.000] (epsg:4326))
2026-08-04 06:47:52,642 - snakemake_workflow - rasterdataset - INFO - Reading population raster data from D:\GFM\inputs\exposure\ppp_2020_1km_Aggregated.tif
2026-08-04 06:47:52,658 - snakemake_workflow - rasterdataset - DEBUG - Clip to [12.000, 42.000, 14.000, 44.000] (epsg:4326))
2026-08-04 06:47:54,685 - snakemake_workflow - rasterdataset - INFO - Reading population raster data from D:\GFM\inputs\exposure\ppp_2020_1km_Aggregated.tif
2026-08-04 06:47:54,693 - snakemake_workflow - rasterdataset - DEBUG - Clip to [37.000, 44.000, 39.000, 45.000] (epsg:4326))
2026-08-04 06:47:55,261 - snakemake_workflow - rasterdataset - INFO - Reading population raster data from D:\GFM\inputs\exposure\ppp_2020_1km_Aggregated.tif
2026-08-04 06:47:55,277 - snakemake_workflow - rasterdataset - DEBUG - Clip to [-2.000, 46.000, 0.000, 48.000] (epsg:4326))
2026-08-04 06:47:55,628 - snakemake_workflow - rasterdataset - INFO - Reading population raster data from D:\GFM\inputs\exposure\ppp_2020_1km_Aggregated.tif
2026-08-04 06:47:55,756 - snakemake_workflow - rasterdataset - DEBUG - Clip to [32.000, 45.000, 34.000, 47.000] (epsg:4326))
2026-08-04 06:47:55,867 - snakemake_workflow - rasterdataset - INFO - Reading population raster data from D:\GFM\inputs\exposure\ppp_2020_1km_Aggregated.tif
2026-08-04 06:47:55,997 - snakemake_workflow - rasterdataset - DEBUG - Clip to [35.000, 45.000, 37.000, 47.000] (epsg:4326))
2026-08-04 06:47:56,220 - snakemake_workflow - rasterdataset - INFO - Reading population raster data from D:\GFM\inputs\exposure\ppp_2020_1km_Aggregated.tif
2026-08-04 06:47:56,233 - snakemake_workflow - rasterdataset - DEBUG - Clip to [11.000, 41.000, 13.000, 43.000] (epsg:4326))
2026-08-04 06:47:56,659 - snakemake_workflow - rasterdataset - INFO - Reading population raster data from D:\GFM\inputs\exposure\ppp_2020_1km_Aggregated.tif
2026-08-04 06:47:56,661 - snakemake_workflow - rasterdataset - INFO - Reading population raster data from D:\GFM\inputs\exposure\ppp_2020_1km_Aggregated.tif
2026-08-04 06:47:56,683 - snakemake_workflow - rasterdataset - DEBUG - Clip to [37.000, 46.000, 39.000, 48.000] (epsg:4326))
2026-08-04 06:47:56,687 - snakemake_workflow - rasterdataset - DEBUG - Clip to [37.000, 40.000, 41.000, 42.000] (epsg:4326))
2026-08-04 06:47:58,492 - snakemake_workflow - rasterdataset - INFO - Reading population raster data from D:\GFM\inputs\exposure\ppp_2020_1km_Aggregated.tif
2026-08-04 06:47:58,508 - snakemake_workflow - rasterdataset - DEBUG - Clip to [-4.000, 35.000, -2.000, 37.000] (epsg:4326))
2026-08-04 06:47:59,148 - snakemake_workflow - rasterdataset - INFO - Reading population raster data from D:\GFM\inputs\exposure\ppp_2020_1km_Aggregated.tif
2026-08-04 06:47:59,177 - snakemake_workflow - rasterdataset - DEBUG - Clip to [-15.000, 15.000, -13.000, 17.000] (epsg:4326))
2026-08-04 06:47:59,256 - snakemake_workflow - rasterdataset - INFO - Reading population raster data from D:\GFM\inputs\exposure\ppp_2020_1km_Aggregated.tif
2026-08-04 06:47:59,400 - snakemake_workflow - rasterdataset - DEBUG - Clip to [2.000, 50.000, 4.000, 52.000] (epsg:4326))
2026-08-04 06:47:59,797 - snakemake_workflow - rasterdataset - INFO - Reading population raster data from D:\GFM\inputs\exposure\ppp_2020_1km_Aggregated.tif
2026-08-04 06:47:59,827 - snakemake_workflow - rasterdataset - DEBUG - Clip to [12.000, 43.000, 14.000, 45.000] (epsg:4326))
2026-08-04 06:48:00,496 - snakemake_workflow - rasterdataset - INFO - Reading population raster data from D:\GFM\inputs\exposure\ppp_2020_1km_Aggregated.tif
2026-08-04 06:48:00,528 - snakemake_workflow - rasterdataset - DEBUG - Clip to [8.000, 39.000, 10.000, 43.000] (epsg:4326))
2026-08-04 06:48:00,656 - snakemake_workflow - rasterdataset - INFO - Reading population raster data from D:\GFM\inputs\exposure\ppp_2020_1km_Aggregated.tif
2026-08-04 06:48:00,683 - snakemake_workflow - rasterdataset - DEBUG - Clip to [-7.000, 35.000, -3.000, 37.000] (epsg:4326))
2026-08-04 06:48:01,164 - snakemake_workflow - rasterdataset - INFO - Reading population raster data from D:\GFM\inputs\exposure\ppp_2020_1km_Aggregated.tif
2026-08-04 06:48:01,181 - snakemake_workflow - rasterdataset - DEBUG - Clip to [22.000, -35.000, 26.000, -33.000] (epsg:4326))
2026-08-04 06:48:01,601 - snakemake_workflow - rasterdataset - INFO - Reading population raster data from D:\GFM\inputs\exposure\ppp_2020_1km_Aggregated.tif
2026-08-04 06:48:01,625 - snakemake_workflow - rasterdataset - DEBUG - Clip to [-3.000, 46.000, -1.000, 49.000] (epsg:4326))
2026-08-04 06:48:02,456 - snakemake_workflow - rasterdataset - INFO - Reading population raster data from D:\GFM\inputs\exposure\ppp_2020_1km_Aggregated.tif
2026-08-04 06:48:02,487 - snakemake_workflow - rasterdataset - DEBUG - Clip to [-9.000, 36.000, -6.000, 38.000] (epsg:4326))
2026-08-04 06:48:02,677 - snakemake_workflow - rasterdataset - INFO - Reading population raster data from D:\GFM\inputs\exposure\ppp_2020_1km_Aggregated.tif
2026-08-04 06:48:02,700 - snakemake_workflow - rasterdataset - DEBUG - Clip to [-3.000, 35.000, -1.000, 37.000] (epsg:4326))
2026-08-04 06:48:03,299 - snakemake_workflow - rasterdataset - INFO - Reading population raster data from D:\GFM\inputs\exposure\ppp_2020_1km_Aggregated.tif
2026-08-04 06:48:03,314 - snakemake_workflow - rasterdataset - DEBUG - Clip to [-16.000, 10.000, -14.000, 12.000] (epsg:4326))
2026-08-04 06:48:03,626 - snakemake_workflow - rasterdataset - INFO - Reading population raster data from D:\GFM\inputs\exposure\ppp_2020_1km_Aggregated.tif
2026-08-04 06:48:03,709 - snakemake_workflow - rasterdataset - DEBUG - Clip to [-9.000, 51.000, -7.000, 53.000] (epsg:4326))
2026-08-04 06:48:04,318 - snakemake_workflow - rasterdataset - INFO - Reading population raster data from D:\GFM\inputs\exposure\ppp_2020_1km_Aggregated.tif
2026-08-04 06:48:04,344 - snakemake_workflow - rasterdataset - DEBUG - Clip to [37.000, 45.000, 39.000, 47.000] (epsg:4326))
2026-08-04 06:48:04,613 - snakemake_workflow - rasterdataset - INFO - Reading population raster data from D:\GFM\inputs\exposure\ppp_2020_1km_Aggregated.tif
2026-08-04 06:48:04,630 - snakemake_workflow - rasterdataset - DEBUG - Clip to [-7.000, 34.000, -5.000, 36.000] (epsg:4326))
2026-08-04 06:48:05,861 - snakemake_workflow - rasterdataset - INFO - Reading population raster data from D:\GFM\inputs\exposure\ppp_2020_1km_Aggregated.tif
2026-08-04 06:48:05,890 - snakemake_workflow - rasterdataset - DEBUG - Clip to [-5.000, 47.000, -2.000, 49.000] (epsg:4326))
2026-08-04 06:48:06,046 - snakemake_workflow - rasterdataset - INFO - Reading population raster data from D:\GFM\inputs\exposure\ppp_2020_1km_Aggregated.tif
2026-08-04 06:48:06,063 - snakemake_workflow - rasterdataset - DEBUG - Clip to [4.000, 50.000, 6.000, 52.000] (epsg:4326))
2026-08-04 06:48:06,163 - snakemake_workflow - rasterdataset - INFO - Reading population raster data from D:\GFM\inputs\exposure\ppp_2020_1km_Aggregated.tif
2026-08-04 06:48:06,174 - snakemake_workflow - rasterdataset - DEBUG - Clip to [15.000, 58.000, 17.000, 60.000] (epsg:4326))
2026-08-04 06:48:06,382 - snakemake_workflow - rasterdataset - INFO - Reading population raster data from D:\GFM\inputs\exposure\ppp_2020_1km_Aggregated.tif
2026-08-04 06:48:06,675 - snakemake_workflow - rasterdataset - DEBUG - Clip to [24.000, 59.000, 26.000, 61.000] (epsg:4326))
2026-08-04 06:48:06,889 - snakemake_workflow - rasterdataset - INFO - Reading population raster data from D:\GFM\inputs\exposure\ppp_2020_1km_Aggregated.tif
2026-08-04 06:48:07,134 - snakemake_workflow - rasterdataset - DEBUG - Clip to [11.000, 64.000, 13.000, 66.000] (epsg:4326))
2026-08-04 06:48:07,414 - snakemake_workflow - rasterdataset - INFO - Reading population raster data from D:\GFM\inputs\exposure\ppp_2020_1km_Aggregated.tif
2026-08-04 06:48:07,527 - snakemake_workflow - rasterdataset - DEBUG - Clip to [-2.000, 43.000, 0.000, 47.000] (epsg:4326))
2026-08-04 06:48:08,035 - snakemake_workflow - rasterdataset - INFO - Reading population raster data from D:\GFM\inputs\exposure\ppp_2020_1km_Aggregated.tif
2026-08-04 06:48:08,061 - snakemake_workflow - rasterdataset - DEBUG - Clip to [-9.000, 55.000, -5.000, 56.000] (epsg:4326))
2026-08-04 06:48:08,257 - snakemake_workflow - rasterdataset - INFO - Reading population raster data from D:\GFM\inputs\exposure\ppp_2020_1km_Aggregated.tif
2026-08-04 06:48:08,417 - snakemake_workflow - rasterdataset - DEBUG - Clip to [-14.000, 15.000, -12.000, 17.000] (epsg:4326))
2026-08-04 06:48:09,826 - snakemake_workflow - rasterdataset - INFO - Reading population raster data from D:\GFM\inputs\exposure\ppp_2020_1km_Aggregated.tif
2026-08-04 06:48:09,850 - snakemake_workflow - rasterdataset - DEBUG - Clip to [-18.000, 14.000, -16.000, 16.000] (epsg:4326))
2026-08-04 06:48:10,677 - snakemake_workflow - rasterdataset - INFO - Reading population raster data from D:\GFM\inputs\exposure\ppp_2020_1km_Aggregated.tif
2026-08-04 06:48:10,694 - snakemake_workflow - rasterdataset - DEBUG - Clip to [-4.000, 58.000, -2.000, 60.000] (epsg:4326))
2026-08-04 06:48:10,789 - snakemake_workflow - rasterdataset - INFO - Reading population raster data from D:\GFM\inputs\exposure\ppp_2020_1km_Aggregated.tif
2026-08-04 06:48:10,975 - snakemake_workflow - rasterdataset - DEBUG - Clip to [1.000, 50.000, 3.000, 52.000] (epsg:4326))
2026-08-04 06:48:12,058 - snakemake_workflow - rasterdataset - INFO - Reading population raster data from D:\GFM\inputs\exposure\ppp_2020_1km_Aggregated.tif
2026-08-04 06:48:12,062 - snakemake_workflow - rasterdataset - DEBUG - Clip to [19.000, 59.000, 21.000, 61.000] (epsg:4326))
2026-08-04 06:48:12,580 - snakemake_workflow - rasterdataset - INFO - Reading population raster data from D:\GFM\inputs\exposure\ppp_2020_1km_Aggregated.tif
2026-08-04 06:48:12,603 - snakemake_workflow - rasterdataset - DEBUG - Clip to [1.000, 50.000, 5.000, 51.000] (epsg:4326))
2026-08-04 06:48:12,754 - snakemake_workflow - rasterdataset - INFO - Reading population raster data from D:\GFM\inputs\exposure\ppp_2020_1km_Aggregated.tif
2026-08-04 06:48:12,777 - snakemake_workflow - rasterdataset - DEBUG - Clip to [9.000, -3.000, 11.000, 1.000] (epsg:4326))
2026-08-04 06:48:12,867 - snakemake_workflow - rasterdataset - INFO - Reading population raster data from D:\GFM\inputs\exposure\ppp_2020_1km_Aggregated.tif
2026-08-04 06:48:12,952 - snakemake_workflow - rasterdataset - DEBUG - Clip to [26.000, 59.000, 28.000, 61.000] (epsg:4326))
2026-08-04 06:48:13,126 - snakemake_workflow - rasterdataset - INFO - Reading population raster data from D:\GFM\inputs\exposure\ppp_2020_1km_Aggregated.tif
2026-08-04 06:48:13,146 - snakemake_workflow - rasterdataset - DEBUG - Clip to [9.000, 2.000, 11.000, 4.000] (epsg:4326))
2026-08-04 06:48:13,317 - snakemake_workflow - rasterdataset - INFO - Reading population raster data from D:\GFM\inputs\exposure\ppp_2020_1km_Aggregated.tif
2026-08-04 06:48:13,349 - snakemake_workflow - rasterdataset - DEBUG - Clip to [30.000, 58.000, 32.000, 60.000] (epsg:4326))
2026-08-04 06:48:13,842 - snakemake_workflow - rasterdataset - INFO - Reading population raster data from D:\GFM\inputs\exposure\ppp_2020_1km_Aggregated.tif
2026-08-04 06:48:13,875 - snakemake_workflow - rasterdataset - DEBUG - Clip to [23.000, 70.000, 27.000, 72.000] (epsg:4326))
2026-08-04 06:48:14,352 - snakemake_workflow - rasterdataset - INFO - Reading population raster data from D:\GFM\inputs\exposure\ppp_2020_1km_Aggregated.tif
2026-08-04 06:48:14,368 - snakemake_workflow - rasterdataset - DEBUG - Clip to [36.000, 63.000, 39.000, 65.000] (epsg:4326))
2026-08-04 06:48:14,719 - snakemake_workflow - rasterdataset - INFO - Reading population raster data from D:\GFM\inputs\exposure\ppp_2020_1km_Aggregated.tif
2026-08-04 06:48:14,761 - snakemake_workflow - rasterdataset - DEBUG - Clip to [7.000, 57.000, 9.000, 59.000] (epsg:4326))
2026-08-04 06:48:17,190 - snakemake_workflow - rasterdataset - INFO - Reading population raster data from D:\GFM\inputs\exposure\ppp_2020_1km_Aggregated.tif
2026-08-04 06:48:17,217 - snakemake_workflow - rasterdataset - DEBUG - Clip to [8.000, 3.000, 11.000, 5.000] (epsg:4326))
2026-08-04 06:48:17,241 - snakemake_workflow - rasterdataset - INFO - Reading population raster data from D:\GFM\inputs\exposure\ppp_2020_1km_Aggregated.tif
2026-08-04 06:48:17,255 - snakemake_workflow - rasterdataset - DEBUG - Clip to [23.000, 56.000, 25.000, 58.000] (epsg:4326))
2026-08-04 06:48:18,352 - snakemake_workflow - rasterdataset - INFO - Reading population raster data from D:\GFM\inputs\exposure\ppp_2020_1km_Aggregated.tif
2026-08-04 06:48:18,383 - snakemake_workflow - rasterdataset - DEBUG - Clip to [9.000, 1.000, 11.000, 3.000] (epsg:4326))
2026-08-04 06:48:18,542 - snakemake_workflow - rasterdataset - INFO - Reading population raster data from D:\GFM\inputs\exposure\ppp_2020_1km_Aggregated.tif
2026-08-04 06:48:18,558 - snakemake_workflow - rasterdataset - DEBUG - Clip to [18.000, 69.000, 22.000, 71.000] (epsg:4326))
2026-08-04 06:48:19,131 - snakemake_workflow - rasterdataset - INFO - Reading population raster data from D:\GFM\inputs\exposure\ppp_2020_1km_Aggregated.tif
2026-08-04 06:48:19,274 - snakemake_workflow - rasterdataset - DEBUG - Clip to [5.000, 58.000, 7.000, 60.000] (epsg:4326))
2026-08-04 06:48:20,342 - snakemake_workflow - rasterdataset - INFO - Reading population raster data from D:\GFM\inputs\exposure\ppp_2020_1km_Aggregated.tif
2026-08-04 06:48:20,357 - snakemake_workflow - rasterdataset - DEBUG - Clip to [27.000, 59.000, 30.000, 61.000] (epsg:4326))
2026-08-04 06:48:21,122 - snakemake_workflow - rasterdataset - INFO - Reading population raster data from D:\GFM\inputs\exposure\ppp_2020_1km_Aggregated.tif
2026-08-04 06:48:21,140 - snakemake_workflow - rasterdataset - DEBUG - Clip to [26.000, 70.000, 28.000, 72.000] (epsg:4326))
2026-08-04 06:48:21,249 - snakemake_workflow - rasterdataset - INFO - Reading population raster data from D:\GFM\inputs\exposure\ppp_2020_1km_Aggregated.tif
2026-08-04 06:48:21,265 - snakemake_workflow - rasterdataset - DEBUG - Clip to [14.000, 67.000, 16.000, 69.000] (epsg:4326))
2026-08-04 06:48:22,281 - snakemake_workflow - rasterdataset - INFO - Reading population raster data from D:\GFM\inputs\exposure\ppp_2020_1km_Aggregated.tif
2026-08-04 06:48:22,281 - snakemake_workflow - rasterdataset - INFO - Reading population raster data from D:\GFM\inputs\exposure\ppp_2020_1km_Aggregated.tif
2026-08-04 06:48:22,314 - snakemake_workflow - rasterdataset - DEBUG - Clip to [4.000, 5.000, 6.000, 7.000] (epsg:4326))
2026-08-04 06:48:22,323 - snakemake_workflow - rasterdataset - DEBUG - Clip to [38.000, 63.000, 40.000, 65.000] (epsg:4326))
2026-08-04 06:48:23,008 - snakemake_workflow - rasterdataset - INFO - Reading population raster data from D:\GFM\inputs\exposure\ppp_2020_1km_Aggregated.tif
2026-08-04 06:48:23,029 - snakemake_workflow - rasterdataset - DEBUG - Clip to [27.000, 70.000, 29.000, 72.000] (epsg:4326))
2026-08-04 06:48:23,598 - snakemake_workflow - rasterdataset - INFO - Reading population raster data from D:\GFM\inputs\exposure\ppp_2020_1km_Aggregated.tif
2026-08-04 06:48:23,634 - snakemake_workflow - rasterdataset - DEBUG - Clip to [25.000, 59.000, 27.000, 61.000] (epsg:4326))
2026-08-04 06:48:23,695 - snakemake_workflow - rasterdataset - INFO - Reading population raster data from D:\GFM\inputs\exposure\ppp_2020_1km_Aggregated.tif
2026-08-04 06:48:23,729 - snakemake_workflow - rasterdataset - DEBUG - Clip to [50.000, 67.000, 52.000, 69.000] (epsg:4326))
2026-08-04 06:48:24,780 - snakemake_workflow - rasterdataset - INFO - Reading population raster data from D:\GFM\inputs\exposure\ppp_2020_1km_Aggregated.tif
2026-08-04 06:48:24,820 - snakemake_workflow - rasterdataset - DEBUG - Clip to [53.000, 67.000, 55.000, 69.000] (epsg:4326))
2026-08-04 06:48:24,946 - snakemake_workflow - rasterdataset - INFO - Reading population raster data from D:\GFM\inputs\exposure\ppp_2020_1km_Aggregated.tif
2026-08-04 06:48:24,962 - snakemake_workflow - rasterdataset - INFO - Reading population raster data from D:\GFM\inputs\exposure\ppp_2020_1km_Aggregated.tif
2026-08-04 06:48:24,978 - snakemake_workflow - rasterdataset - DEBUG - Clip to [9.000, 0.000, 11.000, 2.000] (epsg:4326))
2026-08-04 06:48:25,002 - snakemake_workflow - rasterdataset - DEBUG - Clip to [46.000, 66.000, 48.000, 68.000] (epsg:4326))
2026-08-04 06:48:25,058 - snakemake_workflow - rasterdataset - INFO - Reading population raster data from D:\GFM\inputs\exposure\ppp_2020_1km_Aggregated.tif
2026-08-04 06:48:25,138 - snakemake_workflow - rasterdataset - DEBUG - Clip to [32.000, 66.000, 34.000, 70.000] (epsg:4326))
2026-08-04 06:48:25,989 - snakemake_workflow - rasterdataset - INFO - Reading population raster data from D:\GFM\inputs\exposure\ppp_2020_1km_Aggregated.tif
2026-08-04 06:48:26,027 - snakemake_workflow - rasterdataset - DEBUG - Clip to [21.000, 69.000, 23.000, 71.000] (epsg:4326))
2026-08-04 06:48:26,092 - snakemake_workflow - rasterdataset - INFO - Reading population raster data from D:\GFM\inputs\exposure\ppp_2020_1km_Aggregated.tif
2026-08-04 06:48:26,125 - snakemake_workflow - rasterdataset - DEBUG - Clip to [61.000, 68.000, 63.000, 70.000] (epsg:4326))
2026-08-04 06:48:26,818 - snakemake_workflow - rasterdataset - INFO - Reading population raster data from D:\GFM\inputs\exposure\ppp_2020_1km_Aggregated.tif
2026-08-04 06:48:26,841 - snakemake_workflow - rasterdataset - DEBUG - Clip to [15.000, 67.000, 17.000, 69.000] (epsg:4326))
2026-08-04 06:48:26,970 - snakemake_workflow - rasterdataset - INFO - Reading population raster data from D:\GFM\inputs\exposure\ppp_2020_1km_Aggregated.tif
2026-08-04 06:48:27,006 - snakemake_workflow - rasterdataset - DEBUG - Clip to [64.000, 68.000, 67.000, 70.000] (epsg:4326))
2026-08-04 06:48:28,654 - snakemake_workflow - rasterdataset - INFO - Reading population raster data from D:\GFM\inputs\exposure\ppp_2020_1km_Aggregated.tif
2026-08-04 06:48:28,686 - snakemake_workflow - rasterdataset - DEBUG - Clip to [22.000, 69.000, 24.000, 71.000] (epsg:4326))
2026-08-04 06:48:29,021 - snakemake_workflow - rasterdataset - INFO - Reading population raster data from D:\GFM\inputs\exposure\ppp_2020_1km_Aggregated.tif
2026-08-04 06:48:29,052 - snakemake_workflow - rasterdataset - DEBUG - Clip to [51.000, 67.000, 53.000, 69.000] (epsg:4326))
2026-08-04 06:48:29,420 - snakemake_workflow - rasterdataset - INFO - Reading population raster data from D:\GFM\inputs\exposure\ppp_2020_1km_Aggregated.tif
2026-08-04 06:48:29,439 - snakemake_workflow - rasterdataset - DEBUG - Clip to [68.000, 71.000, 70.000, 73.000] (epsg:4326))
2026-08-04 06:48:30,198 - snakemake_workflow - rasterdataset - INFO - Reading population raster data from D:\GFM\inputs\exposure\ppp_2020_1km_Aggregated.tif
2026-08-04 06:48:30,229 - snakemake_workflow - rasterdataset - DEBUG - Clip to [66.000, 61.000, 68.000, 63.000] (epsg:4326))
2026-08-04 06:48:30,388 - snakemake_workflow - rasterdataset - INFO - Reading population raster data from D:\GFM\inputs\exposure\ppp_2020_1km_Aggregated.tif
2026-08-04 06:48:30,519 - snakemake_workflow - rasterdataset - DEBUG - Clip to [45.000, 66.000, 49.000, 67.000] (epsg:4326))
2026-08-04 06:48:31,266 - snakemake_workflow - rasterdataset - INFO - Reading population raster data from D:\GFM\inputs\exposure\ppp_2020_1km_Aggregated.tif
2026-08-04 06:48:31,282 - snakemake_workflow - rasterdataset - DEBUG - Clip to [60.000, 68.000, 62.000, 70.000] (epsg:4326))
2026-08-04 06:48:31,377 - snakemake_workflow - rasterdataset - INFO - Reading population raster data from D:\GFM\inputs\exposure\ppp_2020_1km_Aggregated.tif
2026-08-04 06:48:31,400 - snakemake_workflow - rasterdataset - DEBUG - Clip to [62.000, 68.000, 64.000, 70.000] (epsg:4326))
2026-08-04 06:48:33,159 - snakemake_workflow - rasterdataset - INFO - Reading population raster data from D:\GFM\inputs\exposure\ppp_2020_1km_Aggregated.tif
2026-08-04 06:48:33,172 - snakemake_workflow - rasterdataset - DEBUG - Clip to [51.000, 65.000, 53.000, 68.000] (epsg:4326))
2026-08-04 06:48:33,412 - snakemake_workflow - rasterdataset - INFO - Reading population raster data from D:\GFM\inputs\exposure\ppp_2020_1km_Aggregated.tif
2026-08-04 06:48:33,444 - snakemake_workflow - rasterdataset - DEBUG - Clip to [54.000, 73.000, 56.000, 75.000] (epsg:4326))
2026-08-04 06:48:33,618 - snakemake_workflow - rasterdataset - INFO - Reading population raster data from D:\GFM\inputs\exposure\ppp_2020_1km_Aggregated.tif
2026-08-04 06:48:33,807 - snakemake_workflow - rasterdataset - INFO - Reading population raster data from D:\GFM\inputs\exposure\ppp_2020_1km_Aggregated.tif
2026-08-04 06:48:33,810 - snakemake_workflow - rasterdataset - DEBUG - Clip to [58.000, 74.000, 60.000, 76.000] (epsg:4326))
2026-08-04 06:48:33,895 - snakemake_workflow - rasterdataset - DEBUG - Clip to [63.000, 62.000, 65.000, 64.000] (epsg:4326))
2026-08-04 06:48:34,635 - snakemake_workflow - rasterdataset - INFO - Reading population raster data from D:\GFM\inputs\exposure\ppp_2020_1km_Aggregated.tif
2026-08-04 06:48:34,655 - snakemake_workflow - rasterdataset - DEBUG - Clip to [55.000, 70.000, 57.000, 74.000] (epsg:4326))
2026-08-04 06:48:35,330 - snakemake_workflow - rasterdataset - INFO - Reading population raster data from D:\GFM\inputs\exposure\ppp_2020_1km_Aggregated.tif
2026-08-04 06:48:35,357 - snakemake_workflow - rasterdataset - DEBUG - Clip to [82.000, 71.000, 86.000, 72.000] (epsg:4326))
2026-08-04 06:48:35,612 - snakemake_workflow - rasterdataset - INFO - Reading population raster data from D:\GFM\inputs\exposure\ppp_2020_1km_Aggregated.tif
2026-08-04 06:48:35,872 - snakemake_workflow - rasterdataset - DEBUG - Clip to [69.000, 68.000, 72.000, 70.000] (epsg:4326))
2026-08-04 06:48:36,208 - snakemake_workflow - rasterdataset - INFO - Reading population raster data from D:\GFM\inputs\exposure\ppp_2020_1km_Aggregated.tif
2026-08-04 06:48:36,362 - snakemake_workflow - rasterdataset - DEBUG - Clip to [63.000, 75.000, 65.000, 77.000] (epsg:4326))
2026-08-04 06:48:38,237 - snakemake_workflow - rasterdataset - INFO - Reading population raster data from D:\GFM\inputs\exposure\ppp_2020_1km_Aggregated.tif
2026-08-04 06:48:38,266 - snakemake_workflow - rasterdataset - DEBUG - Clip to [63.000, 68.000, 65.000, 70.000] (epsg:4326))
2026-08-04 06:48:38,637 - snakemake_workflow - rasterdataset - INFO - Reading population raster data from D:\GFM\inputs\exposure\ppp_2020_1km_Aggregated.tif
2026-08-04 06:48:38,662 - snakemake_workflow - rasterdataset - DEBUG - Clip to [59.000, 74.000, 61.000, 76.000] (epsg:4326))
2026-08-04 06:48:38,878 - snakemake_workflow - rasterdataset - INFO - Reading population raster data from D:\GFM\inputs\exposure\ppp_2020_1km_Aggregated.tif
2026-08-04 06:48:38,898 - snakemake_workflow - rasterdataset - DEBUG - Clip to [52.000, 67.000, 54.000, 69.000] (epsg:4326))
2026-08-04 06:48:39,409 - snakemake_workflow - rasterdataset - INFO - Reading population raster data from D:\GFM\inputs\exposure\ppp_2020_1km_Aggregated.tif
2026-08-04 06:48:39,413 - snakemake_workflow - rasterdataset - INFO - Reading population raster data from D:\GFM\inputs\exposure\ppp_2020_1km_Aggregated.tif
2026-08-04 06:48:39,438 - snakemake_workflow - rasterdataset - DEBUG - Clip to [65.000, 75.000, 67.000, 77.000] (epsg:4326))
2026-08-04 06:48:39,438 - snakemake_workflow - rasterdataset - DEBUG - Clip to [93.000, 72.000, 95.000, 74.000] (epsg:4326))
2026-08-04 06:48:40,101 - snakemake_workflow - rasterdataset - INFO - Reading population raster data from D:\GFM\inputs\exposure\ppp_2020_1km_Aggregated.tif
2026-08-04 06:48:40,147 - snakemake_workflow - rasterdataset - DEBUG - Clip to [71.000, 71.000, 73.000, 73.000] (epsg:4326))
2026-08-04 06:48:40,255 - snakemake_workflow - rasterdataset - INFO - Reading population raster data from D:\GFM\inputs\exposure\ppp_2020_1km_Aggregated.tif
2026-08-04 06:48:40,274 - snakemake_workflow - rasterdataset - DEBUG - Clip to [95.000, 72.000, 97.000, 74.000] (epsg:4326))
2026-08-04 06:48:40,362 - snakemake_workflow - rasterdataset - INFO - Reading population raster data from D:\GFM\inputs\exposure\ppp_2020_1km_Aggregated.tif
2026-08-04 06:48:40,439 - snakemake_workflow - rasterdataset - DEBUG - Clip to [90.000, 72.000, 92.000, 74.000] (epsg:4326))
2026-08-04 06:48:40,610 - snakemake_workflow - rasterdataset - INFO - Reading population raster data from D:\GFM\inputs\exposure\ppp_2020_1km_Aggregated.tif
2026-08-04 06:48:40,639 - snakemake_workflow - rasterdataset - DEBUG - Clip to [59.000, 75.000, 63.000, 77.000] (epsg:4326))
2026-08-04 06:48:41,614 - snakemake_workflow - rasterdataset - INFO - Reading population raster data from D:\GFM\inputs\exposure\ppp_2020_1km_Aggregated.tif
2026-08-04 06:48:41,647 - snakemake_workflow - rasterdataset - DEBUG - Clip to [52.000, 70.000, 56.000, 72.000] (epsg:4326))
2026-08-04 06:48:42,202 - snakemake_workflow - rasterdataset - INFO - Reading population raster data from D:\GFM\inputs\exposure\ppp_2020_1km_Aggregated.tif
2026-08-04 06:48:42,214 - snakemake_workflow - rasterdataset - DEBUG - Clip to [77.000, 65.000, 79.000, 67.000] (epsg:4326))
2026-08-04 06:48:44,545 - snakemake_workflow - rasterdataset - INFO - Reading population raster data from D:\GFM\inputs\exposure\ppp_2020_1km_Aggregated.tif
2026-08-04 06:48:44,554 - snakemake_workflow - rasterdataset - DEBUG - Clip to [91.000, 75.000, 95.000, 77.000] (epsg:4326))
2026-08-04 06:48:45,033 - snakemake_workflow - rasterdataset - INFO - Reading population raster data from D:\GFM\inputs\exposure\ppp_2020_1km_Aggregated.tif
2026-08-04 06:48:45,065 - snakemake_workflow - rasterdataset - DEBUG - Clip to [95.000, 77.000, 97.000, 79.000] (epsg:4326))
2026-08-04 06:48:45,573 - snakemake_workflow - rasterdataset - INFO - Reading population raster data from D:\GFM\inputs\exposure\ppp_2020_1km_Aggregated.tif
2026-08-04 06:48:45,605 - snakemake_workflow - rasterdataset - DEBUG - Clip to [64.000, 75.000, 66.000, 77.000] (epsg:4326))
2026-08-04 06:48:45,830 - snakemake_workflow - rasterdataset - INFO - Reading population raster data from D:\GFM\inputs\exposure\ppp_2020_1km_Aggregated.tif
2026-08-04 06:48:45,850 - snakemake_workflow - rasterdataset - DEBUG - Clip to [62.000, 75.000, 64.000, 77.000] (epsg:4326))
2026-08-04 06:48:46,185 - snakemake_workflow - rasterdataset - INFO - Reading population raster data from D:\GFM\inputs\exposure\ppp_2020_1km_Aggregated.tif
2026-08-04 06:48:46,213 - snakemake_workflow - rasterdataset - DEBUG - Clip to [90.000, 79.000, 92.000, 81.000] (epsg:4326))
2026-08-04 06:48:46,316 - snakemake_workflow - rasterdataset - INFO - Reading population raster data from D:\GFM\inputs\exposure\ppp_2020_1km_Aggregated.tif
2026-08-04 06:48:46,441 - snakemake_workflow - rasterdataset - DEBUG - Clip to [91.000, 72.000, 93.000, 74.000] (epsg:4326))
2026-08-04 06:48:46,608 - snakemake_workflow - rasterdataset - INFO - Reading population raster data from D:\GFM\inputs\exposure\ppp_2020_1km_Aggregated.tif
2026-08-04 06:48:46,651 - snakemake_workflow - rasterdataset - DEBUG - Clip to [106.000, 72.000, 109.000, 74.000] (epsg:4326))
2026-08-04 06:48:47,094 - snakemake_workflow - rasterdataset - INFO - Reading population raster data from D:\GFM\inputs\exposure\ppp_2020_1km_Aggregated.tif
2026-08-04 06:48:47,143 - snakemake_workflow - rasterdataset - DEBUG - Clip to [69.000, 65.000, 71.000, 67.000] (epsg:4326))
2026-08-04 06:48:48,298 - snakemake_workflow - rasterdataset - INFO - Reading population raster data from D:\GFM\inputs\exposure\ppp_2020_1km_Aggregated.tif
2026-08-04 06:48:48,339 - snakemake_workflow - rasterdataset - DEBUG - Clip to [112.000, 75.000, 114.000, 77.000] (epsg:4326))
2026-08-04 06:48:49,083 - snakemake_workflow - rasterdataset - INFO - Reading population raster data from D:\GFM\inputs\exposure\ppp_2020_1km_Aggregated.tif
2026-08-04 06:48:49,124 - snakemake_workflow - rasterdataset - DEBUG - Clip to [82.000, 73.000, 84.000, 75.000] (epsg:4326))
2026-08-04 06:48:49,289 - snakemake_workflow - rasterdataset - INFO - Reading population raster data from D:\GFM\inputs\exposure\ppp_2020_1km_Aggregated.tif
2026-08-04 06:48:49,329 - snakemake_workflow - rasterdataset - DEBUG - Clip to [96.000, 73.000, 98.000, 75.000] (epsg:4326))
2026-08-04 06:48:49,717 - snakemake_workflow - rasterdataset - INFO - Reading population raster data from D:\GFM\inputs\exposure\ppp_2020_1km_Aggregated.tif
2026-08-04 06:48:49,764 - snakemake_workflow - rasterdataset - DEBUG - Clip to [92.000, 72.000, 94.000, 74.000] (epsg:4326))
2026-08-04 06:48:50,153 - snakemake_workflow - rasterdataset - INFO - Reading population raster data from D:\GFM\inputs\exposure\ppp_2020_1km_Aggregated.tif
2026-08-04 06:48:50,195 - snakemake_workflow - rasterdataset - DEBUG - Clip to [101.000, 71.000, 103.000, 73.000] (epsg:4326))
2026-08-04 06:48:51,457 - snakemake_workflow - rasterdataset - INFO - Reading population raster data from D:\GFM\inputs\exposure\ppp_2020_1km_Aggregated.tif
2026-08-04 06:48:51,487 - snakemake_workflow - rasterdataset - DEBUG - Clip to [126.000, 70.000, 128.000, 72.000] (epsg:4326))
2026-08-04 06:48:51,718 - snakemake_workflow - rasterdataset - INFO - Reading population raster data from D:\GFM\inputs\exposure\ppp_2020_1km_Aggregated.tif
2026-08-04 06:48:51,823 - snakemake_workflow - rasterdataset - DEBUG - Clip to [94.000, 72.000, 96.000, 74.000] (epsg:4326))
2026-08-04 06:48:52,534 - snakemake_workflow - rasterdataset - INFO - Reading population raster data from D:\GFM\inputs\exposure\ppp_2020_1km_Aggregated.tif
2026-08-04 06:48:52,559 - snakemake_workflow - rasterdataset - DEBUG - Clip to [91.000, 79.000, 94.000, 81.000] (epsg:4326))
2026-08-04 06:48:52,666 - snakemake_workflow - rasterdataset - INFO - Reading population raster data from D:\GFM\inputs\exposure\ppp_2020_1km_Aggregated.tif
2026-08-04 06:48:52,697 - snakemake_workflow - rasterdataset - DEBUG - Clip to [135.000, 74.000, 138.000, 76.000] (epsg:4326))
2026-08-04 06:48:53,060 - snakemake_workflow - rasterdataset - INFO - Reading population raster data from D:\GFM\inputs\exposure\ppp_2020_1km_Aggregated.tif
2026-08-04 06:48:53,193 - snakemake_workflow - rasterdataset - DEBUG - Clip to [94.000, 75.000, 97.000, 77.000] (epsg:4326))
2026-08-04 06:48:53,260 - snakemake_workflow - rasterdataset - INFO - Reading population raster data from D:\GFM\inputs\exposure\ppp_2020_1km_Aggregated.tif
2026-08-04 06:48:53,291 - snakemake_workflow - rasterdataset - DEBUG - Clip to [151.000, 70.000, 153.000, 72.000] (epsg:4326))
2026-08-04 06:48:53,873 - snakemake_workflow - rasterdataset - INFO - Reading population raster data from D:\GFM\inputs\exposure\ppp_2020_1km_Aggregated.tif
2026-08-04 06:48:53,910 - snakemake_workflow - rasterdataset - DEBUG - Clip to [114.000, 72.000, 116.000, 74.000] (epsg:4326))
2026-08-04 06:48:54,032 - snakemake_workflow - rasterdataset - INFO - Reading population raster data from D:\GFM\inputs\exposure\ppp_2020_1km_Aggregated.tif
2026-08-04 06:48:54,161 - snakemake_workflow - rasterdataset - DEBUG - Clip to [107.000, 76.000, 109.000, 78.000] (epsg:4326))
2026-08-04 06:48:55,642 - snakemake_workflow - rasterdataset - INFO - Reading population raster data from D:\GFM\inputs\exposure\ppp_2020_1km_Aggregated.tif
2026-08-04 06:48:55,665 - snakemake_workflow - rasterdataset - DEBUG - Clip to [102.000, 71.000, 104.000, 73.000] (epsg:4326))
2026-08-04 06:48:55,851 - snakemake_workflow - rasterdataset - INFO - Reading population raster data from D:\GFM\inputs\exposure\ppp_2020_1km_Aggregated.tif
2026-08-04 06:48:55,879 - snakemake_workflow - rasterdataset - DEBUG - Clip to [129.000, 70.000, 133.000, 72.000] (epsg:4326))
2026-08-04 06:48:57,378 - snakemake_workflow - rasterdataset - INFO - Reading population raster data from D:\GFM\inputs\exposure\ppp_2020_1km_Aggregated.tif
2026-08-04 06:48:57,392 - snakemake_workflow - rasterdataset - DEBUG - Clip to [-21.000, 65.000, -19.000, 67.000] (epsg:4326))
  filter_and_shave_chunks: 1000/3719 checked, 910 kept so far (797s elapsed)
2026-08-04 06:48:58,016 - snakemake_workflow - rasterdataset - INFO - Reading population raster data from D:\GFM\inputs\exposure\ppp_2020_1km_Aggregated.tif
2026-08-04 06:48:58,043 - snakemake_workflow - rasterdataset - DEBUG - Clip to [173.000, -43.000, 175.000, -41.000] (epsg:4326))
2026-08-04 06:48:58,153 - snakemake_workflow - rasterdataset - INFO - Reading population raster data from D:\GFM\inputs\exposure\ppp_2020_1km_Aggregated.tif
2026-08-04 06:48:58,181 - snakemake_workflow - rasterdataset - DEBUG - Clip to [112.000, 74.000, 114.000, 76.000] (epsg:4326))
2026-08-04 06:48:58,322 - snakemake_workflow - rasterdataset - INFO - Reading population raster data from D:\GFM\inputs\exposure\ppp_2020_1km_Aggregated.tif
2026-08-04 06:48:58,346 - snakemake_workflow - rasterdataset - DEBUG - Clip to [-23.000, 63.000, -21.000, 65.000] (epsg:4326))
2026-08-04 06:48:58,682 - snakemake_workflow - rasterdataset - INFO - Reading population raster data from D:\GFM\inputs\exposure\ppp_2020_1km_Aggregated.tif
2026-08-04 06:48:58,713 - snakemake_workflow - rasterdataset - DEBUG - Clip to [103.000, 74.000, 105.000, 76.000] (epsg:4326))
2026-08-04 06:48:59,047 - snakemake_workflow - rasterdataset - INFO - Reading population raster data from D:\GFM\inputs\exposure\ppp_2020_1km_Aggregated.tif
2026-08-04 06:48:59,191 - snakemake_workflow - rasterdataset - DEBUG - Clip to [115.000, 72.000, 117.000, 74.000] (epsg:4326))
2026-08-04 06:48:59,268 - snakemake_workflow - rasterdataset - INFO - Reading population raster data from D:\GFM\inputs\exposure\ppp_2020_1km_Aggregated.tif
2026-08-04 06:48:59,430 - snakemake_workflow - rasterdataset - DEBUG - Clip to [149.000, 70.000, 151.000, 72.000] (epsg:4326))
2026-08-04 06:49:00,809 - snakemake_workflow - rasterdataset - INFO - Reading population raster data from D:\GFM\inputs\exposure\ppp_2020_1km_Aggregated.tif
2026-08-04 06:49:00,842 - snakemake_workflow - rasterdataset - DEBUG - Clip to [113.000, 72.000, 115.000, 74.000] (epsg:4326))
2026-08-04 06:49:01,319 - snakemake_workflow - rasterdataset - INFO - Reading population raster data from D:\GFM\inputs\exposure\ppp_2020_1km_Aggregated.tif
2026-08-04 06:49:01,349 - snakemake_workflow - rasterdataset - DEBUG - Clip to [-20.000, 65.000, -18.000, 67.000] (epsg:4326))
2026-08-04 06:49:01,811 - snakemake_workflow - rasterdataset - INFO - Reading population raster data from D:\GFM\inputs\exposure\ppp_2020_1km_Aggregated.tif
2026-08-04 06:49:01,850 - snakemake_workflow - rasterdataset - DEBUG - Clip to [122.000, 72.000, 126.000, 74.000] (epsg:4326))
2026-08-04 06:49:02,034 - snakemake_workflow - rasterdataset - INFO - Reading population raster data from D:\GFM\inputs\exposure\ppp_2020_1km_Aggregated.tif
2026-08-04 06:49:02,133 - snakemake_workflow - rasterdataset - DEBUG - Clip to [172.000, -42.000, 174.000, -40.000] (epsg:4326))
2026-08-04 06:49:02,419 - snakemake_workflow - rasterdataset - INFO - Reading population raster data from D:\GFM\inputs\exposure\ppp_2020_1km_Aggregated.tif
2026-08-04 06:49:02,430 - snakemake_workflow - rasterdataset - DEBUG - Clip to [-140.000, -22.000, -138.000, -18.000] (epsg:4326))
2026-08-04 06:49:02,835 - snakemake_workflow - rasterdataset - INFO - Reading population raster data from D:\GFM\inputs\exposure\ppp_2020_1km_Aggregated.tif
2026-08-04 06:49:02,861 - snakemake_workflow - rasterdataset - DEBUG - Clip to [-22.000, 65.000, -20.000, 67.000] (epsg:4326))
2026-08-04 06:49:03,670 - snakemake_workflow - rasterdataset - INFO - Reading population raster data from D:\GFM\inputs\exposure\ppp_2020_1km_Aggregated.tif
2026-08-04 06:49:03,713 - snakemake_workflow - rasterdataset - DEBUG - Clip to [164.000, -22.000, 168.000, -20.000] (epsg:4326))
2026-08-04 06:49:03,840 - snakemake_workflow - rasterdataset - INFO - Reading population raster data from D:\GFM\inputs\exposure\ppp_2020_1km_Aggregated.tif
2026-08-04 06:49:03,861 - snakemake_workflow - rasterdataset - DEBUG - Clip to [-19.000, 65.000, -17.000, 67.000] (epsg:4326))
2026-08-04 06:49:03,939 - snakemake_workflow - rasterdataset - INFO - Reading population raster data from D:\GFM\inputs\exposure\ppp_2020_1km_Aggregated.tif
2026-08-04 06:49:03,967 - snakemake_workflow - rasterdataset - DEBUG - Clip to [132.000, 70.000, 134.000, 72.000] (epsg:4326))
2026-08-04 06:49:04,290 - snakemake_workflow - rasterdataset - INFO - Reading population raster data from D:\GFM\inputs\exposure\ppp_2020_1km_Aggregated.tif
2026-08-04 06:49:04,318 - snakemake_workflow - rasterdataset - DEBUG - Clip to [147.000, 74.000, 151.000, 76.000] (epsg:4326))
2026-08-04 06:49:05,094 - snakemake_workflow - rasterdataset - INFO - Reading population raster data from D:\GFM\inputs\exposure\ppp_2020_1km_Aggregated.tif
2026-08-04 06:49:05,114 - snakemake_workflow - rasterdataset - INFO - Reading population raster data from D:\GFM\inputs\exposure\ppp_2020_1km_Aggregated.tif
2026-08-04 06:49:05,122 - snakemake_workflow - rasterdataset - DEBUG - Clip to [49.000, -17.000, 51.000, -13.000] (epsg:4326))
2026-08-04 06:49:05,135 - snakemake_workflow - rasterdataset - DEBUG - Clip to [-25.000, 64.000, -23.000, 66.000] (epsg:4326))
2026-08-04 06:49:05,884 - snakemake_workflow - rasterdataset - INFO - Reading population raster data from D:\GFM\inputs\exposure\ppp_2020_1km_Aggregated.tif
2026-08-04 06:49:05,903 - snakemake_workflow - rasterdataset - DEBUG - Clip to [-62.000, -53.000, -58.000, -51.000] (epsg:4326))
2026-08-04 06:49:06,459 - snakemake_workflow - rasterdataset - INFO - Reading population raster data from D:\GFM\inputs\exposure\ppp_2020_1km_Aggregated.tif
2026-08-04 06:49:06,482 - snakemake_workflow - rasterdataset - DEBUG - Clip to [135.000, 70.000, 139.000, 72.000] (epsg:4326))
2026-08-04 06:49:06,568 - snakemake_workflow - rasterdataset - INFO - Reading population raster data from D:\GFM\inputs\exposure\ppp_2020_1km_Aggregated.tif
2026-08-04 06:49:06,671 - snakemake_workflow - rasterdataset - DEBUG - Clip to [-142.000, -20.000, -139.000, -18.000] (epsg:4326))
2026-08-04 06:49:08,387 - snakemake_workflow - rasterdataset - INFO - Reading population raster data from D:\GFM\inputs\exposure\ppp_2020_1km_Aggregated.tif
2026-08-04 06:49:08,417 - snakemake_workflow - rasterdataset - DEBUG - Clip to [165.000, 8.000, 167.000, 12.000] (epsg:4326))
2026-08-04 06:49:08,834 - snakemake_workflow - rasterdataset - INFO - Reading population raster data from D:\GFM\inputs\exposure\ppp_2020_1km_Aggregated.tif
2026-08-04 06:49:08,850 - snakemake_workflow - rasterdataset - DEBUG - Clip to [-146.000, -18.000, -142.000, -16.000] (epsg:4326))
2026-08-04 06:49:10,463 - snakemake_workflow - rasterdataset - INFO - Reading population raster data from D:\GFM\inputs\exposure\ppp_2020_1km_Aggregated.tif
2026-08-04 06:49:10,490 - snakemake_workflow - rasterdataset - DEBUG - Clip to [177.000, -20.000, 179.000, -18.000] (epsg:4326))
2026-08-04 06:49:11,914 - snakemake_workflow - rasterdataset - INFO - Reading population raster data from D:\GFM\inputs\exposure\ppp_2020_1km_Aggregated.tif
2026-08-04 06:49:11,942 - snakemake_workflow - rasterdataset - DEBUG - Clip to [54.000, 45.000, 56.000, 47.000] (epsg:4326))
2026-08-04 06:49:12,073 - snakemake_workflow - rasterdataset - INFO - Reading population raster data from D:\GFM\inputs\exposure\ppp_2020_1km_Aggregated.tif
2026-08-04 06:49:12,162 - snakemake_workflow - rasterdataset - INFO - Reading population raster data from D:\GFM\inputs\exposure\ppp_2020_1km_Aggregated.tif
2026-08-04 06:49:12,172 - snakemake_workflow - rasterdataset - DEBUG - Clip to [72.000, 2.000, 74.000, 6.000] (epsg:4326))
2026-08-04 06:49:12,248 - snakemake_workflow - rasterdataset - INFO - Reading population raster data from D:\GFM\inputs\exposure\ppp_2020_1km_Aggregated.tif
2026-08-04 06:49:12,264 - snakemake_workflow - rasterdataset - DEBUG - Clip to [148.000, 71.000, 152.000, 72.000] (epsg:4326))
2026-08-04 06:49:12,439 - snakemake_workflow - rasterdataset - DEBUG - Clip to [53.000, 36.000, 55.000, 40.000] (epsg:4326))
2026-08-04 06:49:12,873 - snakemake_workflow - rasterdataset - INFO - Reading population raster data from D:\GFM\inputs\exposure\ppp_2020_1km_Aggregated.tif
2026-08-04 06:49:12,873 - snakemake_workflow - rasterdataset - INFO - Reading population raster data from D:\GFM\inputs\exposure\ppp_2020_1km_Aggregated.tif
2026-08-04 06:49:13,270 - snakemake_workflow - rasterdataset - DEBUG - Clip to [24.000, 79.000, 26.000, 81.000] (epsg:4326))
2026-08-04 06:49:13,937 - snakemake_workflow - rasterdataset - INFO - Reading population raster data from D:\GFM\inputs\exposure\ppp_2020_1km_Aggregated.tif
2026-08-04 06:49:14,129 - snakemake_workflow - rasterdataset - DEBUG - Clip to [-149.000, -16.000, -146.000, -14.000] (epsg:4326))
2026-08-04 06:49:14,129 - snakemake_workflow - rasterdataset - DEBUG - Clip to [47.000, -15.000, 50.000, -13.000] (epsg:4326))
2026-08-04 06:49:16,575 - snakemake_workflow - rasterdataset - INFO - Reading population raster data from D:\GFM\inputs\exposure\ppp_2020_1km_Aggregated.tif
2026-08-04 06:49:16,597 - snakemake_workflow - rasterdataset - DEBUG - Clip to [57.000, 80.000, 59.000, 82.000] (epsg:4326))
2026-08-04 06:49:17,026 - snakemake_workflow - rasterdataset - INFO - Reading population raster data from D:\GFM\inputs\exposure\ppp_2020_1km_Aggregated.tif
2026-08-04 06:49:17,042 - snakemake_workflow - rasterdataset - DEBUG - Clip to [61.000, 80.000, 63.000, 82.000] (epsg:4326))
2026-08-04 06:49:17,453 - snakemake_workflow - rasterdataset - INFO - Reading population raster data from D:\GFM\inputs\exposure\ppp_2020_1km_Aggregated.tif
2026-08-04 06:49:17,471 - snakemake_workflow - rasterdataset - DEBUG - Clip to [72.000, 5.000, 74.000, 7.000] (epsg:4326))
2026-08-04 06:49:17,836 - snakemake_workflow - rasterdataset - INFO - Reading population raster data from D:\GFM\inputs\exposure\ppp_2020_1km_Aggregated.tif
2026-08-04 06:49:17,854 - snakemake_workflow - rasterdataset - DEBUG - Clip to [10.000, 78.000, 14.000, 80.000] (epsg:4326))
2026-08-04 06:49:18,202 - snakemake_workflow - rasterdataset - INFO - Reading population raster data from D:\GFM\inputs\exposure\ppp_2020_1km_Aggregated.tif
2026-08-04 06:49:18,222 - snakemake_workflow - rasterdataset - INFO - Reading population raster data from D:\GFM\inputs\exposure\ppp_2020_1km_Aggregated.tif
2026-08-04 06:49:18,222 - snakemake_workflow - rasterdataset - DEBUG - Clip to [25.000, 79.000, 27.000, 81.000] (epsg:4326))
2026-08-04 06:49:18,233 - snakemake_workflow - rasterdataset - DEBUG - Clip to [-42.000, -23.000, -40.000, -20.000] (epsg:4326))
2026-08-04 06:49:18,934 - snakemake_workflow - rasterdataset - INFO - Reading population raster data from D:\GFM\inputs\exposure\ppp_2020_1km_Aggregated.tif
2026-08-04 06:49:18,968 - snakemake_workflow - rasterdataset - DEBUG - Clip to [-69.000, -51.000, -67.000, -49.000] (epsg:4326))
2026-08-04 06:49:19,699 - snakemake_workflow - rasterdataset - INFO - Reading population raster data from D:\GFM\inputs\exposure\ppp_2020_1km_Aggregated.tif
2026-08-04 06:49:19,717 - snakemake_workflow - rasterdataset - DEBUG - Clip to [26.000, 79.000, 28.000, 81.000] (epsg:4326))
2026-08-04 06:49:19,729 - snakemake_workflow - rasterdataset - INFO - Reading population raster data from D:\GFM\inputs\exposure\ppp_2020_1km_Aggregated.tif
2026-08-04 06:49:19,756 - snakemake_workflow - rasterdataset - DEBUG - Clip to [-76.000, 9.000, -74.000, 11.000] (epsg:4326))
2026-08-04 06:49:19,968 - snakemake_workflow - rasterdataset - INFO - Reading population raster data from D:\GFM\inputs\exposure\ppp_2020_1km_Aggregated.tif
2026-08-04 06:49:20,219 - snakemake_workflow - rasterdataset - DEBUG - Clip to [62.000, 80.000, 64.000, 82.000] (epsg:4326))
2026-08-04 06:49:20,631 - snakemake_workflow - rasterdataset - INFO - Reading population raster data from D:\GFM\inputs\exposure\ppp_2020_1km_Aggregated.tif
2026-08-04 06:49:20,663 - snakemake_workflow - rasterdataset - DEBUG - Clip to [58.000, 80.000, 60.000, 82.000] (epsg:4326))
2026-08-04 06:49:21,149 - snakemake_workflow - rasterdataset - INFO - Reading population raster data from D:\GFM\inputs\exposure\ppp_2020_1km_Aggregated.tif
2026-08-04 06:49:21,173 - snakemake_workflow - rasterdataset - DEBUG - Clip to [54.000, 80.000, 58.000, 82.000] (epsg:4326))
2026-08-04 06:49:21,922 - snakemake_workflow - rasterdataset - INFO - Reading population raster data from D:\GFM\inputs\exposure\ppp_2020_1km_Aggregated.tif
2026-08-04 06:49:21,929 - snakemake_workflow - rasterdataset - INFO - Reading population raster data from D:\GFM\inputs\exposure\ppp_2020_1km_Aggregated.tif
2026-08-04 06:49:21,953 - snakemake_workflow - rasterdataset - DEBUG - Clip to [-59.000, 4.000, -56.000, 6.000] (epsg:4326))
2026-08-04 06:49:21,959 - snakemake_workflow - rasterdataset - DEBUG - Clip to [63.000, 80.000, 65.000, 82.000] (epsg:4326))
2026-08-04 06:49:22,469 - snakemake_workflow - rasterdataset - INFO - Reading population raster data from D:\GFM\inputs\exposure\ppp_2020_1km_Aggregated.tif
2026-08-04 06:49:22,575 - snakemake_workflow - rasterdataset - DEBUG - Clip to [50.000, 43.000, 52.000, 45.000] (epsg:4326))
2026-08-04 06:49:22,575 - snakemake_workflow - rasterdataset - INFO - Reading population raster data from D:\GFM\inputs\exposure\ppp_2020_1km_Aggregated.tif
2026-08-04 06:49:22,658 - snakemake_workflow - rasterdataset - DEBUG - Clip to [59.000, 80.000, 61.000, 82.000] (epsg:4326))
2026-08-04 06:49:23,334 - snakemake_workflow - rasterdataset - INFO - Reading population raster data from D:\GFM\inputs\exposure\ppp_2020_1km_Aggregated.tif
2026-08-04 06:49:23,367 - snakemake_workflow - rasterdataset - DEBUG - Clip to [-61.000, -34.000, -59.000, -32.000] (epsg:4326))
2026-08-04 06:49:23,763 - snakemake_workflow - rasterdataset - INFO - Reading population raster data from D:\GFM\inputs\exposure\ppp_2020_1km_Aggregated.tif
2026-08-04 06:49:23,802 - snakemake_workflow - rasterdataset - DEBUG - Clip to [64.000, 80.000, 66.000, 82.000] (epsg:4326))
2026-08-04 06:49:24,276 - snakemake_workflow - rasterdataset - INFO - Reading population raster data from D:\GFM\inputs\exposure\ppp_2020_1km_Aggregated.tif
2026-08-04 06:49:24,304 - snakemake_workflow - rasterdataset - DEBUG - Clip to [60.000, 80.000, 62.000, 82.000] (epsg:4326))
2026-08-04 06:49:24,748 - snakemake_workflow - rasterdataset - INFO - Reading population raster data from D:\GFM\inputs\exposure\ppp_2020_1km_Aggregated.tif
2026-08-04 06:49:24,780 - snakemake_workflow - rasterdataset - DEBUG - Clip to [-82.000, -3.000, -79.000, -1.000] (epsg:4326))
2026-08-04 06:49:25,179 - snakemake_workflow - rasterdataset - INFO - Reading population raster data from D:\GFM\inputs\exposure\ppp_2020_1km_Aggregated.tif
2026-08-04 06:49:25,417 - snakemake_workflow - rasterdataset - DEBUG - Clip to [-75.000, 23.000, -73.000, 24.000] (epsg:4326))
2026-08-04 06:49:25,935 - snakemake_workflow - rasterdataset - INFO - Reading population raster data from D:\GFM\inputs\exposure\ppp_2020_1km_Aggregated.tif
2026-08-04 06:49:25,954 - snakemake_workflow - rasterdataset - INFO - Reading population raster data from D:\GFM\inputs\exposure\ppp_2020_1km_Aggregated.tif
2026-08-04 06:49:25,958 - snakemake_workflow - rasterdataset - DEBUG - Clip to [-80.000, 33.000, -77.000, 35.000] (epsg:4326))
2026-08-04 06:49:26,042 - snakemake_workflow - rasterdataset - DEBUG - Clip to [21.000, 76.000, 23.000, 78.000] (epsg:4326))
2026-08-04 06:49:26,347 - snakemake_workflow - rasterdataset - INFO - Reading population raster data from D:\GFM\inputs\exposure\ppp_2020_1km_Aggregated.tif
2026-08-04 06:49:26,577 - snakemake_workflow - rasterdataset - INFO - Reading population raster data from D:\GFM\inputs\exposure\ppp_2020_1km_Aggregated.tif
2026-08-04 06:49:26,597 - snakemake_workflow - rasterdataset - DEBUG - Clip to [-75.000, 40.000, -72.000, 41.000] (epsg:4326))
2026-08-04 06:49:26,601 - snakemake_workflow - rasterdataset - DEBUG - Clip to [46.000, 43.000, 48.000, 45.000] (epsg:4326))
2026-08-04 06:49:26,798 - snakemake_workflow - rasterdataset - INFO - Reading population raster data from D:\GFM\inputs\exposure\ppp_2020_1km_Aggregated.tif
2026-08-04 06:49:26,924 - snakemake_workflow - rasterdataset - DEBUG - Clip to [-82.000, -7.000, -80.000, -4.000] (epsg:4326))
2026-08-04 06:49:28,675 - snakemake_workflow - rasterdataset - INFO - Reading population raster data from D:\GFM\inputs\exposure\ppp_2020_1km_Aggregated.tif
2026-08-04 06:49:28,691 - snakemake_workflow - rasterdataset - DEBUG - Clip to [-63.000, -40.000, -61.000, -38.000] (epsg:4326))
2026-08-04 06:49:28,773 - snakemake_workflow - rasterdataset - INFO - Reading population raster data from D:\GFM\inputs\exposure\ppp_2020_1km_Aggregated.tif
2026-08-04 06:49:28,794 - snakemake_workflow - rasterdataset - DEBUG - Clip to [-59.000, 5.000, -57.000, 7.000] (epsg:4326))
2026-08-04 06:49:30,252 - snakemake_workflow - rasterdataset - INFO - Reading population raster data from D:\GFM\inputs\exposure\ppp_2020_1km_Aggregated.tif
2026-08-04 06:49:30,268 - snakemake_workflow - rasterdataset - DEBUG - Clip to [23.000, 79.000, 25.000, 81.000] (epsg:4326))
2026-08-04 06:49:30,889 - snakemake_workflow - rasterdataset - INFO - Reading population raster data from D:\GFM\inputs\exposure\ppp_2020_1km_Aggregated.tif
2026-08-04 06:49:30,904 - snakemake_workflow - rasterdataset - DEBUG - Clip to [-75.000, 41.000, -73.000, 42.000] (epsg:4326))
2026-08-04 06:49:31,716 - snakemake_workflow - rasterdataset - INFO - Reading population raster data from D:\GFM\inputs\exposure\ppp_2020_1km_Aggregated.tif
2026-08-04 06:49:31,747 - snakemake_workflow - rasterdataset - DEBUG - Clip to [-69.000, 10.000, -66.000, 12.000] (epsg:4326))
2026-08-04 06:49:31,821 - snakemake_workflow - rasterdataset - INFO - Reading population raster data from D:\GFM\inputs\exposure\ppp_2020_1km_Aggregated.tif
2026-08-04 06:49:31,986 - snakemake_workflow - rasterdataset - DEBUG - Clip to [-81.000, -4.000, -79.000, -2.000] (epsg:4326))
2026-08-04 06:49:32,148 - snakemake_workflow - rasterdataset - INFO - Reading population raster data from D:\GFM\inputs\exposure\ppp_2020_1km_Aggregated.tif
2026-08-04 06:49:32,166 - snakemake_workflow - rasterdataset - DEBUG - Clip to [-76.000, 64.000, -72.000, 65.000] (epsg:4326))
2026-08-04 06:49:32,170 - snakemake_workflow - rasterdataset - INFO - Reading population raster data from D:\GFM\inputs\exposure\ppp_2020_1km_Aggregated.tif
2026-08-04 06:49:32,190 - snakemake_workflow - rasterdataset - DEBUG - Clip to [-83.000, 53.000, -81.000, 55.000] (epsg:4326))
2026-08-04 06:49:32,194 - snakemake_workflow - rasterdataset - INFO - Reading population raster data from D:\GFM\inputs\exposure\ppp_2020_1km_Aggregated.tif
2026-08-04 06:49:32,218 - snakemake_workflow - rasterdataset - DEBUG - Clip to [-94.000, 61.000, -92.000, 63.000] (epsg:4326))
2026-08-04 06:49:32,703 - snakemake_workflow - rasterdataset - INFO - Reading population raster data from D:\GFM\inputs\exposure\ppp_2020_1km_Aggregated.tif
2026-08-04 06:49:32,719 - snakemake_workflow - rasterdataset - DEBUG - Clip to [-62.000, 75.000, -59.000, 77.000] (epsg:4326))
2026-08-04 06:49:33,039 - snakemake_workflow - rasterdataset - INFO - Reading population raster data from D:\GFM\inputs\exposure\ppp_2020_1km_Aggregated.tif
2026-08-04 06:49:33,039 - snakemake_workflow - rasterdataset - INFO - Reading population raster data from D:\GFM\inputs\exposure\ppp_2020_1km_Aggregated.tif
2026-08-04 06:49:33,070 - snakemake_workflow - rasterdataset - DEBUG - Clip to [-36.000, -9.000, -34.000, -6.000] (epsg:4326))
2026-08-04 06:49:33,070 - snakemake_workflow - rasterdataset - DEBUG - Clip to [-58.000, 73.000, -55.000, 75.000] (epsg:4326))
2026-08-04 06:49:33,666 - snakemake_workflow - rasterdataset - INFO - Reading population raster data from D:\GFM\inputs\exposure\ppp_2020_1km_Aggregated.tif
2026-08-04 06:49:33,700 - snakemake_workflow - rasterdataset - DEBUG - Clip to [-107.000, 21.000, -105.000, 24.000] (epsg:4326))
2026-08-04 06:49:33,930 - snakemake_workflow - rasterdataset - INFO - Reading population raster data from D:\GFM\inputs\exposure\ppp_2020_1km_Aggregated.tif
2026-08-04 06:49:34,026 - snakemake_workflow - rasterdataset - INFO - Reading population raster data from D:\GFM\inputs\exposure\ppp_2020_1km_Aggregated.tif
2026-08-04 06:49:34,026 - snakemake_workflow - rasterdataset - DEBUG - Clip to [-82.000, 31.000, -80.000, 33.000] (epsg:4326))
2026-08-04 06:49:34,122 - snakemake_workflow - rasterdataset - DEBUG - Clip to [-121.000, 33.000, -118.000, 35.000] (epsg:4326))
2026-08-04 06:49:35,024 - snakemake_workflow - rasterdataset - INFO - Reading population raster data from D:\GFM\inputs\exposure\ppp_2020_1km_Aggregated.tif
2026-08-04 06:49:35,048 - snakemake_workflow - rasterdataset - DEBUG - Clip to [-76.000, 22.000, -73.000, 23.000] (epsg:4326))
2026-08-04 06:49:36,717 - snakemake_workflow - rasterdataset - INFO - Reading population raster data from D:\GFM\inputs\exposure\ppp_2020_1km_Aggregated.tif
2026-08-04 06:49:36,733 - snakemake_workflow - rasterdataset - DEBUG - Clip to [-51.000, 62.000, -49.000, 64.000] (epsg:4326))
2026-08-04 06:49:36,795 - snakemake_workflow - rasterdataset - INFO - Reading population raster data from D:\GFM\inputs\exposure\ppp_2020_1km_Aggregated.tif
2026-08-04 06:49:36,811 - snakemake_workflow - rasterdataset - DEBUG - Clip to [-62.000, 80.000, -60.000, 82.000] (epsg:4326))
2026-08-04 06:49:36,922 - snakemake_workflow - rasterdataset - INFO - Reading population raster data from D:\GFM\inputs\exposure\ppp_2020_1km_Aggregated.tif
2026-08-04 06:49:36,955 - snakemake_workflow - rasterdataset - DEBUG - Clip to [-41.000, 64.000, -39.000, 66.000] (epsg:4326))
2026-08-04 06:49:37,163 - snakemake_workflow - rasterdataset - INFO - Reading population raster data from D:\GFM\inputs\exposure\ppp_2020_1km_Aggregated.tif
2026-08-04 06:49:37,178 - snakemake_workflow - rasterdataset - DEBUG - Clip to [122.000, -18.000, 124.000, -16.000] (epsg:4326))
2026-08-04 06:49:37,910 - snakemake_workflow - rasterdataset - INFO - Reading population raster data from D:\GFM\inputs\exposure\ppp_2020_1km_Aggregated.tif
2026-08-04 06:49:37,926 - snakemake_workflow - rasterdataset - DEBUG - Clip to [118.000, -21.000, 121.000, -19.000] (epsg:4326))
2026-08-04 06:49:38,189 - snakemake_workflow - rasterdataset - INFO - Reading population raster data from D:\GFM\inputs\exposure\ppp_2020_1km_Aggregated.tif
2026-08-04 06:49:38,197 - snakemake_workflow - rasterdataset - DEBUG - Clip to [-57.000, 72.000, -55.000, 74.000] (epsg:4326))
2026-08-04 06:49:38,968 - snakemake_workflow - rasterdataset - INFO - Reading population raster data from D:\GFM\inputs\exposure\ppp_2020_1km_Aggregated.tif
2026-08-04 06:49:38,979 - snakemake_workflow - rasterdataset - DEBUG - Clip to [-76.000, 38.000, -74.000, 40.000] (epsg:4326))
2026-08-04 06:49:39,119 - snakemake_workflow - rasterdataset - INFO - Reading population raster data from D:\GFM\inputs\exposure\ppp_2020_1km_Aggregated.tif
2026-08-04 06:49:39,198 - snakemake_workflow - rasterdataset - INFO - Reading population raster data from D:\GFM\inputs\exposure\ppp_2020_1km_Aggregated.tif
2026-08-04 06:49:39,366 - snakemake_workflow - rasterdataset - DEBUG - Clip to [145.000, -19.000, 147.000, -16.000] (epsg:4326))
2026-08-04 06:49:39,366 - snakemake_workflow - rasterdataset - DEBUG - Clip to [-60.000, 47.000, -58.000, 49.000] (epsg:4326))
2026-08-04 06:49:39,609 - snakemake_workflow - rasterdataset - INFO - Reading population raster data from D:\GFM\inputs\exposure\ppp_2020_1km_Aggregated.tif
2026-08-04 06:49:39,641 - snakemake_workflow - rasterdataset - DEBUG - Clip to [-89.000, 30.000, -87.000, 33.000] (epsg:4326))
2026-08-04 06:49:40,242 - snakemake_workflow - rasterdataset - INFO - Reading population raster data from D:\GFM\inputs\exposure\ppp_2020_1km_Aggregated.tif
2026-08-04 06:49:40,274 - snakemake_workflow - rasterdataset - DEBUG - Clip to [124.000, -16.000, 126.000, -14.000] (epsg:4326))
2026-08-04 06:49:40,482 - snakemake_workflow - rasterdataset - INFO - Reading population raster data from D:\GFM\inputs\exposure\ppp_2020_1km_Aggregated.tif
2026-08-04 06:49:40,484 - snakemake_workflow - rasterdataset - INFO - Reading population raster data from D:\GFM\inputs\exposure\ppp_2020_1km_Aggregated.tif
2026-08-04 06:49:40,510 - snakemake_workflow - rasterdataset - DEBUG - Clip to [-46.000, 59.000, -43.000, 61.000] (epsg:4326))
2026-08-04 06:49:40,512 - snakemake_workflow - rasterdataset - DEBUG - Clip to [-52.000, 63.000, -49.000, 65.000] (epsg:4326))
2026-08-04 06:49:42,456 - snakemake_workflow - rasterdataset - INFO - Reading population raster data from D:\GFM\inputs\exposure\ppp_2020_1km_Aggregated.tif
2026-08-04 06:49:42,490 - snakemake_workflow - rasterdataset - DEBUG - Clip to [129.000, -15.000, 131.000, -13.000] (epsg:4326))
2026-08-04 06:49:42,565 - snakemake_workflow - rasterdataset - INFO - Reading population raster data from D:\GFM\inputs\exposure\ppp_2020_1km_Aggregated.tif
2026-08-04 06:49:42,581 - snakemake_workflow - rasterdataset - DEBUG - Clip to [125.000, -15.000, 128.000, -13.000] (epsg:4326))
2026-08-04 06:49:43,399 - snakemake_workflow - rasterdataset - INFO - Reading population raster data from D:\GFM\inputs\exposure\ppp_2020_1km_Aggregated.tif
2026-08-04 06:49:43,420 - snakemake_workflow - rasterdataset - DEBUG - Clip to [152.000, -32.000, 154.000, -29.000] (epsg:4326))
2026-08-04 06:49:43,675 - snakemake_workflow - rasterdataset - INFO - Reading population raster data from D:\GFM\inputs\exposure\ppp_2020_1km_Aggregated.tif
2026-08-04 06:49:43,706 - snakemake_workflow - rasterdataset - DEBUG - Clip to [-76.000, 39.000, -74.000, 41.000] (epsg:4326))
2026-08-04 06:49:44,269 - snakemake_workflow - rasterdataset - INFO - Reading population raster data from D:\GFM\inputs\exposure\ppp_2020_1km_Aggregated.tif
2026-08-04 06:49:44,304 - snakemake_workflow - rasterdataset - DEBUG - Clip to [126.000, -33.000, 129.000, -31.000] (epsg:4326))
2026-08-04 06:49:44,584 - snakemake_workflow - rasterdataset - INFO - Reading population raster data from D:\GFM\inputs\exposure\ppp_2020_1km_Aggregated.tif
2026-08-04 06:49:44,625 - snakemake_workflow - rasterdataset - DEBUG - Clip to [132.000, -12.000, 134.000, -10.000] (epsg:4326))
2026-08-04 06:49:44,944 - snakemake_workflow - rasterdataset - INFO - Reading population raster data from D:\GFM\inputs\exposure\ppp_2020_1km_Aggregated.tif
2026-08-04 06:49:44,968 - snakemake_workflow - rasterdataset - DEBUG - Clip to [-44.000, 60.000, -42.000, 63.000] (epsg:4326))
2026-08-04 06:49:44,972 - snakemake_workflow - rasterdataset - INFO - Reading population raster data from D:\GFM\inputs\exposure\ppp_2020_1km_Aggregated.tif
2026-08-04 06:49:45,001 - snakemake_workflow - rasterdataset - DEBUG - Clip to [-42.000, 63.000, -40.000, 66.000] (epsg:4326))
2026-08-04 06:49:45,007 - snakemake_workflow - rasterdataset - INFO - Reading population raster data from D:\GFM\inputs\exposure\ppp_2020_1km_Aggregated.tif
2026-08-04 06:49:45,047 - snakemake_workflow - rasterdataset - DEBUG - Clip to [119.000, -11.000, 121.000, -9.000] (epsg:4326))
2026-08-04 06:49:45,126 - snakemake_workflow - rasterdataset - INFO - Reading population raster data from D:\GFM\inputs\exposure\ppp_2020_1km_Aggregated.tif
2026-08-04 06:49:45,162 - snakemake_workflow - rasterdataset - DEBUG - Clip to [161.000, -11.000, 163.000, -9.000] (epsg:4326))
2026-08-04 06:49:45,209 - snakemake_workflow - rasterdataset - INFO - Reading population raster data from D:\GFM\inputs\exposure\ppp_2020_1km_Aggregated.tif
2026-08-04 06:49:45,230 - snakemake_workflow - rasterdataset - INFO - Reading population raster data from D:\GFM\inputs\exposure\ppp_2020_1km_Aggregated.tif
2026-08-04 06:49:45,252 - snakemake_workflow - rasterdataset - DEBUG - Clip to [119.000, 23.000, 121.000, 25.000] (epsg:4326))
2026-08-04 06:49:45,275 - snakemake_workflow - rasterdataset - DEBUG - Clip to [108.000, 18.000, 110.000, 20.000] (epsg:4326))
2026-08-04 06:49:45,410 - snakemake_workflow - rasterdataset - INFO - Reading population raster data from D:\GFM\inputs\exposure\ppp_2020_1km_Aggregated.tif
2026-08-04 06:49:45,452 - snakemake_workflow - rasterdataset - DEBUG - Clip to [78.000, 8.000, 81.000, 10.000] (epsg:4326))
2026-08-04 06:49:45,880 - snakemake_workflow - rasterdataset - INFO - Reading population raster data from D:\GFM\inputs\exposure\ppp_2020_1km_Aggregated.tif
2026-08-04 06:49:45,921 - snakemake_workflow - rasterdataset - DEBUG - Clip to [116.000, -36.000, 119.000, -34.000] (epsg:4326))
2026-08-04 06:49:46,659 - snakemake_workflow - rasterdataset - INFO - Reading population raster data from D:\GFM\inputs\exposure\ppp_2020_1km_Aggregated.tif
2026-08-04 06:49:46,694 - snakemake_workflow - rasterdataset - DEBUG - Clip to [117.000, 0.000, 119.000, 3.000] (epsg:4326))
2026-08-04 06:49:46,853 - snakemake_workflow - rasterdataset - INFO - Reading population raster data from D:\GFM\inputs\exposure\ppp_2020_1km_Aggregated.tif
2026-08-04 06:49:46,923 - snakemake_workflow - rasterdataset - INFO - Reading population raster data from D:\GFM\inputs\exposure\ppp_2020_1km_Aggregated.tif
2026-08-04 06:49:46,935 - snakemake_workflow - rasterdataset - DEBUG - Clip to [111.000, 1.000, 113.000, 3.000] (epsg:4326))
2026-08-04 06:49:46,947 - snakemake_workflow - rasterdataset - INFO - Reading population raster data from D:\GFM\inputs\exposure\ppp_2020_1km_Aggregated.tif
2026-08-04 06:49:46,958 - snakemake_workflow - rasterdataset - DEBUG - Clip to [118.000, 24.000, 120.000, 27.000] (epsg:4326))
2026-08-04 06:49:46,976 - snakemake_workflow - rasterdataset - DEBUG - Clip to [120.000, 37.000, 122.000, 39.000] (epsg:4326))
2026-08-04 06:49:47,493 - snakemake_workflow - rasterdataset - INFO - Reading population raster data from D:\GFM\inputs\exposure\ppp_2020_1km_Aggregated.tif
2026-08-04 06:49:47,541 - snakemake_workflow - rasterdataset - DEBUG - Clip to [126.000, 0.000, 128.000, 2.000] (epsg:4326))
2026-08-04 06:49:48,145 - snakemake_workflow - rasterdataset - INFO - Reading population raster data from D:\GFM\inputs\exposure\ppp_2020_1km_Aggregated.tif
2026-08-04 06:49:48,178 - snakemake_workflow - rasterdataset - DEBUG - Clip to [145.000, -9.000, 147.000, -7.000] (epsg:4326))
2026-08-04 06:49:48,653 - snakemake_workflow - rasterdataset - INFO - Reading population raster data from D:\GFM\inputs\exposure\ppp_2020_1km_Aggregated.tif
2026-08-04 06:49:48,679 - snakemake_workflow - rasterdataset - DEBUG - Clip to [121.000, 40.000, 123.000, 42.000] (epsg:4326))
2026-08-04 06:49:49,098 - snakemake_workflow - rasterdataset - INFO - Reading population raster data from D:\GFM\inputs\exposure\ppp_2020_1km_Aggregated.tif
2026-08-04 06:49:49,137 - snakemake_workflow - rasterdataset - DEBUG - Clip to [123.000, -11.000, 125.000, -9.000] (epsg:4326))
2026-08-04 06:49:49,594 - snakemake_workflow - rasterdataset - INFO - Reading population raster data from D:\GFM\inputs\exposure\ppp_2020_1km_Aggregated.tif
2026-08-04 06:49:49,620 - snakemake_workflow - rasterdataset - DEBUG - Clip to [145.000, 43.000, 147.000, 45.000] (epsg:4326))
2026-08-04 06:49:50,389 - snakemake_workflow - rasterdataset - INFO - Reading population raster data from D:\GFM\inputs\exposure\ppp_2020_1km_Aggregated.tif
2026-08-04 06:49:50,404 - snakemake_workflow - rasterdataset - DEBUG - Clip to [99.000, -3.000, 101.000, 0.000] (epsg:4326))
2026-08-04 06:49:51,106 - snakemake_workflow - rasterdataset - INFO - Reading population raster data from D:\GFM\inputs\exposure\ppp_2020_1km_Aggregated.tif
2026-08-04 06:49:51,122 - snakemake_workflow - rasterdataset - DEBUG - Clip to [141.000, -4.000, 143.000, -2.000] (epsg:4326))
2026-08-04 06:49:51,613 - snakemake_workflow - rasterdataset - INFO - Reading population raster data from D:\GFM\inputs\exposure\ppp_2020_1km_Aggregated.tif
2026-08-04 06:49:51,639 - snakemake_workflow - rasterdataset - DEBUG - Clip to [142.000, 46.000, 144.000, 48.000] (epsg:4326))
2026-08-04 06:49:51,689 - snakemake_workflow - rasterdataset - INFO - Reading population raster data from D:\GFM\inputs\exposure\ppp_2020_1km_Aggregated.tif
2026-08-04 06:49:51,710 - snakemake_workflow - rasterdataset - DEBUG - Clip to [155.000, -8.000, 158.000, -6.000] (epsg:4326))
2026-08-04 06:49:51,781 - snakemake_workflow - rasterdataset - INFO - Reading population raster data from D:\GFM\inputs\exposure\ppp_2020_1km_Aggregated.tif
2026-08-04 06:49:51,806 - snakemake_workflow - rasterdataset - DEBUG - Clip to [117.000, -9.000, 119.000, -7.000] (epsg:4326))
2026-08-04 06:49:52,107 - snakemake_workflow - rasterdataset - INFO - Reading population raster data from D:\GFM\inputs\exposure\ppp_2020_1km_Aggregated.tif
2026-08-04 06:49:52,123 - snakemake_workflow - rasterdataset - DEBUG - Clip to [124.000, 39.000, 126.000, 40.000] (epsg:4326))
2026-08-04 06:49:52,383 - snakemake_workflow - rasterdataset - INFO - Reading population raster data from D:\GFM\inputs\exposure\ppp_2020_1km_Aggregated.tif
2026-08-04 06:49:52,391 - snakemake_workflow - rasterdataset - INFO - Reading population raster data from D:\GFM\inputs\exposure\ppp_2020_1km_Aggregated.tif
2026-08-04 06:49:52,421 - snakemake_workflow - rasterdataset - DEBUG - Clip to [47.000, 29.000, 49.000, 31.000] (epsg:4326))
2026-08-04 06:49:52,431 - snakemake_workflow - rasterdataset - DEBUG - Clip to [93.000, 18.000, 95.000, 20.000] (epsg:4326))
2026-08-04 06:49:52,679 - snakemake_workflow - rasterdataset - INFO - Reading population raster data from D:\GFM\inputs\exposure\ppp_2020_1km_Aggregated.tif
2026-08-04 06:49:52,709 - snakemake_workflow - rasterdataset - DEBUG - Clip to [50.000, 24.000, 53.000, 26.000] (epsg:4326))
2026-08-04 06:49:53,206 - snakemake_workflow - rasterdataset - INFO - Reading population raster data from D:\GFM\inputs\exposure\ppp_2020_1km_Aggregated.tif
2026-08-04 06:49:53,237 - snakemake_workflow - rasterdataset - DEBUG - Clip to [19.000, 30.000, 21.000, 33.000] (epsg:4326))
2026-08-04 06:49:53,345 - snakemake_workflow - rasterdataset - INFO - Reading population raster data from D:\GFM\inputs\exposure\ppp_2020_1km_Aggregated.tif
2026-08-04 06:49:53,535 - snakemake_workflow - rasterdataset - DEBUG - Clip to [144.000, 42.000, 146.000, 45.000] (epsg:4326))
2026-08-04 06:49:54,092 - snakemake_workflow - rasterdataset - INFO - Reading population raster data from D:\GFM\inputs\exposure\ppp_2020_1km_Aggregated.tif
2026-08-04 06:49:54,132 - snakemake_workflow - rasterdataset - DEBUG - Clip to [33.000, 41.000, 36.000, 43.000] (epsg:4326))
2026-08-04 06:49:54,942 - snakemake_workflow - rasterdataset - INFO - Reading population raster data from D:\GFM\inputs\exposure\ppp_2020_1km_Aggregated.tif
2026-08-04 06:49:54,964 - snakemake_workflow - rasterdataset - DEBUG - Clip to [101.000, 5.000, 103.000, 7.000] (epsg:4326))
2026-08-04 06:49:55,495 - snakemake_workflow - rasterdataset - INFO - Reading population raster data from D:\GFM\inputs\exposure\ppp_2020_1km_Aggregated.tif
2026-08-04 06:49:55,524 - snakemake_workflow - rasterdataset - DEBUG - Clip to [106.000, 20.000, 108.000, 22.000] (epsg:4326))
2026-08-04 06:49:55,524 - snakemake_workflow - rasterdataset - INFO - Reading population raster data from D:\GFM\inputs\exposure\ppp_2020_1km_Aggregated.tif
2026-08-04 06:49:55,554 - snakemake_workflow - rasterdataset - DEBUG - Clip to [44.000, 32.000, 46.000, 34.000] (epsg:4326))
2026-08-04 06:49:55,654 - snakemake_workflow - rasterdataset - INFO - Reading population raster data from D:\GFM\inputs\exposure\ppp_2020_1km_Aggregated.tif
2026-08-04 06:49:55,679 - snakemake_workflow - rasterdataset - DEBUG - Clip to [143.000, -41.000, 145.000, -38.000] (epsg:4326))
2026-08-04 06:49:56,365 - snakemake_workflow - rasterdataset - INFO - Reading population raster data from D:\GFM\inputs\exposure\ppp_2020_1km_Aggregated.tif
2026-08-04 06:49:56,396 - snakemake_workflow - rasterdataset - DEBUG - Clip to [50.000, 25.000, 52.000, 27.000] (epsg:4326))
2026-08-04 06:49:57,047 - snakemake_workflow - rasterdataset - INFO - Reading population raster data from D:\GFM\inputs\exposure\ppp_2020_1km_Aggregated.tif
2026-08-04 06:49:57,090 - snakemake_workflow - rasterdataset - DEBUG - Clip to [40.000, 41.000, 42.000, 44.000] (epsg:4326))
2026-08-04 06:49:57,173 - snakemake_workflow - rasterdataset - INFO - Reading population raster data from D:\GFM\inputs\exposure\ppp_2020_1km_Aggregated.tif
2026-08-04 06:49:57,300 - snakemake_workflow - rasterdataset - DEBUG - Clip to [142.000, 49.000, 144.000, 52.000] (epsg:4326))
2026-08-04 06:49:57,911 - snakemake_workflow - rasterdataset - INFO - Reading population raster data from D:\GFM\inputs\exposure\ppp_2020_1km_Aggregated.tif
2026-08-04 06:49:57,936 - snakemake_workflow - rasterdataset - DEBUG - Clip to [13.000, -12.000, 15.000, -9.000] (epsg:4326))
2026-08-04 06:49:58,235 - snakemake_workflow - rasterdataset - INFO - Reading population raster data from D:\GFM\inputs\exposure\ppp_2020_1km_Aggregated.tif
2026-08-04 06:49:58,254 - snakemake_workflow - rasterdataset - DEBUG - Clip to [43.000, 32.000, 45.000, 34.000] (epsg:4326))
2026-08-04 06:49:58,446 - snakemake_workflow - rasterdataset - INFO - Reading population raster data from D:\GFM\inputs\exposure\ppp_2020_1km_Aggregated.tif
2026-08-04 06:49:58,464 - snakemake_workflow - rasterdataset - DEBUG - Clip to [2.000, 41.000, 4.000, 44.000] (epsg:4326))
2026-08-04 06:49:58,948 - snakemake_workflow - rasterdataset - INFO - Reading population raster data from D:\GFM\inputs\exposure\ppp_2020_1km_Aggregated.tif
2026-08-04 06:49:58,986 - snakemake_workflow - rasterdataset - INFO - Reading population raster data from D:\GFM\inputs\exposure\ppp_2020_1km_Aggregated.tif
2026-08-04 06:49:59,010 - snakemake_workflow - rasterdataset - DEBUG - Clip to [9.000, 33.000, 11.000, 35.000] (epsg:4326))
2026-08-04 06:49:59,017 - snakemake_workflow - rasterdataset - DEBUG - Clip to [49.000, 25.000, 51.000, 27.000] (epsg:4326))
2026-08-04 06:49:59,352 - snakemake_workflow - rasterdataset - INFO - Reading population raster data from D:\GFM\inputs\exposure\ppp_2020_1km_Aggregated.tif
2026-08-04 06:49:59,368 - snakemake_workflow - rasterdataset - DEBUG - Clip to [9.000, 63.000, 12.000, 65.000] (epsg:4326))
2026-08-04 06:50:00,928 - snakemake_workflow - rasterdataset - INFO - Reading population raster data from D:\GFM\inputs\exposure\ppp_2020_1km_Aggregated.tif
2026-08-04 06:50:00,950 - snakemake_workflow - rasterdataset - DEBUG - Clip to [14.000, 36.000, 16.000, 38.000] (epsg:4326))
2026-08-04 06:50:01,034 - snakemake_workflow - rasterdataset - INFO - Reading population raster data from D:\GFM\inputs\exposure\ppp_2020_1km_Aggregated.tif
2026-08-04 06:50:01,039 - snakemake_workflow - rasterdataset - DEBUG - Clip to [41.000, -2.000, 43.000, 1.000] (epsg:4326))
2026-08-04 06:50:01,245 - snakemake_workflow - rasterdataset - INFO - Reading population raster data from D:\GFM\inputs\exposure\ppp_2020_1km_Aggregated.tif
2026-08-04 06:50:01,245 - snakemake_workflow - rasterdataset - INFO - Reading population raster data from D:\GFM\inputs\exposure\ppp_2020_1km_Aggregated.tif
2026-08-04 06:50:01,373 - snakemake_workflow - rasterdataset - DEBUG - Clip to [38.000, 46.000, 40.000, 48.000] (epsg:4326))
2026-08-04 06:50:01,373 - snakemake_workflow - rasterdataset - DEBUG - Clip to [20.000, 63.000, 22.000, 65.000] (epsg:4326))
2026-08-04 06:50:02,668 - snakemake_workflow - rasterdataset - INFO - Reading population raster data from D:\GFM\inputs\exposure\ppp_2020_1km_Aggregated.tif
2026-08-04 06:50:02,681 - snakemake_workflow - rasterdataset - DEBUG - Clip to [12.000, -8.000, 14.000, -5.000] (epsg:4326))
2026-08-04 06:50:02,794 - snakemake_workflow - rasterdataset - INFO - Reading population raster data from D:\GFM\inputs\exposure\ppp_2020_1km_Aggregated.tif
2026-08-04 06:50:02,807 - snakemake_workflow - rasterdataset - DEBUG - Clip to [16.000, 68.000, 18.000, 70.000] (epsg:4326))
2026-08-04 06:50:03,351 - snakemake_workflow - rasterdataset - INFO - Reading population raster data from D:\GFM\inputs\exposure\ppp_2020_1km_Aggregated.tif
2026-08-04 06:50:03,379 - snakemake_workflow - rasterdataset - DEBUG - Clip to [32.000, -26.000, 35.000, -24.000] (epsg:4326))
2026-08-04 06:50:03,824 - snakemake_workflow - rasterdataset - INFO - Reading population raster data from D:\GFM\inputs\exposure\ppp_2020_1km_Aggregated.tif
2026-08-04 06:50:03,859 - snakemake_workflow - rasterdataset - DEBUG - Clip to [-1.000, 38.000, 2.000, 40.000] (epsg:4326))
2026-08-04 06:50:04,718 - snakemake_workflow - rasterdataset - INFO - Reading population raster data from D:\GFM\inputs\exposure\ppp_2020_1km_Aggregated.tif
2026-08-04 06:50:04,733 - snakemake_workflow - rasterdataset - DEBUG - Clip to [17.000, -34.000, 19.000, -31.000] (epsg:4326))
2026-08-04 06:50:05,387 - snakemake_workflow - rasterdataset - INFO - Reading population raster data from D:\GFM\inputs\exposure\ppp_2020_1km_Aggregated.tif
2026-08-04 06:50:05,403 - snakemake_workflow - rasterdataset - DEBUG - Clip to [10.000, 64.000, 12.000, 66.000] (epsg:4326))
2026-08-04 06:50:06,013 - snakemake_workflow - rasterdataset - INFO - Reading population raster data from D:\GFM\inputs\exposure\ppp_2020_1km_Aggregated.tif
2026-08-04 06:50:06,026 - snakemake_workflow - rasterdataset - DEBUG - Clip to [8.000, 3.000, 10.000, 4.000] (epsg:4326))
2026-08-04 06:50:06,423 - snakemake_workflow - rasterdataset - INFO - Reading population raster data from D:\GFM\inputs\exposure\ppp_2020_1km_Aggregated.tif
2026-08-04 06:50:06,455 - snakemake_workflow - rasterdataset - DEBUG - Clip to [23.000, 64.000, 26.000, 66.000] (epsg:4326))
2026-08-04 06:50:06,806 - snakemake_workflow - rasterdataset - INFO - Reading population raster data from D:\GFM\inputs\exposure\ppp_2020_1km_Aggregated.tif
2026-08-04 06:50:06,920 - snakemake_workflow - rasterdataset - INFO - Reading population raster data from D:\GFM\inputs\exposure\ppp_2020_1km_Aggregated.tif
2026-08-04 06:50:06,934 - snakemake_workflow - rasterdataset - DEBUG - Clip to [8.000, -2.000, 10.000, 0.000] (epsg:4326))
2026-08-04 06:50:06,934 - snakemake_workflow - rasterdataset - DEBUG - Clip to [29.000, 69.000, 32.000, 71.000] (epsg:4326))
2026-08-04 06:50:07,240 - snakemake_workflow - rasterdataset - INFO - Reading population raster data from D:\GFM\inputs\exposure\ppp_2020_1km_Aggregated.tif
2026-08-04 06:50:07,268 - snakemake_workflow - rasterdataset - DEBUG - Clip to [82.000, 74.000, 84.000, 76.000] (epsg:4326))
2026-08-04 06:50:08,419 - snakemake_workflow - rasterdataset - INFO - Reading population raster data from D:\GFM\inputs\exposure\ppp_2020_1km_Aggregated.tif
2026-08-04 06:50:08,436 - snakemake_workflow - rasterdataset - DEBUG - Clip to [20.000, 54.000, 22.000, 57.000] (epsg:4326))
2026-08-04 06:50:09,025 - snakemake_workflow - rasterdataset - INFO - Reading population raster data from D:\GFM\inputs\exposure\ppp_2020_1km_Aggregated.tif
2026-08-04 06:50:09,041 - snakemake_workflow - rasterdataset - DEBUG - Clip to [20.000, 62.000, 23.000, 64.000] (epsg:4326))
2026-08-04 06:50:09,226 - snakemake_workflow - rasterdataset - INFO - Reading population raster data from D:\GFM\inputs\exposure\ppp_2020_1km_Aggregated.tif
2026-08-04 06:50:09,254 - snakemake_workflow - rasterdataset - DEBUG - Clip to [88.000, 75.000, 90.000, 78.000] (epsg:4326))
2026-08-04 06:50:09,407 - snakemake_workflow - rasterdataset - INFO - Reading population raster data from D:\GFM\inputs\exposure\ppp_2020_1km_Aggregated.tif
2026-08-04 06:50:09,407 - snakemake_workflow - rasterdataset - INFO - Reading population raster data from D:\GFM\inputs\exposure\ppp_2020_1km_Aggregated.tif
2026-08-04 06:50:09,516 - snakemake_workflow - rasterdataset - DEBUG - Clip to [-1.000, 39.000, 1.000, 41.000] (epsg:4326))
2026-08-04 06:50:09,516 - snakemake_workflow - rasterdataset - DEBUG - Clip to [113.000, 71.000, 115.000, 73.000] (epsg:4326))
2026-08-04 06:50:10,094 - snakemake_workflow - rasterdataset - INFO - Reading population raster data from D:\GFM\inputs\exposure\ppp_2020_1km_Aggregated.tif
2026-08-04 06:50:10,122 - snakemake_workflow - rasterdataset - DEBUG - Clip to [-14.000, 7.000, -12.000, 10.000] (epsg:4326))
2026-08-04 06:50:11,618 - snakemake_workflow - rasterdataset - INFO - Reading population raster data from D:\GFM\inputs\exposure\ppp_2020_1km_Aggregated.tif
2026-08-04 06:50:11,646 - snakemake_workflow - rasterdataset - DEBUG - Clip to [148.000, 75.000, 150.000, 77.000] (epsg:4326))
2026-08-04 06:50:11,732 - snakemake_workflow - rasterdataset - INFO - Reading population raster data from D:\GFM\inputs\exposure\ppp_2020_1km_Aggregated.tif
2026-08-04 06:50:11,771 - snakemake_workflow - rasterdataset - DEBUG - Clip to [52.000, 71.000, 54.000, 73.000] (epsg:4326))
2026-08-04 06:50:11,783 - snakemake_workflow - rasterdataset - INFO - Reading population raster data from D:\GFM\inputs\exposure\ppp_2020_1km_Aggregated.tif
2026-08-04 06:50:11,814 - snakemake_workflow - rasterdataset - DEBUG - Clip to [115.000, 73.000, 117.000, 75.000] (epsg:4326))
2026-08-04 06:50:13,108 - snakemake_workflow - rasterdataset - INFO - Reading population raster data from D:\GFM\inputs\exposure\ppp_2020_1km_Aggregated.tif
2026-08-04 06:50:13,156 - snakemake_workflow - rasterdataset - DEBUG - Clip to [169.000, 68.000, 172.000, 70.000] (epsg:4326))
2026-08-04 06:50:13,667 - snakemake_workflow - rasterdataset - INFO - Reading population raster data from D:\GFM\inputs\exposure\ppp_2020_1km_Aggregated.tif
2026-08-04 06:50:13,683 - snakemake_workflow - rasterdataset - DEBUG - Clip to [121.000, 71.000, 124.000, 73.000] (epsg:4326))
2026-08-04 06:50:13,826 - snakemake_workflow - rasterdataset - INFO - Reading population raster data from D:\GFM\inputs\exposure\ppp_2020_1km_Aggregated.tif
2026-08-04 06:50:13,925 - snakemake_workflow - rasterdataset - INFO - Reading population raster data from D:\GFM\inputs\exposure\ppp_2020_1km_Aggregated.tif
2026-08-04 06:50:13,928 - snakemake_workflow - rasterdataset - DEBUG - Clip to [21.000, 54.000, 23.000, 56.000] (epsg:4326))
2026-08-04 06:50:13,928 - snakemake_workflow - rasterdataset - INFO - Reading population raster data from D:\GFM\inputs\exposure\ppp_2020_1km_Aggregated.tif
2026-08-04 06:50:14,014 - snakemake_workflow - rasterdataset - DEBUG - Clip to [176.000, -40.000, 178.000, -37.000] (epsg:4326))
2026-08-04 06:50:14,014 - snakemake_workflow - rasterdataset - DEBUG - Clip to [15.000, 68.000, 17.000, 70.000] (epsg:4326))
2026-08-04 06:50:14,155 - snakemake_workflow - rasterdataset - INFO - Reading population raster data from D:\GFM\inputs\exposure\ppp_2020_1km_Aggregated.tif
2026-08-04 06:50:14,185 - snakemake_workflow - rasterdataset - DEBUG - Clip to [51.000, 71.000, 53.000, 73.000] (epsg:4326))
2026-08-04 06:50:14,705 - snakemake_workflow - rasterdataset - INFO - Reading population raster data from D:\GFM\inputs\exposure\ppp_2020_1km_Aggregated.tif
2026-08-04 06:50:14,729 - snakemake_workflow - rasterdataset - DEBUG - Clip to [91.000, 76.000, 93.000, 78.000] (epsg:4326))
2026-08-04 06:50:15,687 - snakemake_workflow - rasterdataset - INFO - Reading population raster data from D:\GFM\inputs\exposure\ppp_2020_1km_Aggregated.tif
2026-08-04 06:50:15,715 - snakemake_workflow - rasterdataset - DEBUG - Clip to [48.000, -14.000, 50.000, -12.000] (epsg:4326))
2026-08-04 06:50:15,895 - snakemake_workflow - rasterdataset - INFO - Reading population raster data from D:\GFM\inputs\exposure\ppp_2020_1km_Aggregated.tif
2026-08-04 06:50:15,922 - snakemake_workflow - rasterdataset - DEBUG - Clip to [167.000, -17.000, 169.000, -14.000] (epsg:4326))
2026-08-04 06:50:16,355 - snakemake_workflow - rasterdataset - INFO - Reading population raster data from D:\GFM\inputs\exposure\ppp_2020_1km_Aggregated.tif
2026-08-04 06:50:16,381 - snakemake_workflow - rasterdataset - DEBUG - Clip to [166.000, 8.000, 168.000, 10.000] (epsg:4326))
2026-08-04 06:50:16,484 - snakemake_workflow - rasterdataset - INFO - Reading population raster data from D:\GFM\inputs\exposure\ppp_2020_1km_Aggregated.tif
2026-08-04 06:50:16,555 - snakemake_workflow - rasterdataset - INFO - Reading population raster data from D:\GFM\inputs\exposure\ppp_2020_1km_Aggregated.tif
2026-08-04 06:50:16,587 - snakemake_workflow - rasterdataset - DEBUG - Clip to [90.000, 80.000, 92.000, 82.000] (epsg:4326))
2026-08-04 06:50:16,612 - snakemake_workflow - rasterdataset - DEBUG - Clip to [58.000, 79.000, 60.000, 81.000] (epsg:4326))
2026-08-04 06:50:17,607 - snakemake_workflow - rasterdataset - INFO - Reading population raster data from D:\GFM\inputs\exposure\ppp_2020_1km_Aggregated.tif
2026-08-04 06:50:17,641 - snakemake_workflow - rasterdataset - INFO - Reading population raster data from D:\GFM\inputs\exposure\ppp_2020_1km_Aggregated.tif
2026-08-04 06:50:17,641 - snakemake_workflow - rasterdataset - DEBUG - Clip to [135.000, 73.000, 137.000, 75.000] (epsg:4326))
2026-08-04 06:50:17,688 - snakemake_workflow - rasterdataset - DEBUG - Clip to [166.000, -23.000, 168.000, -21.000] (epsg:4326))
2026-08-04 06:50:18,016 - snakemake_workflow - rasterdataset - INFO - Reading population raster data from D:\GFM\inputs\exposure\ppp_2020_1km_Aggregated.tif
2026-08-04 06:50:18,048 - snakemake_workflow - rasterdataset - DEBUG - Clip to [174.000, -38.000, 177.000, -36.000] (epsg:4326))
2026-08-04 06:50:18,146 - snakemake_workflow - rasterdataset - INFO - Reading population raster data from D:\GFM\inputs\exposure\ppp_2020_1km_Aggregated.tif
2026-08-04 06:50:18,214 - snakemake_workflow - rasterdataset - DEBUG - Clip to [177.000, 51.000, 180.000, 53.000] (epsg:4326))
2026-08-04 06:50:18,411 - snakemake_workflow - rasterdataset - INFO - Reading population raster data from D:\GFM\inputs\exposure\ppp_2020_1km_Aggregated.tif
2026-08-04 06:50:18,411 - snakemake_workflow - rasterdataset - INFO - Reading population raster data from D:\GFM\inputs\exposure\ppp_2020_1km_Aggregated.tif
2026-08-04 06:50:18,553 - snakemake_workflow - rasterdataset - DEBUG - Clip to [-49.000, -25.000, -45.000, -24.000] (epsg:4326))
2026-08-04 06:50:18,553 - snakemake_workflow - rasterdataset - DEBUG - Clip to [-49.000, -28.000, -48.000, -24.000] (epsg:4326))
2026-08-04 06:50:19,159 - snakemake_workflow - rasterdataset - INFO - Reading population raster data from D:\GFM\inputs\exposure\ppp_2020_1km_Aggregated.tif
2026-08-04 06:50:19,191 - snakemake_workflow - rasterdataset - DEBUG - Clip to [170.000, 69.000, 172.000, 71.000] (epsg:4326))
2026-08-04 06:50:19,349 - snakemake_workflow - rasterdataset - INFO - Reading population raster data from D:\GFM\inputs\exposure\ppp_2020_1km_Aggregated.tif
2026-08-04 06:50:19,439 - snakemake_workflow - rasterdataset - INFO - Reading population raster data from D:\GFM\inputs\exposure\ppp_2020_1km_Aggregated.tif
2026-08-04 06:50:19,654 - snakemake_workflow - rasterdataset - INFO - Reading population raster data from D:\GFM\inputs\exposure\ppp_2020_1km_Aggregated.tif
2026-08-04 06:50:19,670 - snakemake_workflow - rasterdataset - DEBUG - Clip to [167.000, -23.000, 169.000, -21.000] (epsg:4326))
2026-08-04 06:50:19,670 - snakemake_workflow - rasterdataset - DEBUG - Clip to [-54.000, -34.000, -52.000, -32.000] (epsg:4326))
2026-08-04 06:50:19,755 - snakemake_workflow - rasterdataset - DEBUG - Clip to [166.000, -16.000, 168.000, -14.000] (epsg:4326))
2026-08-04 06:50:21,663 - snakemake_workflow - rasterdataset - INFO - Reading population raster data from D:\GFM\inputs\exposure\ppp_2020_1km_Aggregated.tif
2026-08-04 06:50:21,762 - snakemake_workflow - rasterdataset - DEBUG - Clip to [-176.000, -22.000, -174.000, -19.000] (epsg:4326))
2026-08-04 06:50:21,966 - snakemake_workflow - rasterdataset - INFO - Reading population raster data from D:\GFM\inputs\exposure\ppp_2020_1km_Aggregated.tif
2026-08-04 06:50:22,043 - snakemake_workflow - rasterdataset - DEBUG - Clip to [-47.000, -25.000, -45.000, -23.000] (epsg:4326))
2026-08-04 06:50:22,076 - snakemake_workflow - rasterdataset - INFO - Reading population raster data from D:\GFM\inputs\exposure\ppp_2020_1km_Aggregated.tif
2026-08-04 06:50:22,220 - snakemake_workflow - rasterdataset - DEBUG - Clip to [178.000, 69.000, 180.000, 72.000] (epsg:4326))
2026-08-04 06:50:22,681 - snakemake_workflow - rasterdataset - INFO - Reading population raster data from D:\GFM\inputs\exposure\ppp_2020_1km_Aggregated.tif
2026-08-04 06:50:22,731 - snakemake_workflow - rasterdataset - DEBUG - Clip to [-49.000, -29.000, -48.000, -25.000] (epsg:4326))
2026-08-04 06:50:22,766 - snakemake_workflow - rasterdataset - INFO - Reading population raster data from D:\GFM\inputs\exposure\ppp_2020_1km_Aggregated.tif
2026-08-04 06:50:22,850 - snakemake_workflow - rasterdataset - DEBUG - Clip to [166.000, -15.000, 168.000, -13.000] (epsg:4326))
2026-08-04 06:50:22,907 - snakemake_workflow - rasterdataset - INFO - Reading population raster data from D:\GFM\inputs\exposure\ppp_2020_1km_Aggregated.tif
2026-08-04 06:50:22,907 - snakemake_workflow - rasterdataset - INFO - Reading population raster data from D:\GFM\inputs\exposure\ppp_2020_1km_Aggregated.tif
2026-08-04 06:50:22,999 - snakemake_workflow - rasterdataset - DEBUG - Clip to [-41.000, -21.000, -40.000, -19.000] (epsg:4326))
2026-08-04 06:50:23,028 - snakemake_workflow - rasterdataset - DEBUG - Clip to [177.000, -39.000, 179.000, -37.000] (epsg:4326))
2026-08-04 06:50:24,604 - snakemake_workflow - rasterdataset - INFO - Reading population raster data from D:\GFM\inputs\exposure\ppp_2020_1km_Aggregated.tif
2026-08-04 06:50:24,907 - snakemake_workflow - rasterdataset - INFO - Reading population raster data from D:\GFM\inputs\exposure\ppp_2020_1km_Aggregated.tif
2026-08-04 06:50:24,907 - snakemake_workflow - rasterdataset - INFO - Reading population raster data from D:\GFM\inputs\exposure\ppp_2020_1km_Aggregated.tif
2026-08-04 06:50:24,927 - snakemake_workflow - rasterdataset - DEBUG - Clip to [-49.000, -26.000, -47.000, -24.000] (epsg:4326))
2026-08-04 06:50:24,956 - snakemake_workflow - rasterdataset - DEBUG - Clip to [92.000, 11.000, 94.000, 14.000] (epsg:4326))
2026-08-04 06:50:24,956 - snakemake_workflow - rasterdataset - DEBUG - Clip to [-55.000, -35.000, -53.000, -33.000] (epsg:4326))
2026-08-04 06:50:24,987 - snakemake_workflow - rasterdataset - INFO - Reading population raster data from D:\GFM\inputs\exposure\ppp_2020_1km_Aggregated.tif
2026-08-04 06:50:25,153 - snakemake_workflow - rasterdataset - DEBUG - Clip to [-51.000, -30.000, -49.000, -29.000] (epsg:4326))
2026-08-04 06:50:25,554 - snakemake_workflow - rasterdataset - INFO - Reading population raster data from D:\GFM\inputs\exposure\ppp_2020_1km_Aggregated.tif
2026-08-04 06:50:25,780 - snakemake_workflow - rasterdataset - INFO - Reading population raster data from D:\GFM\inputs\exposure\ppp_2020_1km_Aggregated.tif
2026-08-04 06:50:25,802 - snakemake_workflow - rasterdataset - DEBUG - Clip to [173.000, -37.000, 176.000, -35.000] (epsg:4326))
2026-08-04 06:50:26,115 - snakemake_workflow - rasterdataset - DEBUG - Clip to [-58.000, -35.000, -54.000, -34.000] (epsg:4326))
2026-08-04 06:50:26,837 - snakemake_workflow - rasterdataset - INFO - Reading population raster data from D:\GFM\inputs\exposure\ppp_2020_1km_Aggregated.tif
2026-08-04 06:50:27,057 - snakemake_workflow - rasterdataset - DEBUG - Clip to [-58.000, -38.000, -56.000, -36.000] (epsg:4326))
2026-08-04 06:50:27,213 - snakemake_workflow - rasterdataset - INFO - Reading population raster data from D:\GFM\inputs\exposure\ppp_2020_1km_Aggregated.tif
2026-08-04 06:50:27,627 - snakemake_workflow - rasterdataset - DEBUG - Clip to [-53.000, -34.000, -52.000, -31.000] (epsg:4326))
2026-08-04 06:50:28,359 - snakemake_workflow - rasterdataset - INFO - Reading population raster data from D:\GFM\inputs\exposure\ppp_2020_1km_Aggregated.tif
2026-08-04 06:50:28,439 - snakemake_workflow - rasterdataset - DEBUG - Clip to [-39.000, -15.000, -38.000, -12.000] (epsg:4326))
2026-08-04 06:50:28,635 - snakemake_workflow - rasterdataset - INFO - Reading population raster data from D:\GFM\inputs\exposure\ppp_2020_1km_Aggregated.tif
2026-08-04 06:50:28,890 - snakemake_workflow - rasterdataset - DEBUG - Clip to [-41.000, -21.000, -40.000, -18.000] (epsg:4326))
2026-08-04 06:50:29,795 - snakemake_workflow - rasterdataset - INFO - Reading population raster data from D:\GFM\inputs\exposure\ppp_2020_1km_Aggregated.tif
2026-08-04 06:50:29,923 - snakemake_workflow - rasterdataset - DEBUG - Clip to [-36.000, -10.000, -35.000, -8.000] (epsg:4326))
2026-08-04 06:50:30,225 - snakemake_workflow - rasterdataset - INFO - Reading population raster data from D:\GFM\inputs\exposure\ppp_2020_1km_Aggregated.tif
2026-08-04 06:50:30,471 - snakemake_workflow - rasterdataset - DEBUG - Clip to [-41.000, -20.000, -39.000, -18.000] (epsg:4326))
2026-08-04 06:50:30,719 - snakemake_workflow - rasterdataset - INFO - Reading population raster data from D:\GFM\inputs\exposure\ppp_2020_1km_Aggregated.tif
2026-08-04 06:50:30,719 - snakemake_workflow - rasterdataset - INFO - Reading population raster data from D:\GFM\inputs\exposure\ppp_2020_1km_Aggregated.tif
2026-08-04 06:50:30,910 - snakemake_workflow - rasterdataset - DEBUG - Clip to [-68.000, -47.000, -66.000, -45.000] (epsg:4326))
2026-08-04 06:50:30,910 - snakemake_workflow - rasterdataset - DEBUG - Clip to [-69.000, -55.000, -65.000, -54.000] (epsg:4326))
2026-08-04 06:50:31,087 - snakemake_workflow - rasterdataset - INFO - Reading population raster data from D:\GFM\inputs\exposure\ppp_2020_1km_Aggregated.tif
2026-08-04 06:50:31,087 - snakemake_workflow - rasterdataset - INFO - Reading population raster data from D:\GFM\inputs\exposure\ppp_2020_1km_Aggregated.tif
2026-08-04 06:50:31,324 - snakemake_workflow - rasterdataset - INFO - Reading population raster data from D:\GFM\inputs\exposure\ppp_2020_1km_Aggregated.tif
2026-08-04 06:50:31,339 - snakemake_workflow - rasterdataset - DEBUG - Clip to [-67.000, -46.000, -65.000, -44.000] (epsg:4326))
2026-08-04 06:50:31,422 - snakemake_workflow - rasterdataset - DEBUG - Clip to [-38.000, -13.000, -37.000, -9.000] (epsg:4326))
2026-08-04 06:50:31,550 - snakemake_workflow - rasterdataset - DEBUG - Clip to [-59.000, -34.000, -58.000, -31.000] (epsg:4326))
2026-08-04 06:50:32,580 - snakemake_workflow - rasterdataset - INFO - Reading population raster data from D:\GFM\inputs\exposure\ppp_2020_1km_Aggregated.tif
2026-08-04 06:50:32,772 - snakemake_workflow - rasterdataset - DEBUG - Clip to [-58.000, -39.000, -57.000, -35.000] (epsg:4326))
2026-08-04 06:50:33,283 - snakemake_workflow - rasterdataset - INFO - Reading population raster data from D:\GFM\inputs\exposure\ppp_2020_1km_Aggregated.tif
2026-08-04 06:50:33,453 - snakemake_workflow - rasterdataset - DEBUG - Clip to [-67.000, -49.000, -65.000, -47.000] (epsg:4326))
2026-08-04 06:50:34,538 - snakemake_workflow - rasterdataset - INFO - Reading population raster data from D:\GFM\inputs\exposure\ppp_2020_1km_Aggregated.tif
2026-08-04 06:50:34,730 - snakemake_workflow - rasterdataset - DEBUG - Clip to [-68.000, -55.000, -64.000, -54.000] (epsg:4326))
2026-08-04 06:50:34,953 - snakemake_workflow - rasterdataset - INFO - Reading population raster data from D:\GFM\inputs\exposure\ppp_2020_1km_Aggregated.tif
2026-08-04 06:50:35,095 - snakemake_workflow - rasterdataset - INFO - Reading population raster data from D:\GFM\inputs\exposure\ppp_2020_1km_Aggregated.tif
2026-08-04 06:50:35,095 - snakemake_workflow - rasterdataset - INFO - Reading population raster data from D:\GFM\inputs\exposure\ppp_2020_1km_Aggregated.tif
2026-08-04 06:50:35,271 - snakemake_workflow - rasterdataset - DEBUG - Clip to [-36.000, -7.000, -35.000, -5.000] (epsg:4326))
2026-08-04 06:50:35,398 - snakemake_workflow - rasterdataset - DEBUG - Clip to [-62.000, -39.000, -58.000, -38.000] (epsg:4326))
2026-08-04 06:50:35,467 - snakemake_workflow - rasterdataset - DEBUG - Clip to [-65.000, -39.000, -61.000, -38.000] (epsg:4326))
2026-08-04 06:50:35,536 - snakemake_workflow - rasterdataset - INFO - Reading population raster data from D:\GFM\inputs\exposure\ppp_2020_1km_Aggregated.tif
2026-08-04 06:50:35,635 - snakemake_workflow - rasterdataset - INFO - Reading population raster data from D:\GFM\inputs\exposure\ppp_2020_1km_Aggregated.tif
2026-08-04 06:50:35,723 - snakemake_workflow - rasterdataset - DEBUG - Clip to [-67.000, -55.000, -63.000, -54.000] (epsg:4326))
2026-08-04 06:50:35,723 - snakemake_workflow - rasterdataset - DEBUG - Clip to [-38.000, -11.000, -36.000, -9.000] (epsg:4326))
2026-08-04 06:50:36,654 - snakemake_workflow - rasterdataset - INFO - Reading population raster data from D:\GFM\inputs\exposure\ppp_2020_1km_Aggregated.tif
2026-08-04 06:50:36,763 - snakemake_workflow - rasterdataset - DEBUG - Clip to [-56.000, -5.000, -55.000, -2.000] (epsg:4326))
2026-08-04 06:50:36,862 - snakemake_workflow - rasterdataset - INFO - Reading population raster data from D:\GFM\inputs\exposure\ppp_2020_1km_Aggregated.tif
2026-08-04 06:50:36,926 - snakemake_workflow - rasterdataset - INFO - Reading population raster data from D:\GFM\inputs\exposure\ppp_2020_1km_Aggregated.tif
2026-08-04 06:50:37,213 - snakemake_workflow - rasterdataset - DEBUG - Clip to [-67.000, -49.000, -66.000, -45.000] (epsg:4326))
2026-08-04 06:50:37,213 - snakemake_workflow - rasterdataset - DEBUG - Clip to [-38.000, -6.000, -36.000, -4.000] (epsg:4326))
2026-08-04 06:50:37,914 - snakemake_workflow - rasterdataset - INFO - Reading population raster data from D:\GFM\inputs\exposure\ppp_2020_1km_Aggregated.tif
2026-08-04 06:50:38,070 - snakemake_workflow - rasterdataset - INFO - Reading population raster data from D:\GFM\inputs\exposure\ppp_2020_1km_Aggregated.tif
2026-08-04 06:50:38,079 - snakemake_workflow - rasterdataset - DEBUG - Clip to [-61.000, -33.000, -60.000, -30.000] (epsg:4326))
2026-08-04 06:50:38,230 - snakemake_workflow - rasterdataset - INFO - Reading population raster data from D:\GFM\inputs\exposure\ppp_2020_1km_Aggregated.tif
2026-08-04 06:50:38,258 - snakemake_workflow - rasterdataset - DEBUG - Clip to [-52.000, 1.000, -51.000, 5.000] (epsg:4326))
2026-08-04 06:50:38,438 - snakemake_workflow - rasterdataset - DEBUG - Clip to [-66.000, -46.000, -65.000, -42.000] (epsg:4326))
2026-08-04 06:50:38,660 - snakemake_workflow - rasterdataset - INFO - Reading population raster data from D:\GFM\inputs\exposure\ppp_2020_1km_Aggregated.tif
2026-08-04 06:50:38,829 - snakemake_workflow - rasterdataset - DEBUG - Clip to [-56.000, 5.000, -52.000, 6.000] (epsg:4326))
2026-08-04 06:50:40,308 - snakemake_workflow - rasterdataset - INFO - Reading population raster data from D:\GFM\inputs\exposure\ppp_2020_1km_Aggregated.tif
2026-08-04 06:50:40,413 - snakemake_workflow - rasterdataset - INFO - Reading population raster data from D:\GFM\inputs\exposure\ppp_2020_1km_Aggregated.tif
2026-08-04 06:50:40,588 - snakemake_workflow - rasterdataset - DEBUG - Clip to [-40.000, -4.000, -38.000, -3.000] (epsg:4326))
2026-08-04 06:50:40,765 - snakemake_workflow - rasterdataset - DEBUG - Clip to [-74.000, -40.000, -73.000, -36.000] (epsg:4326))
2026-08-04 06:50:41,340 - snakemake_workflow - rasterdataset - INFO - Reading population raster data from D:\GFM\inputs\exposure\ppp_2020_1km_Aggregated.tif
2026-08-04 06:50:41,487 - snakemake_workflow - rasterdataset - DEBUG - Clip to [-64.000, 10.000, -63.000, 12.000] (epsg:4326))
2026-08-04 06:50:42,062 - snakemake_workflow - rasterdataset - INFO - Reading population raster data from D:\GFM\inputs\exposure\ppp_2020_1km_Aggregated.tif
2026-08-04 06:50:42,139 - snakemake_workflow - rasterdataset - DEBUG - Clip to [-65.000, 10.000, -63.000, 12.000] (epsg:4326))
2026-08-04 06:50:44,204 - snakemake_workflow - rasterdataset - INFO - Reading population raster data from D:\GFM\inputs\exposure\ppp_2020_1km_Aggregated.tif
2026-08-04 06:50:44,293 - snakemake_workflow - rasterdataset - DEBUG - Clip to [-62.000, 13.000, -61.000, 17.000] (epsg:4326))
2026-08-04 06:50:44,362 - snakemake_workflow - rasterdataset - INFO - Reading population raster data from D:\GFM\inputs\exposure\ppp_2020_1km_Aggregated.tif
2026-08-04 06:50:44,552 - snakemake_workflow - rasterdataset - DEBUG - Clip to [-62.000, -4.000, -61.000, -1.000] (epsg:4326))
2026-08-04 06:50:44,838 - snakemake_workflow - rasterdataset - INFO - Reading population raster data from D:\GFM\inputs\exposure\ppp_2020_1km_Aggregated.tif
2026-08-04 06:50:45,157 - snakemake_workflow - rasterdataset - DEBUG - Clip to [-67.000, 10.000, -63.000, 11.000] (epsg:4326))
2026-08-04 06:50:45,205 - snakemake_workflow - rasterdataset - INFO - Reading population raster data from D:\GFM\inputs\exposure\ppp_2020_1km_Aggregated.tif
2026-08-04 06:50:45,335 - snakemake_workflow - rasterdataset - DEBUG - Clip to [-74.000, -42.000, -73.000, -38.000] (epsg:4326))
2026-08-04 06:50:45,527 - snakemake_workflow - rasterdataset - INFO - Reading population raster data from D:\GFM\inputs\exposure\ppp_2020_1km_Aggregated.tif
2026-08-04 06:50:45,698 - snakemake_workflow - rasterdataset - DEBUG - Clip to [-72.000, -30.000, -71.000, -28.000] (epsg:4326))
2026-08-04 06:50:47,133 - snakemake_workflow - rasterdataset - INFO - Reading population raster data from D:\GFM\inputs\exposure\ppp_2020_1km_Aggregated.tif
2026-08-04 06:50:47,197 - snakemake_workflow - rasterdataset - DEBUG - Clip to [-72.000, -32.000, -71.000, -29.000] (epsg:4326))
2026-08-04 06:50:47,404 - snakemake_workflow - rasterdataset - INFO - Reading population raster data from D:\GFM\inputs\exposure\ppp_2020_1km_Aggregated.tif
2026-08-04 06:50:47,643 - snakemake_workflow - rasterdataset - DEBUG - Clip to [-61.000, 7.000, -59.000, 9.000] (epsg:4326))
2026-08-04 06:50:48,108 - snakemake_workflow - rasterdataset - INFO - Reading population raster data from D:\GFM\inputs\exposure\ppp_2020_1km_Aggregated.tif
2026-08-04 06:50:48,442 - snakemake_workflow - rasterdataset - INFO - Reading population raster data from D:\GFM\inputs\exposure\ppp_2020_1km_Aggregated.tif
2026-08-04 06:50:48,454 - snakemake_workflow - rasterdataset - DEBUG - Clip to [-62.000, 13.000, -60.000, 15.000] (epsg:4326))
2026-08-04 06:50:48,533 - snakemake_workflow - rasterdataset - DEBUG - Clip to [-62.000, 11.000, -61.000, 15.000] (epsg:4326))
2026-08-04 06:50:49,204 - snakemake_workflow - rasterdataset - INFO - Reading population raster data from D:\GFM\inputs\exposure\ppp_2020_1km_Aggregated.tif
2026-08-04 06:50:49,216 - snakemake_workflow - rasterdataset - DEBUG - Clip to [-74.000, -40.000, -73.000, -37.000] (epsg:4326))
2026-08-04 06:50:49,812 - snakemake_workflow - rasterdataset - INFO - Reading population raster data from D:\GFM\inputs\exposure\ppp_2020_1km_Aggregated.tif
2026-08-04 06:50:49,903 - snakemake_workflow - rasterdataset - DEBUG - Clip to [-59.000, 5.000, -58.000, 8.000] (epsg:4326))
2026-08-04 06:50:50,114 - snakemake_workflow - rasterdataset - INFO - Reading population raster data from D:\GFM\inputs\exposure\ppp_2020_1km_Aggregated.tif
2026-08-04 06:50:50,303 - snakemake_workflow - rasterdataset - INFO - Reading population raster data from D:\GFM\inputs\exposure\ppp_2020_1km_Aggregated.tif
2026-08-04 06:50:50,322 - snakemake_workflow - rasterdataset - DEBUG - Clip to [-74.000, -43.000, -73.000, -39.000] (epsg:4326))
2026-08-04 06:50:50,504 - snakemake_workflow - rasterdataset - DEBUG - Clip to [-62.000, 10.000, -61.000, 14.000] (epsg:4326))
2026-08-04 06:50:50,551 - snakemake_workflow - rasterdataset - INFO - Reading population raster data from D:\GFM\inputs\exposure\ppp_2020_1km_Aggregated.tif
2026-08-04 06:50:50,774 - snakemake_workflow - rasterdataset - INFO - Reading population raster data from D:\GFM\inputs\exposure\ppp_2020_1km_Aggregated.tif
2026-08-04 06:50:50,791 - snakemake_workflow - rasterdataset - DEBUG - Clip to [-72.000, -30.000, -71.000, -27.000] (epsg:4326))
2026-08-04 06:50:51,005 - snakemake_workflow - rasterdataset - DEBUG - Clip to [-75.000, 11.000, -72.000, 12.000] (epsg:4326))
2026-08-04 06:50:51,639 - snakemake_workflow - rasterdataset - INFO - Reading population raster data from D:\GFM\inputs\exposure\ppp_2020_1km_Aggregated.tif
2026-08-04 06:50:51,832 - snakemake_workflow - rasterdataset - DEBUG - Clip to [-63.000, 16.000, -61.000, 18.000] (epsg:4326))
2026-08-04 06:50:52,626 - snakemake_workflow - rasterdataset - INFO - Reading population raster data from D:\GFM\inputs\exposure\ppp_2020_1km_Aggregated.tif
2026-08-04 06:50:52,690 - snakemake_workflow - rasterdataset - INFO - Reading population raster data from D:\GFM\inputs\exposure\ppp_2020_1km_Aggregated.tif
2026-08-04 06:50:52,690 - snakemake_workflow - rasterdataset - INFO - Reading population raster data from D:\GFM\inputs\exposure\ppp_2020_1km_Aggregated.tif
2026-08-04 06:50:52,715 - snakemake_workflow - rasterdataset - DEBUG - Clip to [-78.000, 2.000, -77.000, 5.000] (epsg:4326))
2026-08-04 06:50:52,717 - snakemake_workflow - rasterdataset - DEBUG - Clip to [-65.000, 8.000, -63.000, 9.000] (epsg:4326))
2026-08-04 06:50:52,719 - snakemake_workflow - rasterdataset - DEBUG - Clip to [-57.000, 5.000, -53.000, 6.000] (epsg:4326))
2026-08-04 06:50:52,897 - snakemake_workflow - rasterdataset - INFO - Reading population raster data from D:\GFM\inputs\exposure\ppp_2020_1km_Aggregated.tif
2026-08-04 06:50:53,252 - snakemake_workflow - rasterdataset - DEBUG - Clip to [-87.000, 11.000, -83.000, 12.000] (epsg:4326))
2026-08-04 06:50:53,513 - snakemake_workflow - rasterdataset - INFO - Reading population raster data from D:\GFM\inputs\exposure\ppp_2020_1km_Aggregated.tif
2026-08-04 06:50:53,682 - snakemake_workflow - rasterdataset - DEBUG - Clip to [-71.000, -19.000, -70.000, -17.000] (epsg:4326))
2026-08-04 06:50:54,540 - snakemake_workflow - rasterdataset - INFO - Reading population raster data from D:\GFM\inputs\exposure\ppp_2020_1km_Aggregated.tif
2026-08-04 06:50:54,704 - snakemake_workflow - rasterdataset - INFO - Reading population raster data from D:\GFM\inputs\exposure\ppp_2020_1km_Aggregated.tif
2026-08-04 06:50:54,716 - snakemake_workflow - rasterdataset - DEBUG - Clip to [-71.000, -25.000, -70.000, -22.000] (epsg:4326))
2026-08-04 06:50:54,737 - snakemake_workflow - rasterdataset - DEBUG - Clip to [-71.000, -28.000, -70.000, -24.000] (epsg:4326))
2026-08-04 06:50:55,639 - snakemake_workflow - rasterdataset - INFO - Reading population raster data from D:\GFM\inputs\exposure\ppp_2020_1km_Aggregated.tif
2026-08-04 06:50:55,905 - snakemake_workflow - rasterdataset - DEBUG - Clip to [-72.000, -35.000, -71.000, -31.000] (epsg:4326))
2026-08-04 06:50:56,357 - snakemake_workflow - rasterdataset - INFO - Reading population raster data from D:\GFM\inputs\exposure\ppp_2020_1km_Aggregated.tif
2026-08-04 06:50:56,357 - snakemake_workflow - rasterdataset - INFO - Reading population raster data from D:\GFM\inputs\exposure\ppp_2020_1km_Aggregated.tif
2026-08-04 06:50:56,529 - snakemake_workflow - rasterdataset - DEBUG - Clip to [-63.000, 16.000, -61.000, 17.000] (epsg:4326))
2026-08-04 06:50:56,720 - snakemake_workflow - rasterdataset - INFO - Reading population raster data from D:\GFM\inputs\exposure\ppp_2020_1km_Aggregated.tif
2026-08-04 06:50:56,721 - snakemake_workflow - rasterdataset - DEBUG - Clip to [-79.000, 18.000, -77.000, 19.000] (epsg:4326))
2026-08-04 06:50:56,882 - snakemake_workflow - rasterdataset - DEBUG - Clip to [-84.000, 12.000, -81.000, 13.000] (epsg:4326))
2026-08-04 06:50:57,389 - snakemake_workflow - rasterdataset - INFO - Reading population raster data from D:\GFM\inputs\exposure\ppp_2020_1km_Aggregated.tif
2026-08-04 06:50:57,389 - snakemake_workflow - rasterdataset - INFO - Reading population raster data from D:\GFM\inputs\exposure\ppp_2020_1km_Aggregated.tif
2026-08-04 06:50:57,516 - snakemake_workflow - rasterdataset - DEBUG - Clip to [-71.000, -23.000, -70.000, -20.000] (epsg:4326))
2026-08-04 06:50:57,695 - snakemake_workflow - rasterdataset - DEBUG - Clip to [-90.000, 15.000, -88.000, 17.000] (epsg:4326))
2026-08-04 06:50:58,440 - snakemake_workflow - rasterdataset - INFO - Reading population raster data from D:\GFM\inputs\exposure\ppp_2020_1km_Aggregated.tif
2026-08-04 06:50:58,568 - snakemake_workflow - rasterdataset - DEBUG - Clip to [-71.000, -21.000, -70.000, -17.000] (epsg:4326))
2026-08-04 06:50:58,654 - snakemake_workflow - rasterdataset - INFO - Reading population raster data from D:\GFM\inputs\exposure\ppp_2020_1km_Aggregated.tif
2026-08-04 06:50:58,739 - snakemake_workflow - rasterdataset - DEBUG - Clip to [-87.000, 15.000, -85.000, 17.000] (epsg:4326))
2026-08-04 06:50:59,444 - snakemake_workflow - rasterdataset - INFO - Reading population raster data from D:\GFM\inputs\exposure\ppp_2020_1km_Aggregated.tif
2026-08-04 06:50:59,492 - snakemake_workflow - rasterdataset - INFO - Reading population raster data from D:\GFM\inputs\exposure\ppp_2020_1km_Aggregated.tif
2026-08-04 06:50:59,520 - snakemake_workflow - rasterdataset - DEBUG - Clip to [-79.000, 2.000, -77.000, 4.000] (epsg:4326))
2026-08-04 06:50:59,522 - snakemake_workflow - rasterdataset - DEBUG - Clip to [-89.000, 13.000, -87.000, 14.000] (epsg:4326))
2026-08-04 06:50:59,983 - snakemake_workflow - rasterdataset - INFO - Reading population raster data from D:\GFM\inputs\exposure\ppp_2020_1km_Aggregated.tif
2026-08-04 06:51:00,128 - snakemake_workflow - rasterdataset - INFO - Reading population raster data from D:\GFM\inputs\exposure\ppp_2020_1km_Aggregated.tif
2026-08-04 06:51:00,142 - snakemake_workflow - rasterdataset - DEBUG - Clip to [-94.000, 15.000, -93.000, 18.000] (epsg:4326))
2026-08-04 06:51:00,221 - snakemake_workflow - rasterdataset - DEBUG - Clip to [-84.000, 12.000, -83.000, 16.000] (epsg:4326))
2026-08-04 06:51:01,803 - snakemake_workflow - rasterdataset - INFO - Reading population raster data from D:\GFM\inputs\exposure\ppp_2020_1km_Aggregated.tif
2026-08-04 06:51:02,033 - snakemake_workflow - rasterdataset - INFO - Reading population raster data from D:\GFM\inputs\exposure\ppp_2020_1km_Aggregated.tif
2026-08-04 06:51:02,040 - snakemake_workflow - rasterdataset - DEBUG - Clip to [-84.000, 11.000, -83.000, 15.000] (epsg:4326))
2026-08-04 06:51:02,213 - snakemake_workflow - rasterdataset - INFO - Reading population raster data from D:\GFM\inputs\exposure\ppp_2020_1km_Aggregated.tif
2026-08-04 06:51:02,233 - snakemake_workflow - rasterdataset - DEBUG - Clip to [-90.000, 15.000, -86.000, 16.000] (epsg:4326))
2026-08-04 06:51:02,310 - snakemake_workflow - rasterdataset - DEBUG - Clip to [-80.000, 19.000, -79.000, 22.000] (epsg:4326))
2026-08-04 06:51:02,854 - snakemake_workflow - rasterdataset - INFO - Reading population raster data from D:\GFM\inputs\exposure\ppp_2020_1km_Aggregated.tif
2026-08-04 06:51:02,869 - snakemake_workflow - rasterdataset - DEBUG - Clip to [-92.000, 13.000, -88.000, 14.000] (epsg:4326))
2026-08-04 06:51:03,436 - snakemake_workflow - rasterdataset - INFO - Reading population raster data from D:\GFM\inputs\exposure\ppp_2020_1km_Aggregated.tif
2026-08-04 06:51:03,650 - snakemake_workflow - rasterdataset - INFO - Reading population raster data from D:\GFM\inputs\exposure\ppp_2020_1km_Aggregated.tif
2026-08-04 06:51:03,654 - snakemake_workflow - rasterdataset - DEBUG - Clip to [-97.000, 18.000, -95.000, 19.000] (epsg:4326))
2026-08-04 06:51:03,965 - snakemake_workflow - rasterdataset - DEBUG - Clip to [-101.000, 16.000, -99.000, 18.000] (epsg:4326))
2026-08-04 06:51:04,271 - snakemake_workflow - rasterdataset - INFO - Reading population raster data from D:\GFM\inputs\exposure\ppp_2020_1km_Aggregated.tif
2026-08-04 06:51:04,338 - snakemake_workflow - rasterdataset - INFO - Reading population raster data from D:\GFM\inputs\exposure\ppp_2020_1km_Aggregated.tif
2026-08-04 06:51:04,367 - snakemake_workflow - rasterdataset - DEBUG - Clip to [-92.000, 18.000, -90.000, 20.000] (epsg:4326))
2026-08-04 06:51:04,402 - snakemake_workflow - rasterdataset - DEBUG - Clip to [-88.000, 15.000, -84.000, 16.000] (epsg:4326))
2026-08-04 06:51:05,641 - snakemake_workflow - rasterdataset - INFO - Reading population raster data from D:\GFM\inputs\exposure\ppp_2020_1km_Aggregated.tif
2026-08-04 06:51:05,812 - snakemake_workflow - rasterdataset - DEBUG - Clip to [-81.000, -3.000, -80.000, 1.000] (epsg:4326))
2026-08-04 06:51:07,009 - snakemake_workflow - rasterdataset - INFO - Reading population raster data from D:\GFM\inputs\exposure\ppp_2020_1km_Aggregated.tif
2026-08-04 06:51:07,035 - snakemake_workflow - rasterdataset - INFO - Reading population raster data from D:\GFM\inputs\exposure\ppp_2020_1km_Aggregated.tif
2026-08-04 06:51:07,045 - snakemake_workflow - rasterdataset - DEBUG - Clip to [-97.000, 19.000, -95.000, 20.000] (epsg:4326))
2026-08-04 06:51:07,076 - snakemake_workflow - rasterdataset - DEBUG - Clip to [-103.000, 17.000, -101.000, 19.000] (epsg:4326))
2026-08-04 06:51:07,393 - snakemake_workflow - rasterdataset - INFO - Reading population raster data from D:\GFM\inputs\exposure\ppp_2020_1km_Aggregated.tif
2026-08-04 06:51:07,584 - snakemake_workflow - rasterdataset - DEBUG - Clip to [-81.000, -3.000, -80.000, 0.000] (epsg:4326))
2026-08-04 06:51:08,491 - snakemake_workflow - rasterdataset - INFO - Reading population raster data from D:\GFM\inputs\exposure\ppp_2020_1km_Aggregated.tif
2026-08-04 06:51:08,491 - snakemake_workflow - rasterdataset - INFO - Reading population raster data from D:\GFM\inputs\exposure\ppp_2020_1km_Aggregated.tif
2026-08-04 06:51:08,491 - snakemake_workflow - rasterdataset - INFO - Reading population raster data from D:\GFM\inputs\exposure\ppp_2020_1km_Aggregated.tif
2026-08-04 06:51:08,699 - snakemake_workflow - rasterdataset - DEBUG - Clip to [-98.000, 20.000, -97.000, 22.000] (epsg:4326))
2026-08-04 06:51:09,163 - snakemake_workflow - rasterdataset - INFO - Reading population raster data from D:\GFM\inputs\exposure\ppp_2020_1km_Aggregated.tif
2026-08-04 06:51:09,163 - snakemake_workflow - rasterdataset - DEBUG - Clip to [-101.000, 16.000, -97.000, 17.000] (epsg:4326))
2026-08-04 06:51:09,163 - snakemake_workflow - rasterdataset - DEBUG - Clip to [-92.000, 13.000, -90.000, 15.000] (epsg:4326))
2026-08-04 06:51:09,273 - snakemake_workflow - rasterdataset - INFO - Reading population raster data from D:\GFM\inputs\exposure\ppp_2020_1km_Aggregated.tif
2026-08-04 06:51:09,285 - snakemake_workflow - rasterdataset - DEBUG - Clip to [-91.000, 18.000, -90.000, 21.000] (epsg:4326))
2026-08-04 06:51:09,384 - snakemake_workflow - rasterdataset - DEBUG - Clip to [-96.000, 15.000, -95.000, 17.000] (epsg:4326))
2026-08-04 06:51:10,999 - snakemake_workflow - rasterdataset - INFO - Reading population raster data from D:\GFM\inputs\exposure\ppp_2020_1km_Aggregated.tif
2026-08-04 06:51:11,178 - snakemake_workflow - rasterdataset - INFO - Reading population raster data from D:\GFM\inputs\exposure\ppp_2020_1km_Aggregated.tif
2026-08-04 06:51:11,186 - snakemake_workflow - rasterdataset - DEBUG - Clip to [-81.000, 33.000, -79.000, 34.000] (epsg:4326))
2026-08-04 06:51:11,316 - snakemake_workflow - rasterdataset - INFO - Reading population raster data from D:\GFM\inputs\exposure\ppp_2020_1km_Aggregated.tif
2026-08-04 06:51:11,329 - snakemake_workflow - rasterdataset - DEBUG - Clip to [-98.000, 25.000, -97.000, 29.000] (epsg:4326))
2026-08-04 06:51:11,475 - snakemake_workflow - rasterdataset - DEBUG - Clip to [-103.000, 17.000, -100.000, 18.000] (epsg:4326))
2026-08-04 06:51:11,502 - snakemake_workflow - rasterdataset - INFO - Reading population raster data from D:\GFM\inputs\exposure\ppp_2020_1km_Aggregated.tif
2026-08-04 06:51:11,583 - snakemake_workflow - rasterdataset - DEBUG - Clip to [-96.000, 18.000, -95.000, 20.000] (epsg:4326))
2026-08-04 06:51:12,075 - snakemake_workflow - rasterdataset - INFO - Reading population raster data from D:\GFM\inputs\exposure\ppp_2020_1km_Aggregated.tif
2026-08-04 06:51:12,092 - snakemake_workflow - rasterdataset - DEBUG - Clip to [-89.000, 30.000, -85.000, 31.000] (epsg:4326))
2026-08-04 06:51:12,265 - snakemake_workflow - rasterdataset - INFO - Reading population raster data from D:\GFM\inputs\exposure\ppp_2020_1km_Aggregated.tif
2026-08-04 06:51:12,445 - snakemake_workflow - rasterdataset - DEBUG - Clip to [-108.000, 23.000, -106.000, 24.000] (epsg:4326))
2026-08-04 06:51:12,494 - snakemake_workflow - rasterdataset - INFO - Reading population raster data from D:\GFM\inputs\exposure\ppp_2020_1km_Aggregated.tif
2026-08-04 06:51:12,542 - snakemake_workflow - rasterdataset - INFO - Reading population raster data from D:\GFM\inputs\exposure\ppp_2020_1km_Aggregated.tif
2026-08-04 06:51:12,613 - snakemake_workflow - rasterdataset - INFO - Reading population raster data from D:\GFM\inputs\exposure\ppp_2020_1km_Aggregated.tif
2026-08-04 06:51:12,645 - snakemake_workflow - rasterdataset - DEBUG - Clip to [-105.000, 18.000, -102.000, 19.000] (epsg:4326))
2026-08-04 06:51:12,645 - snakemake_workflow - rasterdataset - DEBUG - Clip to [-70.000, 43.000, -68.000, 45.000] (epsg:4326))
2026-08-04 06:51:12,651 - snakemake_workflow - rasterdataset - DEBUG - Clip to [-82.000, 32.000, -79.000, 33.000] (epsg:4326))
2026-08-04 06:51:14,007 - snakemake_workflow - rasterdataset - INFO - Reading population raster data from D:\GFM\inputs\exposure\ppp_2020_1km_Aggregated.tif
2026-08-04 06:51:14,229 - snakemake_workflow - rasterdataset - DEBUG - Clip to [-110.000, 24.000, -109.000, 27.000] (epsg:4326))
2026-08-04 06:51:14,559 - snakemake_workflow - rasterdataset - INFO - Reading population raster data from D:\GFM\inputs\exposure\ppp_2020_1km_Aggregated.tif
2026-08-04 06:51:14,706 - snakemake_workflow - rasterdataset - DEBUG - Clip to [-74.000, 46.000, -70.000, 47.000] (epsg:4326))
2026-08-04 06:51:15,009 - snakemake_workflow - rasterdataset - INFO - Reading population raster data from D:\GFM\inputs\exposure\ppp_2020_1km_Aggregated.tif
2026-08-04 06:51:15,106 - snakemake_workflow - rasterdataset - DEBUG - Clip to [-96.000, 29.000, -93.000, 30.000] (epsg:4326))
2026-08-04 06:51:15,161 - snakemake_workflow - rasterdataset - INFO - Reading population raster data from D:\GFM\inputs\exposure\ppp_2020_1km_Aggregated.tif
2026-08-04 06:51:15,237 - snakemake_workflow - rasterdataset - DEBUG - Clip to [-125.000, 39.000, -123.000, 40.000] (epsg:4326))
2026-08-04 06:51:17,952 - snakemake_workflow - rasterdataset - INFO - Reading population raster data from D:\GFM\inputs\exposure\ppp_2020_1km_Aggregated.tif
2026-08-04 06:51:17,973 - snakemake_workflow - rasterdataset - DEBUG - Clip to [-71.000, 48.000, -68.000, 49.000] (epsg:4326))
2026-08-04 06:51:18,623 - snakemake_workflow - rasterdataset - INFO - Reading population raster data from D:\GFM\inputs\exposure\ppp_2020_1km_Aggregated.tif
2026-08-04 06:51:18,623 - snakemake_workflow - rasterdataset - INFO - Reading population raster data from D:\GFM\inputs\exposure\ppp_2020_1km_Aggregated.tif
2026-08-04 06:51:18,659 - snakemake_workflow - rasterdataset - DEBUG - Clip to [-106.000, 19.000, -105.000, 22.000] (epsg:4326))
2026-08-04 06:51:18,659 - snakemake_workflow - rasterdataset - DEBUG - Clip to [-63.000, 50.000, -59.000, 51.000] (epsg:4326))
2026-08-04 06:51:19,787 - snakemake_workflow - rasterdataset - INFO - Reading population raster data from D:\GFM\inputs\exposure\ppp_2020_1km_Aggregated.tif
2026-08-04 06:51:20,105 - snakemake_workflow - rasterdataset - DEBUG - Clip to [-110.000, 24.000, -109.000, 28.000] (epsg:4326))
2026-08-04 06:51:20,759 - snakemake_workflow - rasterdataset - INFO - Reading population raster data from D:\GFM\inputs\exposure\ppp_2020_1km_Aggregated.tif
2026-08-04 06:51:20,783 - snakemake_workflow - rasterdataset - DEBUG - Clip to [-124.000, 45.000, -121.000, 46.000] (epsg:4326))
2026-08-04 06:51:21,029 - snakemake_workflow - rasterdataset - INFO - Reading population raster data from D:\GFM\inputs\exposure\ppp_2020_1km_Aggregated.tif
2026-08-04 06:51:21,118 - snakemake_workflow - rasterdataset - DEBUG - Clip to [-98.000, 27.000, -96.000, 29.000] (epsg:4326))
2026-08-04 06:51:21,580 - snakemake_workflow - rasterdataset - INFO - Reading population raster data from D:\GFM\inputs\exposure\ppp_2020_1km_Aggregated.tif
2026-08-04 06:51:21,664 - snakemake_workflow - rasterdataset - INFO - Reading population raster data from D:\GFM\inputs\exposure\ppp_2020_1km_Aggregated.tif
2026-08-04 06:51:21,875 - snakemake_workflow - rasterdataset - DEBUG - Clip to [-71.000, 47.000, -69.000, 49.000] (epsg:4326))
2026-08-04 06:51:21,875 - snakemake_workflow - rasterdataset - DEBUG - Clip to [-122.000, 37.000, -120.000, 38.000] (epsg:4326))
2026-08-04 06:51:21,958 - snakemake_workflow - rasterdataset - INFO - Reading population raster data from D:\GFM\inputs\exposure\ppp_2020_1km_Aggregated.tif
2026-08-04 06:51:22,132 - snakemake_workflow - rasterdataset - DEBUG - Clip to [-71.000, 41.000, -69.000, 42.000] (epsg:4326))
2026-08-04 06:51:23,454 - snakemake_workflow - rasterdataset - INFO - Reading population raster data from D:\GFM\inputs\exposure\ppp_2020_1km_Aggregated.tif
2026-08-04 06:51:23,674 - snakemake_workflow - rasterdataset - DEBUG - Clip to [-125.000, 40.000, -123.000, 41.000] (epsg:4326))
2026-08-04 06:51:24,022 - snakemake_workflow - rasterdataset - INFO - Reading population raster data from D:\GFM\inputs\exposure\ppp_2020_1km_Aggregated.tif
2026-08-04 06:51:24,191 - snakemake_workflow - rasterdataset - DEBUG - Clip to [-108.000, 23.000, -106.000, 25.000] (epsg:4326))
2026-08-04 06:51:24,609 - snakemake_workflow - rasterdataset - INFO - Reading population raster data from D:\GFM\inputs\exposure\ppp_2020_1km_Aggregated.tif
2026-08-04 06:51:24,705 - snakemake_workflow - rasterdataset - INFO - Reading population raster data from D:\GFM\inputs\exposure\ppp_2020_1km_Aggregated.tif
2026-08-04 06:51:24,806 - snakemake_workflow - rasterdataset - DEBUG - Clip to [-125.000, 49.000, -121.000, 50.000] (epsg:4326))
2026-08-04 06:51:24,817 - snakemake_workflow - rasterdataset - INFO - Reading population raster data from D:\GFM\inputs\exposure\ppp_2020_1km_Aggregated.tif
2026-08-04 06:51:24,833 - snakemake_workflow - rasterdataset - DEBUG - Clip to [-123.000, 47.000, -121.000, 48.000] (epsg:4326))
2026-08-04 06:51:24,959 - snakemake_workflow - rasterdataset - INFO - Reading population raster data from D:\GFM\inputs\exposure\ppp_2020_1km_Aggregated.tif
2026-08-04 06:51:24,974 - snakemake_workflow - rasterdataset - DEBUG - Clip to [-74.000, 45.000, -72.000, 47.000] (epsg:4326))
2026-08-04 06:51:24,980 - snakemake_workflow - rasterdataset - DEBUG - Clip to [-122.000, 35.000, -121.000, 38.000] (epsg:4326))
2026-08-04 06:51:25,247 - snakemake_workflow - rasterdataset - INFO - Reading population raster data from D:\GFM\inputs\exposure\ppp_2020_1km_Aggregated.tif
2026-08-04 06:51:25,424 - snakemake_workflow - rasterdataset - DEBUG - Clip to [-125.000, 40.000, -124.000, 44.000] (epsg:4326))
2026-08-04 06:51:27,985 - snakemake_workflow - rasterdataset - INFO - Reading population raster data from D:\GFM\inputs\exposure\ppp_2020_1km_Aggregated.tif
2026-08-04 06:51:27,985 - snakemake_workflow - rasterdataset - INFO - Reading population raster data from D:\GFM\inputs\exposure\ppp_2020_1km_Aggregated.tif
2026-08-04 06:51:28,049 - snakemake_workflow - rasterdataset - DEBUG - Clip to [-61.000, 55.000, -60.000, 57.000] (epsg:4326))
2026-08-04 06:51:28,081 - snakemake_workflow - rasterdataset - INFO - Reading population raster data from D:\GFM\inputs\exposure\ppp_2020_1km_Aggregated.tif
2026-08-04 06:51:28,097 - snakemake_workflow - rasterdataset - DEBUG - Clip to [-64.000, 57.000, -62.000, 58.000] (epsg:4326))
2026-08-04 06:51:28,208 - snakemake_workflow - rasterdataset - INFO - Reading population raster data from D:\GFM\inputs\exposure\ppp_2020_1km_Aggregated.tif
2026-08-04 06:51:28,240 - snakemake_workflow - rasterdataset - DEBUG - Clip to [-70.000, 60.000, -67.000, 61.000] (epsg:4326))
2026-08-04 06:51:28,303 - snakemake_workflow - rasterdataset - DEBUG - Clip to [-64.000, 58.000, -62.000, 59.000] (epsg:4326))
2026-08-04 06:51:28,399 - snakemake_workflow - rasterdataset - INFO - Reading population raster data from D:\GFM\inputs\exposure\ppp_2020_1km_Aggregated.tif
2026-08-04 06:51:28,487 - snakemake_workflow - rasterdataset - DEBUG - Clip to [-69.000, 58.000, -66.000, 59.000] (epsg:4326))
2026-08-04 06:51:28,783 - snakemake_workflow - rasterdataset - INFO - Reading population raster data from D:\GFM\inputs\exposure\ppp_2020_1km_Aggregated.tif
2026-08-04 06:51:29,022 - snakemake_workflow - rasterdataset - DEBUG - Clip to [-124.000, 39.000, -123.000, 41.000] (epsg:4326))
2026-08-04 06:51:29,214 - snakemake_workflow - rasterdataset - INFO - Reading population raster data from D:\GFM\inputs\exposure\ppp_2020_1km_Aggregated.tif
2026-08-04 06:51:29,399 - snakemake_workflow - rasterdataset - DEBUG - Clip to [-81.000, 59.000, -78.000, 60.000] (epsg:4326))
2026-08-04 06:51:29,467 - snakemake_workflow - rasterdataset - INFO - Reading population raster data from D:\GFM\inputs\exposure\ppp_2020_1km_Aggregated.tif
2026-08-04 06:51:29,611 - snakemake_workflow - rasterdataset - DEBUG - Clip to [-87.000, 63.000, -83.000, 64.000] (epsg:4326))
2026-08-04 06:51:29,771 - snakemake_workflow - rasterdataset - INFO - Reading population raster data from D:\GFM\inputs\exposure\ppp_2020_1km_Aggregated.tif
2026-08-04 06:51:29,771 - snakemake_workflow - rasterdataset - INFO - Reading population raster data from D:\GFM\inputs\exposure\ppp_2020_1km_Aggregated.tif
2026-08-04 06:51:29,944 - snakemake_workflow - rasterdataset - DEBUG - Clip to [-142.000, 59.000, -138.000, 60.000] (epsg:4326))
2026-08-04 06:51:30,000 - snakemake_workflow - rasterdataset - DEBUG - Clip to [-95.000, 63.000, -93.000, 64.000] (epsg:4326))
2026-08-04 06:51:30,074 - snakemake_workflow - rasterdataset - INFO - Reading population raster data from D:\GFM\inputs\exposure\ppp_2020_1km_Aggregated.tif
2026-08-04 06:51:30,088 - snakemake_workflow - rasterdataset - DEBUG - Clip to [-146.000, 60.000, -142.000, 61.000] (epsg:4326))
2026-08-04 06:51:30,279 - snakemake_workflow - rasterdataset - INFO - Reading population raster data from D:\GFM\inputs\exposure\ppp_2020_1km_Aggregated.tif
2026-08-04 06:51:30,432 - snakemake_workflow - rasterdataset - INFO - Reading population raster data from D:\GFM\inputs\exposure\ppp_2020_1km_Aggregated.tif
2026-08-04 06:51:30,432 - snakemake_workflow - rasterdataset - INFO - Reading population raster data from D:\GFM\inputs\exposure\ppp_2020_1km_Aggregated.tif
2026-08-04 06:51:30,448 - snakemake_workflow - rasterdataset - DEBUG - Clip to [-62.000, 55.000, -60.000, 56.000] (epsg:4326))
2026-08-04 06:51:30,469 - snakemake_workflow - rasterdataset - DEBUG - Clip to [-62.000, 56.000, -60.000, 57.000] (epsg:4326))
2026-08-04 06:51:30,507 - snakemake_workflow - rasterdataset - DEBUG - Clip to [-75.000, 62.000, -71.000, 63.000] (epsg:4326))
2026-08-04 06:51:30,612 - snakemake_workflow - rasterdataset - INFO - Reading population raster data from D:\GFM\inputs\exposure\ppp_2020_1km_Aggregated.tif
2026-08-04 06:51:30,803 - snakemake_workflow - rasterdataset - DEBUG - Clip to [-77.000, 62.000, -73.000, 63.000] (epsg:4326))
2026-08-04 06:51:31,623 - snakemake_workflow - rasterdataset - INFO - Reading population raster data from D:\GFM\inputs\exposure\ppp_2020_1km_Aggregated.tif
2026-08-04 06:51:31,623 - snakemake_workflow - rasterdataset - INFO - Reading population raster data from D:\GFM\inputs\exposure\ppp_2020_1km_Aggregated.tif
2026-08-04 06:51:31,794 - snakemake_workflow - rasterdataset - DEBUG - Clip to [-132.000, 51.000, -131.000, 53.000] (epsg:4326))
2026-08-04 06:51:31,824 - snakemake_workflow - rasterdataset - DEBUG - Clip to [-145.000, 59.000, -143.000, 61.000] (epsg:4326))
2026-08-04 06:51:31,982 - snakemake_workflow - rasterdataset - INFO - Reading population raster data from D:\GFM\inputs\exposure\ppp_2020_1km_Aggregated.tif
2026-08-04 06:51:32,098 - snakemake_workflow - rasterdataset - DEBUG - Clip to [-63.000, 56.000, -61.000, 58.000] (epsg:4326))
2026-08-04 06:51:33,267 - snakemake_workflow - rasterdataset - INFO - Reading population raster data from D:\GFM\inputs\exposure\ppp_2020_1km_Aggregated.tif
2026-08-04 06:51:33,427 - snakemake_workflow - rasterdataset - INFO - Reading population raster data from D:\GFM\inputs\exposure\ppp_2020_1km_Aggregated.tif
2026-08-04 06:51:33,813 - snakemake_workflow - rasterdataset - DEBUG - Clip to [-87.000, 55.000, -83.000, 56.000] (epsg:4326))
2026-08-04 06:51:33,896 - snakemake_workflow - rasterdataset - INFO - Reading population raster data from D:\GFM\inputs\exposure\ppp_2020_1km_Aggregated.tif
2026-08-04 06:51:33,910 - snakemake_workflow - rasterdataset - DEBUG - Clip to [-77.000, 56.000, -75.000, 57.000] (epsg:4326))
2026-08-04 06:51:34,010 - snakemake_workflow - rasterdataset - DEBUG - Clip to [-95.000, 58.000, -94.000, 62.000] (epsg:4326))
2026-08-04 06:51:34,163 - snakemake_workflow - rasterdataset - INFO - Reading population raster data from D:\GFM\inputs\exposure\ppp_2020_1km_Aggregated.tif
2026-08-04 06:51:34,187 - snakemake_workflow - rasterdataset - DEBUG - Clip to [-144.000, 60.000, -141.000, 61.000] (epsg:4326))
2026-08-04 06:51:34,578 - snakemake_workflow - rasterdataset - INFO - Reading population raster data from D:\GFM\inputs\exposure\ppp_2020_1km_Aggregated.tif
2026-08-04 06:51:34,667 - snakemake_workflow - rasterdataset - INFO - Reading population raster data from D:\GFM\inputs\exposure\ppp_2020_1km_Aggregated.tif
2026-08-04 06:51:34,674 - snakemake_workflow - rasterdataset - DEBUG - Clip to [-70.000, 66.000, -66.000, 67.000] (epsg:4326))
2026-08-04 06:51:34,820 - snakemake_workflow - rasterdataset - DEBUG - Clip to [-90.000, 65.000, -89.000, 67.000] (epsg:4326))
2026-08-04 06:51:34,886 - snakemake_workflow - rasterdataset - INFO - Reading population raster data from D:\GFM\inputs\exposure\ppp_2020_1km_Aggregated.tif
2026-08-04 06:51:34,976 - snakemake_workflow - rasterdataset - INFO - Reading population raster data from D:\GFM\inputs\exposure\ppp_2020_1km_Aggregated.tif
2026-08-04 06:51:35,169 - snakemake_workflow - rasterdataset - DEBUG - Clip to [-95.000, 63.000, -93.000, 65.000] (epsg:4326))
2026-08-04 06:51:35,169 - snakemake_workflow - rasterdataset - DEBUG - Clip to [-90.000, 56.000, -88.000, 57.000] (epsg:4326))
2026-08-04 06:51:35,343 - snakemake_workflow - rasterdataset - INFO - Reading population raster data from D:\GFM\inputs\exposure\ppp_2020_1km_Aggregated.tif
2026-08-04 06:51:35,343 - snakemake_workflow - rasterdataset - INFO - Reading population raster data from D:\GFM\inputs\exposure\ppp_2020_1km_Aggregated.tif
2026-08-04 06:51:35,550 - snakemake_workflow - rasterdataset - DEBUG - Clip to [-96.000, 66.000, -95.000, 68.000] (epsg:4326))
2026-08-04 06:51:35,630 - snakemake_workflow - rasterdataset - INFO - Reading population raster data from D:\GFM\inputs\exposure\ppp_2020_1km_Aggregated.tif
2026-08-04 06:51:35,657 - snakemake_workflow - rasterdataset - DEBUG - Clip to [-105.000, 69.000, -104.000, 73.000] (epsg:4326))
2026-08-04 06:51:35,661 - snakemake_workflow - rasterdataset - DEBUG - Clip to [-157.000, 55.000, -156.000, 58.000] (epsg:4326))
2026-08-04 06:51:35,661 - snakemake_workflow - rasterdataset - INFO - Reading population raster data from D:\GFM\inputs\exposure\ppp_2020_1km_Aggregated.tif
2026-08-04 06:51:35,783 - snakemake_workflow - rasterdataset - DEBUG - Clip to [-90.000, 56.000, -87.000, 57.000] (epsg:4326))
2026-08-04 06:51:35,932 - snakemake_workflow - rasterdataset - INFO - Reading population raster data from D:\GFM\inputs\exposure\ppp_2020_1km_Aggregated.tif
2026-08-04 06:51:36,189 - snakemake_workflow - rasterdataset - DEBUG - Clip to [-97.000, 64.000, -94.000, 65.000] (epsg:4326))
2026-08-04 06:51:36,555 - snakemake_workflow - rasterdataset - INFO - Reading population raster data from D:\GFM\inputs\exposure\ppp_2020_1km_Aggregated.tif
2026-08-04 06:51:36,555 - snakemake_workflow - rasterdataset - INFO - Reading population raster data from D:\GFM\inputs\exposure\ppp_2020_1km_Aggregated.tif
2026-08-04 06:51:36,755 - snakemake_workflow - rasterdataset - DEBUG - Clip to [-130.000, 50.000, -127.000, 51.000] (epsg:4326))
2026-08-04 06:51:36,864 - snakemake_workflow - rasterdataset - DEBUG - Clip to [-170.000, 65.000, -166.000, 66.000] (epsg:4326))
2026-08-04 06:51:39,202 - snakemake_workflow - rasterdataset - INFO - Reading population raster data from D:\GFM\inputs\exposure\ppp_2020_1km_Aggregated.tif
2026-08-04 06:51:39,394 - snakemake_workflow - rasterdataset - DEBUG - Clip to [-88.000, 55.000, -86.000, 56.000] (epsg:4326))
2026-08-04 06:51:40,335 - snakemake_workflow - rasterdataset - INFO - Reading population raster data from D:\GFM\inputs\exposure\ppp_2020_1km_Aggregated.tif
2026-08-04 06:51:40,351 - snakemake_workflow - rasterdataset - DEBUG - Clip to [-170.000, 53.000, -166.000, 54.000] (epsg:4326))
2026-08-04 06:51:40,446 - snakemake_workflow - rasterdataset - INFO - Reading population raster data from D:\GFM\inputs\exposure\ppp_2020_1km_Aggregated.tif
2026-08-04 06:51:40,573 - snakemake_workflow - rasterdataset - INFO - Reading population raster data from D:\GFM\inputs\exposure\ppp_2020_1km_Aggregated.tif
2026-08-04 06:51:40,579 - snakemake_workflow - rasterdataset - DEBUG - Clip to [-83.000, 53.000, -82.000, 56.000] (epsg:4326))
2026-08-04 06:51:40,703 - snakemake_workflow - rasterdataset - INFO - Reading population raster data from D:\GFM\inputs\exposure\ppp_2020_1km_Aggregated.tif
2026-08-04 06:51:40,717 - snakemake_workflow - rasterdataset - DEBUG - Clip to [-172.000, 63.000, -168.000, 64.000] (epsg:4326))
2026-08-04 06:51:40,728 - snakemake_workflow - rasterdataset - DEBUG - Clip to [-161.000, 67.000, -157.000, 68.000] (epsg:4326))
2026-08-04 06:51:41,227 - snakemake_workflow - rasterdataset - INFO - Reading population raster data from D:\GFM\inputs\exposure\ppp_2020_1km_Aggregated.tif
2026-08-04 06:51:41,310 - snakemake_workflow - rasterdataset - DEBUG - Clip to [-160.000, 63.000, -157.000, 64.000] (epsg:4326))
2026-08-04 06:51:41,387 - snakemake_workflow - rasterdataset - INFO - Reading population raster data from D:\GFM\inputs\exposure\ppp_2020_1km_Aggregated.tif
2026-08-04 06:51:41,642 - snakemake_workflow - rasterdataset - DEBUG - Clip to [-167.000, 54.000, -163.000, 55.000] (epsg:4326))
2026-08-04 06:51:42,502 - snakemake_workflow - rasterdataset - INFO - Reading population raster data from D:\GFM\inputs\exposure\ppp_2020_1km_Aggregated.tif
2026-08-04 06:51:42,581 - snakemake_workflow - rasterdataset - INFO - Reading population raster data from D:\GFM\inputs\exposure\ppp_2020_1km_Aggregated.tif
2026-08-04 06:51:42,694 - snakemake_workflow - rasterdataset - DEBUG - Clip to [-94.000, 57.000, -92.000, 59.000] (epsg:4326))
2026-08-04 06:51:42,762 - snakemake_workflow - rasterdataset - INFO - Reading population raster data from D:\GFM\inputs\exposure\ppp_2020_1km_Aggregated.tif
2026-08-04 06:51:42,772 - snakemake_workflow - rasterdataset - DEBUG - Clip to [-114.000, 70.000, -112.000, 71.000] (epsg:4326))
2026-08-04 06:51:42,853 - snakemake_workflow - rasterdataset - DEBUG - Clip to [-125.000, 69.000, -122.000, 70.000] (epsg:4326))
2026-08-04 06:51:42,918 - snakemake_workflow - rasterdataset - INFO - Reading population raster data from D:\GFM\inputs\exposure\ppp_2020_1km_Aggregated.tif
2026-08-04 06:51:43,078 - snakemake_workflow - rasterdataset - DEBUG - Clip to [-111.000, 72.000, -110.000, 75.000] (epsg:4326))
2026-08-04 06:51:43,078 - snakemake_workflow - rasterdataset - INFO - Reading population raster data from D:\GFM\inputs\exposure\ppp_2020_1km_Aggregated.tif
2026-08-04 06:51:43,094 - snakemake_workflow - rasterdataset - DEBUG - Clip to [-94.000, 81.000, -91.000, 82.000] (epsg:4326))
2026-08-04 06:51:45,399 - snakemake_workflow - rasterdataset - INFO - Reading population raster data from D:\GFM\inputs\exposure\ppp_2020_1km_Aggregated.tif
2026-08-04 06:51:45,479 - snakemake_workflow - rasterdataset - INFO - Reading population raster data from D:\GFM\inputs\exposure\ppp_2020_1km_Aggregated.tif
2026-08-04 06:51:45,479 - snakemake_workflow - rasterdataset - INFO - Reading population raster data from D:\GFM\inputs\exposure\ppp_2020_1km_Aggregated.tif
2026-08-04 06:51:45,548 - snakemake_workflow - rasterdataset - DEBUG - Clip to [-167.000, 68.000, -165.000, 69.000] (epsg:4326))
2026-08-04 06:51:45,559 - snakemake_workflow - rasterdataset - DEBUG - Clip to [-176.000, 64.000, -173.000, 65.000] (epsg:4326))
2026-08-04 06:51:45,619 - snakemake_workflow - rasterdataset - DEBUG - Clip to [-114.000, 70.000, -111.000, 71.000] (epsg:4326))
2026-08-04 06:51:45,751 - snakemake_workflow - rasterdataset - INFO - Reading population raster data from D:\GFM\inputs\exposure\ppp_2020_1km_Aggregated.tif
2026-08-04 06:51:45,811 - snakemake_workflow - rasterdataset - DEBUG - Clip to [-170.000, 52.000, -168.000, 54.000] (epsg:4326))
2026-08-04 06:51:45,937 - snakemake_workflow - rasterdataset - INFO - Reading population raster data from D:\GFM\inputs\exposure\ppp_2020_1km_Aggregated.tif
2026-08-04 06:51:46,250 - snakemake_workflow - rasterdataset - DEBUG - Clip to [-113.000, 72.000, -109.000, 73.000] (epsg:4326))
2026-08-04 06:51:46,372 - snakemake_workflow - rasterdataset - INFO - Reading population raster data from D:\GFM\inputs\exposure\ppp_2020_1km_Aggregated.tif
2026-08-04 06:51:46,467 - snakemake_workflow - rasterdataset - INFO - Reading population raster data from D:\GFM\inputs\exposure\ppp_2020_1km_Aggregated.tif
2026-08-04 06:51:46,467 - snakemake_workflow - rasterdataset - INFO - Reading population raster data from D:\GFM\inputs\exposure\ppp_2020_1km_Aggregated.tif
2026-08-04 06:51:46,499 - snakemake_workflow - rasterdataset - DEBUG - Clip to [-177.000, 52.000, -173.000, 53.000] (epsg:4326))
2026-08-04 06:51:46,563 - snakemake_workflow - rasterdataset - DEBUG - Clip to [-125.000, 74.000, -122.000, 75.000] (epsg:4326))
2026-08-04 06:51:46,563 - snakemake_workflow - rasterdataset - DEBUG - Clip to [-177.000, 51.000, -175.000, 53.000] (epsg:4326))
2026-08-04 06:51:46,707 - snakemake_workflow - rasterdataset - INFO - Reading population raster data from D:\GFM\inputs\exposure\ppp_2020_1km_Aggregated.tif
2026-08-04 06:51:46,930 - snakemake_workflow - rasterdataset - INFO - Reading population raster data from D:\GFM\inputs\exposure\ppp_2020_1km_Aggregated.tif
2026-08-04 06:51:46,946 - snakemake_workflow - rasterdataset - DEBUG - Clip to [-125.000, 71.000, -122.000, 72.000] (epsg:4326))
2026-08-04 06:51:46,994 - snakemake_workflow - rasterdataset - DEBUG - Clip to [-164.000, 66.000, -163.000, 70.000] (epsg:4326))
2026-08-04 06:51:47,186 - snakemake_workflow - rasterdataset - INFO - Reading population raster data from D:\GFM\inputs\exposure\ppp_2020_1km_Aggregated.tif
2026-08-04 06:51:47,229 - snakemake_workflow - rasterdataset - DEBUG - Clip to [-123.000, 69.000, -119.000, 70.000] (epsg:4326))
2026-08-04 06:51:47,425 - snakemake_workflow - rasterdataset - INFO - Reading population raster data from D:\GFM\inputs\exposure\ppp_2020_1km_Aggregated.tif
2026-08-04 06:51:47,457 - snakemake_workflow - rasterdataset - DEBUG - Clip to [-174.000, 52.000, -170.000, 53.000] (epsg:4326))
2026-08-04 06:51:47,649 - snakemake_workflow - rasterdataset - INFO - Reading population raster data from D:\GFM\inputs\exposure\ppp_2020_1km_Aggregated.tif
2026-08-04 06:51:47,850 - snakemake_workflow - rasterdataset - DEBUG - Clip to [-180.000, 51.000, -176.000, 52.000] (epsg:4326))
2026-08-04 06:51:48,030 - snakemake_workflow - rasterdataset - INFO - Reading population raster data from D:\GFM\inputs\exposure\ppp_2020_1km_Aggregated.tif
2026-08-04 06:51:48,063 - snakemake_workflow - rasterdataset - DEBUG - Clip to [-74.000, 76.000, -72.000, 77.000] (epsg:4326))
2026-08-04 06:51:48,078 - snakemake_workflow - rasterdataset - INFO - Reading population raster data from D:\GFM\inputs\exposure\ppp_2020_1km_Aggregated.tif
2026-08-04 06:51:48,323 - snakemake_workflow - rasterdataset - DEBUG - Clip to [-123.000, 71.000, -120.000, 72.000] (epsg:4326))
2026-08-04 06:51:48,449 - snakemake_workflow - rasterdataset - INFO - Reading population raster data from D:\GFM\inputs\exposure\ppp_2020_1km_Aggregated.tif
2026-08-04 06:51:48,549 - snakemake_workflow - rasterdataset - DEBUG - Clip to [-140.000, 69.000, -137.000, 70.000] (epsg:4326))
2026-08-04 06:51:48,557 - snakemake_workflow - rasterdataset - INFO - Reading population raster data from D:\GFM\inputs\exposure\ppp_2020_1km_Aggregated.tif
2026-08-04 06:51:48,733 - snakemake_workflow - rasterdataset - DEBUG - Clip to [-134.000, 67.000, -131.000, 68.000] (epsg:4326))
2026-08-04 06:51:49,931 - snakemake_workflow - rasterdataset - INFO - Reading population raster data from D:\GFM\inputs\exposure\ppp_2020_1km_Aggregated.tif
2026-08-04 06:51:49,931 - snakemake_workflow - rasterdataset - INFO - Reading population raster data from D:\GFM\inputs\exposure\ppp_2020_1km_Aggregated.tif
2026-08-04 06:51:49,952 - snakemake_workflow - rasterdataset - DEBUG - Clip to [-163.000, 70.000, -159.000, 71.000] (epsg:4326))
2026-08-04 06:51:49,952 - snakemake_workflow - rasterdataset - DEBUG - Clip to [-124.000, 76.000, -122.000, 77.000] (epsg:4326))
2026-08-04 06:51:50,123 - snakemake_workflow - rasterdataset - INFO - Reading population raster data from D:\GFM\inputs\exposure\ppp_2020_1km_Aggregated.tif
2026-08-04 06:51:50,284 - snakemake_workflow - rasterdataset - INFO - Reading population raster data from D:\GFM\inputs\exposure\ppp_2020_1km_Aggregated.tif
2026-08-04 06:51:50,294 - snakemake_workflow - rasterdataset - DEBUG - Clip to [-176.000, 64.000, -175.000, 68.000] (epsg:4326))
2026-08-04 06:51:50,314 - snakemake_workflow - rasterdataset - DEBUG - Clip to [-147.000, 70.000, -143.000, 71.000] (epsg:4326))
2026-08-04 06:51:51,205 - snakemake_workflow - rasterdataset - INFO - Reading population raster data from D:\GFM\inputs\exposure\ppp_2020_1km_Aggregated.tif
2026-08-04 06:51:51,221 - snakemake_workflow - rasterdataset - DEBUG - Clip to [-151.000, 70.000, -147.000, 71.000] (epsg:4326))
2026-08-04 06:51:51,650 - snakemake_workflow - rasterdataset - INFO - Reading population raster data from D:\GFM\inputs\exposure\ppp_2020_1km_Aggregated.tif
2026-08-04 06:51:51,782 - snakemake_workflow - rasterdataset - DEBUG - Clip to [-160.000, 70.000, -157.000, 71.000] (epsg:4326))
2026-08-04 06:51:52,429 - snakemake_workflow - rasterdataset - INFO - Reading population raster data from D:\GFM\inputs\exposure\ppp_2020_1km_Aggregated.tif
2026-08-04 06:51:52,620 - snakemake_workflow - rasterdataset - DEBUG - Clip to [-143.000, 69.000, -139.000, 70.000] (epsg:4326))
2026-08-04 06:51:52,860 - snakemake_workflow - rasterdataset - INFO - Reading population raster data from D:\GFM\inputs\exposure\ppp_2020_1km_Aggregated.tif
2026-08-04 06:51:53,181 - snakemake_workflow - rasterdataset - DEBUG - Clip to [-134.000, 67.000, -130.000, 68.000] (epsg:4326))
2026-08-04 06:51:53,378 - snakemake_workflow - rasterdataset - INFO - Reading population raster data from D:\GFM\inputs\exposure\ppp_2020_1km_Aggregated.tif
2026-08-04 06:51:53,600 - snakemake_workflow - rasterdataset - DEBUG - Clip to [-178.000, 67.000, -175.000, 68.000] (epsg:4326))
2026-08-04 06:51:54,210 - snakemake_workflow - rasterdataset - INFO - Reading population raster data from D:\GFM\inputs\exposure\ppp_2020_1km_Aggregated.tif
2026-08-04 06:51:54,329 - snakemake_workflow - rasterdataset - DEBUG - Clip to [-155.000, 70.000, -151.000, 71.000] (epsg:4326))
2026-08-04 06:51:54,608 - snakemake_workflow - rasterdataset - INFO - Reading population raster data from D:\GFM\inputs\exposure\ppp_2020_1km_Aggregated.tif
2026-08-04 06:51:54,769 - snakemake_workflow - rasterdataset - DEBUG - Clip to [-180.000, 65.000, -176.000, 66.000] (epsg:4326))
2026-08-04 06:51:56,079 - snakemake_workflow - rasterdataset - INFO - Reading population raster data from D:\GFM\inputs\exposure\ppp_2020_1km_Aggregated.tif
2026-08-04 06:51:56,189 - snakemake_workflow - rasterdataset - DEBUG - Clip to [-152.000, 69.000, -150.000, 71.000] (epsg:4326))
2026-08-04 06:51:56,397 - snakemake_workflow - rasterdataset - INFO - Reading population raster data from D:\GFM\inputs\exposure\ppp_2020_1km_Aggregated.tif
2026-08-04 06:51:56,423 - snakemake_workflow - rasterdataset - DEBUG - Clip to [-180.000, 65.000, -178.000, 67.000] (epsg:4326))
2026-08-04 06:51:57,719 - snakemake_workflow - rasterdataset - INFO - Reading population raster data from D:\GFM\inputs\exposure\ppp_2020_1km_Aggregated.tif
2026-08-04 06:51:57,893 - snakemake_workflow - rasterdataset - DEBUG - Clip to [-145.000, 70.000, -142.000, 71.000] (epsg:4326))
2026-08-04 06:51:58,101 - snakemake_workflow - rasterdataset - INFO - Reading population raster data from D:\GFM\inputs\exposure\ppp_2020_1km_Aggregated.tif
2026-08-04 06:51:58,224 - snakemake_workflow - rasterdataset - DEBUG - Clip to [-125.000, 73.000, -123.000, 75.000] (epsg:4326))
2026-08-04 06:51:58,430 - snakemake_workflow - rasterdataset - INFO - Reading population raster data from D:\GFM\inputs\exposure\ppp_2020_1km_Aggregated.tif
2026-08-04 06:51:58,462 - snakemake_workflow - rasterdataset - DEBUG - Clip to [-59.000, 74.000, -57.000, 75.000] (epsg:4326))
2026-08-04 06:51:59,106 - snakemake_workflow - rasterdataset - INFO - Reading population raster data from D:\GFM\inputs\exposure\ppp_2020_1km_Aggregated.tif
2026-08-04 06:51:59,424 - snakemake_workflow - rasterdataset - DEBUG - Clip to [-65.000, 76.000, -61.000, 77.000] (epsg:4326))
2026-08-04 06:51:59,576 - snakemake_workflow - rasterdataset - INFO - Reading population raster data from D:\GFM\inputs\exposure\ppp_2020_1km_Aggregated.tif
2026-08-04 06:51:59,578 - snakemake_workflow - rasterdataset - INFO - Reading population raster data from D:\GFM\inputs\exposure\ppp_2020_1km_Aggregated.tif
2026-08-04 06:51:59,594 - snakemake_workflow - rasterdataset - INFO - Reading population raster data from D:\GFM\inputs\exposure\ppp_2020_1km_Aggregated.tif
2026-08-04 06:51:59,626 - snakemake_workflow - rasterdataset - INFO - Reading population raster data from D:\GFM\inputs\exposure\ppp_2020_1km_Aggregated.tif
2026-08-04 06:51:59,642 - snakemake_workflow - rasterdataset - DEBUG - Clip to [-66.000, 76.000, -63.000, 77.000] (epsg:4326))
2026-08-04 06:51:59,754 - snakemake_workflow - rasterdataset - INFO - Reading population raster data from D:\GFM\inputs\exposure\ppp_2020_1km_Aggregated.tif
2026-08-04 06:51:59,784 - snakemake_workflow - rasterdataset - DEBUG - Clip to [-180.000, 68.000, -177.000, 69.000] (epsg:4326))
2026-08-04 06:51:59,786 - snakemake_workflow - rasterdataset - DEBUG - Clip to [-60.000, 75.000, -58.000, 76.000] (epsg:4326))
2026-08-04 06:51:59,834 - snakemake_workflow - rasterdataset - INFO - Reading population raster data from D:\GFM\inputs\exposure\ppp_2020_1km_Aggregated.tif
2026-08-04 06:51:59,862 - snakemake_workflow - rasterdataset - DEBUG - Clip to [-178.000, 67.000, -176.000, 69.000] (epsg:4326))
2026-08-04 06:51:59,864 - snakemake_workflow - rasterdataset - DEBUG - Clip to [-153.000, 70.000, -150.000, 71.000] (epsg:4326))
2026-08-04 06:51:59,874 - snakemake_workflow - rasterdataset - DEBUG - Clip to [-60.000, 75.000, -57.000, 76.000] (epsg:4326))
2026-08-04 06:51:59,992 - snakemake_workflow - rasterdataset - INFO - Reading population raster data from D:\GFM\inputs\exposure\ppp_2020_1km_Aggregated.tif
2026-08-04 06:52:00,063 - snakemake_workflow - rasterdataset - INFO - Reading population raster data from D:\GFM\inputs\exposure\ppp_2020_1km_Aggregated.tif
2026-08-04 06:52:00,077 - snakemake_workflow - rasterdataset - DEBUG - Clip to [-60.000, 82.000, -56.000, 83.000] (epsg:4326))
2026-08-04 06:52:00,091 - snakemake_workflow - rasterdataset - INFO - Reading population raster data from D:\GFM\inputs\exposure\ppp_2020_1km_Aggregated.tif
2026-08-04 06:52:00,118 - snakemake_workflow - rasterdataset - DEBUG - Clip to [-55.000, 67.000, -53.000, 68.000] (epsg:4326))
2026-08-04 06:52:00,121 - snakemake_workflow - rasterdataset - DEBUG - Clip to [-58.000, 82.000, -54.000, 83.000] (epsg:4326))
2026-08-04 06:52:00,206 - snakemake_workflow - rasterdataset - INFO - Reading population raster data from D:\GFM\inputs\exposure\ppp_2020_1km_Aggregated.tif
2026-08-04 06:52:00,307 - snakemake_workflow - rasterdataset - DEBUG - Clip to [-52.000, 82.000, -49.000, 83.000] (epsg:4326))
2026-08-04 06:52:00,499 - snakemake_workflow - rasterdataset - INFO - Reading population raster data from D:\GFM\inputs\exposure\ppp_2020_1km_Aggregated.tif
2026-08-04 06:52:00,632 - snakemake_workflow - rasterdataset - INFO - Reading population raster data from D:\GFM\inputs\exposure\ppp_2020_1km_Aggregated.tif
2026-08-04 06:52:00,641 - snakemake_workflow - rasterdataset - DEBUG - Clip to [-51.000, 82.000, -47.000, 83.000] (epsg:4326))
2026-08-04 06:52:00,647 - snakemake_workflow - rasterdataset - INFO - Reading population raster data from D:\GFM\inputs\exposure\ppp_2020_1km_Aggregated.tif
2026-08-04 06:52:00,655 - snakemake_workflow - rasterdataset - DEBUG - Clip to [-50.000, 61.000, -48.000, 63.000] (epsg:4326))
2026-08-04 06:52:00,938 - snakemake_workflow - rasterdataset - DEBUG - Clip to [-43.000, 62.000, -41.000, 64.000] (epsg:4326))
2026-08-04 06:52:01,062 - snakemake_workflow - rasterdataset - INFO - Reading population raster data from D:\GFM\inputs\exposure\ppp_2020_1km_Aggregated.tif
2026-08-04 06:52:01,330 - snakemake_workflow - rasterdataset - DEBUG - Clip to [-43.000, 62.000, -41.000, 63.000] (epsg:4326))
2026-08-04 06:52:01,563 - snakemake_workflow - rasterdataset - INFO - Reading population raster data from D:\GFM\inputs\exposure\ppp_2020_1km_Aggregated.tif
2026-08-04 06:52:01,669 - snakemake_workflow - rasterdataset - DEBUG - Clip to [-36.000, 66.000, -34.000, 67.000] (epsg:4326))
2026-08-04 06:52:01,896 - snakemake_workflow - rasterdataset - INFO - Reading population raster data from D:\GFM\inputs\exposure\ppp_2020_1km_Aggregated.tif
2026-08-04 06:52:01,944 - snakemake_workflow - rasterdataset - INFO - Reading population raster data from D:\GFM\inputs\exposure\ppp_2020_1km_Aggregated.tif
2026-08-04 06:52:01,944 - snakemake_workflow - rasterdataset - INFO - Reading population raster data from D:\GFM\inputs\exposure\ppp_2020_1km_Aggregated.tif
2026-08-04 06:52:01,975 - snakemake_workflow - rasterdataset - DEBUG - Clip to [-35.000, 66.000, -33.000, 68.000] (epsg:4326))
2026-08-04 06:52:01,975 - snakemake_workflow - rasterdataset - DEBUG - Clip to [-36.000, 66.000, -33.000, 67.000] (epsg:4326))
2026-08-04 06:52:01,975 - snakemake_workflow - rasterdataset - DEBUG - Clip to [-146.000, 69.000, -144.000, 71.000] (epsg:4326))
2026-08-04 06:52:02,135 - snakemake_workflow - rasterdataset - INFO - Reading population raster data from D:\GFM\inputs\exposure\ppp_2020_1km_Aggregated.tif
2026-08-04 06:52:02,135 - snakemake_workflow - rasterdataset - INFO - Reading population raster data from D:\GFM\inputs\exposure\ppp_2020_1km_Aggregated.tif
2026-08-04 06:52:02,167 - snakemake_workflow - rasterdataset - INFO - Reading population raster data from D:\GFM\inputs\exposure\ppp_2020_1km_Aggregated.tif
2026-08-04 06:52:02,198 - snakemake_workflow - rasterdataset - INFO - Reading population raster data from D:\GFM\inputs\exposure\ppp_2020_1km_Aggregated.tif
2026-08-04 06:52:02,218 - snakemake_workflow - rasterdataset - DEBUG - Clip to [-51.000, 69.000, -49.000, 70.000] (epsg:4326))
2026-08-04 06:52:02,218 - snakemake_workflow - rasterdataset - DEBUG - Clip to [-28.000, 68.000, -26.000, 69.000] (epsg:4326))
2026-08-04 06:52:02,218 - snakemake_workflow - rasterdataset - DEBUG - Clip to [-33.000, 68.000, -29.000, 69.000] (epsg:4326))
2026-08-04 06:52:02,228 - snakemake_workflow - rasterdataset - DEBUG - Clip to [-34.000, 81.000, -32.000, 82.000] (epsg:4326))
2026-08-04 06:52:02,389 - snakemake_workflow - rasterdataset - INFO - Reading population raster data from D:\GFM\inputs\exposure\ppp_2020_1km_Aggregated.tif
2026-08-04 06:52:02,389 - snakemake_workflow - rasterdataset - INFO - Reading population raster data from D:\GFM\inputs\exposure\ppp_2020_1km_Aggregated.tif
2026-08-04 06:52:02,389 - snakemake_workflow - rasterdataset - INFO - Reading population raster data from D:\GFM\inputs\exposure\ppp_2020_1km_Aggregated.tif
2026-08-04 06:52:02,438 - snakemake_workflow - rasterdataset - DEBUG - Clip to [-28.000, 68.000, -25.000, 69.000] (epsg:4326))
2026-08-04 06:52:02,438 - snakemake_workflow - rasterdataset - DEBUG - Clip to [-16.000, 81.000, -12.000, 82.000] (epsg:4326))
2026-08-04 06:52:02,438 - snakemake_workflow - rasterdataset - DEBUG - Clip to [-30.000, 68.000, -27.000, 69.000] (epsg:4326))
2026-08-04 06:52:02,484 - snakemake_workflow - rasterdataset - INFO - Reading population raster data from D:\GFM\inputs\exposure\ppp_2020_1km_Aggregated.tif
2026-08-04 06:52:02,597 - snakemake_workflow - rasterdataset - INFO - Reading population raster data from D:\GFM\inputs\exposure\ppp_2020_1km_Aggregated.tif
2026-08-04 06:52:02,639 - snakemake_workflow - rasterdataset - INFO - Reading population raster data from D:\GFM\inputs\exposure\ppp_2020_1km_Aggregated.tif
2026-08-04 06:52:02,659 - snakemake_workflow - rasterdataset - DEBUG - Clip to [-30.000, 70.000, -27.000, 71.000] (epsg:4326))
2026-08-04 06:52:02,663 - snakemake_workflow - rasterdataset - DEBUG - Clip to [-28.000, 68.000, -27.000, 71.000] (epsg:4326))
2026-08-04 06:52:02,665 - snakemake_workflow - rasterdataset - DEBUG - Clip to [-15.000, 81.000, -11.000, 82.000] (epsg:4326))
2026-08-04 06:52:02,708 - snakemake_workflow - rasterdataset - INFO - Reading population raster data from D:\GFM\inputs\exposure\ppp_2020_1km_Aggregated.tif
2026-08-04 06:52:02,803 - snakemake_workflow - rasterdataset - INFO - Reading population raster data from D:\GFM\inputs\exposure\ppp_2020_1km_Aggregated.tif
2026-08-04 06:52:02,803 - snakemake_workflow - rasterdataset - INFO - Reading population raster data from D:\GFM\inputs\exposure\ppp_2020_1km_Aggregated.tif
2026-08-04 06:52:02,851 - snakemake_workflow - rasterdataset - DEBUG - Clip to [-24.000, 76.000, -22.000, 77.000] (epsg:4326))
2026-08-04 06:52:03,028 - snakemake_workflow - rasterdataset - INFO - Reading population raster data from D:\GFM\inputs\exposure\ppp_2020_1km_Aggregated.tif
2026-08-04 06:52:03,044 - snakemake_workflow - rasterdataset - DEBUG - Clip to [115.000, -21.000, 119.000, -20.000] (epsg:4326))
2026-08-04 06:52:03,050 - snakemake_workflow - rasterdataset - DEBUG - Clip to [120.000, -20.000, 122.000, -19.000] (epsg:4326))
2026-08-04 06:52:03,054 - snakemake_workflow - rasterdataset - DEBUG - Clip to [114.000, -31.000, 116.000, -29.000] (epsg:4326))
2026-08-04 06:52:03,627 - snakemake_workflow - rasterdataset - INFO - Reading population raster data from D:\GFM\inputs\exposure\ppp_2020_1km_Aggregated.tif
2026-08-04 06:52:03,675 - snakemake_workflow - rasterdataset - DEBUG - Clip to [-41.000, 82.000, -39.000, 83.000] (epsg:4326))
2026-08-04 06:52:03,677 - snakemake_workflow - rasterdataset - INFO - Reading population raster data from D:\GFM\inputs\exposure\ppp_2020_1km_Aggregated.tif
2026-08-04 06:52:03,812 - snakemake_workflow - rasterdataset - DEBUG - Clip to [-50.000, 62.000, -48.000, 63.000] (epsg:4326))
2026-08-04 06:52:03,996 - snakemake_workflow - rasterdataset - INFO - Reading population raster data from D:\GFM\inputs\exposure\ppp_2020_1km_Aggregated.tif
2026-08-04 06:52:04,012 - snakemake_workflow - rasterdataset - INFO - Reading population raster data from D:\GFM\inputs\exposure\ppp_2020_1km_Aggregated.tif
2026-08-04 06:52:04,073 - snakemake_workflow - rasterdataset - DEBUG - Clip to [114.000, -35.000, 116.000, -33.000] (epsg:4326))
2026-08-04 06:52:04,472 - snakemake_workflow - rasterdataset - DEBUG - Clip to [-45.000, 82.000, -42.000, 83.000] (epsg:4326))
2026-08-04 06:52:04,585 - snakemake_workflow - rasterdataset - INFO - Reading population raster data from D:\GFM\inputs\exposure\ppp_2020_1km_Aggregated.tif
2026-08-04 06:52:04,685 - snakemake_workflow - rasterdataset - INFO - Reading population raster data from D:\GFM\inputs\exposure\ppp_2020_1km_Aggregated.tif
2026-08-04 06:52:04,685 - snakemake_workflow - rasterdataset - INFO - Reading population raster data from D:\GFM\inputs\exposure\ppp_2020_1km_Aggregated.tif
2026-08-04 06:52:04,709 - snakemake_workflow - rasterdataset - DEBUG - Clip to [-41.000, 82.000, -38.000, 83.000] (epsg:4326))
2026-08-04 06:52:04,715 - snakemake_workflow - rasterdataset - INFO - Reading population raster data from D:\GFM\inputs\exposure\ppp_2020_1km_Aggregated.tif
2026-08-04 06:52:04,715 - snakemake_workflow - rasterdataset - DEBUG - Clip to [-43.000, 82.000, -40.000, 83.000] (epsg:4326))
2026-08-04 06:52:04,715 - snakemake_workflow - rasterdataset - DEBUG - Clip to [141.000, -16.000, 144.000, -15.000] (epsg:4326))
2026-08-04 06:52:04,743 - snakemake_workflow - rasterdataset - INFO - Reading population raster data from D:\GFM\inputs\exposure\ppp_2020_1km_Aggregated.tif
2026-08-04 06:52:04,837 - snakemake_workflow - rasterdataset - DEBUG - Clip to [143.000, -12.000, 145.000, -11.000] (epsg:4326))
2026-08-04 06:52:04,869 - snakemake_workflow - rasterdataset - DEBUG - Clip to [128.000, -32.000, 131.000, -31.000] (epsg:4326))
2026-08-04 06:52:06,897 - snakemake_workflow - rasterdataset - INFO - Reading population raster data from D:\GFM\inputs\exposure\ppp_2020_1km_Aggregated.tif
2026-08-04 06:52:07,245 - snakemake_workflow - rasterdataset - DEBUG - Clip to [145.000, -17.000, 146.000, -14.000] (epsg:4326))
2026-08-04 06:52:07,396 - snakemake_workflow - rasterdataset - INFO - Reading population raster data from D:\GFM\inputs\exposure\ppp_2020_1km_Aggregated.tif
2026-08-04 06:52:07,396 - snakemake_workflow - rasterdataset - INFO - Reading population raster data from D:\GFM\inputs\exposure\ppp_2020_1km_Aggregated.tif
2026-08-04 06:52:07,422 - snakemake_workflow - rasterdataset - DEBUG - Clip to [115.000, -22.000, 117.000, -20.000] (epsg:4326))
2026-08-04 06:52:07,422 - snakemake_workflow - rasterdataset - DEBUG - Clip to [136.000, -17.000, 137.000, -15.000] (epsg:4326))
2026-08-04 06:52:07,596 - snakemake_workflow - rasterdataset - INFO - Reading population raster data from D:\GFM\inputs\exposure\ppp_2020_1km_Aggregated.tif
2026-08-04 06:52:07,660 - snakemake_workflow - rasterdataset - INFO - Reading population raster data from D:\GFM\inputs\exposure\ppp_2020_1km_Aggregated.tif
2026-08-04 06:52:07,867 - snakemake_workflow - rasterdataset - DEBUG - Clip to [122.000, -34.000, 125.000, -33.000] (epsg:4326))
2026-08-04 06:52:08,077 - snakemake_workflow - rasterdataset - INFO - Reading population raster data from D:\GFM\inputs\exposure\ppp_2020_1km_Aggregated.tif
2026-08-04 06:52:08,091 - snakemake_workflow - rasterdataset - DEBUG - Clip to [143.000, -8.000, 147.000, -7.000] (epsg:4326))
2026-08-04 06:52:08,197 - snakemake_workflow - rasterdataset - DEBUG - Clip to [141.000, -17.000, 142.000, -15.000] (epsg:4326))
2026-08-04 06:52:09,316 - snakemake_workflow - rasterdataset - INFO - Reading population raster data from D:\GFM\inputs\exposure\ppp_2020_1km_Aggregated.tif
2026-08-04 06:52:09,316 - snakemake_workflow - rasterdataset - INFO - Reading population raster data from D:\GFM\inputs\exposure\ppp_2020_1km_Aggregated.tif
2026-08-04 06:52:09,513 - snakemake_workflow - rasterdataset - DEBUG - Clip to [115.000, -35.000, 116.000, -31.000] (epsg:4326))
2026-08-04 06:52:09,604 - snakemake_workflow - rasterdataset - INFO - Reading population raster data from D:\GFM\inputs\exposure\ppp_2020_1km_Aggregated.tif
2026-08-04 06:52:09,633 - snakemake_workflow - rasterdataset - DEBUG - Clip to [143.000, -10.000, 145.000, -9.000] (epsg:4326))
2026-08-04 06:52:09,701 - snakemake_workflow - rasterdataset - DEBUG - Clip to [132.000, -14.000, 133.000, -11.000] (epsg:4326))
2026-08-04 06:52:10,350 - snakemake_workflow - rasterdataset - INFO - Reading population raster data from D:\GFM\inputs\exposure\ppp_2020_1km_Aggregated.tif
2026-08-04 06:52:10,485 - snakemake_workflow - rasterdataset - INFO - Reading population raster data from D:\GFM\inputs\exposure\ppp_2020_1km_Aggregated.tif
2026-08-04 06:52:10,492 - snakemake_workflow - rasterdataset - DEBUG - Clip to [141.000, -17.000, 143.000, -15.000] (epsg:4326))
2026-08-04 06:52:10,511 - snakemake_workflow - rasterdataset - DEBUG - Clip to [143.000, -16.000, 144.000, -13.000] (epsg:4326))
2026-08-04 06:52:11,000 - snakemake_workflow - rasterdataset - INFO - Reading population raster data from D:\GFM\inputs\exposure\ppp_2020_1km_Aggregated.tif
2026-08-04 06:52:11,112 - snakemake_workflow - rasterdataset - DEBUG - Clip to [146.000, -20.000, 147.000, -18.000] (epsg:4326))
2026-08-04 06:52:12,322 - snakemake_workflow - rasterdataset - INFO - Reading population raster data from D:\GFM\inputs\exposure\ppp_2020_1km_Aggregated.tif
2026-08-04 06:52:12,359 - snakemake_workflow - rasterdataset - DEBUG - Clip to [114.000, -31.000, 115.000, -28.000] (epsg:4326))
2026-08-04 06:52:12,395 - snakemake_workflow - rasterdataset - INFO - Reading population raster data from D:\GFM\inputs\exposure\ppp_2020_1km_Aggregated.tif
2026-08-04 06:52:12,533 - snakemake_workflow - rasterdataset - DEBUG - Clip to [136.000, -17.000, 138.000, -15.000] (epsg:4326))
2026-08-04 06:52:12,679 - snakemake_workflow - rasterdataset - INFO - Reading population raster data from D:\GFM\inputs\exposure\ppp_2020_1km_Aggregated.tif
2026-08-04 06:52:12,814 - snakemake_workflow - rasterdataset - DEBUG - Clip to [130.000, -32.000, 133.000, -31.000] (epsg:4326))
2026-08-04 06:52:12,981 - snakemake_workflow - rasterdataset - INFO - Reading population raster data from D:\GFM\inputs\exposure\ppp_2020_1km_Aggregated.tif
2026-08-04 06:52:13,014 - snakemake_workflow - rasterdataset - INFO - Reading population raster data from D:\GFM\inputs\exposure\ppp_2020_1km_Aggregated.tif
2026-08-04 06:52:13,014 - snakemake_workflow - rasterdataset - DEBUG - Clip to [141.000, -17.000, 142.000, -13.000] (epsg:4326))
2026-08-04 06:52:13,065 - snakemake_workflow - rasterdataset - INFO - Reading population raster data from D:\GFM\inputs\exposure\ppp_2020_1km_Aggregated.tif
2026-08-04 06:52:13,077 - snakemake_workflow - rasterdataset - DEBUG - Clip to [138.000, -8.000, 139.000, -4.000] (epsg:4326))
2026-08-04 06:52:13,089 - snakemake_workflow - rasterdataset - DEBUG - Clip to [124.000, -33.000, 127.000, -32.000] (epsg:4326))
2026-08-04 06:52:13,554 - snakemake_workflow - rasterdataset - INFO - Reading population raster data from D:\GFM\inputs\exposure\ppp_2020_1km_Aggregated.tif
2026-08-04 06:52:13,581 - snakemake_workflow - rasterdataset - DEBUG - Clip to [149.000, -23.000, 151.000, -21.000] (epsg:4326))
2026-08-04 06:52:14,519 - snakemake_workflow - rasterdataset - INFO - Reading population raster data from D:\GFM\inputs\exposure\ppp_2020_1km_Aggregated.tif
2026-08-04 06:52:14,595 - snakemake_workflow - rasterdataset - DEBUG - Clip to [148.000, -22.000, 150.000, -20.000] (epsg:4326))
2026-08-04 06:52:14,716 - snakemake_workflow - rasterdataset - INFO - Reading population raster data from D:\GFM\inputs\exposure\ppp_2020_1km_Aggregated.tif
2026-08-04 06:52:14,782 - snakemake_workflow - rasterdataset - DEBUG - Clip to [144.000, -5.000, 147.000, -4.000] (epsg:4326))
2026-08-04 06:52:15,052 - snakemake_workflow - rasterdataset - INFO - Reading population raster data from D:\GFM\inputs\exposure\ppp_2020_1km_Aggregated.tif
2026-08-04 06:52:15,117 - snakemake_workflow - rasterdataset - DEBUG - Clip to [131.000, -2.000, 132.000, 2.000] (epsg:4326))
2026-08-04 06:52:15,518 - snakemake_workflow - rasterdataset - INFO - Reading population raster data from D:\GFM\inputs\exposure\ppp_2020_1km_Aggregated.tif
2026-08-04 06:52:15,618 - snakemake_workflow - rasterdataset - DEBUG - Clip to [142.000, -4.000, 143.000, -1.000] (epsg:4326))
2026-08-04 06:52:17,661 - snakemake_workflow - rasterdataset - INFO - Reading population raster data from D:\GFM\inputs\exposure\ppp_2020_1km_Aggregated.tif
2026-08-04 06:52:17,679 - snakemake_workflow - rasterdataset - INFO - Reading population raster data from D:\GFM\inputs\exposure\ppp_2020_1km_Aggregated.tif
2026-08-04 06:52:17,710 - snakemake_workflow - rasterdataset - DEBUG - Clip to [132.000, -33.000, 134.000, -31.000] (epsg:4326))
2026-08-04 06:52:17,731 - snakemake_workflow - rasterdataset - DEBUG - Clip to [137.000, -6.000, 139.000, -4.000] (epsg:4326))
2026-08-04 06:52:17,760 - snakemake_workflow - rasterdataset - INFO - Reading population raster data from D:\GFM\inputs\exposure\ppp_2020_1km_Aggregated.tif
2026-08-04 06:52:17,864 - snakemake_workflow - rasterdataset - DEBUG - Clip to [122.000, -6.000, 125.000, -5.000] (epsg:4326))
2026-08-04 06:52:17,913 - snakemake_workflow - rasterdataset - INFO - Reading population raster data from D:\GFM\inputs\exposure\ppp_2020_1km_Aggregated.tif
2026-08-04 06:52:17,951 - snakemake_workflow - rasterdataset - INFO - Reading population raster data from D:\GFM\inputs\exposure\ppp_2020_1km_Aggregated.tif
2026-08-04 06:52:17,998 - snakemake_workflow - rasterdataset - DEBUG - Clip to [134.000, -8.000, 135.000, -4.000] (epsg:4326))
2026-08-04 06:52:18,014 - snakemake_workflow - rasterdataset - DEBUG - Clip to [139.000, -38.000, 140.000, -34.000] (epsg:4326))
2026-08-04 06:52:18,694 - snakemake_workflow - rasterdataset - INFO - Reading population raster data from D:\GFM\inputs\exposure\ppp_2020_1km_Aggregated.tif
2026-08-04 06:52:18,754 - snakemake_workflow - rasterdataset - DEBUG - Clip to [138.000, -3.000, 142.000, -2.000] (epsg:4326))
2026-08-04 06:52:20,092 - snakemake_workflow - rasterdataset - INFO - Reading population raster data from D:\GFM\inputs\exposure\ppp_2020_1km_Aggregated.tif
2026-08-04 06:52:20,092 - snakemake_workflow - rasterdataset - INFO - Reading population raster data from D:\GFM\inputs\exposure\ppp_2020_1km_Aggregated.tif
2026-08-04 06:52:20,146 - snakemake_workflow - rasterdataset - DEBUG - Clip to [146.000, -8.000, 147.000, -4.000] (epsg:4326))
2026-08-04 06:52:20,147 - snakemake_workflow - rasterdataset - DEBUG - Clip to [126.000, -9.000, 127.000, -6.000] (epsg:4326))
2026-08-04 06:52:20,287 - snakemake_workflow - rasterdataset - INFO - Reading population raster data from D:\GFM\inputs\exposure\ppp_2020_1km_Aggregated.tif
2026-08-04 06:52:20,340 - snakemake_workflow - rasterdataset - DEBUG - Clip to [132.000, -32.000, 134.000, -31.000] (epsg:4326))
2026-08-04 06:52:21,025 - snakemake_workflow - rasterdataset - INFO - Reading population raster data from D:\GFM\inputs\exposure\ppp_2020_1km_Aggregated.tif
2026-08-04 06:52:21,069 - snakemake_workflow - rasterdataset - DEBUG - Clip to [138.000, -35.000, 142.000, -34.000] (epsg:4326))
2026-08-04 06:52:21,126 - snakemake_workflow - rasterdataset - INFO - Reading population raster data from D:\GFM\inputs\exposure\ppp_2020_1km_Aggregated.tif
2026-08-04 06:52:21,147 - snakemake_workflow - rasterdataset - INFO - Reading population raster data from D:\GFM\inputs\exposure\ppp_2020_1km_Aggregated.tif
2026-08-04 06:52:21,194 - snakemake_workflow - rasterdataset - DEBUG - Clip to [151.000, -25.000, 153.000, -23.000] (epsg:4326))
2026-08-04 06:52:21,194 - snakemake_workflow - rasterdataset - DEBUG - Clip to [136.000, -5.000, 139.000, -4.000] (epsg:4326))
2026-08-04 06:52:21,709 - snakemake_workflow - rasterdataset - INFO - Reading population raster data from D:\GFM\inputs\exposure\ppp_2020_1km_Aggregated.tif
2026-08-04 06:52:21,760 - snakemake_workflow - rasterdataset - DEBUG - Clip to [153.000, -30.000, 154.000, -27.000] (epsg:4326))
2026-08-04 06:52:21,765 - snakemake_workflow - rasterdataset - INFO - Reading population raster data from D:\GFM\inputs\exposure\ppp_2020_1km_Aggregated.tif
2026-08-04 06:52:21,823 - snakemake_workflow - rasterdataset - DEBUG - Clip to [120.000, -9.000, 124.000, -8.000] (epsg:4326))
2026-08-04 06:52:22,220 - snakemake_workflow - rasterdataset - INFO - Reading population raster data from D:\GFM\inputs\exposure\ppp_2020_1km_Aggregated.tif
2026-08-04 06:52:22,303 - snakemake_workflow - rasterdataset - DEBUG - Clip to [145.000, -6.000, 148.000, -5.000] (epsg:4326))
2026-08-04 06:52:23,116 - snakemake_workflow - rasterdataset - INFO - Reading population raster data from D:\GFM\inputs\exposure\ppp_2020_1km_Aggregated.tif
2026-08-04 06:52:23,201 - snakemake_workflow - rasterdataset - DEBUG - Clip to [117.000, -6.000, 120.000, -5.000] (epsg:4326))
2026-08-04 06:52:23,907 - snakemake_workflow - rasterdataset - INFO - Reading population raster data from D:\GFM\inputs\exposure\ppp_2020_1km_Aggregated.tif
2026-08-04 06:52:23,967 - snakemake_workflow - rasterdataset - DEBUG - Clip to [153.000, -12.000, 155.000, -11.000] (epsg:4326))
2026-08-04 06:52:24,042 - snakemake_workflow - rasterdataset - INFO - Reading population raster data from D:\GFM\inputs\exposure\ppp_2020_1km_Aggregated.tif
2026-08-04 06:52:24,044 - snakemake_workflow - rasterdataset - INFO - Reading population raster data from D:\GFM\inputs\exposure\ppp_2020_1km_Aggregated.tif
2026-08-04 06:52:24,101 - snakemake_workflow - rasterdataset - DEBUG - Clip to [134.000, -2.000, 135.000, 1.000] (epsg:4326))
2026-08-04 06:52:24,118 - snakemake_workflow - rasterdataset - DEBUG - Clip to [138.000, -35.000, 141.000, -34.000] (epsg:4326))
2026-08-04 06:52:24,183 - snakemake_workflow - rasterdataset - INFO - Reading population raster data from D:\GFM\inputs\exposure\ppp_2020_1km_Aggregated.tif
2026-08-04 06:52:24,247 - snakemake_workflow - rasterdataset - DEBUG - Clip to [139.000, -38.000, 141.000, -36.000] (epsg:4326))
2026-08-04 06:52:24,825 - snakemake_workflow - rasterdataset - INFO - Reading population raster data from D:\GFM\inputs\exposure\ppp_2020_1km_Aggregated.tif
2026-08-04 06:52:24,876 - snakemake_workflow - rasterdataset - DEBUG - Clip to [120.000, -11.000, 124.000, -10.000] (epsg:4326))
2026-08-04 06:52:25,377 - snakemake_workflow - rasterdataset - INFO - Reading population raster data from D:\GFM\inputs\exposure\ppp_2020_1km_Aggregated.tif
2026-08-04 06:52:25,379 - snakemake_workflow - rasterdataset - INFO - Reading population raster data from D:\GFM\inputs\exposure\ppp_2020_1km_Aggregated.tif
2026-08-04 06:52:25,417 - snakemake_workflow - rasterdataset - INFO - Reading population raster data from D:\GFM\inputs\exposure\ppp_2020_1km_Aggregated.tif
2026-08-04 06:52:25,427 - snakemake_workflow - rasterdataset - DEBUG - Clip to [140.000, -39.000, 144.000, -38.000] (epsg:4326))
2026-08-04 06:52:25,439 - snakemake_workflow - rasterdataset - DEBUG - Clip to [122.000, 0.000, 125.000, 1.000] (epsg:4326))
2026-08-04 06:52:25,503 - snakemake_workflow - rasterdataset - DEBUG - Clip to [142.000, -2.000, 146.000, -1.000] (epsg:4326))
2026-08-04 06:52:25,959 - snakemake_workflow - rasterdataset - INFO - Reading population raster data from D:\GFM\inputs\exposure\ppp_2020_1km_Aggregated.tif
2026-08-04 06:52:25,999 - snakemake_workflow - rasterdataset - DEBUG - Clip to [150.000, -35.000, 152.000, -33.000] (epsg:4326))
2026-08-04 06:52:26,878 - snakemake_workflow - rasterdataset - INFO - Reading population raster data from D:\GFM\inputs\exposure\ppp_2020_1km_Aggregated.tif
2026-08-04 06:52:26,932 - snakemake_workflow - rasterdataset - DEBUG - Clip to [140.000, -35.000, 142.000, -33.000] (epsg:4326))
2026-08-04 06:52:27,550 - snakemake_workflow - rasterdataset - INFO - Reading population raster data from D:\GFM\inputs\exposure\ppp_2020_1km_Aggregated.tif
2026-08-04 06:52:27,595 - snakemake_workflow - rasterdataset - DEBUG - Clip to [154.000, -7.000, 156.000, -5.000] (epsg:4326))
2026-08-04 06:52:28,044 - snakemake_workflow - rasterdataset - INFO - Reading population raster data from D:\GFM\inputs\exposure\ppp_2020_1km_Aggregated.tif
2026-08-04 06:52:28,082 - snakemake_workflow - rasterdataset - INFO - Reading population raster data from D:\GFM\inputs\exposure\ppp_2020_1km_Aggregated.tif
2026-08-04 06:52:28,090 - snakemake_workflow - rasterdataset - DEBUG - Clip to [123.000, -11.000, 124.000, -7.000] (epsg:4326))
2026-08-04 06:52:28,136 - snakemake_workflow - rasterdataset - INFO - Reading population raster data from D:\GFM\inputs\exposure\ppp_2020_1km_Aggregated.tif
2026-08-04 06:52:28,153 - snakemake_workflow - rasterdataset - DEBUG - Clip to [149.000, -38.000, 151.000, -36.000] (epsg:4326))
2026-08-04 06:52:28,180 - snakemake_workflow - rasterdataset - DEBUG - Clip to [114.000, -7.000, 115.000, -3.000] (epsg:4326))
2026-08-04 06:52:29,349 - snakemake_workflow - rasterdataset - INFO - Reading population raster data from D:\GFM\inputs\exposure\ppp_2020_1km_Aggregated.tif
2026-08-04 06:52:29,401 - snakemake_workflow - rasterdataset - INFO - Reading population raster data from D:\GFM\inputs\exposure\ppp_2020_1km_Aggregated.tif
2026-08-04 06:52:29,412 - snakemake_workflow - rasterdataset - DEBUG - Clip to [112.000, -7.000, 113.000, -5.000] (epsg:4326))
2026-08-04 06:52:29,450 - snakemake_workflow - rasterdataset - DEBUG - Clip to [154.000, -7.000, 155.000, -4.000] (epsg:4326))
2026-08-04 06:52:29,733 - snakemake_workflow - rasterdataset - INFO - Reading population raster data from D:\GFM\inputs\exposure\ppp_2020_1km_Aggregated.tif
2026-08-04 06:52:29,783 - snakemake_workflow - rasterdataset - DEBUG - Clip to [152.000, -33.000, 153.000, -31.000] (epsg:4326))
2026-08-04 06:52:30,489 - snakemake_workflow - rasterdataset - INFO - Reading population raster data from D:\GFM\inputs\exposure\ppp_2020_1km_Aggregated.tif
2026-08-04 06:52:30,546 - snakemake_workflow - rasterdataset - DEBUG - Clip to [125.000, 1.000, 126.000, 4.000] (epsg:4326))
2026-08-04 06:52:30,645 - snakemake_workflow - rasterdataset - INFO - Reading population raster data from D:\GFM\inputs\exposure\ppp_2020_1km_Aggregated.tif
2026-08-04 06:52:30,681 - snakemake_workflow - rasterdataset - INFO - Reading population raster data from D:\GFM\inputs\exposure\ppp_2020_1km_Aggregated.tif
2026-08-04 06:52:30,681 - snakemake_workflow - rasterdataset - INFO - Reading population raster data from D:\GFM\inputs\exposure\ppp_2020_1km_Aggregated.tif
2026-08-04 06:52:30,721 - snakemake_workflow - rasterdataset - DEBUG - Clip to [109.000, -7.000, 113.000, -6.000] (epsg:4326))
2026-08-04 06:52:30,732 - snakemake_workflow - rasterdataset - DEBUG - Clip to [120.000, 6.000, 123.000, 7.000] (epsg:4326))
2026-08-04 06:52:30,736 - snakemake_workflow - rasterdataset - DEBUG - Clip to [124.000, 1.000, 128.000, 2.000] (epsg:4326))
2026-08-04 06:52:31,550 - snakemake_workflow - rasterdataset - INFO - Reading population raster data from D:\GFM\inputs\exposure\ppp_2020_1km_Aggregated.tif
2026-08-04 06:52:31,586 - snakemake_workflow - rasterdataset - DEBUG - Clip to [118.000, 5.000, 122.000, 6.000] (epsg:4326))
2026-08-04 06:52:32,014 - snakemake_workflow - rasterdataset - INFO - Reading population raster data from D:\GFM\inputs\exposure\ppp_2020_1km_Aggregated.tif
2026-08-04 06:52:32,055 - snakemake_workflow - rasterdataset - DEBUG - Clip to [114.000, -7.000, 117.000, -6.000] (epsg:4326))
2026-08-04 06:52:32,956 - snakemake_workflow - rasterdataset - INFO - Reading population raster data from D:\GFM\inputs\exposure\ppp_2020_1km_Aggregated.tif
2026-08-04 06:52:32,985 - snakemake_workflow - rasterdataset - DEBUG - Clip to [113.000, 4.000, 117.000, 5.000] (epsg:4326))
2026-08-04 06:52:33,080 - snakemake_workflow - rasterdataset - INFO - Reading population raster data from D:\GFM\inputs\exposure\ppp_2020_1km_Aggregated.tif
2026-08-04 06:52:33,169 - snakemake_workflow - rasterdataset - DEBUG - Clip to [110.000, -9.000, 113.000, -8.000] (epsg:4326))
2026-08-04 06:52:33,363 - snakemake_workflow - rasterdataset - INFO - Reading population raster data from D:\GFM\inputs\exposure\ppp_2020_1km_Aggregated.tif
2026-08-04 06:52:33,412 - snakemake_workflow - rasterdataset - DEBUG - Clip to [112.000, 2.000, 114.000, 3.000] (epsg:4326))
2026-08-04 06:52:33,598 - snakemake_workflow - rasterdataset - INFO - Reading population raster data from D:\GFM\inputs\exposure\ppp_2020_1km_Aggregated.tif
2026-08-04 06:52:33,641 - snakemake_workflow - rasterdataset - DEBUG - Clip to [150.000, -38.000, 151.000, -34.000] (epsg:4326))
2026-08-04 06:52:33,641 - snakemake_workflow - rasterdataset - INFO - Reading population raster data from D:\GFM\inputs\exposure\ppp_2020_1km_Aggregated.tif
2026-08-04 06:52:33,757 - snakemake_workflow - rasterdataset - DEBUG - Clip to [110.000, -7.000, 111.000, -5.000] (epsg:4326))
2026-08-04 06:52:34,260 - snakemake_workflow - rasterdataset - INFO - Reading population raster data from D:\GFM\inputs\exposure\ppp_2020_1km_Aggregated.tif
2026-08-04 06:52:34,300 - snakemake_workflow - rasterdataset - DEBUG - Clip to [113.000, 3.000, 115.000, 5.000] (epsg:4326))
2026-08-04 06:52:34,626 - snakemake_workflow - rasterdataset - INFO - Reading population raster data from D:\GFM\inputs\exposure\ppp_2020_1km_Aggregated.tif
2026-08-04 06:52:34,664 - snakemake_workflow - rasterdataset - DEBUG - Clip to [103.000, 2.000, 104.000, 5.000] (epsg:4326))
2026-08-04 06:52:34,982 - snakemake_workflow - rasterdataset - INFO - Reading population raster data from D:\GFM\inputs\exposure\ppp_2020_1km_Aggregated.tif
2026-08-04 06:52:35,017 - snakemake_workflow - rasterdataset - DEBUG - Clip to [112.000, 3.000, 114.000, 4.000] (epsg:4326))
2026-08-04 06:52:35,488 - snakemake_workflow - rasterdataset - INFO - Reading population raster data from D:\GFM\inputs\exposure\ppp_2020_1km_Aggregated.tif
2026-08-04 06:52:35,504 - snakemake_workflow - rasterdataset - INFO - Reading population raster data from D:\GFM\inputs\exposure\ppp_2020_1km_Aggregated.tif
2026-08-04 06:52:35,532 - snakemake_workflow - rasterdataset - DEBUG - Clip to [124.000, 24.000, 126.000, 25.000] (epsg:4326))
2026-08-04 06:52:35,544 - snakemake_workflow - rasterdataset - DEBUG - Clip to [147.000, -38.000, 151.000, -37.000] (epsg:4326))
2026-08-04 06:52:35,584 - snakemake_workflow - rasterdataset - INFO - Reading population raster data from D:\GFM\inputs\exposure\ppp_2020_1km_Aggregated.tif
2026-08-04 06:52:35,675 - snakemake_workflow - rasterdataset - DEBUG - Clip to [103.000, 12.000, 104.000, 15.000] (epsg:4326))
2026-08-04 06:52:36,156 - snakemake_workflow - rasterdataset - INFO - Reading population raster data from D:\GFM\inputs\exposure\ppp_2020_1km_Aggregated.tif
2026-08-04 06:52:36,188 - snakemake_workflow - rasterdataset - DEBUG - Clip to [100.000, -4.000, 104.000, -3.000] (epsg:4326))
2026-08-04 06:52:36,745 - snakemake_workflow - rasterdataset - INFO - Reading population raster data from D:\GFM\inputs\exposure\ppp_2020_1km_Aggregated.tif
2026-08-04 06:52:36,786 - snakemake_workflow - rasterdataset - DEBUG - Clip to [145.000, -44.000, 146.000, -41.000] (epsg:4326))
2026-08-04 06:52:37,828 - snakemake_workflow - rasterdataset - INFO - Reading population raster data from D:\GFM\inputs\exposure\ppp_2020_1km_Aggregated.tif
2026-08-04 06:52:37,876 - snakemake_workflow - rasterdataset - DEBUG - Clip to [100.000, 14.000, 101.000, 17.000] (epsg:4326))
2026-08-04 06:52:38,023 - snakemake_workflow - rasterdataset - INFO - Reading population raster data from D:\GFM\inputs\exposure\ppp_2020_1km_Aggregated.tif
2026-08-04 06:52:38,149 - snakemake_workflow - rasterdataset - DEBUG - Clip to [104.000, 21.000, 107.000, 22.000] (epsg:4326))
2026-08-04 06:52:38,149 - snakemake_workflow - rasterdataset - INFO - Reading population raster data from D:\GFM\inputs\exposure\ppp_2020_1km_Aggregated.tif
2026-08-04 06:52:38,355 - snakemake_workflow - rasterdataset - DEBUG - Clip to [103.000, 2.000, 104.000, 6.000] (epsg:4326))
2026-08-04 06:52:39,137 - snakemake_workflow - rasterdataset - INFO - Reading population raster data from D:\GFM\inputs\exposure\ppp_2020_1km_Aggregated.tif
2026-08-04 06:52:39,186 - snakemake_workflow - rasterdataset - DEBUG - Clip to [106.000, 21.000, 110.000, 22.000] (epsg:4326))
2026-08-04 06:52:39,760 - snakemake_workflow - rasterdataset - INFO - Reading population raster data from D:\GFM\inputs\exposure\ppp_2020_1km_Aggregated.tif
2026-08-04 06:52:39,804 - snakemake_workflow - rasterdataset - DEBUG - Clip to [145.000, -44.000, 148.000, -43.000] (epsg:4326))
2026-08-04 06:52:39,906 - snakemake_workflow - rasterdataset - INFO - Reading population raster data from D:\GFM\inputs\exposure\ppp_2020_1km_Aggregated.tif
2026-08-04 06:52:39,954 - snakemake_workflow - rasterdataset - DEBUG - Clip to [100.000, -3.000, 102.000, -2.000] (epsg:4326))
2026-08-04 06:52:40,331 - snakemake_workflow - rasterdataset - INFO - Reading population raster data from D:\GFM\inputs\exposure\ppp_2020_1km_Aggregated.tif
2026-08-04 06:52:40,377 - snakemake_workflow - rasterdataset - DEBUG - Clip to [92.000, 19.000, 95.000, 20.000] (epsg:4326))
2026-08-04 06:52:40,646 - snakemake_workflow - rasterdataset - INFO - Reading population raster data from D:\GFM\inputs\exposure\ppp_2020_1km_Aggregated.tif
2026-08-04 06:52:40,694 - snakemake_workflow - rasterdataset - DEBUG - Clip to [95.000, 5.000, 96.000, 7.000] (epsg:4326))
2026-08-04 06:52:41,779 - snakemake_workflow - rasterdataset - INFO - Reading population raster data from D:\GFM\inputs\exposure\ppp_2020_1km_Aggregated.tif
2026-08-04 06:52:41,800 - snakemake_workflow - rasterdataset - INFO - Reading population raster data from D:\GFM\inputs\exposure\ppp_2020_1km_Aggregated.tif
2026-08-04 06:52:41,804 - snakemake_workflow - rasterdataset - INFO - Reading population raster data from D:\GFM\inputs\exposure\ppp_2020_1km_Aggregated.tif
2026-08-04 06:52:41,825 - snakemake_workflow - rasterdataset - DEBUG - Clip to [112.000, 29.000, 114.000, 31.000] (epsg:4326))
2026-08-04 06:52:41,835 - snakemake_workflow - rasterdataset - DEBUG - Clip to [120.000, 26.000, 121.000, 30.000] (epsg:4326))
2026-08-04 06:52:41,839 - snakemake_workflow - rasterdataset - DEBUG - Clip to [106.000, 16.000, 108.000, 18.000] (epsg:4326))
2026-08-04 06:52:42,405 - snakemake_workflow - rasterdataset - INFO - Reading population raster data from D:\GFM\inputs\exposure\ppp_2020_1km_Aggregated.tif
2026-08-04 06:52:42,453 - snakemake_workflow - rasterdataset - DEBUG - Clip to [117.000, 24.000, 121.000, 25.000] (epsg:4326))
2026-08-04 06:52:42,500 - snakemake_workflow - rasterdataset - INFO - Reading population raster data from D:\GFM\inputs\exposure\ppp_2020_1km_Aggregated.tif
2026-08-04 06:52:42,593 - snakemake_workflow - rasterdataset - DEBUG - Clip to [105.000, 10.000, 109.000, 11.000] (epsg:4326))
2026-08-04 06:52:42,640 - snakemake_workflow - rasterdataset - INFO - Reading population raster data from D:\GFM\inputs\exposure\ppp_2020_1km_Aggregated.tif
2026-08-04 06:52:42,721 - snakemake_workflow - rasterdataset - DEBUG - Clip to [105.000, 10.000, 108.000, 11.000] (epsg:4326))
2026-08-04 06:52:45,616 - snakemake_workflow - rasterdataset - INFO - Reading population raster data from D:\GFM\inputs\exposure\ppp_2020_1km_Aggregated.tif
2026-08-04 06:52:45,616 - snakemake_workflow - rasterdataset - INFO - Reading population raster data from D:\GFM\inputs\exposure\ppp_2020_1km_Aggregated.tif
2026-08-04 06:52:45,653 - snakemake_workflow - rasterdataset - DEBUG - Clip to [108.000, 14.000, 109.000, 17.000] (epsg:4326))
2026-08-04 06:52:45,659 - snakemake_workflow - rasterdataset - DEBUG - Clip to [107.000, 15.000, 109.000, 17.000] (epsg:4326))
2026-08-04 06:52:45,765 - snakemake_workflow - rasterdataset - INFO - Reading population raster data from D:\GFM\inputs\exposure\ppp_2020_1km_Aggregated.tif
2026-08-04 06:52:45,817 - snakemake_workflow - rasterdataset - DEBUG - Clip to [112.000, 30.000, 116.000, 31.000] (epsg:4326))
2026-08-04 06:52:45,960 - snakemake_workflow - rasterdataset - INFO - Reading population raster data from D:\GFM\inputs\exposure\ppp_2020_1km_Aggregated.tif
2026-08-04 06:52:46,008 - snakemake_workflow - rasterdataset - DEBUG - Clip to [116.000, 23.000, 118.000, 24.000] (epsg:4326))
2026-08-04 06:52:46,451 - snakemake_workflow - rasterdataset - INFO - Reading population raster data from D:\GFM\inputs\exposure\ppp_2020_1km_Aggregated.tif
2026-08-04 06:52:46,508 - snakemake_workflow - rasterdataset - DEBUG - Clip to [115.000, 32.000, 117.000, 33.000] (epsg:4326))
2026-08-04 06:52:47,545 - snakemake_workflow - rasterdataset - INFO - Reading population raster data from D:\GFM\inputs\exposure\ppp_2020_1km_Aggregated.tif
2026-08-04 06:52:47,593 - snakemake_workflow - rasterdataset - DEBUG - Clip to [109.000, 19.000, 112.000, 20.000] (epsg:4326))
2026-08-04 06:52:47,796 - snakemake_workflow - rasterdataset - INFO - Reading population raster data from D:\GFM\inputs\exposure\ppp_2020_1km_Aggregated.tif
2026-08-04 06:52:47,840 - snakemake_workflow - rasterdataset - DEBUG - Clip to [87.000, 20.000, 88.000, 22.000] (epsg:4326))
2026-08-04 06:52:47,909 - snakemake_workflow - rasterdataset - INFO - Reading population raster data from D:\GFM\inputs\exposure\ppp_2020_1km_Aggregated.tif
2026-08-04 06:52:47,941 - snakemake_workflow - rasterdataset - DEBUG - Clip to [114.000, 37.000, 117.000, 38.000] (epsg:4326))
2026-08-04 06:52:48,140 - snakemake_workflow - rasterdataset - INFO - Reading population raster data from D:\GFM\inputs\exposure\ppp_2020_1km_Aggregated.tif
2026-08-04 06:52:48,275 - snakemake_workflow - rasterdataset - DEBUG - Clip to [117.000, 39.000, 118.000, 41.000] (epsg:4326))
2026-08-04 06:52:49,110 - snakemake_workflow - rasterdataset - INFO - Reading population raster data from D:\GFM\inputs\exposure\ppp_2020_1km_Aggregated.tif
2026-08-04 06:52:49,173 - snakemake_workflow - rasterdataset - DEBUG - Clip to [126.000, 33.000, 127.000, 35.000] (epsg:4326))
2026-08-04 06:52:49,709 - snakemake_workflow - rasterdataset - INFO - Reading population raster data from D:\GFM\inputs\exposure\ppp_2020_1km_Aggregated.tif
2026-08-04 06:52:49,745 - snakemake_workflow - rasterdataset - DEBUG - Clip to [81.000, 16.000, 83.000, 18.000] (epsg:4326))
2026-08-04 06:52:50,095 - snakemake_workflow - rasterdataset - INFO - Reading population raster data from D:\GFM\inputs\exposure\ppp_2020_1km_Aggregated.tif
2026-08-04 06:52:50,145 - snakemake_workflow - rasterdataset - DEBUG - Clip to [86.000, 21.000, 89.000, 22.000] (epsg:4326))
2026-08-04 06:52:51,026 - snakemake_workflow - rasterdataset - INFO - Reading population raster data from D:\GFM\inputs\exposure\ppp_2020_1km_Aggregated.tif
2026-08-04 06:52:51,064 - snakemake_workflow - rasterdataset - DEBUG - Clip to [86.000, 25.000, 90.000, 26.000] (epsg:4326))
2026-08-04 06:52:51,393 - snakemake_workflow - rasterdataset - INFO - Reading population raster data from D:\GFM\inputs\exposure\ppp_2020_1km_Aggregated.tif
2026-08-04 06:52:51,429 - snakemake_workflow - rasterdataset - DEBUG - Clip to [92.000, 19.000, 94.000, 21.000] (epsg:4326))
2026-08-04 06:52:52,076 - snakemake_workflow - rasterdataset - INFO - Reading population raster data from D:\GFM\inputs\exposure\ppp_2020_1km_Aggregated.tif
2026-08-04 06:52:52,115 - snakemake_workflow - rasterdataset - DEBUG - Clip to [86.000, 20.000, 88.000, 21.000] (epsg:4326))
2026-08-04 06:52:52,216 - snakemake_workflow - rasterdataset - INFO - Reading population raster data from D:\GFM\inputs\exposure\ppp_2020_1km_Aggregated.tif
2026-08-04 06:52:52,255 - snakemake_workflow - rasterdataset - DEBUG - Clip to [127.000, 37.000, 130.000, 38.000] (epsg:4326))
2026-08-04 06:52:53,071 - snakemake_workflow - rasterdataset - INFO - Reading population raster data from D:\GFM\inputs\exposure\ppp_2020_1km_Aggregated.tif
2026-08-04 06:52:53,108 - snakemake_workflow - rasterdataset - DEBUG - Clip to [80.000, 15.000, 82.000, 16.000] (epsg:4326))
2026-08-04 06:52:54,079 - snakemake_workflow - rasterdataset - INFO - Reading population raster data from D:\GFM\inputs\exposure\ppp_2020_1km_Aggregated.tif
2026-08-04 06:52:54,130 - snakemake_workflow - rasterdataset - DEBUG - Clip to [116.000, 39.000, 120.000, 40.000] (epsg:4326))
2026-08-04 06:52:54,791 - snakemake_workflow - rasterdataset - INFO - Reading population raster data from D:\GFM\inputs\exposure\ppp_2020_1km_Aggregated.tif
2026-08-04 06:52:54,842 - snakemake_workflow - rasterdataset - DEBUG - Clip to [129.000, 28.000, 130.000, 32.000] (epsg:4326))
2026-08-04 06:52:54,993 - snakemake_workflow - rasterdataset - INFO - Reading population raster data from D:\GFM\inputs\exposure\ppp_2020_1km_Aggregated.tif
2026-08-04 06:52:55,061 - snakemake_workflow - rasterdataset - INFO - Reading population raster data from D:\GFM\inputs\exposure\ppp_2020_1km_Aggregated.tif
2026-08-04 06:52:55,189 - snakemake_workflow - rasterdataset - DEBUG - Clip to [106.000, 16.000, 107.000, 19.000] (epsg:4326))
2026-08-04 06:52:55,267 - snakemake_workflow - rasterdataset - DEBUG - Clip to [80.000, 16.000, 82.000, 17.000] (epsg:4326))
2026-08-04 06:52:55,483 - snakemake_workflow - rasterdataset - INFO - Reading population raster data from D:\GFM\inputs\exposure\ppp_2020_1km_Aggregated.tif
2026-08-04 06:52:55,520 - snakemake_workflow - rasterdataset - DEBUG - Clip to [129.000, 34.000, 130.000, 38.000] (epsg:4326))
2026-08-04 06:52:56,488 - snakemake_workflow - rasterdataset - INFO - Reading population raster data from D:\GFM\inputs\exposure\ppp_2020_1km_Aggregated.tif
2026-08-04 06:52:56,532 - snakemake_workflow - rasterdataset - DEBUG - Clip to [85.000, 19.000, 87.000, 21.000] (epsg:4326))
2026-08-04 06:52:57,076 - snakemake_workflow - rasterdataset - INFO - Reading population raster data from D:\GFM\inputs\exposure\ppp_2020_1km_Aggregated.tif
2026-08-04 06:52:57,107 - snakemake_workflow - rasterdataset - DEBUG - Clip to [128.000, 27.000, 130.000, 29.000] (epsg:4326))
2026-08-04 06:52:58,013 - snakemake_workflow - rasterdataset - INFO - Reading population raster data from D:\GFM\inputs\exposure\ppp_2020_1km_Aggregated.tif
2026-08-04 06:52:58,056 - snakemake_workflow - rasterdataset - DEBUG - Clip to [131.000, 42.000, 133.000, 44.000] (epsg:4326))
2026-08-04 06:52:58,385 - snakemake_workflow - rasterdataset - INFO - Reading population raster data from D:\GFM\inputs\exposure\ppp_2020_1km_Aggregated.tif
2026-08-04 06:52:58,432 - snakemake_workflow - rasterdataset - DEBUG - Clip to [79.000, 6.000, 80.000, 10.000] (epsg:4326))
2026-08-04 06:52:58,603 - snakemake_workflow - rasterdataset - INFO - Reading population raster data from D:\GFM\inputs\exposure\ppp_2020_1km_Aggregated.tif
2026-08-04 06:52:58,642 - snakemake_workflow - rasterdataset - DEBUG - Clip to [127.000, 37.000, 131.000, 38.000] (epsg:4326))
2026-08-04 06:52:58,962 - snakemake_workflow - rasterdataset - INFO - Reading population raster data from D:\GFM\inputs\exposure\ppp_2020_1km_Aggregated.tif
2026-08-04 06:52:59,013 - snakemake_workflow - rasterdataset - DEBUG - Clip to [129.000, 27.000, 130.000, 31.000] (epsg:4326))
2026-08-04 06:52:59,407 - snakemake_workflow - rasterdataset - INFO - Reading population raster data from D:\GFM\inputs\exposure\ppp_2020_1km_Aggregated.tif
2026-08-04 06:52:59,453 - snakemake_workflow - rasterdataset - DEBUG - Clip to [119.000, 40.000, 122.000, 41.000] (epsg:4326))
2026-08-04 06:52:59,587 - snakemake_workflow - rasterdataset - INFO - Reading population raster data from D:\GFM\inputs\exposure\ppp_2020_1km_Aggregated.tif
2026-08-04 06:52:59,630 - snakemake_workflow - rasterdataset - DEBUG - Clip to [130.000, 42.000, 133.000, 43.000] (epsg:4326))
2026-08-04 06:53:00,375 - snakemake_workflow - rasterdataset - INFO - Reading population raster data from D:\GFM\inputs\exposure\ppp_2020_1km_Aggregated.tif
2026-08-04 06:53:00,415 - snakemake_workflow - rasterdataset - DEBUG - Clip to [75.000, 10.000, 77.000, 12.000] (epsg:4326))
2026-08-04 06:53:00,648 - snakemake_workflow - rasterdataset - INFO - Reading population raster data from D:\GFM\inputs\exposure\ppp_2020_1km_Aggregated.tif
2026-08-04 06:53:00,666 - snakemake_workflow - rasterdataset - INFO - Reading population raster data from D:\GFM\inputs\exposure\ppp_2020_1km_Aggregated.tif
2026-08-04 06:53:00,699 - snakemake_workflow - rasterdataset - DEBUG - Clip to [129.000, 41.000, 131.000, 43.000] (epsg:4326))
2026-08-04 06:53:00,699 - snakemake_workflow - rasterdataset - DEBUG - Clip to [76.000, 8.000, 80.000, 9.000] (epsg:4326))
2026-08-04 06:53:00,869 - snakemake_workflow - rasterdataset - INFO - Reading population raster data from D:\GFM\inputs\exposure\ppp_2020_1km_Aggregated.tif
2026-08-04 06:53:00,914 - snakemake_workflow - rasterdataset - DEBUG - Clip to [132.000, 42.000, 135.000, 43.000] (epsg:4326))
2026-08-04 06:53:00,963 - snakemake_workflow - rasterdataset - INFO - Reading population raster data from D:\GFM\inputs\exposure\ppp_2020_1km_Aggregated.tif
2026-08-04 06:53:01,005 - snakemake_workflow - rasterdataset - DEBUG - Clip to [73.000, 15.000, 74.000, 19.000] (epsg:4326))
2026-08-04 06:53:01,520 - snakemake_workflow - rasterdataset - INFO - Reading population raster data from D:\GFM\inputs\exposure\ppp_2020_1km_Aggregated.tif
2026-08-04 06:53:01,564 - snakemake_workflow - rasterdataset - DEBUG - Clip to [140.000, 48.000, 141.000, 52.000] (epsg:4326))
2026-08-04 06:53:02,889 - snakemake_workflow - rasterdataset - INFO - Reading population raster data from D:\GFM\inputs\exposure\ppp_2020_1km_Aggregated.tif
2026-08-04 06:53:02,937 - snakemake_workflow - rasterdataset - DEBUG - Clip to [127.000, 26.000, 129.000, 28.000] (epsg:4326))
2026-08-04 06:53:03,253 - snakemake_workflow - rasterdataset - INFO - Reading population raster data from D:\GFM\inputs\exposure\ppp_2020_1km_Aggregated.tif
2026-08-04 06:53:03,308 - snakemake_workflow - rasterdataset - DEBUG - Clip to [143.000, 51.000, 144.000, 54.000] (epsg:4326))
2026-08-04 06:53:03,471 - snakemake_workflow - rasterdataset - INFO - Reading population raster data from D:\GFM\inputs\exposure\ppp_2020_1km_Aggregated.tif
2026-08-04 06:53:03,514 - snakemake_workflow - rasterdataset - DEBUG - Clip to [79.000, 8.000, 82.000, 9.000] (epsg:4326))
2026-08-04 06:53:04,173 - snakemake_workflow - rasterdataset - INFO - Reading population raster data from D:\GFM\inputs\exposure\ppp_2020_1km_Aggregated.tif
2026-08-04 06:53:04,218 - snakemake_workflow - rasterdataset - DEBUG - Clip to [139.000, 32.000, 140.000, 36.000] (epsg:4326))
2026-08-04 06:53:04,937 - snakemake_workflow - rasterdataset - INFO - Reading population raster data from D:\GFM\inputs\exposure\ppp_2020_1km_Aggregated.tif
2026-08-04 06:53:04,976 - snakemake_workflow - rasterdataset - DEBUG - Clip to [141.000, 42.000, 145.000, 43.000] (epsg:4326))
2026-08-04 06:53:05,354 - snakemake_workflow - rasterdataset - INFO - Reading population raster data from D:\GFM\inputs\exposure\ppp_2020_1km_Aggregated.tif
2026-08-04 06:53:05,402 - snakemake_workflow - rasterdataset - DEBUG - Clip to [79.000, 9.000, 80.000, 13.000] (epsg:4326))
2026-08-04 06:53:05,458 - snakemake_workflow - rasterdataset - INFO - Reading population raster data from D:\GFM\inputs\exposure\ppp_2020_1km_Aggregated.tif
2026-08-04 06:53:05,494 - snakemake_workflow - rasterdataset - DEBUG - Clip to [76.000, 8.000, 77.000, 12.000] (epsg:4326))
2026-08-04 06:53:05,578 - snakemake_workflow - rasterdataset - INFO - Reading population raster data from D:\GFM\inputs\exposure\ppp_2020_1km_Aggregated.tif
2026-08-04 06:53:05,630 - snakemake_workflow - rasterdataset - DEBUG - Clip to [138.000, 50.000, 139.000, 52.000] (epsg:4326))
2026-08-04 06:53:05,699 - snakemake_workflow - rasterdataset - INFO - Reading population raster data from D:\GFM\inputs\exposure\ppp_2020_1km_Aggregated.tif
2026-08-04 06:53:05,754 - snakemake_workflow - rasterdataset - DEBUG - Clip to [147.000, 45.000, 151.000, 46.000] (epsg:4326))
2026-08-04 06:53:07,248 - snakemake_workflow - rasterdataset - INFO - Reading population raster data from D:\GFM\inputs\exposure\ppp_2020_1km_Aggregated.tif
2026-08-04 06:53:07,254 - snakemake_workflow - rasterdataset - INFO - Reading population raster data from D:\GFM\inputs\exposure\ppp_2020_1km_Aggregated.tif
2026-08-04 06:53:07,296 - snakemake_workflow - rasterdataset - DEBUG - Clip to [145.000, 44.000, 148.000, 45.000] (epsg:4326))
2026-08-04 06:53:07,302 - snakemake_workflow - rasterdataset - DEBUG - Clip to [74.000, 12.000, 75.000, 16.000] (epsg:4326))
2026-08-04 06:53:07,892 - snakemake_workflow - rasterdataset - INFO - Reading population raster data from D:\GFM\inputs\exposure\ppp_2020_1km_Aggregated.tif
2026-08-04 06:53:07,944 - snakemake_workflow - rasterdataset - DEBUG - Clip to [138.000, 54.000, 139.000, 58.000] (epsg:4326))
2026-08-04 06:53:08,027 - snakemake_workflow - rasterdataset - INFO - Reading population raster data from D:\GFM\inputs\exposure\ppp_2020_1km_Aggregated.tif
2026-08-04 06:53:08,102 - snakemake_workflow - rasterdataset - DEBUG - Clip to [139.000, 48.000, 142.000, 49.000] (epsg:4326))
2026-08-04 06:53:08,507 - snakemake_workflow - rasterdataset - INFO - Reading population raster data from D:\GFM\inputs\exposure\ppp_2020_1km_Aggregated.tif
2026-08-04 06:53:08,546 - snakemake_workflow - rasterdataset - DEBUG - Clip to [65.000, 25.000, 67.000, 26.000] (epsg:4326))
2026-08-04 06:53:08,913 - snakemake_workflow - rasterdataset - INFO - Reading population raster data from D:\GFM\inputs\exposure\ppp_2020_1km_Aggregated.tif
2026-08-04 06:53:08,951 - snakemake_workflow - rasterdataset - DEBUG - Clip to [66.000, 24.000, 70.000, 25.000] (epsg:4326))
2026-08-04 06:53:09,147 - snakemake_workflow - rasterdataset - INFO - Reading population raster data from D:\GFM\inputs\exposure\ppp_2020_1km_Aggregated.tif
2026-08-04 06:53:09,256 - snakemake_workflow - rasterdataset - DEBUG - Clip to [140.000, 53.000, 144.000, 54.000] (epsg:4326))
2026-08-04 06:53:09,842 - snakemake_workflow - rasterdataset - INFO - Reading population raster data from D:\GFM\inputs\exposure\ppp_2020_1km_Aggregated.tif
2026-08-04 06:53:09,878 - snakemake_workflow - rasterdataset - DEBUG - Clip to [142.000, 44.000, 146.000, 45.000] (epsg:4326))
2026-08-04 06:53:10,431 - snakemake_workflow - rasterdataset - INFO - Reading population raster data from D:\GFM\inputs\exposure\ppp_2020_1km_Aggregated.tif
2026-08-04 06:53:10,474 - snakemake_workflow - rasterdataset - DEBUG - Clip to [141.000, 39.000, 143.000, 40.000] (epsg:4326))
2026-08-04 06:53:10,571 - snakemake_workflow - rasterdataset - INFO - Reading population raster data from D:\GFM\inputs\exposure\ppp_2020_1km_Aggregated.tif
2026-08-04 06:53:10,707 - snakemake_workflow - rasterdataset - DEBUG - Clip to [141.000, 58.000, 143.000, 60.000] (epsg:4326))
2026-08-04 06:53:12,151 - snakemake_workflow - rasterdataset - INFO - Reading population raster data from D:\GFM\inputs\exposure\ppp_2020_1km_Aggregated.tif
2026-08-04 06:53:12,200 - snakemake_workflow - rasterdataset - DEBUG - Clip to [150.000, 46.000, 153.000, 47.000] (epsg:4326))
2026-08-04 06:53:12,531 - snakemake_workflow - rasterdataset - INFO - Reading population raster data from D:\GFM\inputs\exposure\ppp_2020_1km_Aggregated.tif
2026-08-04 06:53:12,580 - snakemake_workflow - rasterdataset - DEBUG - Clip to [144.000, 59.000, 147.000, 60.000] (epsg:4326))
2026-08-04 06:53:12,862 - snakemake_workflow - rasterdataset - INFO - Reading population raster data from D:\GFM\inputs\exposure\ppp_2020_1km_Aggregated.tif
2026-08-04 06:53:12,970 - snakemake_workflow - rasterdataset - DEBUG - Clip to [26.000, 78.000, 28.000, 80.000] (epsg:4326))
2026-08-04 06:53:13,068 - snakemake_workflow - rasterdataset - INFO - Reading population raster data from D:\GFM\inputs\exposure\ppp_2020_1km_Aggregated.tif
2026-08-04 06:53:13,180 - snakemake_workflow - rasterdataset - DEBUG - Clip to [51.000, 25.000, 52.000, 29.000] (epsg:4326))
2026-08-04 06:53:13,425 - snakemake_workflow - rasterdataset - INFO - Reading population raster data from D:\GFM\inputs\exposure\ppp_2020_1km_Aggregated.tif
2026-08-04 06:53:13,459 - snakemake_workflow - rasterdataset - DEBUG - Clip to [50.000, 28.000, 52.000, 30.000] (epsg:4326))
2026-08-04 06:53:13,673 - snakemake_workflow - rasterdataset - INFO - Reading population raster data from D:\GFM\inputs\exposure\ppp_2020_1km_Aggregated.tif
2026-08-04 06:53:13,705 - snakemake_workflow - rasterdataset - DEBUG - Clip to [149.000, 45.000, 151.000, 47.000] (epsg:4326))
2026-08-04 06:53:14,544 - snakemake_workflow - rasterdataset - INFO - Reading population raster data from D:\GFM\inputs\exposure\ppp_2020_1km_Aggregated.tif
2026-08-04 06:53:14,553 - snakemake_workflow - rasterdataset - INFO - Reading population raster data from D:\GFM\inputs\exposure\ppp_2020_1km_Aggregated.tif
2026-08-04 06:53:14,575 - snakemake_workflow - rasterdataset - DEBUG - Clip to [142.000, 59.000, 145.000, 60.000] (epsg:4326))
2026-08-04 06:53:14,579 - snakemake_workflow - rasterdataset - DEBUG - Clip to [62.000, 25.000, 66.000, 26.000] (epsg:4326))
2026-08-04 06:53:15,051 - snakemake_workflow - rasterdataset - INFO - Reading population raster data from D:\GFM\inputs\exposure\ppp_2020_1km_Aggregated.tif
2026-08-04 06:53:15,095 - snakemake_workflow - rasterdataset - DEBUG - Clip to [150.000, 59.000, 154.000, 60.000] (epsg:4326))
2026-08-04 06:53:15,198 - snakemake_workflow - rasterdataset - INFO - Reading population raster data from D:\GFM\inputs\exposure\ppp_2020_1km_Aggregated.tif
2026-08-04 06:53:15,231 - snakemake_workflow - rasterdataset - DEBUG - Clip to [57.000, 23.000, 60.000, 24.000] (epsg:4326))
2026-08-04 06:53:15,900 - snakemake_workflow - rasterdataset - INFO - Reading population raster data from D:\GFM\inputs\exposure\ppp_2020_1km_Aggregated.tif
2026-08-04 06:53:15,926 - snakemake_workflow - rasterdataset - DEBUG - Clip to [53.000, 26.000, 56.000, 27.000] (epsg:4326))
2026-08-04 06:53:16,322 - snakemake_workflow - rasterdataset - INFO - Reading population raster data from D:\GFM\inputs\exposure\ppp_2020_1km_Aggregated.tif
2026-08-04 06:53:16,386 - snakemake_workflow - rasterdataset - DEBUG - Clip to [151.000, 59.000, 155.000, 60.000] (epsg:4326))
2026-08-04 06:53:16,798 - snakemake_workflow - rasterdataset - INFO - Reading population raster data from D:\GFM\inputs\exposure\ppp_2020_1km_Aggregated.tif
2026-08-04 06:53:16,846 - snakemake_workflow - rasterdataset - DEBUG - Clip to [49.000, 79.000, 52.000, 81.000] (epsg:4326))
2026-08-04 06:53:17,005 - snakemake_workflow - rasterdataset - INFO - Reading population raster data from D:\GFM\inputs\exposure\ppp_2020_1km_Aggregated.tif
2026-08-04 06:53:17,117 - snakemake_workflow - rasterdataset - DEBUG - Clip to [51.000, 26.000, 52.000, 30.000] (epsg:4326))
2026-08-04 06:53:17,392 - snakemake_workflow - rasterdataset - INFO - Reading population raster data from D:\GFM\inputs\exposure\ppp_2020_1km_Aggregated.tif
2026-08-04 06:53:17,427 - snakemake_workflow - rasterdataset - DEBUG - Clip to [48.000, 27.000, 49.000, 31.000] (epsg:4326))
2026-08-04 06:53:17,642 - snakemake_workflow - rasterdataset - INFO - Reading population raster data from D:\GFM\inputs\exposure\ppp_2020_1km_Aggregated.tif
2026-08-04 06:53:17,722 - snakemake_workflow - rasterdataset - DEBUG - Clip to [58.000, 25.000, 62.000, 26.000] (epsg:4326))
2026-08-04 06:53:17,801 - snakemake_workflow - rasterdataset - INFO - Reading population raster data from D:\GFM\inputs\exposure\ppp_2020_1km_Aggregated.tif
2026-08-04 06:53:17,888 - snakemake_workflow - rasterdataset - DEBUG - Clip to [156.000, 50.000, 157.000, 54.000] (epsg:4326))
2026-08-04 06:53:17,943 - snakemake_workflow - rasterdataset - INFO - Reading population raster data from D:\GFM\inputs\exposure\ppp_2020_1km_Aggregated.tif
2026-08-04 06:53:18,023 - snakemake_workflow - rasterdataset - DEBUG - Clip to [155.000, 53.000, 156.000, 57.000] (epsg:4326))
2026-08-04 06:53:18,661 - snakemake_workflow - rasterdataset - INFO - Reading population raster data from D:\GFM\inputs\exposure\ppp_2020_1km_Aggregated.tif
2026-08-04 06:53:18,677 - snakemake_workflow - rasterdataset - DEBUG - Clip to [159.000, 58.000, 160.000, 60.000] (epsg:4326))
2026-08-04 06:53:18,964 - snakemake_workflow - rasterdataset - INFO - Reading population raster data from D:\GFM\inputs\exposure\ppp_2020_1km_Aggregated.tif
2026-08-04 06:53:18,980 - snakemake_workflow - rasterdataset - DEBUG - Clip to [47.000, 30.000, 51.000, 31.000] (epsg:4326))
2026-08-04 06:53:19,808 - snakemake_workflow - rasterdataset - INFO - Reading population raster data from D:\GFM\inputs\exposure\ppp_2020_1km_Aggregated.tif
2026-08-04 06:53:19,841 - snakemake_workflow - rasterdataset - DEBUG - Clip to [53.000, 17.000, 57.000, 18.000] (epsg:4326))
2026-08-04 06:53:21,003 - snakemake_workflow - rasterdataset - INFO - Reading population raster data from D:\GFM\inputs\exposure\ppp_2020_1km_Aggregated.tif
2026-08-04 06:53:21,027 - snakemake_workflow - rasterdataset - DEBUG - Clip to [152.000, 59.000, 156.000, 60.000] (epsg:4326))
2026-08-04 06:53:21,462 - snakemake_workflow - rasterdataset - INFO - Reading population raster data from D:\GFM\inputs\exposure\ppp_2020_1km_Aggregated.tif
2026-08-04 06:53:21,498 - snakemake_workflow - rasterdataset - DEBUG - Clip to [159.000, 53.000, 161.000, 55.000] (epsg:4326))
2026-08-04 06:53:21,861 - snakemake_workflow - rasterdataset - INFO - Reading population raster data from D:\GFM\inputs\exposure\ppp_2020_1km_Aggregated.tif
2026-08-04 06:53:21,989 - snakemake_workflow - rasterdataset - DEBUG - Clip to [146.000, 59.000, 149.000, 60.000] (epsg:4326))
2026-08-04 06:53:22,005 - snakemake_workflow - rasterdataset - INFO - Reading population raster data from D:\GFM\inputs\exposure\ppp_2020_1km_Aggregated.tif
2026-08-04 06:53:22,031 - snakemake_workflow - rasterdataset - DEBUG - Clip to [148.000, 59.000, 152.000, 60.000] (epsg:4326))
2026-08-04 06:53:22,230 - snakemake_workflow - rasterdataset - INFO - Reading population raster data from D:\GFM\inputs\exposure\ppp_2020_1km_Aggregated.tif
2026-08-04 06:53:22,255 - snakemake_workflow - rasterdataset - DEBUG - Clip to [160.000, 61.000, 161.000, 63.000] (epsg:4326))
2026-08-04 06:53:22,474 - snakemake_workflow - rasterdataset - INFO - Reading population raster data from D:\GFM\inputs\exposure\ppp_2020_1km_Aggregated.tif
2026-08-04 06:53:22,593 - snakemake_workflow - rasterdataset - DEBUG - Clip to [156.000, 61.000, 160.000, 62.000] (epsg:4326))
  filter_and_shave_chunks: 1200/3719 checked, 1102 kept so far (1062s elapsed)
  filter_and_shave_chunks: 1400/3719 checked, 1272 kept so far (1062s elapsed)
2026-08-04 06:53:22,736 - snakemake_workflow - rasterdataset - INFO - Reading population raster data from D:\GFM\inputs\exposure\ppp_2020_1km_Aggregated.tif
2026-08-04 06:53:22,847 - snakemake_workflow - rasterdataset - DEBUG - Clip to [164.000, 60.000, 168.000, 61.000] (epsg:4326))
2026-08-04 06:53:23,105 - snakemake_workflow - rasterdataset - INFO - Reading population raster data from D:\GFM\inputs\exposure\ppp_2020_1km_Aggregated.tif
2026-08-04 06:53:23,322 - snakemake_workflow - rasterdataset - DEBUG - Clip to [157.000, 57.000, 159.000, 59.000] (epsg:4326))
2026-08-04 06:53:23,388 - snakemake_workflow - rasterdataset - INFO - Reading population raster data from D:\GFM\inputs\exposure\ppp_2020_1km_Aggregated.tif
2026-08-04 06:53:23,459 - snakemake_workflow - rasterdataset - DEBUG - Clip to [167.000, 60.000, 171.000, 61.000] (epsg:4326))
2026-08-04 06:53:23,702 - snakemake_workflow - rasterdataset - INFO - Reading population raster data from D:\GFM\inputs\exposure\ppp_2020_1km_Aggregated.tif
2026-08-04 06:53:23,734 - snakemake_workflow - rasterdataset - DEBUG - Clip to [159.000, 56.000, 162.000, 57.000] (epsg:4326))
2026-08-04 06:53:24,727 - snakemake_workflow - rasterdataset - INFO - Reading population raster data from D:\GFM\inputs\exposure\ppp_2020_1km_Aggregated.tif
2026-08-04 06:53:24,739 - snakemake_workflow - rasterdataset - DEBUG - Clip to [164.000, 62.000, 167.000, 63.000] (epsg:4326))
2026-08-04 06:53:25,040 - snakemake_workflow - rasterdataset - INFO - Reading population raster data from D:\GFM\inputs\exposure\ppp_2020_1km_Aggregated.tif
2026-08-04 06:53:25,081 - snakemake_workflow - rasterdataset - DEBUG - Clip to [170.000, 60.000, 173.000, 61.000] (epsg:4326))
2026-08-04 06:53:25,255 - snakemake_workflow - rasterdataset - INFO - Reading population raster data from D:\GFM\inputs\exposure\ppp_2020_1km_Aggregated.tif
2026-08-04 06:53:25,297 - snakemake_workflow - rasterdataset - DEBUG - Clip to [150.000, 59.000, 153.000, 60.000] (epsg:4326))
2026-08-04 06:53:26,011 - snakemake_workflow - rasterdataset - INFO - Reading population raster data from D:\GFM\inputs\exposure\ppp_2020_1km_Aggregated.tif
  filter_and_shave_chunks: 1600/3719 checked, 1447 kept so far (1065s elapsed)
2026-08-04 06:53:26,024 - snakemake_workflow - rasterdataset - INFO - Reading population raster data from D:\GFM\inputs\exposure\ppp_2020_1km_Aggregated.tif
2026-08-04 06:53:26,033 - snakemake_workflow - rasterdataset - INFO - Reading population raster data from D:\GFM\inputs\exposure\ppp_2020_1km_Aggregated.tif
2026-08-04 06:53:26,040 - snakemake_workflow - rasterdataset - DEBUG - Clip to [172.000, 61.000, 175.000, 62.000] (epsg:4326))
2026-08-04 06:53:26,058 - snakemake_workflow - rasterdataset - DEBUG - Clip to [53.000, 16.000, 55.000, 18.000] (epsg:4326))
2026-08-04 06:53:26,067 - snakemake_workflow - rasterdataset - DEBUG - Clip to [154.000, 59.000, 156.000, 61.000] (epsg:4326))
2026-08-04 06:53:26,151 - snakemake_workflow - rasterdataset - INFO - Reading population raster data from D:\GFM\inputs\exposure\ppp_2020_1km_Aggregated.tif
2026-08-04 06:53:26,202 - snakemake_workflow - rasterdataset - DEBUG - Clip to [151.000, 58.000, 153.000, 60.000] (epsg:4326))
2026-08-04 06:53:26,417 - snakemake_workflow - rasterdataset - INFO - Reading population raster data from D:\GFM\inputs\exposure\ppp_2020_1km_Aggregated.tif
2026-08-04 06:53:26,453 - snakemake_workflow - rasterdataset - DEBUG - Clip to [47.000, 13.000, 49.000, 15.000] (epsg:4326))
2026-08-04 06:53:26,744 - snakemake_workflow - rasterdataset - INFO - Reading population raster data from D:\GFM\inputs\exposure\ppp_2020_1km_Aggregated.tif
2026-08-04 06:53:26,844 - snakemake_workflow - rasterdataset - DEBUG - Clip to [168.000, 60.000, 172.000, 61.000] (epsg:4326))
2026-08-04 06:53:27,375 - snakemake_workflow - rasterdataset - INFO - Reading population raster data from D:\GFM\inputs\exposure\ppp_2020_1km_Aggregated.tif
2026-08-04 06:53:27,410 - snakemake_workflow - rasterdataset - DEBUG - Clip to [43.000, 10.000, 44.000, 13.000] (epsg:4326))
2026-08-04 06:53:27,601 - snakemake_workflow - rasterdataset - INFO - Reading population raster data from D:\GFM\inputs\exposure\ppp_2020_1km_Aggregated.tif
2026-08-04 06:53:27,628 - snakemake_workflow - rasterdataset - DEBUG - Clip to [38.000, 16.000, 42.000, 17.000] (epsg:4326))
2026-08-04 06:53:27,782 - snakemake_workflow - rasterdataset - INFO - Reading population raster data from D:\GFM\inputs\exposure\ppp_2020_1km_Aggregated.tif
2026-08-04 06:53:27,817 - snakemake_workflow - rasterdataset - DEBUG - Clip to [47.000, 14.000, 51.000, 15.000] (epsg:4326))
2026-08-04 06:53:27,867 - snakemake_workflow - rasterdataset - INFO - Reading population raster data from D:\GFM\inputs\exposure\ppp_2020_1km_Aggregated.tif
2026-08-04 06:53:27,910 - snakemake_workflow - rasterdataset - DEBUG - Clip to [38.000, 17.000, 40.000, 18.000] (epsg:4326))
2026-08-04 06:53:28,048 - snakemake_workflow - rasterdataset - INFO - Reading population raster data from D:\GFM\inputs\exposure\ppp_2020_1km_Aggregated.tif
2026-08-04 06:53:28,081 - snakemake_workflow - rasterdataset - DEBUG - Clip to [37.000, 18.000, 38.000, 22.000] (epsg:4326))
2026-08-04 06:53:28,273 - snakemake_workflow - rasterdataset - INFO - Reading population raster data from D:\GFM\inputs\exposure\ppp_2020_1km_Aggregated.tif
2026-08-04 06:53:28,273 - snakemake_workflow - rasterdataset - INFO - Reading population raster data from D:\GFM\inputs\exposure\ppp_2020_1km_Aggregated.tif
2026-08-04 06:53:28,321 - snakemake_workflow - rasterdataset - DEBUG - Clip to [46.000, 10.000, 48.000, 11.000] (epsg:4326))
2026-08-04 06:53:28,321 - snakemake_workflow - rasterdataset - DEBUG - Clip to [43.000, 12.000, 45.000, 13.000] (epsg:4326))
2026-08-04 06:53:28,891 - snakemake_workflow - rasterdataset - INFO - Reading population raster data from D:\GFM\inputs\exposure\ppp_2020_1km_Aggregated.tif
2026-08-04 06:53:28,923 - snakemake_workflow - rasterdataset - DEBUG - Clip to [165.000, 60.000, 169.000, 61.000] (epsg:4326))
2026-08-04 06:53:29,193 - snakemake_workflow - rasterdataset - INFO - Reading population raster data from D:\GFM\inputs\exposure\ppp_2020_1km_Aggregated.tif
2026-08-04 06:53:29,225 - snakemake_workflow - rasterdataset - DEBUG - Clip to [50.000, 8.000, 51.000, 12.000] (epsg:4326))
2026-08-04 06:53:29,272 - snakemake_workflow - rasterdataset - INFO - Reading population raster data from D:\GFM\inputs\exposure\ppp_2020_1km_Aggregated.tif
2026-08-04 06:53:29,400 - snakemake_workflow - rasterdataset - DEBUG - Clip to [171.000, 60.000, 173.000, 62.000] (epsg:4326))
2026-08-04 06:53:29,943 - snakemake_workflow - rasterdataset - INFO - Reading population raster data from D:\GFM\inputs\exposure\ppp_2020_1km_Aggregated.tif
2026-08-04 06:53:29,943 - snakemake_workflow - rasterdataset - INFO - Reading population raster data from D:\GFM\inputs\exposure\ppp_2020_1km_Aggregated.tif
2026-08-04 06:53:29,971 - snakemake_workflow - rasterdataset - DEBUG - Clip to [43.000, 12.000, 46.000, 13.000] (epsg:4326))
2026-08-04 06:53:29,972 - snakemake_workflow - rasterdataset - DEBUG - Clip to [174.000, 61.000, 176.000, 62.000] (epsg:4326))
2026-08-04 06:53:30,092 - snakemake_workflow - rasterdataset - INFO - Reading population raster data from D:\GFM\inputs\exposure\ppp_2020_1km_Aggregated.tif
2026-08-04 06:53:30,096 - snakemake_workflow - rasterdataset - INFO - Reading population raster data from D:\GFM\inputs\exposure\ppp_2020_1km_Aggregated.tif
2026-08-04 06:53:30,124 - snakemake_workflow - rasterdataset - DEBUG - Clip to [41.000, 16.000, 42.000, 20.000] (epsg:4326))
2026-08-04 06:53:30,126 - snakemake_workflow - rasterdataset - DEBUG - Clip to [166.000, 62.000, 168.000, 63.000] (epsg:4326))
2026-08-04 06:53:30,261 - snakemake_workflow - rasterdataset - INFO - Reading population raster data from D:\GFM\inputs\exposure\ppp_2020_1km_Aggregated.tif
2026-08-04 06:53:30,301 - snakemake_workflow - rasterdataset - DEBUG - Clip to [45.000, 13.000, 48.000, 14.000] (epsg:4326))
2026-08-04 06:53:30,889 - snakemake_workflow - rasterdataset - INFO - Reading population raster data from D:\GFM\inputs\exposure\ppp_2020_1km_Aggregated.tif
2026-08-04 06:53:30,904 - snakemake_workflow - rasterdataset - INFO - Reading population raster data from D:\GFM\inputs\exposure\ppp_2020_1km_Aggregated.tif
2026-08-04 06:53:30,920 - snakemake_workflow - rasterdataset - DEBUG - Clip to [43.000, 10.000, 47.000, 11.000] (epsg:4326))
2026-08-04 06:53:30,936 - snakemake_workflow - rasterdataset - DEBUG - Clip to [39.000, 16.000, 40.000, 18.000] (epsg:4326))
2026-08-04 06:53:31,109 - snakemake_workflow - rasterdataset - INFO - Reading population raster data from D:\GFM\inputs\exposure\ppp_2020_1km_Aggregated.tif
2026-08-04 06:53:31,147 - snakemake_workflow - rasterdataset - DEBUG - Clip to [35.000, 22.000, 37.000, 24.000] (epsg:4326))
2026-08-04 06:53:31,225 - snakemake_workflow - rasterdataset - INFO - Reading population raster data from D:\GFM\inputs\exposure\ppp_2020_1km_Aggregated.tif
2026-08-04 06:53:31,351 - snakemake_workflow - rasterdataset - DEBUG - Clip to [179.000, 64.000, 180.000, 66.000] (epsg:4326))
2026-08-04 06:53:31,414 - snakemake_workflow - rasterdataset - INFO - Reading population raster data from D:\GFM\inputs\exposure\ppp_2020_1km_Aggregated.tif
2026-08-04 06:53:31,571 - snakemake_workflow - rasterdataset - INFO - Reading population raster data from D:\GFM\inputs\exposure\ppp_2020_1km_Aggregated.tif
2026-08-04 06:53:31,591 - snakemake_workflow - rasterdataset - DEBUG - Clip to [33.000, 31.000, 35.000, 32.000] (epsg:4326))
2026-08-04 06:53:31,635 - snakemake_workflow - rasterdataset - DEBUG - Clip to [40.000, -3.000, 42.000, -1.000] (epsg:4326))
2026-08-04 06:53:32,224 - snakemake_workflow - rasterdataset - INFO - Reading population raster data from D:\GFM\inputs\exposure\ppp_2020_1km_Aggregated.tif
2026-08-04 06:53:32,448 - snakemake_workflow - rasterdataset - DEBUG - Clip to [35.000, 36.000, 37.000, 37.000] (epsg:4326))
2026-08-04 06:53:32,958 - snakemake_workflow - rasterdataset - INFO - Reading population raster data from D:\GFM\inputs\exposure\ppp_2020_1km_Aggregated.tif
2026-08-04 06:53:33,070 - snakemake_workflow - rasterdataset - INFO - Reading population raster data from D:\GFM\inputs\exposure\ppp_2020_1km_Aggregated.tif
2026-08-04 06:53:33,197 - snakemake_workflow - rasterdataset - DEBUG - Clip to [50.000, 11.000, 52.000, 12.000] (epsg:4326))
2026-08-04 06:53:33,287 - snakemake_workflow - rasterdataset - DEBUG - Clip to [174.000, 61.000, 176.000, 63.000] (epsg:4326))
2026-08-04 06:53:33,735 - snakemake_workflow - rasterdataset - INFO - Reading population raster data from D:\GFM\inputs\exposure\ppp_2020_1km_Aggregated.tif
2026-08-04 06:53:33,897 - snakemake_workflow - rasterdataset - DEBUG - Clip to [39.000, -11.000, 40.000, -8.000] (epsg:4326))
2026-08-04 06:53:34,081 - snakemake_workflow - rasterdataset - INFO - Reading population raster data from D:\GFM\inputs\exposure\ppp_2020_1km_Aggregated.tif
2026-08-04 06:53:34,185 - snakemake_workflow - rasterdataset - DEBUG - Clip to [27.000, 31.000, 29.000, 32.000] (epsg:4326))
2026-08-04 06:53:34,502 - snakemake_workflow - rasterdataset - INFO - Reading population raster data from D:\GFM\inputs\exposure\ppp_2020_1km_Aggregated.tif
2026-08-04 06:53:34,595 - snakemake_workflow - rasterdataset - DEBUG - Clip to [50.000, 10.000, 52.000, 12.000] (epsg:4326))
2026-08-04 06:53:35,758 - snakemake_workflow - rasterdataset - INFO - Reading population raster data from D:\GFM\inputs\exposure\ppp_2020_1km_Aggregated.tif
2026-08-04 06:53:35,896 - snakemake_workflow - rasterdataset - DEBUG - Clip to [23.000, 32.000, 25.000, 33.000] (epsg:4326))
2026-08-04 06:53:35,954 - snakemake_workflow - rasterdataset - INFO - Reading population raster data from D:\GFM\inputs\exposure\ppp_2020_1km_Aggregated.tif
2026-08-04 06:53:36,047 - snakemake_workflow - rasterdataset - INFO - Reading population raster data from D:\GFM\inputs\exposure\ppp_2020_1km_Aggregated.tif
2026-08-04 06:53:36,076 - snakemake_workflow - rasterdataset - DEBUG - Clip to [40.000, -15.000, 41.000, -11.000] (epsg:4326))
2026-08-04 06:53:36,136 - snakemake_workflow - rasterdataset - DEBUG - Clip to [47.000, 11.000, 51.000, 12.000] (epsg:4326))
2026-08-04 06:53:36,787 - snakemake_workflow - rasterdataset - INFO - Reading population raster data from D:\GFM\inputs\exposure\ppp_2020_1km_Aggregated.tif
2026-08-04 06:53:37,129 - snakemake_workflow - rasterdataset - INFO - Reading population raster data from D:\GFM\inputs\exposure\ppp_2020_1km_Aggregated.tif
2026-08-04 06:53:37,129 - snakemake_workflow - rasterdataset - INFO - Reading population raster data from D:\GFM\inputs\exposure\ppp_2020_1km_Aggregated.tif
2026-08-04 06:53:37,144 - snakemake_workflow - rasterdataset - DEBUG - Clip to [38.000, 21.000, 39.000, 25.000] (epsg:4326))
2026-08-04 06:53:37,306 - snakemake_workflow - rasterdataset - DEBUG - Clip to [35.000, 32.000, 36.000, 35.000] (epsg:4326))
2026-08-04 06:53:37,400 - snakemake_workflow - rasterdataset - DEBUG - Clip to [41.000, -3.000, 42.000, -1.000] (epsg:4326))
2026-08-04 06:53:38,819 - snakemake_workflow - rasterdataset - INFO - Reading population raster data from D:\GFM\inputs\exposure\ppp_2020_1km_Aggregated.tif
2026-08-04 06:53:39,048 - snakemake_workflow - rasterdataset - INFO - Reading population raster data from D:\GFM\inputs\exposure\ppp_2020_1km_Aggregated.tif
2026-08-04 06:53:39,082 - snakemake_workflow - rasterdataset - DEBUG - Clip to [39.000, -6.000, 40.000, -4.000] (epsg:4326))
2026-08-04 06:53:39,250 - snakemake_workflow - rasterdataset - DEBUG - Clip to [39.000, -6.000, 40.000, -3.000] (epsg:4326))
2026-08-04 06:53:39,363 - snakemake_workflow - rasterdataset - INFO - Reading population raster data from D:\GFM\inputs\exposure\ppp_2020_1km_Aggregated.tif
2026-08-04 06:53:39,403 - snakemake_workflow - rasterdataset - INFO - Reading population raster data from D:\GFM\inputs\exposure\ppp_2020_1km_Aggregated.tif
2026-08-04 06:53:39,730 - snakemake_workflow - rasterdataset - DEBUG - Clip to [24.000, 31.000, 28.000, 32.000] (epsg:4326))
2026-08-04 06:53:39,746 - snakemake_workflow - rasterdataset - DEBUG - Clip to [14.000, 31.000, 16.000, 33.000] (epsg:4326))
2026-08-04 06:53:41,088 - snakemake_workflow - rasterdataset - INFO - Reading population raster data from D:\GFM\inputs\exposure\ppp_2020_1km_Aggregated.tif
2026-08-04 06:53:41,548 - snakemake_workflow - rasterdataset - DEBUG - Clip to [35.000, 34.000, 37.000, 35.000] (epsg:4326))
2026-08-04 06:53:41,832 - snakemake_workflow - rasterdataset - INFO - Reading population raster data from D:\GFM\inputs\exposure\ppp_2020_1km_Aggregated.tif
2026-08-04 06:53:42,017 - snakemake_workflow - rasterdataset - DEBUG - Clip to [28.000, 36.000, 32.000, 37.000] (epsg:4326))
2026-08-04 06:53:42,568 - snakemake_workflow - rasterdataset - INFO - Reading population raster data from D:\GFM\inputs\exposure\ppp_2020_1km_Aggregated.tif
2026-08-04 06:53:42,568 - snakemake_workflow - rasterdataset - INFO - Reading population raster data from D:\GFM\inputs\exposure\ppp_2020_1km_Aggregated.tif
2026-08-04 06:53:42,776 - snakemake_workflow - rasterdataset - INFO - Reading population raster data from D:\GFM\inputs\exposure\ppp_2020_1km_Aggregated.tif
2026-08-04 06:53:42,794 - snakemake_workflow - rasterdataset - DEBUG - Clip to [34.000, 24.000, 35.000, 27.000] (epsg:4326))
2026-08-04 06:53:42,796 - snakemake_workflow - rasterdataset - DEBUG - Clip to [20.000, 32.000, 24.000, 33.000] (epsg:4326))
2026-08-04 06:53:43,019 - snakemake_workflow - rasterdataset - DEBUG - Clip to [19.000, 29.000, 20.000, 31.000] (epsg:4326))
2026-08-04 06:53:43,047 - snakemake_workflow - rasterdataset - INFO - Reading population raster data from D:\GFM\inputs\exposure\ppp_2020_1km_Aggregated.tif
2026-08-04 06:53:43,127 - snakemake_workflow - rasterdataset - DEBUG - Clip to [14.000, 31.000, 18.000, 32.000] (epsg:4326))
2026-08-04 06:53:44,222 - snakemake_workflow - rasterdataset - INFO - Reading population raster data from D:\GFM\inputs\exposure\ppp_2020_1km_Aggregated.tif
2026-08-04 06:53:44,243 - snakemake_workflow - rasterdataset - INFO - Reading population raster data from D:\GFM\inputs\exposure\ppp_2020_1km_Aggregated.tif
2026-08-04 06:53:44,338 - snakemake_workflow - rasterdataset - DEBUG - Clip to [39.000, -17.000, 41.000, -15.000] (epsg:4326))
2026-08-04 06:53:44,338 - snakemake_workflow - rasterdataset - DEBUG - Clip to [19.000, 40.000, 20.000, 43.000] (epsg:4326))
2026-08-04 06:53:46,729 - snakemake_workflow - rasterdataset - INFO - Reading population raster data from D:\GFM\inputs\exposure\ppp_2020_1km_Aggregated.tif
2026-08-04 06:53:47,119 - snakemake_workflow - rasterdataset - DEBUG - Clip to [17.000, 30.000, 20.000, 31.000] (epsg:4326))
2026-08-04 06:53:48,572 - snakemake_workflow - rasterdataset - INFO - Reading population raster data from D:\GFM\inputs\exposure\ppp_2020_1km_Aggregated.tif
2026-08-04 06:53:48,923 - snakemake_workflow - rasterdataset - DEBUG - Clip to [40.000, -17.000, 41.000, -14.000] (epsg:4326))
2026-08-04 06:53:49,160 - snakemake_workflow - rasterdataset - INFO - Reading population raster data from D:\GFM\inputs\exposure\ppp_2020_1km_Aggregated.tif
2026-08-04 06:53:49,436 - snakemake_workflow - rasterdataset - INFO - Reading population raster data from D:\GFM\inputs\exposure\ppp_2020_1km_Aggregated.tif
2026-08-04 06:53:49,450 - snakemake_workflow - rasterdataset - DEBUG - Clip to [34.000, 26.000, 37.000, 27.000] (epsg:4326))
2026-08-04 06:53:49,760 - snakemake_workflow - rasterdataset - DEBUG - Clip to [17.000, 42.000, 20.000, 43.000] (epsg:4326))
2026-08-04 06:53:50,920 - snakemake_workflow - rasterdataset - INFO - Reading population raster data from D:\GFM\inputs\exposure\ppp_2020_1km_Aggregated.tif
2026-08-04 06:53:50,920 - snakemake_workflow - rasterdataset - INFO - Reading population raster data from D:\GFM\inputs\exposure\ppp_2020_1km_Aggregated.tif
2026-08-04 06:53:51,046 - snakemake_workflow - rasterdataset - INFO - Reading population raster data from D:\GFM\inputs\exposure\ppp_2020_1km_Aggregated.tif
2026-08-04 06:53:51,070 - snakemake_workflow - rasterdataset - DEBUG - Clip to [15.000, 41.000, 16.000, 45.000] (epsg:4326))
2026-08-04 06:53:51,178 - snakemake_workflow - rasterdataset - DEBUG - Clip to [11.000, 32.000, 15.000, 33.000] (epsg:4326))
2026-08-04 06:53:51,178 - snakemake_workflow - rasterdataset - DEBUG - Clip to [0.000, 36.000, 3.000, 37.000] (epsg:4326))
2026-08-04 06:53:51,319 - snakemake_workflow - rasterdataset - INFO - Reading population raster data from D:\GFM\inputs\exposure\ppp_2020_1km_Aggregated.tif
2026-08-04 06:53:51,859 - snakemake_workflow - rasterdataset - INFO - Reading population raster data from D:\GFM\inputs\exposure\ppp_2020_1km_Aggregated.tif
2026-08-04 06:53:51,893 - snakemake_workflow - rasterdataset - DEBUG - Clip to [35.000, -18.000, 39.000, -17.000] (epsg:4326))
2026-08-04 06:53:52,549 - snakemake_workflow - rasterdataset - DEBUG - Clip to [40.000, -12.000, 41.000, -10.000] (epsg:4326))
2026-08-04 06:53:52,820 - snakemake_workflow - rasterdataset - INFO - Reading population raster data from D:\GFM\inputs\exposure\ppp_2020_1km_Aggregated.tif
2026-08-04 06:53:53,168 - snakemake_workflow - rasterdataset - DEBUG - Clip to [32.000, -29.000, 33.000, -25.000] (epsg:4326))
2026-08-04 06:53:53,264 - snakemake_workflow - rasterdataset - INFO - Reading population raster data from D:\GFM\inputs\exposure\ppp_2020_1km_Aggregated.tif
2026-08-04 06:53:53,725 - snakemake_workflow - rasterdataset - DEBUG - Clip to [35.000, -19.000, 37.000, -17.000] (epsg:4326))
2026-08-04 06:53:54,208 - snakemake_workflow - rasterdataset - INFO - Reading population raster data from D:\GFM\inputs\exposure\ppp_2020_1km_Aggregated.tif
2026-08-04 06:53:54,229 - snakemake_workflow - rasterdataset - DEBUG - Clip to [0.000, 41.000, 4.000, 42.000] (epsg:4326))
2026-08-04 06:53:54,558 - snakemake_workflow - rasterdataset - INFO - Reading population raster data from D:\GFM\inputs\exposure\ppp_2020_1km_Aggregated.tif
2026-08-04 06:53:54,760 - snakemake_workflow - rasterdataset - DEBUG - Clip to [4.000, 43.000, 8.000, 44.000] (epsg:4326))
2026-08-04 06:53:57,701 - snakemake_workflow - rasterdataset - INFO - Reading population raster data from D:\GFM\inputs\exposure\ppp_2020_1km_Aggregated.tif
2026-08-04 06:53:57,813 - snakemake_workflow - rasterdataset - DEBUG - Clip to [38.000, -18.000, 40.000, -16.000] (epsg:4326))
2026-08-04 06:53:58,131 - snakemake_workflow - rasterdataset - INFO - Reading population raster data from D:\GFM\inputs\exposure\ppp_2020_1km_Aggregated.tif
2026-08-04 06:53:58,305 - snakemake_workflow - rasterdataset - INFO - Reading population raster data from D:\GFM\inputs\exposure\ppp_2020_1km_Aggregated.tif
2026-08-04 06:53:58,321 - snakemake_workflow - rasterdataset - DEBUG - Clip to [28.000, 43.000, 29.000, 45.000] (epsg:4326))
2026-08-04 06:53:58,497 - snakemake_workflow - rasterdataset - DEBUG - Clip to [2.000, 36.000, 6.000, 37.000] (epsg:4326))
2026-08-04 06:53:58,640 - snakemake_workflow - rasterdataset - INFO - Reading population raster data from D:\GFM\inputs\exposure\ppp_2020_1km_Aggregated.tif
2026-08-04 06:53:58,910 - snakemake_workflow - rasterdataset - DEBUG - Clip to [35.000, -23.000, 36.000, -21.000] (epsg:4326))
2026-08-04 06:54:00,984 - snakemake_workflow - rasterdataset - INFO - Reading population raster data from D:\GFM\inputs\exposure\ppp_2020_1km_Aggregated.tif
2026-08-04 06:54:01,003 - snakemake_workflow - rasterdataset - DEBUG - Clip to [30.000, 46.000, 34.000, 47.000] (epsg:4326))
2026-08-04 06:54:01,830 - snakemake_workflow - rasterdataset - INFO - Reading population raster data from D:\GFM\inputs\exposure\ppp_2020_1km_Aggregated.tif
2026-08-04 06:54:01,926 - snakemake_workflow - rasterdataset - INFO - Reading population raster data from D:\GFM\inputs\exposure\ppp_2020_1km_Aggregated.tif
2026-08-04 06:54:01,926 - snakemake_workflow - rasterdataset - INFO - Reading population raster data from D:\GFM\inputs\exposure\ppp_2020_1km_Aggregated.tif
2026-08-04 06:54:02,022 - snakemake_workflow - rasterdataset - DEBUG - Clip to [35.000, 41.000, 38.000, 42.000] (epsg:4326))
2026-08-04 06:54:02,022 - snakemake_workflow - rasterdataset - DEBUG - Clip to [0.000, 39.000, 4.000, 40.000] (epsg:4326))
2026-08-04 06:54:02,022 - snakemake_workflow - rasterdataset - DEBUG - Clip to [-1.000, 37.000, 0.000, 40.000] (epsg:4326))
2026-08-04 06:54:02,388 - snakemake_workflow - rasterdataset - INFO - Reading population raster data from D:\GFM\inputs\exposure\ppp_2020_1km_Aggregated.tif
2026-08-04 06:54:02,454 - snakemake_workflow - rasterdataset - INFO - Reading population raster data from D:\GFM\inputs\exposure\ppp_2020_1km_Aggregated.tif
2026-08-04 06:54:02,643 - snakemake_workflow - rasterdataset - DEBUG - Clip to [28.000, 41.000, 32.000, 42.000] (epsg:4326))
2026-08-04 06:54:02,754 - snakemake_workflow - rasterdataset - DEBUG - Clip to [31.000, 41.000, 34.000, 42.000] (epsg:4326))
2026-08-04 06:54:03,597 - snakemake_workflow - rasterdataset - INFO - Reading population raster data from D:\GFM\inputs\exposure\ppp_2020_1km_Aggregated.tif
2026-08-04 06:54:04,060 - snakemake_workflow - rasterdataset - DEBUG - Clip to [35.000, -25.000, 36.000, -21.000] (epsg:4326))
2026-08-04 06:54:05,735 - snakemake_workflow - rasterdataset - INFO - Reading population raster data from D:\GFM\inputs\exposure\ppp_2020_1km_Aggregated.tif
2026-08-04 06:54:05,735 - snakemake_workflow - rasterdataset - INFO - Reading population raster data from D:\GFM\inputs\exposure\ppp_2020_1km_Aggregated.tif
2026-08-04 06:54:05,831 - snakemake_workflow - rasterdataset - DEBUG - Clip to [-3.000, 35.000, 1.000, 36.000] (epsg:4326))
2026-08-04 06:54:05,831 - snakemake_workflow - rasterdataset - DEBUG - Clip to [-9.000, 37.000, -8.000, 40.000] (epsg:4326))
2026-08-04 06:54:06,857 - snakemake_workflow - rasterdataset - INFO - Reading population raster data from D:\GFM\inputs\exposure\ppp_2020_1km_Aggregated.tif
2026-08-04 06:54:07,523 - snakemake_workflow - rasterdataset - DEBUG - Clip to [-10.000, 29.000, -9.000, 33.000] (epsg:4326))
2026-08-04 06:54:07,731 - snakemake_workflow - rasterdataset - INFO - Reading population raster data from D:\GFM\inputs\exposure\ppp_2020_1km_Aggregated.tif
2026-08-04 06:54:08,018 - snakemake_workflow - rasterdataset - DEBUG - Clip to [-10.000, 42.000, -8.000, 44.000] (epsg:4326))
2026-08-04 06:54:08,066 - snakemake_workflow - rasterdataset - INFO - Reading population raster data from D:\GFM\inputs\exposure\ppp_2020_1km_Aggregated.tif
2026-08-04 06:54:08,066 - snakemake_workflow - rasterdataset - INFO - Reading population raster data from D:\GFM\inputs\exposure\ppp_2020_1km_Aggregated.tif
2026-08-04 06:54:08,164 - snakemake_workflow - rasterdataset - DEBUG - Clip to [3.000, 39.000, 5.000, 41.000] (epsg:4326))
2026-08-04 06:54:08,164 - snakemake_workflow - rasterdataset - DEBUG - Clip to [-4.000, 35.000, 0.000, 36.000] (epsg:4326))
2026-08-04 06:54:08,622 - snakemake_workflow - rasterdataset - INFO - Reading population raster data from D:\GFM\inputs\exposure\ppp_2020_1km_Aggregated.tif
2026-08-04 06:54:08,798 - snakemake_workflow - rasterdataset - DEBUG - Clip to [14.000, 35.000, 15.000, 38.000] (epsg:4326))
2026-08-04 06:54:09,629 - snakemake_workflow - rasterdataset - INFO - Reading population raster data from D:\GFM\inputs\exposure\ppp_2020_1km_Aggregated.tif
2026-08-04 06:54:09,802 - snakemake_workflow - rasterdataset - DEBUG - Clip to [-7.000, 43.000, -3.000, 44.000] (epsg:4326))
2026-08-04 06:54:10,057 - snakemake_workflow - rasterdataset - INFO - Reading population raster data from D:\GFM\inputs\exposure\ppp_2020_1km_Aggregated.tif
2026-08-04 06:54:10,407 - snakemake_workflow - rasterdataset - DEBUG - Clip to [3.000, 39.000, 4.000, 42.000] (epsg:4326))
2026-08-04 06:54:10,456 - snakemake_workflow - rasterdataset - INFO - Reading population raster data from D:\GFM\inputs\exposure\ppp_2020_1km_Aggregated.tif
2026-08-04 06:54:10,456 - snakemake_workflow - rasterdataset - INFO - Reading population raster data from D:\GFM\inputs\exposure\ppp_2020_1km_Aggregated.tif
2026-08-04 06:54:11,129 - snakemake_workflow - rasterdataset - DEBUG - Clip to [-7.000, 33.000, -6.000, 37.000] (epsg:4326))
2026-08-04 06:54:11,223 - snakemake_workflow - rasterdataset - DEBUG - Clip to [-9.000, 39.000, -8.000, 43.000] (epsg:4326))
2026-08-04 06:54:11,645 - snakemake_workflow - rasterdataset - INFO - Reading population raster data from D:\GFM\inputs\exposure\ppp_2020_1km_Aggregated.tif
2026-08-04 06:54:11,670 - snakemake_workflow - rasterdataset - DEBUG - Clip to [-19.000, 28.000, -15.000, 29.000] (epsg:4326))
2026-08-04 06:54:11,958 - snakemake_workflow - rasterdataset - INFO - Reading population raster data from D:\GFM\inputs\exposure\ppp_2020_1km_Aggregated.tif
2026-08-04 06:54:12,117 - snakemake_workflow - rasterdataset - DEBUG - Clip to [18.000, -35.000, 22.000, -34.000] (epsg:4326))
2026-08-04 06:54:12,802 - snakemake_workflow - rasterdataset - INFO - Reading population raster data from D:\GFM\inputs\exposure\ppp_2020_1km_Aggregated.tif
2026-08-04 06:54:12,976 - snakemake_workflow - rasterdataset - INFO - Reading population raster data from D:\GFM\inputs\exposure\ppp_2020_1km_Aggregated.tif
2026-08-04 06:54:12,992 - snakemake_workflow - rasterdataset - DEBUG - Clip to [-9.000, 43.000, -6.000, 44.000] (epsg:4326))
2026-08-04 06:54:13,207 - snakemake_workflow - rasterdataset - DEBUG - Clip to [-9.000, 41.000, -8.000, 44.000] (epsg:4326))
2026-08-04 06:54:14,436 - snakemake_workflow - rasterdataset - INFO - Reading population raster data from D:\GFM\inputs\exposure\ppp_2020_1km_Aggregated.tif
2026-08-04 06:54:14,639 - snakemake_workflow - rasterdataset - DEBUG - Clip to [25.000, -34.000, 28.000, -33.000] (epsg:4326))
2026-08-04 06:54:15,339 - snakemake_workflow - rasterdataset - INFO - Reading population raster data from D:\GFM\inputs\exposure\ppp_2020_1km_Aggregated.tif
2026-08-04 06:54:15,339 - snakemake_workflow - rasterdataset - INFO - Reading population raster data from D:\GFM\inputs\exposure\ppp_2020_1km_Aggregated.tif
2026-08-04 06:54:15,420 - snakemake_workflow - rasterdataset - INFO - Reading population raster data from D:\GFM\inputs\exposure\ppp_2020_1km_Aggregated.tif
2026-08-04 06:54:15,435 - snakemake_workflow - rasterdataset - DEBUG - Clip to [25.000, -34.000, 27.000, -33.000] (epsg:4326))
2026-08-04 06:54:15,435 - snakemake_workflow - rasterdataset - DEBUG - Clip to [-10.000, 38.000, -8.000, 40.000] (epsg:4326))
2026-08-04 06:54:15,435 - snakemake_workflow - rasterdataset - DEBUG - Clip to [38.000, 47.000, 41.000, 48.000] (epsg:4326))
2026-08-04 06:54:15,579 - snakemake_workflow - rasterdataset - INFO - Reading population raster data from D:\GFM\inputs\exposure\ppp_2020_1km_Aggregated.tif
2026-08-04 06:54:15,816 - snakemake_workflow - rasterdataset - DEBUG - Clip to [-14.000, 28.000, -10.000, 29.000] (epsg:4326))
2026-08-04 06:54:16,954 - snakemake_workflow - rasterdataset - INFO - Reading population raster data from D:\GFM\inputs\exposure\ppp_2020_1km_Aggregated.tif
2026-08-04 06:54:17,066 - snakemake_workflow - rasterdataset - INFO - Reading population raster data from D:\GFM\inputs\exposure\ppp_2020_1km_Aggregated.tif
2026-08-04 06:54:17,066 - snakemake_workflow - rasterdataset - INFO - Reading population raster data from D:\GFM\inputs\exposure\ppp_2020_1km_Aggregated.tif
2026-08-04 06:54:17,213 - snakemake_workflow - rasterdataset - DEBUG - Clip to [-17.000, 21.000, -16.000, 24.000] (epsg:4326))
2026-08-04 06:54:17,391 - snakemake_workflow - rasterdataset - DEBUG - Clip to [-15.000, 28.000, -11.000, 29.000] (epsg:4326))
2026-08-04 06:54:17,391 - snakemake_workflow - rasterdataset - DEBUG - Clip to [-4.000, 43.000, -1.000, 44.000] (epsg:4326))
2026-08-04 06:54:17,676 - snakemake_workflow - rasterdataset - INFO - Reading population raster data from D:\GFM\inputs\exposure\ppp_2020_1km_Aggregated.tif
2026-08-04 06:54:18,138 - snakemake_workflow - rasterdataset - INFO - Reading population raster data from D:\GFM\inputs\exposure\ppp_2020_1km_Aggregated.tif
2026-08-04 06:54:18,154 - snakemake_workflow - rasterdataset - DEBUG - Clip to [-14.000, 27.000, -12.000, 29.000] (epsg:4326))
2026-08-04 06:54:18,549 - snakemake_workflow - rasterdataset - DEBUG - Clip to [-15.000, 13.000, -13.000, 14.000] (epsg:4326))
2026-08-04 06:54:20,733 - snakemake_workflow - rasterdataset - INFO - Reading population raster data from D:\GFM\inputs\exposure\ppp_2020_1km_Aggregated.tif
2026-08-04 06:54:20,873 - snakemake_workflow - rasterdataset - DEBUG - Clip to [-15.000, 9.000, -13.000, 11.000] (epsg:4326))
2026-08-04 06:54:21,013 - snakemake_workflow - rasterdataset - INFO - Reading population raster data from D:\GFM\inputs\exposure\ppp_2020_1km_Aggregated.tif
2026-08-04 06:54:21,266 - snakemake_workflow - rasterdataset - DEBUG - Clip to [17.000, -32.000, 18.000, -29.000] (epsg:4326))
2026-08-04 06:54:22,008 - snakemake_workflow - rasterdataset - INFO - Reading population raster data from D:\GFM\inputs\exposure\ppp_2020_1km_Aggregated.tif
2026-08-04 06:54:22,348 - snakemake_workflow - rasterdataset - INFO - Reading population raster data from D:\GFM\inputs\exposure\ppp_2020_1km_Aggregated.tif
2026-08-04 06:54:22,358 - snakemake_workflow - rasterdataset - DEBUG - Clip to [38.000, 47.000, 42.000, 48.000] (epsg:4326))
2026-08-04 06:54:22,667 - snakemake_workflow - rasterdataset - DEBUG - Clip to [-19.000, 27.000, -17.000, 29.000] (epsg:4326))
2026-08-04 06:54:22,842 - snakemake_workflow - rasterdataset - INFO - Reading population raster data from D:\GFM\inputs\exposure\ppp_2020_1km_Aggregated.tif
2026-08-04 06:54:22,931 - snakemake_workflow - rasterdataset - INFO - Reading population raster data from D:\GFM\inputs\exposure\ppp_2020_1km_Aggregated.tif
2026-08-04 06:54:22,931 - snakemake_workflow - rasterdataset - INFO - Reading population raster data from D:\GFM\inputs\exposure\ppp_2020_1km_Aggregated.tif
2026-08-04 06:54:22,947 - snakemake_workflow - rasterdataset - DEBUG - Clip to [-14.000, 26.000, -13.000, 30.000] (epsg:4326))
2026-08-04 06:54:22,947 - snakemake_workflow - rasterdataset - DEBUG - Clip to [-18.000, 20.000, -16.000, 22.000] (epsg:4326))
2026-08-04 06:54:22,947 - snakemake_workflow - rasterdataset - DEBUG - Clip to [-6.000, 48.000, -5.000, 51.000] (epsg:4326))
2026-08-04 06:54:25,114 - snakemake_workflow - rasterdataset - INFO - Reading population raster data from D:\GFM\inputs\exposure\ppp_2020_1km_Aggregated.tif
2026-08-04 06:54:25,195 - snakemake_workflow - rasterdataset - DEBUG - Clip to [-17.000, 19.000, -16.000, 23.000] (epsg:4326))
2026-08-04 06:54:25,749 - snakemake_workflow - rasterdataset - INFO - Reading population raster data from D:\GFM\inputs\exposure\ppp_2020_1km_Aggregated.tif
2026-08-04 06:54:25,974 - snakemake_workflow - rasterdataset - DEBUG - Clip to [-5.000, 43.000, -3.000, 44.000] (epsg:4326))
2026-08-04 06:54:26,391 - snakemake_workflow - rasterdataset - INFO - Reading population raster data from D:\GFM\inputs\exposure\ppp_2020_1km_Aggregated.tif
2026-08-04 06:54:26,503 - snakemake_workflow - rasterdataset - DEBUG - Clip to [14.000, -24.000, 15.000, -22.000] (epsg:4326))
2026-08-04 06:54:26,639 - snakemake_workflow - rasterdataset - INFO - Reading population raster data from D:\GFM\inputs\exposure\ppp_2020_1km_Aggregated.tif
2026-08-04 06:54:26,775 - snakemake_workflow - rasterdataset - DEBUG - Clip to [-9.000, 57.000, -5.000, 58.000] (epsg:4326))
2026-08-04 06:54:27,029 - snakemake_workflow - rasterdataset - INFO - Reading population raster data from D:\GFM\inputs\exposure\ppp_2020_1km_Aggregated.tif
2026-08-04 06:54:27,125 - snakemake_workflow - rasterdataset - INFO - Reading population raster data from D:\GFM\inputs\exposure\ppp_2020_1km_Aggregated.tif
2026-08-04 06:54:27,157 - snakemake_workflow - rasterdataset - DEBUG - Clip to [-3.000, 59.000, -1.000, 61.000] (epsg:4326))
2026-08-04 06:54:27,365 - snakemake_workflow - rasterdataset - INFO - Reading population raster data from D:\GFM\inputs\exposure\ppp_2020_1km_Aggregated.tif
2026-08-04 06:54:27,429 - snakemake_workflow - rasterdataset - INFO - Reading population raster data from D:\GFM\inputs\exposure\ppp_2020_1km_Aggregated.tif
2026-08-04 06:54:27,429 - snakemake_workflow - rasterdataset - INFO - Reading population raster data from D:\GFM\inputs\exposure\ppp_2020_1km_Aggregated.tif
2026-08-04 06:54:27,429 - snakemake_workflow - rasterdataset - DEBUG - Clip to [12.000, -16.000, 13.000, -12.000] (epsg:4326))
2026-08-04 06:54:27,621 - snakemake_workflow - rasterdataset - DEBUG - Clip to [-6.000, 5.000, -2.000, 6.000] (epsg:4326))
2026-08-04 06:54:27,621 - snakemake_workflow - rasterdataset - DEBUG - Clip to [-15.000, 9.000, -14.000, 12.000] (epsg:4326))
2026-08-04 06:54:27,698 - snakemake_workflow - rasterdataset - DEBUG - Clip to [-3.000, 47.000, 1.000, 48.000] (epsg:4326))
2026-08-04 06:54:28,791 - snakemake_workflow - rasterdataset - INFO - Reading population raster data from D:\GFM\inputs\exposure\ppp_2020_1km_Aggregated.tif
2026-08-04 06:54:28,804 - snakemake_workflow - rasterdataset - DEBUG - Clip to [14.000, -24.000, 15.000, -21.000] (epsg:4326))
2026-08-04 06:54:29,202 - snakemake_workflow - rasterdataset - INFO - Reading population raster data from D:\GFM\inputs\exposure\ppp_2020_1km_Aggregated.tif
2026-08-04 06:54:29,391 - snakemake_workflow - rasterdataset - DEBUG - Clip to [14.000, -27.000, 15.000, -23.000] (epsg:4326))
2026-08-04 06:54:31,628 - snakemake_workflow - rasterdataset - INFO - Reading population raster data from D:\GFM\inputs\exposure\ppp_2020_1km_Aggregated.tif
2026-08-04 06:54:31,724 - snakemake_workflow - rasterdataset - DEBUG - Clip to [-3.000, 57.000, -1.000, 58.000] (epsg:4326))
2026-08-04 06:54:31,974 - snakemake_workflow - rasterdataset - INFO - Reading population raster data from D:\GFM\inputs\exposure\ppp_2020_1km_Aggregated.tif
2026-08-04 06:54:32,174 - snakemake_workflow - rasterdataset - DEBUG - Clip to [-6.000, 56.000, -5.000, 60.000] (epsg:4326))
2026-08-04 06:54:32,696 - snakemake_workflow - rasterdataset - INFO - Reading population raster data from D:\GFM\inputs\exposure\ppp_2020_1km_Aggregated.tif
2026-08-04 06:54:32,807 - snakemake_workflow - rasterdataset - DEBUG - Clip to [-7.000, 4.000, -5.000, 5.000] (epsg:4326))
2026-08-04 06:54:33,076 - snakemake_workflow - rasterdataset - INFO - Reading population raster data from D:\GFM\inputs\exposure\ppp_2020_1km_Aggregated.tif
2026-08-04 06:54:33,076 - snakemake_workflow - rasterdataset - INFO - Reading population raster data from D:\GFM\inputs\exposure\ppp_2020_1km_Aggregated.tif
2026-08-04 06:54:33,092 - snakemake_workflow - rasterdataset - DEBUG - Clip to [-6.000, 48.000, -4.000, 49.000] (epsg:4326))
2026-08-04 06:54:33,092 - snakemake_workflow - rasterdataset - DEBUG - Clip to [11.000, -19.000, 12.000, -15.000] (epsg:4326))
2026-08-04 06:54:34,065 - snakemake_workflow - rasterdataset - INFO - Reading population raster data from D:\GFM\inputs\exposure\ppp_2020_1km_Aggregated.tif
2026-08-04 06:54:34,192 - snakemake_workflow - rasterdataset - DEBUG - Clip to [13.000, 54.000, 17.000, 55.000] (epsg:4326))
2026-08-04 06:54:34,279 - snakemake_workflow - rasterdataset - INFO - Reading population raster data from D:\GFM\inputs\exposure\ppp_2020_1km_Aggregated.tif
2026-08-04 06:54:34,591 - snakemake_workflow - rasterdataset - DEBUG - Clip to [12.000, 52.000, 16.000, 53.000] (epsg:4326))
2026-08-04 06:54:34,734 - snakemake_workflow - rasterdataset - INFO - Reading population raster data from D:\GFM\inputs\exposure\ppp_2020_1km_Aggregated.tif
2026-08-04 06:54:34,804 - snakemake_workflow - rasterdataset - DEBUG - Clip to [-3.000, 4.000, -1.000, 6.000] (epsg:4326))
2026-08-04 06:54:35,163 - snakemake_workflow - rasterdataset - INFO - Reading population raster data from D:\GFM\inputs\exposure\ppp_2020_1km_Aggregated.tif
2026-08-04 06:54:35,163 - snakemake_workflow - rasterdataset - INFO - Reading population raster data from D:\GFM\inputs\exposure\ppp_2020_1km_Aggregated.tif
2026-08-04 06:54:35,184 - snakemake_workflow - rasterdataset - DEBUG - Clip to [-7.000, 4.000, -5.000, 6.000] (epsg:4326))
2026-08-04 06:54:35,184 - snakemake_workflow - rasterdataset - DEBUG - Clip to [-2.000, 5.000, 2.000, 6.000] (epsg:4326))
2026-08-04 06:54:36,774 - snakemake_workflow - rasterdataset - INFO - Reading population raster data from D:\GFM\inputs\exposure\ppp_2020_1km_Aggregated.tif
2026-08-04 06:54:36,838 - snakemake_workflow - rasterdataset - INFO - Reading population raster data from D:\GFM\inputs\exposure\ppp_2020_1km_Aggregated.tif
2026-08-04 06:54:36,865 - snakemake_workflow - rasterdataset - DEBUG - Clip to [13.000, -13.000, 14.000, -11.000] (epsg:4326))
2026-08-04 06:54:36,865 - snakemake_workflow - rasterdataset - DEBUG - Clip to [-3.000, 57.000, -2.000, 61.000] (epsg:4326))
2026-08-04 06:54:37,855 - snakemake_workflow - rasterdataset - INFO - Reading population raster data from D:\GFM\inputs\exposure\ppp_2020_1km_Aggregated.tif
2026-08-04 06:54:38,223 - snakemake_workflow - rasterdataset - DEBUG - Clip to [-3.000, 5.000, 1.000, 6.000] (epsg:4326))
2026-08-04 06:54:38,319 - snakemake_workflow - rasterdataset - INFO - Reading population raster data from D:\GFM\inputs\exposure\ppp_2020_1km_Aggregated.tif
2026-08-04 06:54:38,527 - snakemake_workflow - rasterdataset - INFO - Reading population raster data from D:\GFM\inputs\exposure\ppp_2020_1km_Aggregated.tif
2026-08-04 06:54:38,561 - snakemake_workflow - rasterdataset - DEBUG - Clip to [-11.000, 5.000, -9.000, 7.000] (epsg:4326))
2026-08-04 06:54:38,583 - snakemake_workflow - rasterdataset - DEBUG - Clip to [-10.000, 4.000, -8.000, 6.000] (epsg:4326))
2026-08-04 06:54:38,701 - snakemake_workflow - rasterdataset - INFO - Reading population raster data from D:\GFM\inputs\exposure\ppp_2020_1km_Aggregated.tif
2026-08-04 06:54:38,920 - snakemake_workflow - rasterdataset - DEBUG - Clip to [7.000, 62.000, 8.000, 64.000] (epsg:4326))
2026-08-04 06:54:39,049 - snakemake_workflow - rasterdataset - INFO - Reading population raster data from D:\GFM\inputs\exposure\ppp_2020_1km_Aggregated.tif
2026-08-04 06:54:39,081 - snakemake_workflow - rasterdataset - DEBUG - Clip to [18.000, 54.000, 22.000, 55.000] (epsg:4326))
2026-08-04 06:54:39,449 - snakemake_workflow - rasterdataset - INFO - Reading population raster data from D:\GFM\inputs\exposure\ppp_2020_1km_Aggregated.tif
2026-08-04 06:54:39,528 - snakemake_workflow - rasterdataset - INFO - Reading population raster data from D:\GFM\inputs\exposure\ppp_2020_1km_Aggregated.tif
2026-08-04 06:54:39,528 - snakemake_workflow - rasterdataset - INFO - Reading population raster data from D:\GFM\inputs\exposure\ppp_2020_1km_Aggregated.tif
2026-08-04 06:54:39,624 - snakemake_workflow - rasterdataset - DEBUG - Clip to [18.000, 53.000, 20.000, 55.000] (epsg:4326))
2026-08-04 06:54:39,640 - snakemake_workflow - rasterdataset - DEBUG - Clip to [13.000, -10.000, 14.000, -7.000] (epsg:4326))
2026-08-04 06:54:39,827 - snakemake_workflow - rasterdataset - DEBUG - Clip to [-4.000, 5.000, 0.000, 6.000] (epsg:4326))
2026-08-04 06:54:41,806 - snakemake_workflow - rasterdataset - INFO - Reading population raster data from D:\GFM\inputs\exposure\ppp_2020_1km_Aggregated.tif
2026-08-04 06:54:41,872 - snakemake_workflow - rasterdataset - DEBUG - Clip to [-9.000, 4.000, -6.000, 5.000] (epsg:4326))
2026-08-04 06:54:42,187 - snakemake_workflow - rasterdataset - INFO - Reading population raster data from D:\GFM\inputs\exposure\ppp_2020_1km_Aggregated.tif
2026-08-04 06:54:42,203 - snakemake_workflow - rasterdataset - DEBUG - Clip to [14.000, 56.000, 17.000, 57.000] (epsg:4326))
2026-08-04 06:54:42,426 - snakemake_workflow - rasterdataset - INFO - Reading population raster data from D:\GFM\inputs\exposure\ppp_2020_1km_Aggregated.tif
2026-08-04 06:54:42,581 - snakemake_workflow - rasterdataset - DEBUG - Clip to [17.000, 59.000, 18.000, 63.000] (epsg:4326))
2026-08-04 06:54:42,998 - snakemake_workflow - rasterdataset - INFO - Reading population raster data from D:\GFM\inputs\exposure\ppp_2020_1km_Aggregated.tif
2026-08-04 06:54:43,176 - snakemake_workflow - rasterdataset - DEBUG - Clip to [6.000, 62.000, 9.000, 63.000] (epsg:4326))
2026-08-04 06:54:43,654 - snakemake_workflow - rasterdataset - INFO - Reading population raster data from D:\GFM\inputs\exposure\ppp_2020_1km_Aggregated.tif
2026-08-04 06:54:44,027 - snakemake_workflow - rasterdataset - INFO - Reading population raster data from D:\GFM\inputs\exposure\ppp_2020_1km_Aggregated.tif
2026-08-04 06:54:44,134 - snakemake_workflow - rasterdataset - DEBUG - Clip to [10.000, -4.000, 11.000, -2.000] (epsg:4326))
2026-08-04 06:54:44,246 - snakemake_workflow - rasterdataset - DEBUG - Clip to [11.000, -6.000, 13.000, -4.000] (epsg:4326))
2026-08-04 06:54:44,517 - snakemake_workflow - rasterdataset - INFO - Reading population raster data from D:\GFM\inputs\exposure\ppp_2020_1km_Aggregated.tif
2026-08-04 06:54:44,644 - snakemake_workflow - rasterdataset - INFO - Reading population raster data from D:\GFM\inputs\exposure\ppp_2020_1km_Aggregated.tif
2026-08-04 06:54:44,888 - snakemake_workflow - rasterdataset - DEBUG - Clip to [-4.000, 5.000, -1.000, 6.000] (epsg:4326))
2026-08-04 06:54:44,890 - snakemake_workflow - rasterdataset - DEBUG - Clip to [12.000, -6.000, 13.000, -4.000] (epsg:4326))
2026-08-04 06:54:46,434 - snakemake_workflow - rasterdataset - INFO - Reading population raster data from D:\GFM\inputs\exposure\ppp_2020_1km_Aggregated.tif
2026-08-04 06:54:46,685 - snakemake_workflow - rasterdataset - INFO - Reading population raster data from D:\GFM\inputs\exposure\ppp_2020_1km_Aggregated.tif
2026-08-04 06:54:46,796 - snakemake_workflow - rasterdataset - DEBUG - Clip to [20.000, 63.000, 24.000, 64.000] (epsg:4326))
2026-08-04 06:54:46,892 - snakemake_workflow - rasterdataset - DEBUG - Clip to [17.000, 62.000, 19.000, 64.000] (epsg:4326))
2026-08-04 06:54:46,972 - snakemake_workflow - rasterdataset - INFO - Reading population raster data from D:\GFM\inputs\exposure\ppp_2020_1km_Aggregated.tif
2026-08-04 06:54:47,067 - snakemake_workflow - rasterdataset - INFO - Reading population raster data from D:\GFM\inputs\exposure\ppp_2020_1km_Aggregated.tif
2026-08-04 06:54:47,290 - snakemake_workflow - rasterdataset - DEBUG - Clip to [33.000, 69.000, 36.000, 70.000] (epsg:4326))
2026-08-04 06:54:47,306 - snakemake_workflow - rasterdataset - INFO - Reading population raster data from D:\GFM\inputs\exposure\ppp_2020_1km_Aggregated.tif
2026-08-04 06:54:47,326 - snakemake_workflow - rasterdataset - DEBUG - Clip to [18.000, 56.000, 19.000, 58.000] (epsg:4326))
2026-08-04 06:54:47,337 - snakemake_workflow - rasterdataset - DEBUG - Clip to [15.000, 54.000, 19.000, 55.000] (epsg:4326))
2026-08-04 06:54:47,574 - snakemake_workflow - rasterdataset - INFO - Reading population raster data from D:\GFM\inputs\exposure\ppp_2020_1km_Aggregated.tif
2026-08-04 06:54:47,670 - snakemake_workflow - rasterdataset - DEBUG - Clip to [0.000, 5.000, 2.000, 7.000] (epsg:4326))
2026-08-04 06:54:49,219 - snakemake_workflow - rasterdataset - INFO - Reading population raster data from D:\GFM\inputs\exposure\ppp_2020_1km_Aggregated.tif
2026-08-04 06:54:49,326 - snakemake_workflow - rasterdataset - DEBUG - Clip to [1.000, 6.000, 5.000, 7.000] (epsg:4326))
2026-08-04 06:54:49,422 - snakemake_workflow - rasterdataset - INFO - Reading population raster data from D:\GFM\inputs\exposure\ppp_2020_1km_Aggregated.tif
2026-08-04 06:54:49,422 - snakemake_workflow - rasterdataset - INFO - Reading population raster data from D:\GFM\inputs\exposure\ppp_2020_1km_Aggregated.tif
2026-08-04 06:54:49,656 - snakemake_workflow - rasterdataset - DEBUG - Clip to [56.000, 68.000, 59.000, 69.000] (epsg:4326))
2026-08-04 06:54:50,007 - snakemake_workflow - rasterdataset - DEBUG - Clip to [42.000, 62.000, 43.000, 65.000] (epsg:4326))
2026-08-04 06:54:51,451 - snakemake_workflow - rasterdataset - INFO - Reading population raster data from D:\GFM\inputs\exposure\ppp_2020_1km_Aggregated.tif
2026-08-04 06:54:51,563 - snakemake_workflow - rasterdataset - DEBUG - Clip to [7.000, 63.000, 10.000, 64.000] (epsg:4326))
2026-08-04 06:54:51,648 - snakemake_workflow - rasterdataset - INFO - Reading population raster data from D:\GFM\inputs\exposure\ppp_2020_1km_Aggregated.tif
2026-08-04 06:54:51,782 - snakemake_workflow - rasterdataset - DEBUG - Clip to [35.000, 69.000, 37.000, 70.000] (epsg:4326))
2026-08-04 06:54:53,457 - snakemake_workflow - rasterdataset - INFO - Reading population raster data from D:\GFM\inputs\exposure\ppp_2020_1km_Aggregated.tif
2026-08-04 06:54:53,457 - snakemake_workflow - rasterdataset - INFO - Reading population raster data from D:\GFM\inputs\exposure\ppp_2020_1km_Aggregated.tif
2026-08-04 06:54:53,480 - snakemake_workflow - rasterdataset - DEBUG - Clip to [37.000, 66.000, 40.000, 67.000] (epsg:4326))
2026-08-04 06:54:53,482 - snakemake_workflow - rasterdataset - DEBUG - Clip to [21.000, 65.000, 24.000, 66.000] (epsg:4326))
2026-08-04 06:54:53,892 - snakemake_workflow - rasterdataset - INFO - Reading population raster data from D:\GFM\inputs\exposure\ppp_2020_1km_Aggregated.tif
2026-08-04 06:54:54,079 - snakemake_workflow - rasterdataset - DEBUG - Clip to [17.000, 63.000, 21.000, 64.000] (epsg:4326))
2026-08-04 06:54:56,009 - snakemake_workflow - rasterdataset - INFO - Reading population raster data from D:\GFM\inputs\exposure\ppp_2020_1km_Aggregated.tif
2026-08-04 06:54:56,130 - snakemake_workflow - rasterdataset - DEBUG - Clip to [17.000, 60.000, 18.000, 64.000] (epsg:4326))
2026-08-04 06:54:56,216 - snakemake_workflow - rasterdataset - INFO - Reading population raster data from D:\GFM\inputs\exposure\ppp_2020_1km_Aggregated.tif
2026-08-04 06:54:56,392 - snakemake_workflow - rasterdataset - INFO - Reading population raster data from D:\GFM\inputs\exposure\ppp_2020_1km_Aggregated.tif
2026-08-04 06:54:56,392 - snakemake_workflow - rasterdataset - INFO - Reading population raster data from D:\GFM\inputs\exposure\ppp_2020_1km_Aggregated.tif
2026-08-04 06:54:56,414 - snakemake_workflow - rasterdataset - DEBUG - Clip to [55.000, 70.000, 59.000, 71.000] (epsg:4326))
2026-08-04 06:54:56,581 - snakemake_workflow - rasterdataset - DEBUG - Clip to [52.000, 65.000, 56.000, 66.000] (epsg:4326))
2026-08-04 06:54:56,589 - snakemake_workflow - rasterdataset - DEBUG - Clip to [68.000, 60.000, 70.000, 62.000] (epsg:4326))
2026-08-04 06:54:57,340 - snakemake_workflow - rasterdataset - INFO - Reading population raster data from D:\GFM\inputs\exposure\ppp_2020_1km_Aggregated.tif
2026-08-04 06:54:57,340 - snakemake_workflow - rasterdataset - INFO - Reading population raster data from D:\GFM\inputs\exposure\ppp_2020_1km_Aggregated.tif
2026-08-04 06:54:57,472 - snakemake_workflow - rasterdataset - DEBUG - Clip to [21.000, 60.000, 22.000, 64.000] (epsg:4326))
2026-08-04 06:54:57,714 - snakemake_workflow - rasterdataset - DEBUG - Clip to [21.000, 63.000, 22.000, 66.000] (epsg:4326))
2026-08-04 06:54:58,157 - snakemake_workflow - rasterdataset - INFO - Reading population raster data from D:\GFM\inputs\exposure\ppp_2020_1km_Aggregated.tif
2026-08-04 06:54:58,183 - snakemake_workflow - rasterdataset - DEBUG - Clip to [36.000, 68.000, 40.000, 69.000] (epsg:4326))
2026-08-04 06:54:59,238 - snakemake_workflow - rasterdataset - INFO - Reading population raster data from D:\GFM\inputs\exposure\ppp_2020_1km_Aggregated.tif
2026-08-04 06:54:59,538 - snakemake_workflow - rasterdataset - DEBUG - Clip to [32.000, 60.000, 34.000, 61.000] (epsg:4326))
2026-08-04 06:55:00,115 - snakemake_workflow - rasterdataset - INFO - Reading population raster data from D:\GFM\inputs\exposure\ppp_2020_1km_Aggregated.tif
2026-08-04 06:55:00,611 - snakemake_workflow - rasterdataset - DEBUG - Clip to [64.000, 76.000, 68.000, 77.000] (epsg:4326))
2026-08-04 06:55:02,013 - snakemake_workflow - rasterdataset - INFO - Reading population raster data from D:\GFM\inputs\exposure\ppp_2020_1km_Aggregated.tif
2026-08-04 06:55:02,140 - snakemake_workflow - rasterdataset - DEBUG - Clip to [54.000, 65.000, 56.000, 66.000] (epsg:4326))
2026-08-04 06:55:02,316 - snakemake_workflow - rasterdataset - INFO - Reading population raster data from D:\GFM\inputs\exposure\ppp_2020_1km_Aggregated.tif
2026-08-04 06:55:02,493 - snakemake_workflow - rasterdataset - DEBUG - Clip to [53.000, 73.000, 56.000, 74.000] (epsg:4326))
2026-08-04 06:55:02,685 - snakemake_workflow - rasterdataset - INFO - Reading population raster data from D:\GFM\inputs\exposure\ppp_2020_1km_Aggregated.tif
2026-08-04 06:55:03,002 - snakemake_workflow - rasterdataset - DEBUG - Clip to [31.000, 57.000, 32.000, 60.000] (epsg:4326))
2026-08-04 06:55:03,260 - snakemake_workflow - rasterdataset - INFO - Reading population raster data from D:\GFM\inputs\exposure\ppp_2020_1km_Aggregated.tif
2026-08-04 06:55:03,366 - snakemake_workflow - rasterdataset - INFO - Reading population raster data from D:\GFM\inputs\exposure\ppp_2020_1km_Aggregated.tif
2026-08-04 06:55:03,397 - snakemake_workflow - rasterdataset - DEBUG - Clip to [53.000, 68.000, 57.000, 69.000] (epsg:4326))
2026-08-04 06:55:03,397 - snakemake_workflow - rasterdataset - DEBUG - Clip to [69.000, 61.000, 72.000, 62.000] (epsg:4326))
2026-08-04 06:55:03,600 - snakemake_workflow - rasterdataset - INFO - Reading population raster data from D:\GFM\inputs\exposure\ppp_2020_1km_Aggregated.tif
2026-08-04 06:55:03,827 - snakemake_workflow - rasterdataset - DEBUG - Clip to [77.000, 64.000, 78.000, 67.000] (epsg:4326))
2026-08-04 06:55:04,356 - snakemake_workflow - rasterdataset - INFO - Reading population raster data from D:\GFM\inputs\exposure\ppp_2020_1km_Aggregated.tif
2026-08-04 06:55:04,719 - snakemake_workflow - rasterdataset - DEBUG - Clip to [83.000, 69.000, 87.000, 70.000] (epsg:4326))
2026-08-04 06:55:04,837 - snakemake_workflow - rasterdataset - INFO - Reading population raster data from D:\GFM\inputs\exposure\ppp_2020_1km_Aggregated.tif
2026-08-04 06:55:04,878 - snakemake_workflow - rasterdataset - DEBUG - Clip to [60.000, 63.000, 62.000, 65.000] (epsg:4326))
2026-08-04 06:55:07,383 - snakemake_workflow - rasterdataset - INFO - Reading population raster data from D:\GFM\inputs\exposure\ppp_2020_1km_Aggregated.tif
2026-08-04 06:55:07,383 - snakemake_workflow - rasterdataset - INFO - Reading population raster data from D:\GFM\inputs\exposure\ppp_2020_1km_Aggregated.tif
2026-08-04 06:55:07,383 - snakemake_workflow - rasterdataset - DEBUG - Clip to [88.000, 75.000, 92.000, 76.000] (epsg:4326))
2026-08-04 06:55:07,564 - snakemake_workflow - rasterdataset - DEBUG - Clip to [67.000, 61.000, 70.000, 62.000] (epsg:4326))
2026-08-04 06:55:08,296 - snakemake_workflow - rasterdataset - INFO - Reading population raster data from D:\GFM\inputs\exposure\ppp_2020_1km_Aggregated.tif
2026-08-04 06:55:08,403 - snakemake_workflow - rasterdataset - DEBUG - Clip to [60.000, 63.000, 64.000, 64.000] (epsg:4326))
2026-08-04 06:55:10,479 - snakemake_workflow - rasterdataset - INFO - Reading population raster data from D:\GFM\inputs\exposure\ppp_2020_1km_Aggregated.tif
2026-08-04 06:55:10,622 - snakemake_workflow - rasterdataset - DEBUG - Clip to [98.000, 71.000, 100.000, 72.000] (epsg:4326))
2026-08-04 06:55:11,660 - snakemake_workflow - rasterdataset - INFO - Reading population raster data from D:\GFM\inputs\exposure\ppp_2020_1km_Aggregated.tif
2026-08-04 06:55:11,787 - snakemake_workflow - rasterdataset - INFO - Reading population raster data from D:\GFM\inputs\exposure\ppp_2020_1km_Aggregated.tif
2026-08-04 06:55:12,060 - snakemake_workflow - rasterdataset - DEBUG - Clip to [107.000, 76.000, 111.000, 77.000] (epsg:4326))
2026-08-04 06:55:12,060 - snakemake_workflow - rasterdataset - DEBUG - Clip to [79.000, 72.000, 80.000, 75.000] (epsg:4326))
2026-08-04 06:55:12,538 - snakemake_workflow - rasterdataset - INFO - Reading population raster data from D:\GFM\inputs\exposure\ppp_2020_1km_Aggregated.tif
2026-08-04 06:55:12,716 - snakemake_workflow - rasterdataset - INFO - Reading population raster data from D:\GFM\inputs\exposure\ppp_2020_1km_Aggregated.tif
2026-08-04 06:55:12,954 - snakemake_workflow - rasterdataset - DEBUG - Clip to [65.000, 76.000, 69.000, 77.000] (epsg:4326))
2026-08-04 06:55:12,954 - snakemake_workflow - rasterdataset - DEBUG - Clip to [86.000, 65.000, 87.000, 69.000] (epsg:4326))
2026-08-04 06:55:13,258 - snakemake_workflow - rasterdataset - INFO - Reading population raster data from D:\GFM\inputs\exposure\ppp_2020_1km_Aggregated.tif
2026-08-04 06:55:13,349 - snakemake_workflow - rasterdataset - DEBUG - Clip to [87.000, 63.000, 88.000, 67.000] (epsg:4326))
2026-08-04 06:55:13,572 - snakemake_workflow - rasterdataset - INFO - Reading population raster data from D:\GFM\inputs\exposure\ppp_2020_1km_Aggregated.tif
2026-08-04 06:55:13,620 - snakemake_workflow - rasterdataset - DEBUG - Clip to [71.000, 61.000, 73.000, 62.000] (epsg:4326))
2026-08-04 06:55:14,003 - snakemake_workflow - rasterdataset - INFO - Reading population raster data from D:\GFM\inputs\exposure\ppp_2020_1km_Aggregated.tif
2026-08-04 06:55:14,307 - snakemake_workflow - rasterdataset - DEBUG - Clip to [100.000, 74.000, 104.000, 75.000] (epsg:4326))
2026-08-04 06:55:15,427 - snakemake_workflow - rasterdataset - INFO - Reading population raster data from D:\GFM\inputs\exposure\ppp_2020_1km_Aggregated.tif
2026-08-04 06:55:15,811 - snakemake_workflow - rasterdataset - INFO - Reading population raster data from D:\GFM\inputs\exposure\ppp_2020_1km_Aggregated.tif
2026-08-04 06:55:15,827 - snakemake_workflow - rasterdataset - DEBUG - Clip to [117.000, 73.000, 121.000, 74.000] (epsg:4326))
2026-08-04 06:55:16,027 - snakemake_workflow - rasterdataset - DEBUG - Clip to [66.000, 76.000, 70.000, 77.000] (epsg:4326))
2026-08-04 06:55:16,611 - snakemake_workflow - rasterdataset - INFO - Reading population raster data from D:\GFM\inputs\exposure\ppp_2020_1km_Aggregated.tif
2026-08-04 06:55:17,008 - snakemake_workflow - rasterdataset - DEBUG - Clip to [82.000, 65.000, 84.000, 66.000] (epsg:4326))
2026-08-04 06:55:17,785 - snakemake_workflow - rasterdataset - INFO - Reading population raster data from D:\GFM\inputs\exposure\ppp_2020_1km_Aggregated.tif
2026-08-04 06:55:17,817 - snakemake_workflow - rasterdataset - DEBUG - Clip to [109.000, 76.000, 113.000, 77.000] (epsg:4326))
2026-08-04 06:55:18,120 - snakemake_workflow - rasterdataset - INFO - Reading population raster data from D:\GFM\inputs\exposure\ppp_2020_1km_Aggregated.tif
2026-08-04 06:55:18,232 - snakemake_workflow - rasterdataset - DEBUG - Clip to [132.000, 71.000, 136.000, 72.000] (epsg:4326))
2026-08-04 06:55:20,722 - snakemake_workflow - rasterdataset - INFO - Reading population raster data from D:\GFM\inputs\exposure\ppp_2020_1km_Aggregated.tif
2026-08-04 06:55:20,751 - snakemake_workflow - rasterdataset - DEBUG - Clip to [89.000, 77.000, 92.000, 78.000] (epsg:4326))
2026-08-04 06:55:21,253 - snakemake_workflow - rasterdataset - INFO - Reading population raster data from D:\GFM\inputs\exposure\ppp_2020_1km_Aggregated.tif
2026-08-04 06:55:21,253 - snakemake_workflow - rasterdataset - INFO - Reading population raster data from D:\GFM\inputs\exposure\ppp_2020_1km_Aggregated.tif
2026-08-04 06:55:21,343 - snakemake_workflow - rasterdataset - INFO - Reading population raster data from D:\GFM\inputs\exposure\ppp_2020_1km_Aggregated.tif
2026-08-04 06:55:21,407 - snakemake_workflow - rasterdataset - INFO - Reading population raster data from D:\GFM\inputs\exposure\ppp_2020_1km_Aggregated.tif
2026-08-04 06:55:21,424 - snakemake_workflow - rasterdataset - DEBUG - Clip to [114.000, 73.000, 118.000, 74.000] (epsg:4326))
2026-08-04 06:55:21,424 - snakemake_workflow - rasterdataset - DEBUG - Clip to [82.000, 69.000, 86.000, 70.000] (epsg:4326))
2026-08-04 06:55:21,530 - snakemake_workflow - rasterdataset - DEBUG - Clip to [85.000, 65.000, 89.000, 66.000] (epsg:4326))
2026-08-04 06:55:21,534 - snakemake_workflow - rasterdataset - DEBUG - Clip to [106.000, 73.000, 107.000, 77.000] (epsg:4326))
2026-08-04 06:55:21,709 - snakemake_workflow - rasterdataset - INFO - Reading population raster data from D:\GFM\inputs\exposure\ppp_2020_1km_Aggregated.tif
2026-08-04 06:55:21,789 - snakemake_workflow - rasterdataset - DEBUG - Clip to [119.000, 72.000, 121.000, 74.000] (epsg:4326))
2026-08-04 06:55:23,816 - snakemake_workflow - rasterdataset - INFO - Reading population raster data from D:\GFM\inputs\exposure\ppp_2020_1km_Aggregated.tif
2026-08-04 06:55:23,971 - snakemake_workflow - rasterdataset - DEBUG - Clip to [93.000, 78.000, 94.000, 81.000] (epsg:4326))
2026-08-04 06:55:25,084 - snakemake_workflow - rasterdataset - INFO - Reading population raster data from D:\GFM\inputs\exposure\ppp_2020_1km_Aggregated.tif
2026-08-04 06:55:25,100 - snakemake_workflow - rasterdataset - DEBUG - Clip to [161.000, 69.000, 165.000, 70.000] (epsg:4326))
2026-08-04 06:55:25,418 - snakemake_workflow - rasterdataset - INFO - Reading population raster data from D:\GFM\inputs\exposure\ppp_2020_1km_Aggregated.tif
2026-08-04 06:55:25,609 - snakemake_workflow - rasterdataset - DEBUG - Clip to [144.000, 75.000, 146.000, 76.000] (epsg:4326))
2026-08-04 06:55:25,769 - snakemake_workflow - rasterdataset - INFO - Reading population raster data from D:\GFM\inputs\exposure\ppp_2020_1km_Aggregated.tif
2026-08-04 06:55:25,912 - snakemake_workflow - rasterdataset - DEBUG - Clip to [86.000, 66.000, 88.000, 67.000] (epsg:4326))
2026-08-04 06:55:26,341 - snakemake_workflow - rasterdataset - INFO - Reading population raster data from D:\GFM\inputs\exposure\ppp_2020_1km_Aggregated.tif
2026-08-04 06:55:26,646 - snakemake_workflow - rasterdataset - INFO - Reading population raster data from D:\GFM\inputs\exposure\ppp_2020_1km_Aggregated.tif
2026-08-04 06:55:26,646 - snakemake_workflow - rasterdataset - INFO - Reading population raster data from D:\GFM\inputs\exposure\ppp_2020_1km_Aggregated.tif
2026-08-04 06:55:26,660 - snakemake_workflow - rasterdataset - DEBUG - Clip to [116.000, 73.000, 120.000, 74.000] (epsg:4326))
2026-08-04 06:55:26,834 - snakemake_workflow - rasterdataset - DEBUG - Clip to [167.000, 69.000, 171.000, 70.000] (epsg:4326))
2026-08-04 06:55:26,979 - snakemake_workflow - rasterdataset - DEBUG - Clip to [122.000, 70.000, 123.000, 73.000] (epsg:4326))
2026-08-04 06:55:27,484 - snakemake_workflow - rasterdataset - INFO - Reading population raster data from D:\GFM\inputs\exposure\ppp_2020_1km_Aggregated.tif
2026-08-04 06:55:27,505 - snakemake_workflow - rasterdataset - DEBUG - Clip to [106.000, 76.000, 110.000, 77.000] (epsg:4326))
2026-08-04 06:55:28,941 - snakemake_workflow - rasterdataset - INFO - Reading population raster data from D:\GFM\inputs\exposure\ppp_2020_1km_Aggregated.tif
2026-08-04 06:55:28,941 - snakemake_workflow - rasterdataset - INFO - Reading population raster data from D:\GFM\inputs\exposure\ppp_2020_1km_Aggregated.tif
2026-08-04 06:55:29,183 - snakemake_workflow - rasterdataset - INFO - Reading population raster data from D:\GFM\inputs\exposure\ppp_2020_1km_Aggregated.tif
2026-08-04 06:55:29,207 - snakemake_workflow - rasterdataset - DEBUG - Clip to [176.000, 69.000, 180.000, 70.000] (epsg:4326))
2026-08-04 06:55:29,212 - snakemake_workflow - rasterdataset - DEBUG - Clip to [-17.000, 64.000, -13.000, 65.000] (epsg:4326))
2026-08-04 06:55:29,213 - snakemake_workflow - rasterdataset - DEBUG - Clip to [-39.000, -55.000, -35.000, -54.000] (epsg:4326))
2026-08-04 06:55:29,436 - snakemake_workflow - rasterdataset - INFO - Reading population raster data from D:\GFM\inputs\exposure\ppp_2020_1km_Aggregated.tif
2026-08-04 06:55:29,628 - snakemake_workflow - rasterdataset - DEBUG - Clip to [144.000, 75.000, 148.000, 76.000] (epsg:4326))
2026-08-04 06:55:29,771 - snakemake_workflow - rasterdataset - INFO - Reading population raster data from D:\GFM\inputs\exposure\ppp_2020_1km_Aggregated.tif
2026-08-04 06:55:29,805 - snakemake_workflow - rasterdataset - DEBUG - Clip to [-59.000, -52.000, -57.000, -51.000] (epsg:4326))
2026-08-04 06:55:31,060 - snakemake_workflow - rasterdataset - INFO - Reading population raster data from D:\GFM\inputs\exposure\ppp_2020_1km_Aggregated.tif
2026-08-04 06:55:31,266 - snakemake_workflow - rasterdataset - DEBUG - Clip to [123.000, 66.000, 124.000, 70.000] (epsg:4326))
2026-08-04 06:55:31,809 - snakemake_workflow - rasterdataset - INFO - Reading population raster data from D:\GFM\inputs\exposure\ppp_2020_1km_Aggregated.tif
2026-08-04 06:55:31,982 - snakemake_workflow - rasterdataset - DEBUG - Clip to [162.000, 69.000, 166.000, 70.000] (epsg:4326))
2026-08-04 06:55:32,971 - snakemake_workflow - rasterdataset - INFO - Reading population raster data from D:\GFM\inputs\exposure\ppp_2020_1km_Aggregated.tif
2026-08-04 06:55:32,971 - snakemake_workflow - rasterdataset - INFO - Reading population raster data from D:\GFM\inputs\exposure\ppp_2020_1km_Aggregated.tif
2026-08-04 06:55:33,117 - snakemake_workflow - rasterdataset - DEBUG - Clip to [68.000, -50.000, 70.000, -48.000] (epsg:4326))
2026-08-04 06:55:33,274 - snakemake_workflow - rasterdataset - DEBUG - Clip to [170.000, 69.000, 174.000, 70.000] (epsg:4326))
2026-08-04 06:55:33,386 - snakemake_workflow - rasterdataset - INFO - Reading population raster data from D:\GFM\inputs\exposure\ppp_2020_1km_Aggregated.tif
2026-08-04 06:55:33,467 - snakemake_workflow - rasterdataset - INFO - Reading population raster data from D:\GFM\inputs\exposure\ppp_2020_1km_Aggregated.tif
2026-08-04 06:55:33,467 - snakemake_workflow - rasterdataset - INFO - Reading population raster data from D:\GFM\inputs\exposure\ppp_2020_1km_Aggregated.tif
2026-08-04 06:55:33,469 - snakemake_workflow - rasterdataset - DEBUG - Clip to [164.000, 69.000, 168.000, 70.000] (epsg:4326))
2026-08-04 06:55:33,577 - snakemake_workflow - rasterdataset - DEBUG - Clip to [167.000, -48.000, 169.000, -46.000] (epsg:4326))
2026-08-04 06:55:33,610 - snakemake_workflow - rasterdataset - DEBUG - Clip to [160.000, 69.000, 164.000, 70.000] (epsg:4326))
2026-08-04 06:55:34,036 - snakemake_workflow - rasterdataset - INFO - Reading population raster data from D:\GFM\inputs\exposure\ppp_2020_1km_Aggregated.tif
2026-08-04 06:55:34,313 - snakemake_workflow - rasterdataset - DEBUG - Clip to [-15.000, 64.000, -13.000, 66.000] (epsg:4326))
2026-08-04 06:55:35,515 - snakemake_workflow - rasterdataset - INFO - Reading population raster data from D:\GFM\inputs\exposure\ppp_2020_1km_Aggregated.tif
2026-08-04 06:55:35,547 - snakemake_workflow - rasterdataset - DEBUG - Clip to [165.000, 69.000, 169.000, 70.000] (epsg:4326))
2026-08-04 06:55:36,642 - snakemake_workflow - rasterdataset - INFO - Reading population raster data from D:\GFM\inputs\exposure\ppp_2020_1km_Aggregated.tif
2026-08-04 06:55:36,787 - snakemake_workflow - rasterdataset - INFO - Reading population raster data from D:\GFM\inputs\exposure\ppp_2020_1km_Aggregated.tif
2026-08-04 06:55:37,090 - snakemake_workflow - rasterdataset - DEBUG - Clip to [167.000, -47.000, 168.000, -44.000] (epsg:4326))
2026-08-04 06:55:37,090 - snakemake_workflow - rasterdataset - DEBUG - Clip to [168.000, -44.000, 172.000, -43.000] (epsg:4326))
2026-08-04 06:55:37,646 - snakemake_workflow - rasterdataset - INFO - Reading population raster data from D:\GFM\inputs\exposure\ppp_2020_1km_Aggregated.tif
2026-08-04 06:55:37,794 - snakemake_workflow - rasterdataset - DEBUG - Clip to [171.000, 69.000, 175.000, 70.000] (epsg:4326))
2026-08-04 06:55:38,012 - snakemake_workflow - rasterdataset - INFO - Reading population raster data from D:\GFM\inputs\exposure\ppp_2020_1km_Aggregated.tif
2026-08-04 06:55:38,091 - snakemake_workflow - rasterdataset - DEBUG - Clip to [171.000, -44.000, 172.000, -41.000] (epsg:4326))
2026-08-04 06:55:38,411 - snakemake_workflow - rasterdataset - INFO - Reading population raster data from D:\GFM\inputs\exposure\ppp_2020_1km_Aggregated.tif
2026-08-04 06:55:38,457 - snakemake_workflow - rasterdataset - DEBUG - Clip to [-19.000, 66.000, -15.000, 67.000] (epsg:4326))
2026-08-04 06:55:40,036 - snakemake_workflow - rasterdataset - INFO - Reading population raster data from D:\GFM\inputs\exposure\ppp_2020_1km_Aggregated.tif
2026-08-04 06:55:40,051 - snakemake_workflow - rasterdataset - INFO - Reading population raster data from D:\GFM\inputs\exposure\ppp_2020_1km_Aggregated.tif
2026-08-04 06:55:40,079 - snakemake_workflow - rasterdataset - DEBUG - Clip to [173.000, 69.000, 177.000, 70.000] (epsg:4326))
2026-08-04 06:55:40,081 - snakemake_workflow - rasterdataset - DEBUG - Clip to [47.000, -25.000, 48.000, -21.000] (epsg:4326))
2026-08-04 06:55:41,253 - snakemake_workflow - rasterdataset - INFO - Reading population raster data from D:\GFM\inputs\exposure\ppp_2020_1km_Aggregated.tif
2026-08-04 06:55:41,347 - snakemake_workflow - rasterdataset - INFO - Reading population raster data from D:\GFM\inputs\exposure\ppp_2020_1km_Aggregated.tif
2026-08-04 06:55:41,374 - snakemake_workflow - rasterdataset - DEBUG - Clip to [166.000, -47.000, 170.000, -46.000] (epsg:4326))
2026-08-04 06:55:41,374 - snakemake_workflow - rasterdataset - DEBUG - Clip to [171.000, -46.000, 172.000, -42.000] (epsg:4326))
2026-08-04 06:55:42,953 - snakemake_workflow - rasterdataset - INFO - Reading population raster data from D:\GFM\inputs\exposure\ppp_2020_1km_Aggregated.tif
2026-08-04 06:55:42,972 - snakemake_workflow - rasterdataset - INFO - Reading population raster data from D:\GFM\inputs\exposure\ppp_2020_1km_Aggregated.tif
2026-08-04 06:55:42,986 - snakemake_workflow - rasterdataset - DEBUG - Clip to [171.000, -44.000, 174.000, -43.000] (epsg:4326))
2026-08-04 06:55:43,000 - snakemake_workflow - rasterdataset - DEBUG - Clip to [44.000, -21.000, 45.000, -17.000] (epsg:4326))
2026-08-04 06:55:44,212 - snakemake_workflow - rasterdataset - INFO - Reading population raster data from D:\GFM\inputs\exposure\ppp_2020_1km_Aggregated.tif
2026-08-04 06:55:44,550 - snakemake_workflow - rasterdataset - DEBUG - Clip to [-16.000, 66.000, -14.000, 67.000] (epsg:4326))
2026-08-04 06:55:45,139 - snakemake_workflow - rasterdataset - INFO - Reading population raster data from D:\GFM\inputs\exposure\ppp_2020_1km_Aggregated.tif
2026-08-04 06:55:45,441 - snakemake_workflow - rasterdataset - DEBUG - Clip to [166.000, -47.000, 168.000, -45.000] (epsg:4326))
2026-08-04 06:55:45,837 - snakemake_workflow - rasterdataset - INFO - Reading population raster data from D:\GFM\inputs\exposure\ppp_2020_1km_Aggregated.tif
2026-08-04 06:55:45,857 - snakemake_workflow - rasterdataset - DEBUG - Clip to [170.000, -44.000, 172.000, -42.000] (epsg:4326))
2026-08-04 06:55:46,464 - snakemake_workflow - rasterdataset - INFO - Reading population raster data from D:\GFM\inputs\exposure\ppp_2020_1km_Aggregated.tif
2026-08-04 06:55:46,517 - snakemake_workflow - rasterdataset - INFO - Reading population raster data from D:\GFM\inputs\exposure\ppp_2020_1km_Aggregated.tif
2026-08-04 06:55:46,564 - snakemake_workflow - rasterdataset - DEBUG - Clip to [174.000, -40.000, 175.000, -36.000] (epsg:4326))
2026-08-04 06:55:46,572 - snakemake_workflow - rasterdataset - INFO - Reading population raster data from D:\GFM\inputs\exposure\ppp_2020_1km_Aggregated.tif
2026-08-04 06:55:46,585 - snakemake_workflow - rasterdataset - DEBUG - Clip to [43.000, -22.000, 44.000, -20.000] (epsg:4326))
2026-08-04 06:55:46,716 - snakemake_workflow - rasterdataset - DEBUG - Clip to [48.000, -20.000, 50.000, -18.000] (epsg:4326))
2026-08-04 06:55:47,145 - snakemake_workflow - rasterdataset - INFO - Reading population raster data from D:\GFM\inputs\exposure\ppp_2020_1km_Aggregated.tif
2026-08-04 06:55:47,391 - snakemake_workflow - rasterdataset - DEBUG - Clip to [171.000, -44.000, 173.000, -43.000] (epsg:4326))
2026-08-04 06:55:47,702 - snakemake_workflow - rasterdataset - INFO - Reading population raster data from D:\GFM\inputs\exposure\ppp_2020_1km_Aggregated.tif
2026-08-04 06:55:47,702 - snakemake_workflow - rasterdataset - INFO - Reading population raster data from D:\GFM\inputs\exposure\ppp_2020_1km_Aggregated.tif
2026-08-04 06:55:47,735 - snakemake_workflow - rasterdataset - DEBUG - Clip to [-139.000, -23.000, -138.000, -21.000] (epsg:4326))
2026-08-04 06:55:47,735 - snakemake_workflow - rasterdataset - DEBUG - Clip to [167.000, -47.000, 171.000, -46.000] (epsg:4326))
2026-08-04 06:55:48,674 - snakemake_workflow - rasterdataset - INFO - Reading population raster data from D:\GFM\inputs\exposure\ppp_2020_1km_Aggregated.tif
2026-08-04 06:55:48,834 - snakemake_workflow - rasterdataset - DEBUG - Clip to [47.000, -23.000, 49.000, -21.000] (epsg:4326))
2026-08-04 06:55:49,377 - snakemake_workflow - rasterdataset - INFO - Reading population raster data from D:\GFM\inputs\exposure\ppp_2020_1km_Aggregated.tif
2026-08-04 06:55:49,377 - snakemake_workflow - rasterdataset - INFO - Reading population raster data from D:\GFM\inputs\exposure\ppp_2020_1km_Aggregated.tif
2026-08-04 06:55:49,377 - snakemake_workflow - rasterdataset - INFO - Reading population raster data from D:\GFM\inputs\exposure\ppp_2020_1km_Aggregated.tif
2026-08-04 06:55:49,399 - snakemake_workflow - rasterdataset - DEBUG - Clip to [-141.000, -17.000, -140.000, -15.000] (epsg:4326))
2026-08-04 06:55:49,408 - snakemake_workflow - rasterdataset - DEBUG - Clip to [-139.000, -19.000, -138.000, -17.000] (epsg:4326))
2026-08-04 06:55:49,426 - snakemake_workflow - rasterdataset - DEBUG - Clip to [48.000, -20.000, 49.000, -18.000] (epsg:4326))
2026-08-04 06:55:50,076 - snakemake_workflow - rasterdataset - INFO - Reading population raster data from D:\GFM\inputs\exposure\ppp_2020_1km_Aggregated.tif
2026-08-04 06:55:50,133 - snakemake_workflow - rasterdataset - DEBUG - Clip to [44.000, -18.000, 45.000, -16.000] (epsg:4326))
2026-08-04 06:55:51,066 - snakemake_workflow - rasterdataset - INFO - Reading population raster data from D:\GFM\inputs\exposure\ppp_2020_1km_Aggregated.tif
2026-08-04 06:55:51,082 - snakemake_workflow - rasterdataset - INFO - Reading population raster data from D:\GFM\inputs\exposure\ppp_2020_1km_Aggregated.tif
2026-08-04 06:55:51,082 - snakemake_workflow - rasterdataset - DEBUG - Clip to [49.000, -19.000, 50.000, -16.000] (epsg:4326))
2026-08-04 06:55:51,106 - snakemake_workflow - rasterdataset - DEBUG - Clip to [48.000, -22.000, 49.000, -19.000] (epsg:4326))
2026-08-04 06:55:51,808 - snakemake_workflow - rasterdataset - INFO - Reading population raster data from D:\GFM\inputs\exposure\ppp_2020_1km_Aggregated.tif
2026-08-04 06:55:51,829 - snakemake_workflow - rasterdataset - DEBUG - Clip to [-141.000, -19.000, -137.000, -18.000] (epsg:4326))
2026-08-04 06:55:52,132 - snakemake_workflow - rasterdataset - INFO - Reading population raster data from D:\GFM\inputs\exposure\ppp_2020_1km_Aggregated.tif
2026-08-04 06:55:52,147 - snakemake_workflow - rasterdataset - DEBUG - Clip to [-143.000, -17.000, -142.000, -15.000] (epsg:4326))
2026-08-04 06:55:52,780 - snakemake_workflow - rasterdataset - INFO - Reading population raster data from D:\GFM\inputs\exposure\ppp_2020_1km_Aggregated.tif
2026-08-04 06:55:52,915 - snakemake_workflow - rasterdataset - DEBUG - Clip to [43.000, -19.000, 45.000, -17.000] (epsg:4326))
2026-08-04 06:55:53,519 - snakemake_workflow - rasterdataset - INFO - Reading population raster data from D:\GFM\inputs\exposure\ppp_2020_1km_Aggregated.tif
2026-08-04 06:55:53,538 - snakemake_workflow - rasterdataset - DEBUG - Clip to [43.000, -25.000, 44.000, -21.000] (epsg:4326))
2026-08-04 06:55:53,962 - snakemake_workflow - rasterdataset - INFO - Reading population raster data from D:\GFM\inputs\exposure\ppp_2020_1km_Aggregated.tif
2026-08-04 06:55:54,011 - snakemake_workflow - rasterdataset - DEBUG - Clip to [-179.000, -19.000, -178.000, -17.000] (epsg:4326))
2026-08-04 06:55:54,326 - snakemake_workflow - rasterdataset - INFO - Reading population raster data from D:\GFM\inputs\exposure\ppp_2020_1km_Aggregated.tif
2026-08-04 06:55:54,354 - snakemake_workflow - rasterdataset - DEBUG - Clip to [45.000, -17.000, 47.000, -15.000] (epsg:4326))
2026-08-04 06:55:54,515 - snakemake_workflow - rasterdataset - INFO - Reading population raster data from D:\GFM\inputs\exposure\ppp_2020_1km_Aggregated.tif
2026-08-04 06:55:54,640 - snakemake_workflow - rasterdataset - INFO - Reading population raster data from D:\GFM\inputs\exposure\ppp_2020_1km_Aggregated.tif
2026-08-04 06:55:54,643 - snakemake_workflow - rasterdataset - DEBUG - Clip to [163.000, -21.000, 165.000, -20.000] (epsg:4326))
2026-08-04 06:55:54,668 - snakemake_workflow - rasterdataset - DEBUG - Clip to [-140.000, -19.000, -136.000, -18.000] (epsg:4326))
2026-08-04 06:55:55,054 - snakemake_workflow - rasterdataset - INFO - Reading population raster data from D:\GFM\inputs\exposure\ppp_2020_1km_Aggregated.tif
2026-08-04 06:55:55,118 - snakemake_workflow - rasterdataset - DEBUG - Clip to [168.000, -19.000, 169.000, -16.000] (epsg:4326))
2026-08-04 06:55:55,866 - snakemake_workflow - rasterdataset - INFO - Reading population raster data from D:\GFM\inputs\exposure\ppp_2020_1km_Aggregated.tif
2026-08-04 06:55:55,895 - snakemake_workflow - rasterdataset - DEBUG - Clip to [-180.000, -19.000, -178.000, -17.000] (epsg:4326))
2026-08-04 06:55:56,242 - snakemake_workflow - rasterdataset - INFO - Reading population raster data from D:\GFM\inputs\exposure\ppp_2020_1km_Aggregated.tif
2026-08-04 06:55:56,247 - snakemake_workflow - rasterdataset - INFO - Reading population raster data from D:\GFM\inputs\exposure\ppp_2020_1km_Aggregated.tif
2026-08-04 06:55:56,263 - snakemake_workflow - rasterdataset - DEBUG - Clip to [-140.000, -11.000, -138.000, -9.000] (epsg:4326))
2026-08-04 06:55:56,343 - snakemake_workflow - rasterdataset - DEBUG - Clip to [-92.000, 0.000, -91.000, 2.000] (epsg:4326))
2026-08-04 06:55:56,422 - snakemake_workflow - rasterdataset - INFO - Reading population raster data from D:\GFM\inputs\exposure\ppp_2020_1km_Aggregated.tif
2026-08-04 06:55:56,440 - snakemake_workflow - rasterdataset - DEBUG - Clip to [-179.000, -22.000, -178.000, -18.000] (epsg:4326))
2026-08-04 06:55:57,355 - snakemake_workflow - rasterdataset - INFO - Reading population raster data from D:\GFM\inputs\exposure\ppp_2020_1km_Aggregated.tif
2026-08-04 06:55:57,408 - snakemake_workflow - rasterdataset - DEBUG - Clip to [73.000, -1.000, 74.000, 3.000] (epsg:4326))
2026-08-04 06:55:57,450 - snakemake_workflow - rasterdataset - INFO - Reading population raster data from D:\GFM\inputs\exposure\ppp_2020_1km_Aggregated.tif
2026-08-04 06:55:57,488 - snakemake_workflow - rasterdataset - DEBUG - Clip to [176.000, -18.000, 178.000, -17.000] (epsg:4326))
2026-08-04 06:55:57,524 - snakemake_workflow - rasterdataset - INFO - Reading population raster data from D:\GFM\inputs\exposure\ppp_2020_1km_Aggregated.tif
2026-08-04 06:55:57,563 - snakemake_workflow - rasterdataset - DEBUG - Clip to [49.000, -14.000, 50.000, -11.000] (epsg:4326))
2026-08-04 06:55:57,688 - snakemake_workflow - rasterdataset - INFO - Reading population raster data from D:\GFM\inputs\exposure\ppp_2020_1km_Aggregated.tif
2026-08-04 06:55:57,735 - snakemake_workflow - rasterdataset - DEBUG - Clip to [-175.000, -20.000, -174.000, -18.000] (epsg:4326))
2026-08-04 06:55:58,370 - snakemake_workflow - rasterdataset - INFO - Reading population raster data from D:\GFM\inputs\exposure\ppp_2020_1km_Aggregated.tif
2026-08-04 06:55:58,414 - snakemake_workflow - rasterdataset - DEBUG - Clip to [173.000, 1.000, 174.000, 4.000] (epsg:4326))
2026-08-04 06:55:58,475 - snakemake_workflow - rasterdataset - INFO - Reading population raster data from D:\GFM\inputs\exposure\ppp_2020_1km_Aggregated.tif
2026-08-04 06:55:58,565 - snakemake_workflow - rasterdataset - DEBUG - Clip to [-151.000, -18.000, -149.000, -16.000] (epsg:4326))
2026-08-04 06:55:58,651 - snakemake_workflow - rasterdataset - INFO - Reading population raster data from D:\GFM\inputs\exposure\ppp_2020_1km_Aggregated.tif
2026-08-04 06:55:58,745 - snakemake_workflow - rasterdataset - INFO - Reading population raster data from D:\GFM\inputs\exposure\ppp_2020_1km_Aggregated.tif
2026-08-04 06:55:58,766 - snakemake_workflow - rasterdataset - DEBUG - Clip to [-141.000, -10.000, -139.000, -8.000] (epsg:4326))
2026-08-04 06:55:58,780 - snakemake_workflow - rasterdataset - DEBUG - Clip to [-159.000, -21.000, -157.000, -19.000] (epsg:4326))
2026-08-04 06:55:59,130 - snakemake_workflow - rasterdataset - INFO - Reading population raster data from D:\GFM\inputs\exposure\ppp_2020_1km_Aggregated.tif
2026-08-04 06:55:59,189 - snakemake_workflow - rasterdataset - DEBUG - Clip to [72.000, 5.000, 73.000, 8.000] (epsg:4326))
2026-08-04 06:55:59,279 - snakemake_workflow - rasterdataset - INFO - Reading population raster data from D:\GFM\inputs\exposure\ppp_2020_1km_Aggregated.tif
2026-08-04 06:55:59,353 - snakemake_workflow - rasterdataset - DEBUG - Clip to [92.000, 8.000, 93.000, 12.000] (epsg:4326))
2026-08-04 06:56:00,003 - snakemake_workflow - rasterdataset - INFO - Reading population raster data from D:\GFM\inputs\exposure\ppp_2020_1km_Aggregated.tif
2026-08-04 06:56:00,057 - snakemake_workflow - rasterdataset - DEBUG - Clip to [157.000, 6.000, 159.000, 8.000] (epsg:4326))
2026-08-04 06:56:00,465 - snakemake_workflow - rasterdataset - INFO - Reading population raster data from D:\GFM\inputs\exposure\ppp_2020_1km_Aggregated.tif
2026-08-04 06:56:00,500 - snakemake_workflow - rasterdataset - DEBUG - Clip to [-159.000, -10.000, -157.000, -8.000] (epsg:4326))
2026-08-04 06:56:00,539 - snakemake_workflow - rasterdataset - INFO - Reading population raster data from D:\GFM\inputs\exposure\ppp_2020_1km_Aggregated.tif
2026-08-04 06:56:00,580 - snakemake_workflow - rasterdataset - DEBUG - Clip to [172.000, 0.000, 174.000, 2.000] (epsg:4326))
2026-08-04 06:56:00,670 - snakemake_workflow - rasterdataset - INFO - Reading population raster data from D:\GFM\inputs\exposure\ppp_2020_1km_Aggregated.tif
2026-08-04 06:56:00,705 - snakemake_workflow - rasterdataset - DEBUG - Clip to [-155.000, -17.000, -151.000, -16.000] (epsg:4326))
2026-08-04 06:56:00,753 - snakemake_workflow - rasterdataset - INFO - Reading population raster data from D:\GFM\inputs\exposure\ppp_2020_1km_Aggregated.tif
2026-08-04 06:56:00,880 - snakemake_workflow - rasterdataset - DEBUG - Clip to [72.000, 10.000, 74.000, 12.000] (epsg:4326))
2026-08-04 06:56:01,575 - snakemake_workflow - rasterdataset - INFO - Reading population raster data from D:\GFM\inputs\exposure\ppp_2020_1km_Aggregated.tif
2026-08-04 06:56:01,628 - snakemake_workflow - rasterdataset - DEBUG - Clip to [93.000, 13.000, 94.000, 15.000] (epsg:4326))
2026-08-04 06:56:01,855 - snakemake_workflow - rasterdataset - INFO - Reading population raster data from D:\GFM\inputs\exposure\ppp_2020_1km_Aggregated.tif
2026-08-04 06:56:01,896 - snakemake_workflow - rasterdataset - DEBUG - Clip to [157.000, 6.000, 161.000, 7.000] (epsg:4326))
2026-08-04 06:56:02,038 - snakemake_workflow - rasterdataset - INFO - Reading population raster data from D:\GFM\inputs\exposure\ppp_2020_1km_Aggregated.tif
2026-08-04 06:56:02,101 - snakemake_workflow - rasterdataset - DEBUG - Clip to [175.000, -3.000, 177.000, -1.000] (epsg:4326))
2026-08-04 06:56:02,190 - snakemake_workflow - rasterdataset - INFO - Reading population raster data from D:\GFM\inputs\exposure\ppp_2020_1km_Aggregated.tif
2026-08-04 06:56:02,254 - snakemake_workflow - rasterdataset - DEBUG - Clip to [145.000, 14.000, 146.000, 18.000] (epsg:4326))
2026-08-04 06:56:02,667 - snakemake_workflow - rasterdataset - INFO - Reading population raster data from D:\GFM\inputs\exposure\ppp_2020_1km_Aggregated.tif
2026-08-04 06:56:02,726 - snakemake_workflow - rasterdataset - DEBUG - Clip to [149.000, 8.000, 153.000, 9.000] (epsg:4326))
2026-08-04 06:56:02,786 - snakemake_workflow - rasterdataset - INFO - Reading population raster data from D:\GFM\inputs\exposure\ppp_2020_1km_Aggregated.tif
2026-08-04 06:56:02,844 - snakemake_workflow - rasterdataset - DEBUG - Clip to [-158.000, 20.000, -156.000, 22.000] (epsg:4326))
2026-08-04 06:56:03,012 - snakemake_workflow - rasterdataset - INFO - Reading population raster data from D:\GFM\inputs\exposure\ppp_2020_1km_Aggregated.tif
2026-08-04 06:56:03,112 - snakemake_workflow - rasterdataset - DEBUG - Clip to [-25.000, 14.000, -23.000, 16.000] (epsg:4326))
2026-08-04 06:56:03,826 - snakemake_workflow - rasterdataset - INFO - Reading population raster data from D:\GFM\inputs\exposure\ppp_2020_1km_Aggregated.tif
2026-08-04 06:56:03,895 - snakemake_workflow - rasterdataset - DEBUG - Clip to [169.000, 9.000, 171.000, 11.000] (epsg:4326))
2026-08-04 06:56:04,529 - snakemake_workflow - rasterdataset - INFO - Reading population raster data from D:\GFM\inputs\exposure\ppp_2020_1km_Aggregated.tif
2026-08-04 06:56:04,601 - snakemake_workflow - rasterdataset - DEBUG - Clip to [53.000, 39.000, 54.000, 41.000] (epsg:4326))
2026-08-04 06:56:04,732 - snakemake_workflow - rasterdataset - INFO - Reading population raster data from D:\GFM\inputs\exposure\ppp_2020_1km_Aggregated.tif
2026-08-04 06:56:04,784 - snakemake_workflow - rasterdataset - DEBUG - Clip to [145.000, 16.000, 146.000, 20.000] (epsg:4326))
2026-08-04 06:56:04,793 - snakemake_workflow - rasterdataset - INFO - Reading population raster data from D:\GFM\inputs\exposure\ppp_2020_1km_Aggregated.tif
2026-08-04 06:56:04,845 - snakemake_workflow - rasterdataset - DEBUG - Clip to [145.000, 19.000, 146.000, 21.000] (epsg:4326))
2026-08-04 06:56:04,880 - snakemake_workflow - rasterdataset - INFO - Reading population raster data from D:\GFM\inputs\exposure\ppp_2020_1km_Aggregated.tif
2026-08-04 06:56:04,907 - snakemake_workflow - rasterdataset - INFO - Reading population raster data from D:\GFM\inputs\exposure\ppp_2020_1km_Aggregated.tif
2026-08-04 06:56:04,925 - snakemake_workflow - rasterdataset - DEBUG - Clip to [-157.000, 19.000, -155.000, 21.000] (epsg:4326))
2026-08-04 06:56:04,963 - snakemake_workflow - rasterdataset - DEBUG - Clip to [166.000, 8.000, 169.000, 9.000] (epsg:4326))
2026-08-04 06:56:05,474 - snakemake_workflow - rasterdataset - INFO - Reading population raster data from D:\GFM\inputs\exposure\ppp_2020_1km_Aggregated.tif
2026-08-04 06:56:05,493 - snakemake_workflow - rasterdataset - INFO - Reading population raster data from D:\GFM\inputs\exposure\ppp_2020_1km_Aggregated.tif
2026-08-04 06:56:05,507 - snakemake_workflow - rasterdataset - DEBUG - Clip to [-161.000, 21.000, -157.000, 22.000] (epsg:4326))
2026-08-04 06:56:05,537 - snakemake_workflow - rasterdataset - DEBUG - Clip to [-25.000, 15.000, -24.000, 18.000] (epsg:4326))
2026-08-04 06:56:05,977 - snakemake_workflow - rasterdataset - INFO - Reading population raster data from D:\GFM\inputs\exposure\ppp_2020_1km_Aggregated.tif
2026-08-04 06:56:06,014 - snakemake_workflow - rasterdataset - DEBUG - Clip to [-29.000, 38.000, -27.000, 40.000] (epsg:4326))
2026-08-04 06:56:06,119 - snakemake_workflow - rasterdataset - INFO - Reading population raster data from D:\GFM\inputs\exposure\ppp_2020_1km_Aggregated.tif
2026-08-04 06:56:06,198 - snakemake_workflow - rasterdataset - DEBUG - Clip to [52.000, 39.000, 54.000, 41.000] (epsg:4326))
2026-08-04 06:56:06,391 - snakemake_workflow - rasterdataset - INFO - Reading population raster data from D:\GFM\inputs\exposure\ppp_2020_1km_Aggregated.tif
2026-08-04 06:56:06,442 - snakemake_workflow - rasterdataset - DEBUG - Clip to [14.000, 79.000, 15.000, 81.000] (epsg:4326))
2026-08-04 06:56:06,788 - snakemake_workflow - rasterdataset - INFO - Reading population raster data from D:\GFM\inputs\exposure\ppp_2020_1km_Aggregated.tif
2026-08-04 06:56:06,850 - snakemake_workflow - rasterdataset - DEBUG - Clip to [-26.000, 16.000, -24.000, 18.000] (epsg:4326))
2026-08-04 06:56:07,051 - snakemake_workflow - rasterdataset - INFO - Reading population raster data from D:\GFM\inputs\exposure\ppp_2020_1km_Aggregated.tif
2026-08-04 06:56:07,101 - snakemake_workflow - rasterdataset - DEBUG - Clip to [25.000, 80.000, 29.000, 81.000] (epsg:4326))
2026-08-04 06:56:07,676 - snakemake_workflow - rasterdataset - INFO - Reading population raster data from D:\GFM\inputs\exposure\ppp_2020_1km_Aggregated.tif
2026-08-04 06:56:07,728 - snakemake_workflow - rasterdataset - DEBUG - Clip to [-161.000, 21.000, -159.000, 23.000] (epsg:4326))
2026-08-04 06:56:08,088 - snakemake_workflow - rasterdataset - INFO - Reading population raster data from D:\GFM\inputs\exposure\ppp_2020_1km_Aggregated.tif
2026-08-04 06:56:08,162 - snakemake_workflow - rasterdataset - DEBUG - Clip to [22.000, 77.000, 25.000, 78.000] (epsg:4326))
2026-08-04 06:56:08,201 - snakemake_workflow - rasterdataset - INFO - Reading population raster data from D:\GFM\inputs\exposure\ppp_2020_1km_Aggregated.tif
2026-08-04 06:56:08,284 - snakemake_workflow - rasterdataset - DEBUG - Clip to [52.000, 40.000, 53.000, 43.000] (epsg:4326))
2026-08-04 06:56:08,377 - snakemake_workflow - rasterdataset - INFO - Reading population raster data from D:\GFM\inputs\exposure\ppp_2020_1km_Aggregated.tif
2026-08-04 06:56:08,433 - snakemake_workflow - rasterdataset - DEBUG - Clip to [172.000, 52.000, 176.000, 53.000] (epsg:4326))
2026-08-04 06:56:08,562 - snakemake_workflow - rasterdataset - INFO - Reading population raster data from D:\GFM\inputs\exposure\ppp_2020_1km_Aggregated.tif
2026-08-04 06:56:08,605 - snakemake_workflow - rasterdataset - DEBUG - Clip to [50.000, 80.000, 53.000, 81.000] (epsg:4326))
2026-08-04 06:56:09,480 - snakemake_workflow - rasterdataset - INFO - Reading population raster data from D:\GFM\inputs\exposure\ppp_2020_1km_Aggregated.tif
2026-08-04 06:56:09,537 - snakemake_workflow - rasterdataset - DEBUG - Clip to [27.000, 78.000, 31.000, 79.000] (epsg:4326))
2026-08-04 06:56:10,019 - snakemake_workflow - rasterdataset - INFO - Reading population raster data from D:\GFM\inputs\exposure\ppp_2020_1km_Aggregated.tif
2026-08-04 06:56:10,109 - snakemake_workflow - rasterdataset - DEBUG - Clip to [50.000, 36.000, 54.000, 37.000] (epsg:4326))
2026-08-04 06:56:10,294 - snakemake_workflow - rasterdataset - INFO - Reading population raster data from D:\GFM\inputs\exposure\ppp_2020_1km_Aggregated.tif
2026-08-04 06:56:10,362 - snakemake_workflow - rasterdataset - DEBUG - Clip to [51.000, 42.000, 52.000, 45.000] (epsg:4326))
2026-08-04 06:56:10,624 - snakemake_workflow - rasterdataset - INFO - Reading population raster data from D:\GFM\inputs\exposure\ppp_2020_1km_Aggregated.tif
2026-08-04 06:56:10,644 - snakemake_workflow - rasterdataset - INFO - Reading population raster data from D:\GFM\inputs\exposure\ppp_2020_1km_Aggregated.tif
2026-08-04 06:56:10,698 - snakemake_workflow - rasterdataset - DEBUG - Clip to [44.000, 80.000, 46.000, 81.000] (epsg:4326))
2026-08-04 06:56:10,709 - snakemake_workflow - rasterdataset - DEBUG - Clip to [22.000, 77.000, 26.000, 78.000] (epsg:4326))
2026-08-04 06:56:11,151 - snakemake_workflow - rasterdataset - INFO - Reading population raster data from D:\GFM\inputs\exposure\ppp_2020_1km_Aggregated.tif
2026-08-04 06:56:11,207 - snakemake_workflow - rasterdataset - DEBUG - Clip to [-8.000, 61.000, -6.000, 63.000] (epsg:4326))
2026-08-04 06:56:11,999 - snakemake_workflow - rasterdataset - INFO - Reading population raster data from D:\GFM\inputs\exposure\ppp_2020_1km_Aggregated.tif
2026-08-04 06:56:12,047 - snakemake_workflow - rasterdataset - DEBUG - Clip to [51.000, 80.000, 55.000, 81.000] (epsg:4326))
2026-08-04 06:56:12,071 - snakemake_workflow - rasterdataset - INFO - Reading population raster data from D:\GFM\inputs\exposure\ppp_2020_1km_Aggregated.tif
2026-08-04 06:56:12,110 - snakemake_workflow - rasterdataset - DEBUG - Clip to [29.000, 78.000, 31.000, 79.000] (epsg:4326))
2026-08-04 06:56:12,343 - snakemake_workflow - rasterdataset - INFO - Reading population raster data from D:\GFM\inputs\exposure\ppp_2020_1km_Aggregated.tif
2026-08-04 06:56:12,391 - snakemake_workflow - rasterdataset - DEBUG - Clip to [-68.000, -49.000, -66.000, -48.000] (epsg:4326))
2026-08-04 06:56:12,511 - snakemake_workflow - rasterdataset - INFO - Reading population raster data from D:\GFM\inputs\exposure\ppp_2020_1km_Aggregated.tif
2026-08-04 06:56:12,653 - snakemake_workflow - rasterdataset - DEBUG - Clip to [24.000, 76.000, 26.000, 78.000] (epsg:4326))
2026-08-04 06:56:12,827 - snakemake_workflow - rasterdataset - INFO - Reading population raster data from D:\GFM\inputs\exposure\ppp_2020_1km_Aggregated.tif
2026-08-04 06:56:12,847 - snakemake_workflow - rasterdataset - INFO - Reading population raster data from D:\GFM\inputs\exposure\ppp_2020_1km_Aggregated.tif
2026-08-04 06:56:12,865 - snakemake_workflow - rasterdataset - DEBUG - Clip to [-62.000, 13.000, -59.000, 14.000] (epsg:4326))
2026-08-04 06:56:12,885 - snakemake_workflow - rasterdataset - DEBUG - Clip to [45.000, 80.000, 49.000, 81.000] (epsg:4326))
2026-08-04 06:56:13,714 - snakemake_workflow - rasterdataset - INFO - Reading population raster data from D:\GFM\inputs\exposure\ppp_2020_1km_Aggregated.tif
2026-08-04 06:56:13,761 - snakemake_workflow - rasterdataset - DEBUG - Clip to [-55.000, -36.000, -54.000, -34.000] (epsg:4326))
2026-08-04 06:56:13,785 - snakemake_workflow - rasterdataset - INFO - Reading population raster data from D:\GFM\inputs\exposure\ppp_2020_1km_Aggregated.tif
2026-08-04 06:56:13,835 - snakemake_workflow - rasterdataset - DEBUG - Clip to [-39.000, -5.000, -37.000, -4.000] (epsg:4326))
2026-08-04 06:56:14,192 - snakemake_workflow - rasterdataset - INFO - Reading population raster data from D:\GFM\inputs\exposure\ppp_2020_1km_Aggregated.tif
2026-08-04 06:56:14,230 - snakemake_workflow - rasterdataset - DEBUG - Clip to [-180.000, 70.000, -178.000, 72.000] (epsg:4326))
2026-08-04 06:56:14,358 - snakemake_workflow - rasterdataset - INFO - Reading population raster data from D:\GFM\inputs\exposure\ppp_2020_1km_Aggregated.tif
2026-08-04 06:56:14,396 - snakemake_workflow - rasterdataset - DEBUG - Clip to [-79.000, 1.000, -78.000, 3.000] (epsg:4326))
2026-08-04 06:56:14,517 - snakemake_workflow - rasterdataset - INFO - Reading population raster data from D:\GFM\inputs\exposure\ppp_2020_1km_Aggregated.tif
2026-08-04 06:56:14,567 - snakemake_workflow - rasterdataset - DEBUG - Clip to [-73.000, 21.000, -71.000, 22.000] (epsg:4326))
2026-08-04 06:56:15,342 - snakemake_workflow - rasterdataset - INFO - Reading population raster data from D:\GFM\inputs\exposure\ppp_2020_1km_Aggregated.tif
2026-08-04 06:56:15,381 - snakemake_workflow - rasterdataset - INFO - Reading population raster data from D:\GFM\inputs\exposure\ppp_2020_1km_Aggregated.tif
2026-08-04 06:56:15,387 - snakemake_workflow - rasterdataset - INFO - Reading population raster data from D:\GFM\inputs\exposure\ppp_2020_1km_Aggregated.tif
2026-08-04 06:56:15,391 - snakemake_workflow - rasterdataset - DEBUG - Clip to [-81.000, -7.000, -79.000, -6.000] (epsg:4326))
2026-08-04 06:56:15,449 - snakemake_workflow - rasterdataset - DEBUG - Clip to [-73.000, -37.000, -72.000, -34.000] (epsg:4326))
2026-08-04 06:56:15,449 - snakemake_workflow - rasterdataset - DEBUG - Clip to [-77.000, -15.000, -76.000, -12.000] (epsg:4326))
2026-08-04 06:56:16,353 - snakemake_workflow - rasterdataset - INFO - Reading population raster data from D:\GFM\inputs\exposure\ppp_2020_1km_Aggregated.tif
2026-08-04 06:56:16,398 - snakemake_workflow - rasterdataset - DEBUG - Clip to [-75.000, -17.000, -72.000, -16.000] (epsg:4326))
2026-08-04 06:56:16,446 - snakemake_workflow - rasterdataset - INFO - Reading population raster data from D:\GFM\inputs\exposure\ppp_2020_1km_Aggregated.tif
2026-08-04 06:56:16,538 - snakemake_workflow - rasterdataset - DEBUG - Clip to [-72.000, 17.000, -71.000, 19.000] (epsg:4326))
2026-08-04 06:56:17,330 - snakemake_workflow - rasterdataset - INFO - Reading population raster data from D:\GFM\inputs\exposure\ppp_2020_1km_Aggregated.tif
2026-08-04 06:56:17,370 - snakemake_workflow - rasterdataset - DEBUG - Clip to [-80.000, -9.000, -79.000, -6.000] (epsg:4326))
2026-08-04 06:56:18,137 - snakemake_workflow - rasterdataset - INFO - Reading population raster data from D:\GFM\inputs\exposure\ppp_2020_1km_Aggregated.tif
2026-08-04 06:56:18,181 - snakemake_workflow - rasterdataset - DEBUG - Clip to [-78.000, -13.000, -77.000, -10.000] (epsg:4326))
2026-08-04 06:56:18,278 - snakemake_workflow - rasterdataset - INFO - Reading population raster data from D:\GFM\inputs\exposure\ppp_2020_1km_Aggregated.tif
2026-08-04 06:56:18,374 - snakemake_workflow - rasterdataset - DEBUG - Clip to [-67.000, 7.000, -64.000, 8.000] (epsg:4326))
2026-08-04 06:56:18,378 - snakemake_workflow - rasterdataset - INFO - Reading population raster data from D:\GFM\inputs\exposure\ppp_2020_1km_Aggregated.tif
2026-08-04 06:56:18,443 - snakemake_workflow - rasterdataset - DEBUG - Clip to [-90.000, 28.000, -89.000, 30.000] (epsg:4326))
2026-08-04 06:56:18,484 - snakemake_workflow - rasterdataset - INFO - Reading population raster data from D:\GFM\inputs\exposure\ppp_2020_1km_Aggregated.tif
2026-08-04 06:56:18,561 - snakemake_workflow - rasterdataset - DEBUG - Clip to [-73.000, -18.000, -70.000, -17.000] (epsg:4326))
2026-08-04 06:56:18,975 - snakemake_workflow - rasterdataset - INFO - Reading population raster data from D:\GFM\inputs\exposure\ppp_2020_1km_Aggregated.tif
2026-08-04 06:56:19,017 - snakemake_workflow - rasterdataset - DEBUG - Clip to [-93.000, 14.000, -91.000, 15.000] (epsg:4326))
2026-08-04 06:56:19,461 - snakemake_workflow - rasterdataset - INFO - Reading population raster data from D:\GFM\inputs\exposure\ppp_2020_1km_Aggregated.tif
2026-08-04 06:56:19,512 - snakemake_workflow - rasterdataset - DEBUG - Clip to [-79.000, -11.000, -78.000, -8.000] (epsg:4326))
2026-08-04 06:56:20,245 - snakemake_workflow - rasterdataset - INFO - Reading population raster data from D:\GFM\inputs\exposure\ppp_2020_1km_Aggregated.tif
2026-08-04 06:56:20,278 - snakemake_workflow - rasterdataset - INFO - Reading population raster data from D:\GFM\inputs\exposure\ppp_2020_1km_Aggregated.tif
2026-08-04 06:56:20,290 - snakemake_workflow - rasterdataset - DEBUG - Clip to [-71.000, 41.000, -70.000, 44.000] (epsg:4326))
2026-08-04 06:56:20,328 - snakemake_workflow - rasterdataset - INFO - Reading population raster data from D:\GFM\inputs\exposure\ppp_2020_1km_Aggregated.tif
2026-08-04 06:56:20,350 - snakemake_workflow - rasterdataset - DEBUG - Clip to [-98.000, 15.000, -95.000, 16.000] (epsg:4326))
2026-08-04 06:56:20,413 - snakemake_workflow - rasterdataset - DEBUG - Clip to [-88.000, 32.000, -86.000, 33.000] (epsg:4326))
2026-08-04 06:56:20,505 - snakemake_workflow - rasterdataset - INFO - Reading population raster data from D:\GFM\inputs\exposure\ppp_2020_1km_Aggregated.tif
2026-08-04 06:56:20,615 - snakemake_workflow - rasterdataset - DEBUG - Clip to [-82.000, 19.000, -79.000, 20.000] (epsg:4326))
2026-08-04 06:56:21,127 - snakemake_workflow - rasterdataset - INFO - Reading population raster data from D:\GFM\inputs\exposure\ppp_2020_1km_Aggregated.tif
2026-08-04 06:56:21,178 - snakemake_workflow - rasterdataset - DEBUG - Clip to [-131.000, 66.000, -128.000, 67.000] (epsg:4326))
2026-08-04 06:56:21,870 - snakemake_workflow - rasterdataset - INFO - Reading population raster data from D:\GFM\inputs\exposure\ppp_2020_1km_Aggregated.tif
2026-08-04 06:56:21,904 - snakemake_workflow - rasterdataset - DEBUG - Clip to [-90.000, 21.000, -89.000, 23.000] (epsg:4326))
2026-08-04 06:56:22,744 - snakemake_workflow - rasterdataset - INFO - Reading population raster data from D:\GFM\inputs\exposure\ppp_2020_1km_Aggregated.tif
2026-08-04 06:56:22,817 - snakemake_workflow - rasterdataset - DEBUG - Clip to [-92.000, 32.000, -90.000, 33.000] (epsg:4326))
2026-08-04 06:56:22,989 - snakemake_workflow - rasterdataset - INFO - Reading population raster data from D:\GFM\inputs\exposure\ppp_2020_1km_Aggregated.tif
2026-08-04 06:56:22,989 - snakemake_workflow - rasterdataset - INFO - Reading population raster data from D:\GFM\inputs\exposure\ppp_2020_1km_Aggregated.tif
2026-08-04 06:56:23,082 - snakemake_workflow - rasterdataset - DEBUG - Clip to [-97.000, 18.000, -96.000, 21.000] (epsg:4326))
2026-08-04 06:56:23,086 - snakemake_workflow - rasterdataset - DEBUG - Clip to [134.000, -15.000, 136.000, -14.000] (epsg:4326))
2026-08-04 06:56:23,622 - snakemake_workflow - rasterdataset - INFO - Reading population raster data from D:\GFM\inputs\exposure\ppp_2020_1km_Aggregated.tif
2026-08-04 06:56:23,701 - snakemake_workflow - rasterdataset - DEBUG - Clip to [-121.000, 34.000, -120.000, 36.000] (epsg:4326))
2026-08-04 06:56:24,208 - snakemake_workflow - rasterdataset - INFO - Reading population raster data from D:\GFM\inputs\exposure\ppp_2020_1km_Aggregated.tif
2026-08-04 06:56:24,260 - snakemake_workflow - rasterdataset - DEBUG - Clip to [133.000, -33.000, 135.000, -32.000] (epsg:4326))
2026-08-04 06:56:24,585 - snakemake_workflow - rasterdataset - INFO - Reading population raster data from D:\GFM\inputs\exposure\ppp_2020_1km_Aggregated.tif
2026-08-04 06:56:24,631 - snakemake_workflow - rasterdataset - DEBUG - Clip to [-34.000, 67.000, -32.000, 68.000] (epsg:4326))
2026-08-04 06:56:24,740 - snakemake_workflow - rasterdataset - INFO - Reading population raster data from D:\GFM\inputs\exposure\ppp_2020_1km_Aggregated.tif
2026-08-04 06:56:24,793 - snakemake_workflow - rasterdataset - DEBUG - Clip to [122.000, -19.000, 123.000, -17.000] (epsg:4326))
2026-08-04 06:56:25,806 - snakemake_workflow - rasterdataset - INFO - Reading population raster data from D:\GFM\inputs\exposure\ppp_2020_1km_Aggregated.tif
2026-08-04 06:56:25,837 - snakemake_workflow - rasterdataset - DEBUG - Clip to [-98.000, 28.000, -95.000, 29.000] (epsg:4326))
2026-08-04 06:56:26,401 - snakemake_workflow - rasterdataset - INFO - Reading population raster data from D:\GFM\inputs\exposure\ppp_2020_1km_Aggregated.tif
2026-08-04 06:56:26,452 - snakemake_workflow - rasterdataset - DEBUG - Clip to [126.000, 4.000, 128.000, 5.000] (epsg:4326))
2026-08-04 06:56:26,525 - snakemake_workflow - rasterdataset - INFO - Reading population raster data from D:\GFM\inputs\exposure\ppp_2020_1km_Aggregated.tif
2026-08-04 06:56:26,548 - snakemake_workflow - rasterdataset - INFO - Reading population raster data from D:\GFM\inputs\exposure\ppp_2020_1km_Aggregated.tif
2026-08-04 06:56:26,585 - snakemake_workflow - rasterdataset - DEBUG - Clip to [-78.000, 60.000, -76.000, 61.000] (epsg:4326))
2026-08-04 06:56:26,605 - snakemake_workflow - rasterdataset - DEBUG - Clip to [149.000, -6.000, 150.000, -4.000] (epsg:4326))
2026-08-04 06:56:26,635 - snakemake_workflow - rasterdataset - INFO - Reading population raster data from D:\GFM\inputs\exposure\ppp_2020_1km_Aggregated.tif
2026-08-04 06:56:26,721 - snakemake_workflow - rasterdataset - DEBUG - Clip to [143.000, -15.000, 146.000, -14.000] (epsg:4326))
2026-08-04 06:56:27,520 - snakemake_workflow - rasterdataset - INFO - Reading population raster data from D:\GFM\inputs\exposure\ppp_2020_1km_Aggregated.tif
2026-08-04 06:56:27,582 - snakemake_workflow - rasterdataset - DEBUG - Clip to [112.000, -26.000, 114.000, -25.000] (epsg:4326))
2026-08-04 06:56:27,754 - snakemake_workflow - rasterdataset - INFO - Reading population raster data from D:\GFM\inputs\exposure\ppp_2020_1km_Aggregated.tif
2026-08-04 06:56:27,808 - snakemake_workflow - rasterdataset - DEBUG - Clip to [108.000, -2.000, 110.000, -1.000] (epsg:4326))
2026-08-04 06:56:28,335 - snakemake_workflow - rasterdataset - INFO - Reading population raster data from D:\GFM\inputs\exposure\ppp_2020_1km_Aggregated.tif
2026-08-04 06:56:28,389 - snakemake_workflow - rasterdataset - DEBUG - Clip to [122.000, -13.000, 123.000, -10.000] (epsg:4326))
2026-08-04 06:56:29,357 - snakemake_workflow - rasterdataset - INFO - Reading population raster data from D:\GFM\inputs\exposure\ppp_2020_1km_Aggregated.tif
2026-08-04 06:56:29,382 - snakemake_workflow - rasterdataset - INFO - Reading population raster data from D:\GFM\inputs\exposure\ppp_2020_1km_Aggregated.tif
2026-08-04 06:56:29,391 - snakemake_workflow - rasterdataset - DEBUG - Clip to [82.000, 17.000, 84.000, 18.000] (epsg:4326))
2026-08-04 06:56:29,732 - snakemake_workflow - rasterdataset - DEBUG - Clip to [-169.000, 63.000, -168.000, 66.000] (epsg:4326))
2026-08-04 06:56:29,897 - snakemake_workflow - rasterdataset - INFO - Reading population raster data from D:\GFM\inputs\exposure\ppp_2020_1km_Aggregated.tif
2026-08-04 06:56:29,936 - snakemake_workflow - rasterdataset - DEBUG - Clip to [146.000, -20.000, 149.000, -19.000] (epsg:4326))
2026-08-04 06:56:30,039 - snakemake_workflow - rasterdataset - INFO - Reading population raster data from D:\GFM\inputs\exposure\ppp_2020_1km_Aggregated.tif
2026-08-04 06:56:30,039 - snakemake_workflow - rasterdataset - INFO - Reading population raster data from D:\GFM\inputs\exposure\ppp_2020_1km_Aggregated.tif
2026-08-04 06:56:30,147 - snakemake_workflow - rasterdataset - DEBUG - Clip to [112.000, 28.000, 113.000, 31.000] (epsg:4326))
2026-08-04 06:56:30,219 - snakemake_workflow - rasterdataset - DEBUG - Clip to [79.000, 6.000, 82.000, 7.000] (epsg:4326))
2026-08-04 06:56:31,696 - snakemake_workflow - rasterdataset - INFO - Reading population raster data from D:\GFM\inputs\exposure\ppp_2020_1km_Aggregated.tif
2026-08-04 06:56:31,735 - snakemake_workflow - rasterdataset - DEBUG - Clip to [151.000, -34.000, 152.000, -32.000] (epsg:4326))
2026-08-04 06:56:31,843 - snakemake_workflow - rasterdataset - INFO - Reading population raster data from D:\GFM\inputs\exposure\ppp_2020_1km_Aggregated.tif
2026-08-04 06:56:31,892 - snakemake_workflow - rasterdataset - DEBUG - Clip to [128.000, 40.000, 130.000, 41.000] (epsg:4326))
2026-08-04 06:56:32,864 - snakemake_workflow - rasterdataset - INFO - Reading population raster data from D:\GFM\inputs\exposure\ppp_2020_1km_Aggregated.tif
2026-08-04 06:56:32,924 - snakemake_workflow - rasterdataset - DEBUG - Clip to [143.000, 49.000, 145.000, 50.000] (epsg:4326))
2026-08-04 06:56:33,186 - snakemake_workflow - rasterdataset - INFO - Reading population raster data from D:\GFM\inputs\exposure\ppp_2020_1km_Aggregated.tif
2026-08-04 06:56:33,237 - snakemake_workflow - rasterdataset - DEBUG - Clip to [81.000, 6.000, 82.000, 9.000] (epsg:4326))
2026-08-04 06:56:33,299 - snakemake_workflow - rasterdataset - INFO - Reading population raster data from D:\GFM\inputs\exposure\ppp_2020_1km_Aggregated.tif
2026-08-04 06:56:33,348 - snakemake_workflow - rasterdataset - DEBUG - Clip to [150.000, -24.000, 151.000, -22.000] (epsg:4326))
2026-08-04 06:56:33,675 - snakemake_workflow - rasterdataset - INFO - Reading population raster data from D:\GFM\inputs\exposure\ppp_2020_1km_Aggregated.tif
2026-08-04 06:56:33,741 - snakemake_workflow - rasterdataset - DEBUG - Clip to [154.000, 48.000, 155.000, 51.000] (epsg:4326))
2026-08-04 06:56:34,212 - snakemake_workflow - rasterdataset - INFO - Reading population raster data from D:\GFM\inputs\exposure\ppp_2020_1km_Aggregated.tif
2026-08-04 06:56:34,268 - snakemake_workflow - rasterdataset - DEBUG - Clip to [129.000, 28.000, 131.000, 29.000] (epsg:4326))
2026-08-04 06:56:34,805 - snakemake_workflow - rasterdataset - INFO - Reading population raster data from D:\GFM\inputs\exposure\ppp_2020_1km_Aggregated.tif
2026-08-04 06:56:34,856 - snakemake_workflow - rasterdataset - DEBUG - Clip to [84.000, 19.000, 86.000, 20.000] (epsg:4326))
2026-08-04 06:56:35,594 - snakemake_workflow - rasterdataset - INFO - Reading population raster data from D:\GFM\inputs\exposure\ppp_2020_1km_Aggregated.tif
2026-08-04 06:56:35,639 - snakemake_workflow - rasterdataset - INFO - Reading population raster data from D:\GFM\inputs\exposure\ppp_2020_1km_Aggregated.tif
2026-08-04 06:56:35,643 - snakemake_workflow - rasterdataset - DEBUG - Clip to [136.000, 50.000, 139.000, 51.000] (epsg:4326))
2026-08-04 06:56:35,715 - snakemake_workflow - rasterdataset - DEBUG - Clip to [75.000, 11.000, 76.000, 13.000] (epsg:4326))
2026-08-04 06:56:35,768 - snakemake_workflow - rasterdataset - INFO - Reading population raster data from D:\GFM\inputs\exposure\ppp_2020_1km_Aggregated.tif
2026-08-04 06:56:35,955 - snakemake_workflow - rasterdataset - DEBUG - Clip to [156.000, 51.000, 159.000, 52.000] (epsg:4326))
2026-08-04 06:56:36,116 - snakemake_workflow - rasterdataset - INFO - Reading population raster data from D:\GFM\inputs\exposure\ppp_2020_1km_Aggregated.tif
2026-08-04 06:56:36,163 - snakemake_workflow - rasterdataset - DEBUG - Clip to [126.000, 26.000, 128.000, 27.000] (epsg:4326))
2026-08-04 06:56:36,262 - snakemake_workflow - rasterdataset - INFO - Reading population raster data from D:\GFM\inputs\exposure\ppp_2020_1km_Aggregated.tif
2026-08-04 06:56:36,352 - snakemake_workflow - rasterdataset - DEBUG - Clip to [154.000, 50.000, 157.000, 51.000] (epsg:4326))
2026-08-04 06:56:36,375 - snakemake_workflow - rasterdataset - INFO - Reading population raster data from D:\GFM\inputs\exposure\ppp_2020_1km_Aggregated.tif
2026-08-04 06:56:36,426 - snakemake_workflow - rasterdataset - DEBUG - Clip to [156.000, 57.000, 158.000, 58.000] (epsg:4326))
2026-08-04 06:56:37,432 - snakemake_workflow - rasterdataset - INFO - Reading population raster data from D:\GFM\inputs\exposure\ppp_2020_1km_Aggregated.tif
2026-08-04 06:56:37,483 - snakemake_workflow - rasterdataset - DEBUG - Clip to [140.000, 45.000, 142.000, 46.000] (epsg:4326))
2026-08-04 06:56:37,961 - snakemake_workflow - rasterdataset - INFO - Reading population raster data from D:\GFM\inputs\exposure\ppp_2020_1km_Aggregated.tif
2026-08-04 06:56:38,015 - snakemake_workflow - rasterdataset - DEBUG - Clip to [38.000, 16.000, 39.000, 19.000] (epsg:4326))
2026-08-04 06:56:38,244 - snakemake_workflow - rasterdataset - INFO - Reading population raster data from D:\GFM\inputs\exposure\ppp_2020_1km_Aggregated.tif
2026-08-04 06:56:38,287 - snakemake_workflow - rasterdataset - DEBUG - Clip to [138.000, 57.000, 141.000, 58.000] (epsg:4326))
2026-08-04 06:56:38,352 - snakemake_workflow - rasterdataset - INFO - Reading population raster data from D:\GFM\inputs\exposure\ppp_2020_1km_Aggregated.tif
2026-08-04 06:56:38,394 - snakemake_workflow - rasterdataset - DEBUG - Clip to [59.000, 21.000, 60.000, 24.000] (epsg:4326))
2026-08-04 06:56:38,435 - snakemake_workflow - rasterdataset - INFO - Reading population raster data from D:\GFM\inputs\exposure\ppp_2020_1km_Aggregated.tif
2026-08-04 06:56:38,481 - snakemake_workflow - rasterdataset - INFO - Reading population raster data from D:\GFM\inputs\exposure\ppp_2020_1km_Aggregated.tif
2026-08-04 06:56:38,504 - snakemake_workflow - rasterdataset - DEBUG - Clip to [52.000, 16.000, 54.000, 17.000] (epsg:4326))
2026-08-04 06:56:38,535 - snakemake_workflow - rasterdataset - DEBUG - Clip to [49.000, 26.000, 50.000, 28.000] (epsg:4326))
2026-08-04 06:56:39,028 - snakemake_workflow - rasterdataset - INFO - Reading population raster data from D:\GFM\inputs\exposure\ppp_2020_1km_Aggregated.tif
2026-08-04 06:56:39,090 - snakemake_workflow - rasterdataset - DEBUG - Clip to [35.000, 23.000, 36.000, 25.000] (epsg:4326))
2026-08-04 06:56:40,383 - snakemake_workflow - rasterdataset - INFO - Reading population raster data from D:\GFM\inputs\exposure\ppp_2020_1km_Aggregated.tif
2026-08-04 06:56:40,422 - snakemake_workflow - rasterdataset - DEBUG - Clip to [155.000, 60.000, 157.000, 61.000] (epsg:4326))
2026-08-04 06:56:40,470 - snakemake_workflow - rasterdataset - INFO - Reading population raster data from D:\GFM\inputs\exposure\ppp_2020_1km_Aggregated.tif
2026-08-04 06:56:40,553 - snakemake_workflow - rasterdataset - INFO - Reading population raster data from D:\GFM\inputs\exposure\ppp_2020_1km_Aggregated.tif
2026-08-04 06:56:40,582 - snakemake_workflow - rasterdataset - DEBUG - Clip to [49.000, 6.000, 50.000, 9.000] (epsg:4326))
2026-08-04 06:56:40,599 - snakemake_workflow - rasterdataset - DEBUG - Clip to [140.000, 58.000, 142.000, 59.000] (epsg:4326))
2026-08-04 06:56:40,922 - snakemake_workflow - rasterdataset - INFO - Reading population raster data from D:\GFM\inputs\exposure\ppp_2020_1km_Aggregated.tif
2026-08-04 06:56:40,952 - snakemake_workflow - rasterdataset - DEBUG - Clip to [158.000, 51.000, 159.000, 54.000] (epsg:4326))
2026-08-04 06:56:41,265 - snakemake_workflow - rasterdataset - INFO - Reading population raster data from D:\GFM\inputs\exposure\ppp_2020_1km_Aggregated.tif
2026-08-04 06:56:41,297 - snakemake_workflow - rasterdataset - DEBUG - Clip to [43.000, 1.000, 46.000, 2.000] (epsg:4326))
2026-08-04 06:56:41,701 - snakemake_workflow - rasterdataset - INFO - Reading population raster data from D:\GFM\inputs\exposure\ppp_2020_1km_Aggregated.tif
2026-08-04 06:56:41,736 - snakemake_workflow - rasterdataset - DEBUG - Clip to [51.000, 27.000, 54.000, 28.000] (epsg:4326))
2026-08-04 06:56:42,320 - snakemake_workflow - rasterdataset - INFO - Reading population raster data from D:\GFM\inputs\exposure\ppp_2020_1km_Aggregated.tif
2026-08-04 06:56:42,351 - snakemake_workflow - rasterdataset - DEBUG - Clip to [50.000, 15.000, 53.000, 16.000] (epsg:4326))
2026-08-04 06:56:42,393 - snakemake_workflow - rasterdataset - INFO - Reading population raster data from D:\GFM\inputs\exposure\ppp_2020_1km_Aggregated.tif
2026-08-04 06:56:42,508 - snakemake_workflow - rasterdataset - DEBUG - Clip to [-2.000, 35.000, -1.000, 38.000] (epsg:4326))
2026-08-04 06:56:42,829 - snakemake_workflow - rasterdataset - INFO - Reading population raster data from D:\GFM\inputs\exposure\ppp_2020_1km_Aggregated.tif
2026-08-04 06:56:42,879 - snakemake_workflow - rasterdataset - DEBUG - Clip to [39.000, 20.000, 40.000, 22.000] (epsg:4326))
2026-08-04 06:56:43,536 - snakemake_workflow - rasterdataset - INFO - Reading population raster data from D:\GFM\inputs\exposure\ppp_2020_1km_Aggregated.tif
2026-08-04 06:56:43,577 - snakemake_workflow - rasterdataset - DEBUG - Clip to [42.000, 0.000, 44.000, 1.000] (epsg:4326))
2026-08-04 06:56:43,794 - snakemake_workflow - rasterdataset - INFO - Reading population raster data from D:\GFM\inputs\exposure\ppp_2020_1km_Aggregated.tif
2026-08-04 06:56:43,842 - snakemake_workflow - rasterdataset - DEBUG - Clip to [38.000, 44.000, 40.000, 45.000] (epsg:4326))
2026-08-04 06:56:43,934 - snakemake_workflow - rasterdataset - INFO - Reading population raster data from D:\GFM\inputs\exposure\ppp_2020_1km_Aggregated.tif
2026-08-04 06:56:44,122 - snakemake_workflow - rasterdataset - DEBUG - Clip to [57.000, 18.000, 58.000, 21.000] (epsg:4326))
2026-08-04 06:56:45,125 - snakemake_workflow - rasterdataset - INFO - Reading population raster data from D:\GFM\inputs\exposure\ppp_2020_1km_Aggregated.tif
2026-08-04 06:56:45,156 - snakemake_workflow - rasterdataset - INFO - Reading population raster data from D:\GFM\inputs\exposure\ppp_2020_1km_Aggregated.tif
2026-08-04 06:56:45,192 - snakemake_workflow - rasterdataset - DEBUG - Clip to [48.000, 4.000, 49.000, 7.000] (epsg:4326))
2026-08-04 06:56:45,194 - snakemake_workflow - rasterdataset - DEBUG - Clip to [179.000, 68.000, 180.000, 70.000] (epsg:4326))
2026-08-04 06:56:45,569 - snakemake_workflow - rasterdataset - INFO - Reading population raster data from D:\GFM\inputs\exposure\ppp_2020_1km_Aggregated.tif
2026-08-04 06:56:45,648 - snakemake_workflow - rasterdataset - INFO - Reading population raster data from D:\GFM\inputs\exposure\ppp_2020_1km_Aggregated.tif
2026-08-04 06:56:45,763 - snakemake_workflow - rasterdataset - DEBUG - Clip to [36.000, 21.000, 40.000, 22.000] (epsg:4326))
2026-08-04 06:56:45,791 - snakemake_workflow - rasterdataset - INFO - Reading population raster data from D:\GFM\inputs\exposure\ppp_2020_1km_Aggregated.tif
2026-08-04 06:56:45,855 - snakemake_workflow - rasterdataset - INFO - Reading population raster data from D:\GFM\inputs\exposure\ppp_2020_1km_Aggregated.tif
2026-08-04 06:56:45,951 - snakemake_workflow - rasterdataset - DEBUG - Clip to [15.000, -29.000, 16.000, -26.000] (epsg:4326))
2026-08-04 06:56:46,015 - snakemake_workflow - rasterdataset - DEBUG - Clip to [-9.000, 33.000, -6.000, 34.000] (epsg:4326))
2026-08-04 06:56:46,095 - snakemake_workflow - rasterdataset - INFO - Reading population raster data from D:\GFM\inputs\exposure\ppp_2020_1km_Aggregated.tif
2026-08-04 06:56:46,187 - snakemake_workflow - rasterdataset - DEBUG - Clip to [40.000, -4.000, 41.000, -2.000] (epsg:4326))
2026-08-04 06:56:46,187 - snakemake_workflow - rasterdataset - DEBUG - Clip to [27.000, -33.000, 30.000, -32.000] (epsg:4326))
2026-08-04 06:56:47,196 - snakemake_workflow - rasterdataset - INFO - Reading population raster data from D:\GFM\inputs\exposure\ppp_2020_1km_Aggregated.tif
2026-08-04 06:56:47,389 - snakemake_workflow - rasterdataset - DEBUG - Clip to [-12.000, 6.000, -10.000, 7.000] (epsg:4326))
2026-08-04 06:56:48,772 - snakemake_workflow - rasterdataset - INFO - Reading population raster data from D:\GFM\inputs\exposure\ppp_2020_1km_Aggregated.tif
2026-08-04 06:56:48,801 - snakemake_workflow - rasterdataset - DEBUG - Clip to [31.000, 67.000, 33.000, 68.000] (epsg:4326))
2026-08-04 06:56:48,993 - snakemake_workflow - rasterdataset - INFO - Reading population raster data from D:\GFM\inputs\exposure\ppp_2020_1km_Aggregated.tif
2026-08-04 06:56:49,073 - snakemake_workflow - rasterdataset - DEBUG - Clip to [125.000, 70.000, 127.000, 71.000] (epsg:4326))
2026-08-04 06:56:49,756 - snakemake_workflow - rasterdataset - INFO - Reading population raster data from D:\GFM\inputs\exposure\ppp_2020_1km_Aggregated.tif
2026-08-04 06:56:49,756 - snakemake_workflow - rasterdataset - INFO - Reading population raster data from D:\GFM\inputs\exposure\ppp_2020_1km_Aggregated.tif
2026-08-04 06:56:49,756 - snakemake_workflow - rasterdataset - INFO - Reading population raster data from D:\GFM\inputs\exposure\ppp_2020_1km_Aggregated.tif
2026-08-04 06:56:49,867 - snakemake_workflow - rasterdataset - INFO - Reading population raster data from D:\GFM\inputs\exposure\ppp_2020_1km_Aggregated.tif
2026-08-04 06:56:49,883 - snakemake_workflow - rasterdataset - DEBUG - Clip to [30.000, -32.000, 31.000, -29.000] (epsg:4326))
2026-08-04 06:56:49,888 - snakemake_workflow - rasterdataset - DEBUG - Clip to [38.000, 21.000, 40.000, 23.000] (epsg:4326))
2026-08-04 06:56:49,892 - snakemake_workflow - rasterdataset - DEBUG - Clip to [-15.000, 24.000, -14.000, 27.000] (epsg:4326))
2026-08-04 06:56:49,894 - snakemake_workflow - rasterdataset - DEBUG - Clip to [-13.000, 14.000, -12.000, 16.000] (epsg:4326))
2026-08-04 06:56:50,047 - snakemake_workflow - rasterdataset - INFO - Reading population raster data from D:\GFM\inputs\exposure\ppp_2020_1km_Aggregated.tif
2026-08-04 06:56:50,201 - snakemake_workflow - rasterdataset - DEBUG - Clip to [-3.000, 60.000, 0.000, 61.000] (epsg:4326))
2026-08-04 06:56:51,649 - snakemake_workflow - rasterdataset - INFO - Reading population raster data from D:\GFM\inputs\exposure\ppp_2020_1km_Aggregated.tif
2026-08-04 06:56:51,649 - snakemake_workflow - rasterdataset - INFO - Reading population raster data from D:\GFM\inputs\exposure\ppp_2020_1km_Aggregated.tif
2026-08-04 06:56:51,727 - snakemake_workflow - rasterdataset - DEBUG - Clip to [42.000, 62.000, 45.000, 63.000] (epsg:4326))
2026-08-04 06:56:51,727 - snakemake_workflow - rasterdataset - DEBUG - Clip to [123.000, 69.000, 126.000, 70.000] (epsg:4326))
2026-08-04 06:56:52,778 - snakemake_workflow - rasterdataset - INFO - Reading population raster data from D:\GFM\inputs\exposure\ppp_2020_1km_Aggregated.tif
2026-08-04 06:56:52,874 - snakemake_workflow - rasterdataset - DEBUG - Clip to [-13.000, 7.000, -11.000, 8.000] (epsg:4326))
  filter_and_shave_chunks: 1800/3719 checked, 1647 kept so far (1273s elapsed)
2026-08-04 06:56:54,451 - snakemake_workflow - rasterdataset - INFO - Reading population raster data from D:\GFM\inputs\exposure\ppp_2020_1km_Aggregated.tif
2026-08-04 06:56:54,640 - snakemake_workflow - rasterdataset - DEBUG - Clip to [50.000, -47.000, 53.000, -46.000] (epsg:4326))
2026-08-04 06:56:54,963 - snakemake_workflow - rasterdataset - INFO - Reading population raster data from D:\GFM\inputs\exposure\ppp_2020_1km_Aggregated.tif
2026-08-04 06:56:55,123 - snakemake_workflow - rasterdataset - INFO - Reading population raster data from D:\GFM\inputs\exposure\ppp_2020_1km_Aggregated.tif
2026-08-04 06:56:55,548 - snakemake_workflow - rasterdataset - DEBUG - Clip to [-1.000, 44.000, 1.000, 45.000] (epsg:4326))
2026-08-04 06:56:55,550 - snakemake_workflow - rasterdataset - DEBUG - Clip to [12.000, -10.000, 14.000, -9.000] (epsg:4326))
2026-08-04 06:56:55,661 - snakemake_workflow - rasterdataset - INFO - Reading population raster data from D:\GFM\inputs\exposure\ppp_2020_1km_Aggregated.tif
2026-08-04 06:56:55,744 - snakemake_workflow - rasterdataset - INFO - Reading population raster data from D:\GFM\inputs\exposure\ppp_2020_1km_Aggregated.tif
2026-08-04 06:56:56,045 - snakemake_workflow - rasterdataset - DEBUG - Clip to [39.000, 43.000, 41.000, 44.000] (epsg:4326))
2026-08-04 06:56:56,095 - snakemake_workflow - rasterdataset - DEBUG - Clip to [44.000, -26.000, 47.000, -25.000] (epsg:4326))
2026-08-04 06:56:56,781 - snakemake_workflow - rasterdataset - INFO - Reading population raster data from D:\GFM\inputs\exposure\ppp_2020_1km_Aggregated.tif
2026-08-04 06:56:56,899 - snakemake_workflow - rasterdataset - DEBUG - Clip to [13.000, -22.000, 14.000, -19.000] (epsg:4326))
2026-08-04 06:56:57,436 - snakemake_workflow - rasterdataset - INFO - Reading population raster data from D:\GFM\inputs\exposure\ppp_2020_1km_Aggregated.tif
2026-08-04 06:56:57,803 - snakemake_workflow - rasterdataset - DEBUG - Clip to [61.000, 62.000, 62.000, 64.000] (epsg:4326))
2026-08-04 06:56:58,931 - snakemake_workflow - rasterdataset - INFO - Reading population raster data from D:\GFM\inputs\exposure\ppp_2020_1km_Aggregated.tif
2026-08-04 06:56:59,161 - snakemake_workflow - rasterdataset - DEBUG - Clip to [69.000, -50.000, 71.000, -49.000] (epsg:4326))
2026-08-04 06:56:59,817 - snakemake_workflow - rasterdataset - INFO - Reading population raster data from D:\GFM\inputs\exposure\ppp_2020_1km_Aggregated.tif
2026-08-04 06:56:59,817 - snakemake_workflow - rasterdataset - INFO - Reading population raster data from D:\GFM\inputs\exposure\ppp_2020_1km_Aggregated.tif
2026-08-04 06:56:59,936 - snakemake_workflow - rasterdataset - INFO - Reading population raster data from D:\GFM\inputs\exposure\ppp_2020_1km_Aggregated.tif
2026-08-04 06:56:59,946 - snakemake_workflow - rasterdataset - DEBUG - Clip to [11.000, -5.000, 12.000, -3.000] (epsg:4326))
2026-08-04 06:56:59,950 - snakemake_workflow - rasterdataset - DEBUG - Clip to [173.000, -36.000, 174.000, -34.000] (epsg:4326))
2026-08-04 06:57:00,341 - snakemake_workflow - rasterdataset - INFO - Reading population raster data from D:\GFM\inputs\exposure\ppp_2020_1km_Aggregated.tif
2026-08-04 06:57:00,357 - snakemake_workflow - rasterdataset - DEBUG - Clip to [-141.000, -22.000, -138.000, -21.000] (epsg:4326))
2026-08-04 06:57:00,597 - snakemake_workflow - rasterdataset - INFO - Reading population raster data from D:\GFM\inputs\exposure\ppp_2020_1km_Aggregated.tif
2026-08-04 06:57:00,629 - snakemake_workflow - rasterdataset - DEBUG - Clip to [169.000, -21.000, 170.000, -18.000] (epsg:4326))
2026-08-04 06:57:00,774 - snakemake_workflow - rasterdataset - DEBUG - Clip to [42.000, -18.000, 45.000, -17.000] (epsg:4326))
2026-08-04 06:57:01,833 - snakemake_workflow - rasterdataset - INFO - Reading population raster data from D:\GFM\inputs\exposure\ppp_2020_1km_Aggregated.tif
2026-08-04 06:57:02,093 - snakemake_workflow - rasterdataset - DEBUG - Clip to [81.000, 75.000, 83.000, 76.000] (epsg:4326))
2026-08-04 06:57:02,743 - snakemake_workflow - rasterdataset - INFO - Reading population raster data from D:\GFM\inputs\exposure\ppp_2020_1km_Aggregated.tif
2026-08-04 06:57:03,253 - snakemake_workflow - rasterdataset - DEBUG - Clip to [43.000, -13.000, 46.000, -12.000] (epsg:4326))
2026-08-04 06:57:03,808 - snakemake_workflow - rasterdataset - INFO - Reading population raster data from D:\GFM\inputs\exposure\ppp_2020_1km_Aggregated.tif
2026-08-04 06:57:04,407 - snakemake_workflow - rasterdataset - INFO - Reading population raster data from D:\GFM\inputs\exposure\ppp_2020_1km_Aggregated.tif
2026-08-04 06:57:04,418 - snakemake_workflow - rasterdataset - DEBUG - Clip to [-172.000, -5.000, -171.000, -2.000] (epsg:4326))
2026-08-04 06:57:04,604 - snakemake_workflow - rasterdataset - DEBUG - Clip to [163.000, -21.000, 164.000, -18.000] (epsg:4326))
2026-08-04 06:57:04,667 - snakemake_workflow - rasterdataset - INFO - Reading population raster data from D:\GFM\inputs\exposure\ppp_2020_1km_Aggregated.tif
2026-08-04 06:57:04,763 - snakemake_workflow - rasterdataset - INFO - Reading population raster data from D:\GFM\inputs\exposure\ppp_2020_1km_Aggregated.tif
2026-08-04 06:57:04,782 - snakemake_workflow - rasterdataset - DEBUG - Clip to [46.000, -16.000, 48.000, -15.000] (epsg:4326))
2026-08-04 06:57:04,875 - snakemake_workflow - rasterdataset - DEBUG - Clip to [170.000, 8.000, 171.000, 10.000] (epsg:4326))
2026-08-04 06:57:04,983 - snakemake_workflow - rasterdataset - INFO - Reading population raster data from D:\GFM\inputs\exposure\ppp_2020_1km_Aggregated.tif
2026-08-04 06:57:05,067 - snakemake_workflow - rasterdataset - INFO - Reading population raster data from D:\GFM\inputs\exposure\ppp_2020_1km_Aggregated.tif
2026-08-04 06:57:05,195 - snakemake_workflow - rasterdataset - DEBUG - Clip to [-150.000, -18.000, -148.000, -17.000] (epsg:4326))
2026-08-04 06:57:05,195 - snakemake_workflow - rasterdataset - DEBUG - Clip to [93.000, 13.000, 95.000, 14.000] (epsg:4326))
2026-08-04 06:57:06,168 - snakemake_workflow - rasterdataset - INFO - Reading population raster data from D:\GFM\inputs\exposure\ppp_2020_1km_Aggregated.tif
2026-08-04 06:57:06,325 - snakemake_workflow - rasterdataset - DEBUG - Clip to [47.000, -12.000, 48.000, -9.000] (epsg:4326))
2026-08-04 06:57:06,386 - snakemake_workflow - rasterdataset - INFO - Reading population raster data from D:\GFM\inputs\exposure\ppp_2020_1km_Aggregated.tif
2026-08-04 06:57:06,618 - snakemake_workflow - rasterdataset - DEBUG - Clip to [169.000, 10.000, 170.000, 12.000] (epsg:4326))
2026-08-04 06:57:06,992 - snakemake_workflow - rasterdataset - INFO - Reading population raster data from D:\GFM\inputs\exposure\ppp_2020_1km_Aggregated.tif
2026-08-04 06:57:07,056 - snakemake_workflow - rasterdataset - INFO - Reading population raster data from D:\GFM\inputs\exposure\ppp_2020_1km_Aggregated.tif
2026-08-04 06:57:07,056 - snakemake_workflow - rasterdataset - INFO - Reading population raster data from D:\GFM\inputs\exposure\ppp_2020_1km_Aggregated.tif
2026-08-04 06:57:07,287 - snakemake_workflow - rasterdataset - DEBUG - Clip to [134.000, 6.000, 135.000, 9.000] (epsg:4326))
2026-08-04 06:57:07,293 - snakemake_workflow - rasterdataset - DEBUG - Clip to [174.000, -2.000, 176.000, -1.000] (epsg:4326))
2026-08-04 06:57:07,293 - snakemake_workflow - rasterdataset - DEBUG - Clip to [150.000, -18.000, 153.000, -17.000] (epsg:4326))
2026-08-04 06:57:07,643 - snakemake_workflow - rasterdataset - INFO - Reading population raster data from D:\GFM\inputs\exposure\ppp_2020_1km_Aggregated.tif
2026-08-04 06:57:07,643 - snakemake_workflow - rasterdataset - INFO - Reading population raster data from D:\GFM\inputs\exposure\ppp_2020_1km_Aggregated.tif
2026-08-04 06:57:07,643 - snakemake_workflow - rasterdataset - INFO - Reading population raster data from D:\GFM\inputs\exposure\ppp_2020_1km_Aggregated.tif
2026-08-04 06:57:07,812 - snakemake_workflow - rasterdataset - DEBUG - Clip to [-180.000, -18.000, -179.000, -16.000] (epsg:4326))
2026-08-04 06:57:07,817 - snakemake_workflow - rasterdataset - DEBUG - Clip to [168.000, 10.000, 170.000, 11.000] (epsg:4326))
2026-08-04 06:57:07,817 - snakemake_workflow - rasterdataset - INFO - Reading population raster data from D:\GFM\inputs\exposure\ppp_2020_1km_Aggregated.tif
2026-08-04 06:57:07,849 - snakemake_workflow - rasterdataset - DEBUG - Clip to [-172.000, -15.000, -169.000, -14.000] (epsg:4326))
2026-08-04 06:57:07,992 - snakemake_workflow - rasterdataset - DEBUG - Clip to [166.000, 11.000, 168.000, 12.000] (epsg:4326))
2026-08-04 06:57:08,731 - snakemake_workflow - rasterdataset - INFO - Reading population raster data from D:\GFM\inputs\exposure\ppp_2020_1km_Aggregated.tif
2026-08-04 06:57:09,030 - snakemake_workflow - rasterdataset - DEBUG - Clip to [93.000, 6.000, 94.000, 9.000] (epsg:4326))
2026-08-04 06:57:09,248 - snakemake_workflow - rasterdataset - INFO - Reading population raster data from D:\GFM\inputs\exposure\ppp_2020_1km_Aggregated.tif
2026-08-04 06:57:09,385 - snakemake_workflow - rasterdataset - DEBUG - Clip to [157.000, 5.000, 158.000, 7.000] (epsg:4326))
2026-08-04 06:57:09,732 - snakemake_workflow - rasterdataset - INFO - Reading population raster data from D:\GFM\inputs\exposure\ppp_2020_1km_Aggregated.tif
2026-08-04 06:57:09,833 - snakemake_workflow - rasterdataset - DEBUG - Clip to [-141.000, -9.000, -140.000, -7.000] (epsg:4326))
2026-08-04 06:57:10,339 - snakemake_workflow - rasterdataset - INFO - Reading population raster data from D:\GFM\inputs\exposure\ppp_2020_1km_Aggregated.tif
2026-08-04 06:57:10,339 - snakemake_workflow - rasterdataset - INFO - Reading population raster data from D:\GFM\inputs\exposure\ppp_2020_1km_Aggregated.tif
2026-08-04 06:57:10,339 - snakemake_workflow - rasterdataset - INFO - Reading population raster data from D:\GFM\inputs\exposure\ppp_2020_1km_Aggregated.tif
2026-08-04 06:57:10,478 - snakemake_workflow - rasterdataset - DEBUG - Clip to [-158.000, -22.000, -157.000, -20.000] (epsg:4326))
2026-08-04 06:57:10,540 - snakemake_workflow - rasterdataset - DEBUG - Clip to [138.000, 9.000, 141.000, 10.000] (epsg:4326))
2026-08-04 06:57:10,544 - snakemake_workflow - rasterdataset - DEBUG - Clip to [149.000, 6.000, 150.000, 9.000] (epsg:4326))
2026-08-04 06:57:11,438 - snakemake_workflow - rasterdataset - INFO - Reading population raster data from D:\GFM\inputs\exposure\ppp_2020_1km_Aggregated.tif
2026-08-04 06:57:11,672 - snakemake_workflow - rasterdataset - DEBUG - Clip to [171.000, 6.000, 172.000, 9.000] (epsg:4326))
2026-08-04 06:57:12,343 - snakemake_workflow - rasterdataset - INFO - Reading population raster data from D:\GFM\inputs\exposure\ppp_2020_1km_Aggregated.tif
2026-08-04 06:57:12,343 - snakemake_workflow - rasterdataset - INFO - Reading population raster data from D:\GFM\inputs\exposure\ppp_2020_1km_Aggregated.tif
2026-08-04 06:57:12,375 - snakemake_workflow - rasterdataset - INFO - Reading population raster data from D:\GFM\inputs\exposure\ppp_2020_1km_Aggregated.tif
2026-08-04 06:57:12,375 - snakemake_workflow - rasterdataset - INFO - Reading population raster data from D:\GFM\inputs\exposure\ppp_2020_1km_Aggregated.tif
2026-08-04 06:57:12,439 - snakemake_workflow - rasterdataset - DEBUG - Clip to [151.000, 6.000, 152.000, 9.000] (epsg:4326))
2026-08-04 06:57:12,439 - snakemake_workflow - rasterdataset - DEBUG - Clip to [-156.000, 18.000, -155.000, 20.000] (epsg:4326))
2026-08-04 06:57:12,498 - snakemake_workflow - rasterdataset - INFO - Reading population raster data from D:\GFM\inputs\exposure\ppp_2020_1km_Aggregated.tif
2026-08-04 06:57:12,503 - snakemake_workflow - rasterdataset - DEBUG - Clip to [-179.000, 71.000, -177.000, 72.000] (epsg:4326))
2026-08-04 06:57:12,599 - snakemake_workflow - rasterdataset - INFO - Reading population raster data from D:\GFM\inputs\exposure\ppp_2020_1km_Aggregated.tif
2026-08-04 06:57:12,614 - snakemake_workflow - rasterdataset - DEBUG - Clip to [55.000, -6.000, 56.000, -3.000] (epsg:4326))
2026-08-04 06:57:12,647 - snakemake_workflow - rasterdataset - DEBUG - Clip to [52.000, 12.000, 55.000, 13.000] (epsg:4326))
2026-08-04 06:57:12,725 - snakemake_workflow - rasterdataset - DEBUG - Clip to [-50.000, -27.000, -48.000, -26.000] (epsg:4326))
2026-08-04 06:57:13,840 - snakemake_workflow - rasterdataset - INFO - Reading population raster data from D:\GFM\inputs\exposure\ppp_2020_1km_Aggregated.tif
2026-08-04 06:57:13,894 - snakemake_workflow - rasterdataset - INFO - Reading population raster data from D:\GFM\inputs\exposure\ppp_2020_1km_Aggregated.tif
2026-08-04 06:57:13,913 - snakemake_workflow - rasterdataset - DEBUG - Clip to [-60.000, -31.000, -59.000, -29.000] (epsg:4326))
2026-08-04 06:57:14,078 - snakemake_workflow - rasterdataset - INFO - Reading population raster data from D:\GFM\inputs\exposure\ppp_2020_1km_Aggregated.tif
2026-08-04 06:57:14,094 - snakemake_workflow - rasterdataset - DEBUG - Clip to [-156.000, 19.000, -154.000, 20.000] (epsg:4326))
2026-08-04 06:57:14,189 - snakemake_workflow - rasterdataset - DEBUG - Clip to [50.000, 80.000, 51.000, 82.000] (epsg:4326))
2026-08-04 06:57:14,413 - snakemake_workflow - rasterdataset - INFO - Reading population raster data from D:\GFM\inputs\exposure\ppp_2020_1km_Aggregated.tif
2026-08-04 06:57:14,653 - snakemake_workflow - rasterdataset - DEBUG - Clip to [-64.000, -1.000, -62.000, 0.000] (epsg:4326))
2026-08-04 06:57:14,953 - snakemake_workflow - rasterdataset - INFO - Reading population raster data from D:\GFM\inputs\exposure\ppp_2020_1km_Aggregated.tif
2026-08-04 06:57:15,261 - snakemake_workflow - rasterdataset - DEBUG - Clip to [-50.000, -29.000, -48.000, -28.000] (epsg:4326))
2026-08-04 06:57:15,613 - snakemake_workflow - rasterdataset - INFO - Reading population raster data from D:\GFM\inputs\exposure\ppp_2020_1km_Aggregated.tif
2026-08-04 06:57:15,771 - snakemake_workflow - rasterdataset - DEBUG - Clip to [-66.000, 9.000, -65.000, 11.000] (epsg:4326))
2026-08-04 06:57:16,446 - snakemake_workflow - rasterdataset - INFO - Reading population raster data from D:\GFM\inputs\exposure\ppp_2020_1km_Aggregated.tif
2026-08-04 06:57:16,653 - snakemake_workflow - rasterdataset - DEBUG - Clip to [-25.000, 15.000, -22.000, 16.000] (epsg:4326))
2026-08-04 06:57:16,733 - snakemake_workflow - rasterdataset - INFO - Reading population raster data from D:\GFM\inputs\exposure\ppp_2020_1km_Aggregated.tif
2026-08-04 06:57:17,124 - snakemake_workflow - rasterdataset - DEBUG - Clip to [48.000, 37.000, 51.000, 38.000] (epsg:4326))
2026-08-04 06:57:18,070 - snakemake_workflow - rasterdataset - INFO - Reading population raster data from D:\GFM\inputs\exposure\ppp_2020_1km_Aggregated.tif
2026-08-04 06:57:18,086 - snakemake_workflow - rasterdataset - DEBUG - Clip to [31.000, 80.000, 34.000, 81.000] (epsg:4326))
2026-08-04 06:57:18,804 - snakemake_workflow - rasterdataset - INFO - Reading population raster data from D:\GFM\inputs\exposure\ppp_2020_1km_Aggregated.tif
2026-08-04 06:57:18,899 - snakemake_workflow - rasterdataset - INFO - Reading population raster data from D:\GFM\inputs\exposure\ppp_2020_1km_Aggregated.tif
2026-08-04 06:57:18,899 - snakemake_workflow - rasterdataset - INFO - Reading population raster data from D:\GFM\inputs\exposure\ppp_2020_1km_Aggregated.tif
2026-08-04 06:57:19,059 - snakemake_workflow - rasterdataset - DEBUG - Clip to [-55.000, 4.000, -54.000, 6.000] (epsg:4326))
2026-08-04 06:57:19,059 - snakemake_workflow - rasterdataset - DEBUG - Clip to [-63.000, -2.000, -61.000, -1.000] (epsg:4326))
2026-08-04 06:57:19,059 - snakemake_workflow - rasterdataset - DEBUG - Clip to [-80.000, 1.000, -78.000, 2.000] (epsg:4326))
2026-08-04 06:57:19,220 - snakemake_workflow - rasterdataset - INFO - Reading population raster data from D:\GFM\inputs\exposure\ppp_2020_1km_Aggregated.tif
2026-08-04 06:57:19,444 - snakemake_workflow - rasterdataset - DEBUG - Clip to [-82.000, 12.000, -81.000, 14.000] (epsg:4326))
2026-08-04 06:57:19,539 - snakemake_workflow - rasterdataset - INFO - Reading population raster data from D:\GFM\inputs\exposure\ppp_2020_1km_Aggregated.tif
2026-08-04 06:57:19,721 - snakemake_workflow - rasterdataset - DEBUG - Clip to [-59.000, -32.000, -57.000, -31.000] (epsg:4326))
2026-08-04 06:57:20,383 - snakemake_workflow - rasterdataset - INFO - Reading population raster data from D:\GFM\inputs\exposure\ppp_2020_1km_Aggregated.tif
2026-08-04 06:57:20,829 - snakemake_workflow - rasterdataset - DEBUG - Clip to [78.000, 80.000, 81.000, 81.000] (epsg:4326))
2026-08-04 06:57:21,458 - snakemake_workflow - rasterdataset - INFO - Reading population raster data from D:\GFM\inputs\exposure\ppp_2020_1km_Aggregated.tif
2026-08-04 06:57:21,458 - snakemake_workflow - rasterdataset - INFO - Reading population raster data from D:\GFM\inputs\exposure\ppp_2020_1km_Aggregated.tif
2026-08-04 06:57:21,482 - snakemake_workflow - rasterdataset - DEBUG - Clip to [166.000, 54.000, 169.000, 55.000] (epsg:4326))
2026-08-04 06:57:21,484 - snakemake_workflow - rasterdataset - DEBUG - Clip to [-84.000, 14.000, -82.000, 15.000] (epsg:4326))
2026-08-04 06:57:21,596 - snakemake_workflow - rasterdataset - INFO - Reading population raster data from D:\GFM\inputs\exposure\ppp_2020_1km_Aggregated.tif
2026-08-04 06:57:21,724 - snakemake_workflow - rasterdataset - DEBUG - Clip to [-88.000, 12.000, -86.000, 13.000] (epsg:4326))
2026-08-04 06:57:22,043 - snakemake_workflow - rasterdataset - INFO - Reading population raster data from D:\GFM\inputs\exposure\ppp_2020_1km_Aggregated.tif
2026-08-04 06:57:22,125 - snakemake_workflow - rasterdataset - DEBUG - Clip to [-56.000, 5.000, -55.000, 7.000] (epsg:4326))
2026-08-04 06:57:23,969 - snakemake_workflow - rasterdataset - INFO - Reading population raster data from D:\GFM\inputs\exposure\ppp_2020_1km_Aggregated.tif
2026-08-04 06:57:24,256 - snakemake_workflow - rasterdataset - INFO - Reading population raster data from D:\GFM\inputs\exposure\ppp_2020_1km_Aggregated.tif
2026-08-04 06:57:24,511 - snakemake_workflow - rasterdataset - INFO - Reading population raster data from D:\GFM\inputs\exposure\ppp_2020_1km_Aggregated.tif
2026-08-04 06:57:24,511 - snakemake_workflow - rasterdataset - INFO - Reading population raster data from D:\GFM\inputs\exposure\ppp_2020_1km_Aggregated.tif
2026-08-04 06:57:24,538 - snakemake_workflow - rasterdataset - DEBUG - Clip to [-53.000, 4.000, -51.000, 5.000] (epsg:4326))
2026-08-04 06:57:24,623 - snakemake_workflow - rasterdataset - DEBUG - Clip to [-87.000, 11.000, -86.000, 13.000] (epsg:4326))
2026-08-04 06:57:24,625 - snakemake_workflow - rasterdataset - DEBUG - Clip to [-61.000, -31.000, -59.000, -30.000] (epsg:4326))
2026-08-04 06:57:24,652 - snakemake_workflow - rasterdataset - DEBUG - Clip to [-93.000, 14.000, -92.000, 16.000] (epsg:4326))
2026-08-04 06:57:24,798 - snakemake_workflow - rasterdataset - INFO - Reading population raster data from D:\GFM\inputs\exposure\ppp_2020_1km_Aggregated.tif
2026-08-04 06:57:25,067 - snakemake_workflow - rasterdataset - INFO - Reading population raster data from D:\GFM\inputs\exposure\ppp_2020_1km_Aggregated.tif
2026-08-04 06:57:25,067 - snakemake_workflow - rasterdataset - INFO - Reading population raster data from D:\GFM\inputs\exposure\ppp_2020_1km_Aggregated.tif
2026-08-04 06:57:25,083 - snakemake_workflow - rasterdataset - DEBUG - Clip to [-80.000, 0.000, -79.000, 2.000] (epsg:4326))
2026-08-04 06:57:25,232 - snakemake_workflow - rasterdataset - DEBUG - Clip to [-68.000, 57.000, -67.000, 59.000] (epsg:4326))
2026-08-04 06:57:25,563 - snakemake_workflow - rasterdataset - DEBUG - Clip to [-74.000, -40.000, -72.000, -39.000] (epsg:4326))
2026-08-04 06:57:25,691 - snakemake_workflow - rasterdataset - INFO - Reading population raster data from D:\GFM\inputs\exposure\ppp_2020_1km_Aggregated.tif
2026-08-04 06:57:26,824 - snakemake_workflow - rasterdataset - INFO - Reading population raster data from D:\GFM\inputs\exposure\ppp_2020_1km_Aggregated.tif
2026-08-04 06:57:26,919 - snakemake_workflow - rasterdataset - INFO - Reading population raster data from D:\GFM\inputs\exposure\ppp_2020_1km_Aggregated.tif
2026-08-04 06:57:27,026 - snakemake_workflow - rasterdataset - DEBUG - Clip to [-170.000, 62.000, -169.000, 64.000] (epsg:4326))
2026-08-04 06:57:27,033 - snakemake_workflow - rasterdataset - INFO - Reading population raster data from D:\GFM\inputs\exposure\ppp_2020_1km_Aggregated.tif
2026-08-04 06:57:27,037 - snakemake_workflow - rasterdataset - DEBUG - Clip to [145.000, -2.000, 146.000, 0.000] (epsg:4326))
2026-08-04 06:57:27,037 - snakemake_workflow - rasterdataset - DEBUG - Clip to [-140.000, 59.000, -139.000, 61.000] (epsg:4326))
2026-08-04 06:57:27,160 - snakemake_workflow - rasterdataset - DEBUG - Clip to [121.000, -19.000, 123.000, -18.000] (epsg:4326))
2026-08-04 06:57:27,554 - snakemake_workflow - rasterdataset - INFO - Reading population raster data from D:\GFM\inputs\exposure\ppp_2020_1km_Aggregated.tif
2026-08-04 06:57:27,773 - snakemake_workflow - rasterdataset - INFO - Reading population raster data from D:\GFM\inputs\exposure\ppp_2020_1km_Aggregated.tif
2026-08-04 06:57:27,773 - snakemake_workflow - rasterdataset - DEBUG - Clip to [-63.000, -2.000, -62.000, 0.000] (epsg:4326))
2026-08-04 06:57:28,017 - snakemake_workflow - rasterdataset - INFO - Reading population raster data from D:\GFM\inputs\exposure\ppp_2020_1km_Aggregated.tif
2026-08-04 06:57:28,062 - snakemake_workflow - rasterdataset - DEBUG - Clip to [-76.000, -16.000, -74.000, -15.000] (epsg:4326))
2026-08-04 06:57:28,239 - snakemake_workflow - rasterdataset - DEBUG - Clip to [-75.000, -17.000, -74.000, -15.000] (epsg:4326))
2026-08-04 06:57:29,068 - snakemake_workflow - rasterdataset - INFO - Reading population raster data from D:\GFM\inputs\exposure\ppp_2020_1km_Aggregated.tif
2026-08-04 06:57:29,272 - snakemake_workflow - rasterdataset - DEBUG - Clip to [83.000, 18.000, 85.000, 19.000] (epsg:4326))
2026-08-04 06:57:29,350 - snakemake_workflow - rasterdataset - INFO - Reading population raster data from D:\GFM\inputs\exposure\ppp_2020_1km_Aggregated.tif
2026-08-04 06:57:29,350 - snakemake_workflow - rasterdataset - INFO - Reading population raster data from D:\GFM\inputs\exposure\ppp_2020_1km_Aggregated.tif
2026-08-04 06:57:29,350 - snakemake_workflow - rasterdataset - INFO - Reading population raster data from D:\GFM\inputs\exposure\ppp_2020_1km_Aggregated.tif
2026-08-04 06:57:29,480 - snakemake_workflow - rasterdataset - INFO - Reading population raster data from D:\GFM\inputs\exposure\ppp_2020_1km_Aggregated.tif
2026-08-04 06:57:29,505 - snakemake_workflow - rasterdataset - DEBUG - Clip to [115.000, -32.000, 117.000, -31.000] (epsg:4326))
2026-08-04 06:57:29,509 - snakemake_workflow - rasterdataset - DEBUG - Clip to [-157.000, 55.000, -155.000, 56.000] (epsg:4326))
2026-08-04 06:57:29,510 - snakemake_workflow - rasterdataset - DEBUG - Clip to [122.000, -13.000, 124.000, -12.000] (epsg:4326))
2026-08-04 06:57:29,533 - snakemake_workflow - rasterdataset - DEBUG - Clip to [80.000, 5.000, 81.000, 7.000] (epsg:4326))
2026-08-04 06:57:29,542 - snakemake_workflow - rasterdataset - INFO - Reading population raster data from D:\GFM\inputs\exposure\ppp_2020_1km_Aggregated.tif
2026-08-04 06:57:29,646 - snakemake_workflow - rasterdataset - DEBUG - Clip to [-164.000, 69.000, -162.000, 70.000] (epsg:4326))
2026-08-04 06:57:29,677 - snakemake_workflow - rasterdataset - INFO - Reading population raster data from D:\GFM\inputs\exposure\ppp_2020_1km_Aggregated.tif
2026-08-04 06:57:29,677 - snakemake_workflow - rasterdataset - INFO - Reading population raster data from D:\GFM\inputs\exposure\ppp_2020_1km_Aggregated.tif
2026-08-04 06:57:29,941 - snakemake_workflow - rasterdataset - DEBUG - Clip to [137.000, 45.000, 138.000, 47.000] (epsg:4326))
2026-08-04 06:57:30,151 - snakemake_workflow - rasterdataset - INFO - Reading population raster data from D:\GFM\inputs\exposure\ppp_2020_1km_Aggregated.tif
2026-08-04 06:57:30,350 - snakemake_workflow - rasterdataset - INFO - Reading population raster data from D:\GFM\inputs\exposure\ppp_2020_1km_Aggregated.tif
2026-08-04 06:57:30,547 - snakemake_workflow - rasterdataset - DEBUG - Clip to [135.000, 44.000, 137.000, 45.000] (epsg:4326))
2026-08-04 06:57:30,549 - snakemake_workflow - rasterdataset - DEBUG - Clip to [108.000, 21.000, 109.000, 23.000] (epsg:4326))
2026-08-04 06:57:30,549 - snakemake_workflow - rasterdataset - DEBUG - Clip to [-76.000, -16.000, -75.000, -14.000] (epsg:4326))
2026-08-04 06:57:31,243 - snakemake_workflow - rasterdataset - INFO - Reading population raster data from D:\GFM\inputs\exposure\ppp_2020_1km_Aggregated.tif
2026-08-04 06:57:31,475 - snakemake_workflow - rasterdataset - DEBUG - Clip to [134.000, 42.000, 135.000, 44.000] (epsg:4326))
2026-08-04 06:57:32,331 - snakemake_workflow - rasterdataset - INFO - Reading population raster data from D:\GFM\inputs\exposure\ppp_2020_1km_Aggregated.tif
2026-08-04 06:57:32,444 - snakemake_workflow - rasterdataset - INFO - Reading population raster data from D:\GFM\inputs\exposure\ppp_2020_1km_Aggregated.tif
2026-08-04 06:57:32,671 - snakemake_workflow - rasterdataset - DEBUG - Clip to [137.000, 46.000, 139.000, 47.000] (epsg:4326))
2026-08-04 06:57:32,719 - snakemake_workflow - rasterdataset - INFO - Reading population raster data from D:\GFM\inputs\exposure\ppp_2020_1km_Aggregated.tif
2026-08-04 06:57:32,741 - snakemake_workflow - rasterdataset - DEBUG - Clip to [124.000, -7.000, 125.000, -5.000] (epsg:4326))
2026-08-04 06:57:32,768 - snakemake_workflow - rasterdataset - DEBUG - Clip to [-105.000, 18.000, -104.000, 20.000] (epsg:4326))
2026-08-04 06:57:32,942 - snakemake_workflow - rasterdataset - INFO - Reading population raster data from D:\GFM\inputs\exposure\ppp_2020_1km_Aggregated.tif
2026-08-04 06:57:33,321 - snakemake_workflow - rasterdataset - DEBUG - Clip to [143.000, 41.000, 144.000, 43.000] (epsg:4326))
2026-08-04 06:57:33,979 - snakemake_workflow - rasterdataset - INFO - Reading population raster data from D:\GFM\inputs\exposure\ppp_2020_1km_Aggregated.tif
2026-08-04 06:57:33,979 - snakemake_workflow - rasterdataset - INFO - Reading population raster data from D:\GFM\inputs\exposure\ppp_2020_1km_Aggregated.tif
2026-08-04 06:57:34,082 - snakemake_workflow - rasterdataset - DEBUG - Clip to [134.000, 43.000, 136.000, 44.000] (epsg:4326))
2026-08-04 06:57:34,271 - snakemake_workflow - rasterdataset - DEBUG - Clip to [136.000, 44.000, 137.000, 46.000] (epsg:4326))
2026-08-04 06:57:34,900 - snakemake_workflow - rasterdataset - INFO - Reading population raster data from D:\GFM\inputs\exposure\ppp_2020_1km_Aggregated.tif
2026-08-04 06:57:35,230 - snakemake_workflow - rasterdataset - INFO - Reading population raster data from D:\GFM\inputs\exposure\ppp_2020_1km_Aggregated.tif
2026-08-04 06:57:35,351 - snakemake_workflow - rasterdataset - INFO - Reading population raster data from D:\GFM\inputs\exposure\ppp_2020_1km_Aggregated.tif
2026-08-04 06:57:35,357 - snakemake_workflow - rasterdataset - DEBUG - Clip to [138.000, 46.000, 139.000, 48.000] (epsg:4326))
2026-08-04 06:57:35,536 - snakemake_workflow - rasterdataset - INFO - Reading population raster data from D:\GFM\inputs\exposure\ppp_2020_1km_Aggregated.tif
2026-08-04 06:57:35,544 - snakemake_workflow - rasterdataset - INFO - Reading population raster data from D:\GFM\inputs\exposure\ppp_2020_1km_Aggregated.tif
2026-08-04 06:57:35,563 - snakemake_workflow - rasterdataset - DEBUG - Clip to [135.000, 49.000, 137.000, 50.000] (epsg:4326))
2026-08-04 06:57:35,573 - snakemake_workflow - rasterdataset - DEBUG - Clip to [84.000, 18.000, 85.000, 20.000] (epsg:4326))
2026-08-04 06:57:35,574 - snakemake_workflow - rasterdataset - DEBUG - Clip to [135.000, 43.000, 136.000, 45.000] (epsg:4326))
2026-08-04 06:57:35,576 - snakemake_workflow - rasterdataset - DEBUG - Clip to [136.000, 45.000, 138.000, 46.000] (epsg:4326))
2026-08-04 06:57:35,628 - snakemake_workflow - rasterdataset - INFO - Reading population raster data from D:\GFM\inputs\exposure\ppp_2020_1km_Aggregated.tif
2026-08-04 06:57:35,852 - snakemake_workflow - rasterdataset - DEBUG - Clip to [58.000, 21.000, 60.000, 22.000] (epsg:4326))
2026-08-04 06:57:36,105 - snakemake_workflow - rasterdataset - INFO - Reading population raster data from D:\GFM\inputs\exposure\ppp_2020_1km_Aggregated.tif
2026-08-04 06:57:36,106 - snakemake_workflow - rasterdataset - INFO - Reading population raster data from D:\GFM\inputs\exposure\ppp_2020_1km_Aggregated.tif
2026-08-04 06:57:36,190 - snakemake_workflow - rasterdataset - INFO - Reading population raster data from D:\GFM\inputs\exposure\ppp_2020_1km_Aggregated.tif
2026-08-04 06:57:36,233 - snakemake_workflow - rasterdataset - DEBUG - Clip to [170.000, 59.000, 171.000, 61.000] (epsg:4326))
2026-08-04 06:57:36,233 - snakemake_workflow - rasterdataset - DEBUG - Clip to [144.000, 48.000, 145.000, 50.000] (epsg:4326))
2026-08-04 06:57:36,233 - snakemake_workflow - rasterdataset - DEBUG - Clip to [47.000, 3.000, 48.000, 5.000] (epsg:4326))
2026-08-04 06:57:36,409 - snakemake_workflow - rasterdataset - INFO - Reading population raster data from D:\GFM\inputs\exposure\ppp_2020_1km_Aggregated.tif
2026-08-04 06:57:36,601 - snakemake_workflow - rasterdataset - INFO - Reading population raster data from D:\GFM\inputs\exposure\ppp_2020_1km_Aggregated.tif
2026-08-04 06:57:36,718 - snakemake_workflow - rasterdataset - DEBUG - Clip to [46.000, 2.000, 47.000, 4.000] (epsg:4326))
2026-08-04 06:57:36,718 - snakemake_workflow - rasterdataset - DEBUG - Clip to [138.000, 47.000, 140.000, 48.000] (epsg:4326))
2026-08-04 06:57:37,003 - snakemake_workflow - rasterdataset - INFO - Reading population raster data from D:\GFM\inputs\exposure\ppp_2020_1km_Aggregated.tif
2026-08-04 06:57:37,369 - snakemake_workflow - rasterdataset - DEBUG - Clip to [58.000, 20.000, 59.000, 22.000] (epsg:4326))
2026-08-04 06:57:37,984 - snakemake_workflow - rasterdataset - INFO - Reading population raster data from D:\GFM\inputs\exposure\ppp_2020_1km_Aggregated.tif
2026-08-04 06:57:38,349 - snakemake_workflow - rasterdataset - DEBUG - Clip to [136.000, 49.000, 137.000, 51.000] (epsg:4326))
2026-08-04 06:57:38,659 - snakemake_workflow - rasterdataset - INFO - Reading population raster data from D:\GFM\inputs\exposure\ppp_2020_1km_Aggregated.tif
2026-08-04 06:57:38,789 - snakemake_workflow - rasterdataset - INFO - Reading population raster data from D:\GFM\inputs\exposure\ppp_2020_1km_Aggregated.tif
2026-08-04 06:57:39,014 - snakemake_workflow - rasterdataset - DEBUG - Clip to [37.000, 24.000, 39.000, 25.000] (epsg:4326))
2026-08-04 06:57:39,046 - snakemake_workflow - rasterdataset - INFO - Reading population raster data from D:\GFM\inputs\exposure\ppp_2020_1km_Aggregated.tif
2026-08-04 06:57:39,077 - snakemake_workflow - rasterdataset - DEBUG - Clip to [28.000, 44.000, 30.000, 45.000] (epsg:4326))
2026-08-04 06:57:39,123 - snakemake_workflow - rasterdataset - DEBUG - Clip to [152.000, 46.000, 153.000, 48.000] (epsg:4326))
2026-08-04 06:57:39,160 - snakemake_workflow - rasterdataset - INFO - Reading population raster data from D:\GFM\inputs\exposure\ppp_2020_1km_Aggregated.tif
2026-08-04 06:57:39,272 - snakemake_workflow - rasterdataset - DEBUG - Clip to [40.000, 19.000, 42.000, 20.000] (epsg:4326))
2026-08-04 06:57:39,362 - snakemake_workflow - rasterdataset - INFO - Reading population raster data from D:\GFM\inputs\exposure\ppp_2020_1km_Aggregated.tif
2026-08-04 06:57:39,442 - snakemake_workflow - rasterdataset - INFO - Reading population raster data from D:\GFM\inputs\exposure\ppp_2020_1km_Aggregated.tif
2026-08-04 06:57:39,524 - snakemake_workflow - rasterdataset - DEBUG - Clip to [155.000, 56.000, 157.000, 57.000] (epsg:4326))
2026-08-04 06:57:39,637 - snakemake_workflow - rasterdataset - DEBUG - Clip to [142.000, 53.000, 143.000, 55.000] (epsg:4326))
2026-08-04 06:57:40,302 - snakemake_workflow - rasterdataset - INFO - Reading population raster data from D:\GFM\inputs\exposure\ppp_2020_1km_Aggregated.tif
2026-08-04 06:57:40,584 - snakemake_workflow - rasterdataset - DEBUG - Clip to [36.000, 25.000, 38.000, 26.000] (epsg:4326))
2026-08-04 06:57:40,867 - snakemake_workflow - rasterdataset - INFO - Reading population raster data from D:\GFM\inputs\exposure\ppp_2020_1km_Aggregated.tif
2026-08-04 06:57:41,037 - snakemake_workflow - rasterdataset - INFO - Reading population raster data from D:\GFM\inputs\exposure\ppp_2020_1km_Aggregated.tif
2026-08-04 06:57:41,069 - snakemake_workflow - rasterdataset - DEBUG - Clip to [152.000, 47.000, 154.000, 48.000] (epsg:4326))
2026-08-04 06:57:41,071 - snakemake_workflow - rasterdataset - DEBUG - Clip to [46.000, 3.000, 48.000, 4.000] (epsg:4326))
2026-08-04 06:57:41,185 - snakemake_workflow - rasterdataset - INFO - Reading population raster data from D:\GFM\inputs\exposure\ppp_2020_1km_Aggregated.tif
2026-08-04 06:57:41,356 - snakemake_workflow - rasterdataset - DEBUG - Clip to [29.000, 44.000, 30.000, 46.000] (epsg:4326))
2026-08-04 06:57:41,611 - snakemake_workflow - rasterdataset - INFO - Reading population raster data from D:\GFM\inputs\exposure\ppp_2020_1km_Aggregated.tif
2026-08-04 06:57:41,882 - snakemake_workflow - rasterdataset - DEBUG - Clip to [37.000, 24.000, 38.000, 26.000] (epsg:4326))
2026-08-04 06:57:41,914 - snakemake_workflow - rasterdataset - INFO - Reading population raster data from D:\GFM\inputs\exposure\ppp_2020_1km_Aggregated.tif
2026-08-04 06:57:41,914 - snakemake_workflow - rasterdataset - INFO - Reading population raster data from D:\GFM\inputs\exposure\ppp_2020_1km_Aggregated.tif
2026-08-04 06:57:41,914 - snakemake_workflow - rasterdataset - INFO - Reading population raster data from D:\GFM\inputs\exposure\ppp_2020_1km_Aggregated.tif
2026-08-04 06:57:41,950 - snakemake_workflow - rasterdataset - DEBUG - Clip to [31.000, -29.000, 33.000, -28.000] (epsg:4326))
2026-08-04 06:57:41,952 - snakemake_workflow - rasterdataset - DEBUG - Clip to [40.000, 19.000, 41.000, 21.000] (epsg:4326))
2026-08-04 06:57:41,974 - snakemake_workflow - rasterdataset - INFO - Reading population raster data from D:\GFM\inputs\exposure\ppp_2020_1km_Aggregated.tif
2026-08-04 06:57:41,988 - snakemake_workflow - rasterdataset - DEBUG - Clip to [153.000, 47.000, 154.000, 49.000] (epsg:4326))
2026-08-04 06:57:42,152 - snakemake_workflow - rasterdataset - DEBUG - Clip to [56.000, 18.000, 58.000, 19.000] (epsg:4326))
2026-08-04 06:57:42,630 - snakemake_workflow - rasterdataset - INFO - Reading population raster data from D:\GFM\inputs\exposure\ppp_2020_1km_Aggregated.tif
2026-08-04 06:57:42,630 - snakemake_workflow - rasterdataset - INFO - Reading population raster data from D:\GFM\inputs\exposure\ppp_2020_1km_Aggregated.tif
2026-08-04 06:57:42,762 - snakemake_workflow - rasterdataset - DEBUG - Clip to [-11.000, 29.000, -9.000, 30.000] (epsg:4326))
2026-08-04 06:57:42,869 - snakemake_workflow - rasterdataset - DEBUG - Clip to [45.000, 2.000, 47.000, 3.000] (epsg:4326))
2026-08-04 06:57:42,934 - snakemake_workflow - rasterdataset - INFO - Reading population raster data from D:\GFM\inputs\exposure\ppp_2020_1km_Aggregated.tif
2026-08-04 06:57:43,043 - snakemake_workflow - rasterdataset - INFO - Reading population raster data from D:\GFM\inputs\exposure\ppp_2020_1km_Aggregated.tif
2026-08-04 06:57:43,075 - snakemake_workflow - rasterdataset - INFO - Reading population raster data from D:\GFM\inputs\exposure\ppp_2020_1km_Aggregated.tif
2026-08-04 06:57:43,131 - snakemake_workflow - rasterdataset - DEBUG - Clip to [29.000, 45.000, 31.000, 46.000] (epsg:4326))
2026-08-04 06:57:43,133 - snakemake_workflow - rasterdataset - DEBUG - Clip to [16.000, -30.000, 18.000, -29.000] (epsg:4326))
2026-08-04 06:57:43,139 - snakemake_workflow - rasterdataset - DEBUG - Clip to [47.000, 4.000, 49.000, 5.000] (epsg:4326))
2026-08-04 06:57:43,359 - snakemake_workflow - rasterdataset - INFO - Reading population raster data from D:\GFM\inputs\exposure\ppp_2020_1km_Aggregated.tif
2026-08-04 06:57:43,535 - snakemake_workflow - rasterdataset - DEBUG - Clip to [12.000, -20.000, 13.000, -18.000] (epsg:4326))
2026-08-04 06:57:43,670 - snakemake_workflow - rasterdataset - INFO - Reading population raster data from D:\GFM\inputs\exposure\ppp_2020_1km_Aggregated.tif
2026-08-04 06:57:43,799 - snakemake_workflow - rasterdataset - DEBUG - Clip to [31.000, -30.000, 32.000, -28.000] (epsg:4326))
2026-08-04 06:57:43,852 - snakemake_workflow - rasterdataset - INFO - Reading population raster data from D:\GFM\inputs\exposure\ppp_2020_1km_Aggregated.tif
2026-08-04 06:57:43,852 - snakemake_workflow - rasterdataset - INFO - Reading population raster data from D:\GFM\inputs\exposure\ppp_2020_1km_Aggregated.tif
2026-08-04 06:57:43,992 - snakemake_workflow - rasterdataset - DEBUG - Clip to [55.000, 66.000, 57.000, 67.000] (epsg:4326))
2026-08-04 06:57:43,994 - snakemake_workflow - rasterdataset - DEBUG - Clip to [34.000, 31.000, 35.000, 33.000] (epsg:4326))
2026-08-04 06:57:44,299 - snakemake_workflow - rasterdataset - INFO - Reading population raster data from D:\GFM\inputs\exposure\ppp_2020_1km_Aggregated.tif
2026-08-04 06:57:44,587 - snakemake_workflow - rasterdataset - DEBUG - Clip to [6.000, 42.000, 7.000, 44.000] (epsg:4326))
2026-08-04 06:57:45,147 - snakemake_workflow - rasterdataset - INFO - Reading population raster data from D:\GFM\inputs\exposure\ppp_2020_1km_Aggregated.tif
2026-08-04 06:57:45,311 - snakemake_workflow - rasterdataset - INFO - Reading population raster data from D:\GFM\inputs\exposure\ppp_2020_1km_Aggregated.tif
2026-08-04 06:57:45,322 - snakemake_workflow - rasterdataset - DEBUG - Clip to [-16.000, 27.000, -15.000, 29.000] (epsg:4326))
2026-08-04 06:57:45,568 - snakemake_workflow - rasterdataset - DEBUG - Clip to [-9.000, 32.000, -8.000, 34.000] (epsg:4326))
2026-08-04 06:57:45,754 - snakemake_workflow - rasterdataset - INFO - Reading population raster data from D:\GFM\inputs\exposure\ppp_2020_1km_Aggregated.tif
2026-08-04 06:57:45,834 - snakemake_workflow - rasterdataset - DEBUG - Clip to [16.000, -30.000, 17.000, -28.000] (epsg:4326))
2026-08-04 06:57:46,089 - snakemake_workflow - rasterdataset - INFO - Reading population raster data from D:\GFM\inputs\exposure\ppp_2020_1km_Aggregated.tif
2026-08-04 06:57:46,137 - snakemake_workflow - rasterdataset - DEBUG - Clip to [16.000, 61.000, 18.000, 62.000] (epsg:4326))
2026-08-04 06:57:46,247 - snakemake_workflow - rasterdataset - INFO - Reading population raster data from D:\GFM\inputs\exposure\ppp_2020_1km_Aggregated.tif
2026-08-04 06:57:46,358 - snakemake_workflow - rasterdataset - INFO - Reading population raster data from D:\GFM\inputs\exposure\ppp_2020_1km_Aggregated.tif
2026-08-04 06:57:46,358 - snakemake_workflow - rasterdataset - DEBUG - Clip to [67.000, 76.000, 68.000, 78.000] (epsg:4326))
2026-08-04 06:57:46,647 - snakemake_workflow - rasterdataset - DEBUG - Clip to [-38.000, -55.000, -37.000, -53.000] (epsg:4326))
2026-08-04 06:57:47,788 - snakemake_workflow - rasterdataset - INFO - Reading population raster data from D:\GFM\inputs\exposure\ppp_2020_1km_Aggregated.tif
2026-08-04 06:57:47,860 - snakemake_workflow - rasterdataset - INFO - Reading population raster data from D:\GFM\inputs\exposure\ppp_2020_1km_Aggregated.tif
2026-08-04 06:57:47,860 - snakemake_workflow - rasterdataset - INFO - Reading population raster data from D:\GFM\inputs\exposure\ppp_2020_1km_Aggregated.tif
2026-08-04 06:57:47,936 - snakemake_workflow - rasterdataset - DEBUG - Clip to [167.000, -45.000, 169.000, -44.000] (epsg:4326))
2026-08-04 06:57:47,936 - snakemake_workflow - rasterdataset - DEBUG - Clip to [72.000, -54.000, 74.000, -53.000] (epsg:4326))
2026-08-04 06:57:47,952 - snakemake_workflow - rasterdataset - DEBUG - Clip to [-7.000, 49.000, -5.000, 50.000] (epsg:4326))
2026-08-04 06:57:48,256 - snakemake_workflow - rasterdataset - INFO - Reading population raster data from D:\GFM\inputs\exposure\ppp_2020_1km_Aggregated.tif
2026-08-04 06:57:48,497 - snakemake_workflow - rasterdataset - INFO - Reading population raster data from D:\GFM\inputs\exposure\ppp_2020_1km_Aggregated.tif
2026-08-04 06:57:48,497 - snakemake_workflow - rasterdataset - INFO - Reading population raster data from D:\GFM\inputs\exposure\ppp_2020_1km_Aggregated.tif
2026-08-04 06:57:48,527 - snakemake_workflow - rasterdataset - DEBUG - Clip to [73.000, -54.000, 74.000, -52.000] (epsg:4326))
2026-08-04 06:57:48,534 - snakemake_workflow - rasterdataset - DEBUG - Clip to [-16.000, 24.000, -14.000, 25.000] (epsg:4326))
2026-08-04 06:57:48,534 - snakemake_workflow - rasterdataset - DEBUG - Clip to [29.000, -32.000, 31.000, -31.000] (epsg:4326))
2026-08-04 06:57:48,768 - snakemake_workflow - rasterdataset - INFO - Reading population raster data from D:\GFM\inputs\exposure\ppp_2020_1km_Aggregated.tif
2026-08-04 06:57:49,069 - snakemake_workflow - rasterdataset - INFO - Reading population raster data from D:\GFM\inputs\exposure\ppp_2020_1km_Aggregated.tif
2026-08-04 06:57:49,072 - snakemake_workflow - rasterdataset - DEBUG - Clip to [168.000, 69.000, 169.000, 71.000] (epsg:4326))
2026-08-04 06:57:49,292 - snakemake_workflow - rasterdataset - DEBUG - Clip to [165.000, -51.000, 167.000, -50.000] (epsg:4326))
2026-08-04 06:57:49,721 - snakemake_workflow - rasterdataset - INFO - Reading population raster data from D:\GFM\inputs\exposure\ppp_2020_1km_Aggregated.tif
2026-08-04 06:57:50,013 - snakemake_workflow - rasterdataset - INFO - Reading population raster data from D:\GFM\inputs\exposure\ppp_2020_1km_Aggregated.tif
2026-08-04 06:57:50,323 - snakemake_workflow - rasterdataset - INFO - Reading population raster data from D:\GFM\inputs\exposure\ppp_2020_1km_Aggregated.tif
2026-08-04 06:57:50,343 - snakemake_workflow - rasterdataset - DEBUG - Clip to [-177.000, -45.000, -176.000, -43.000] (epsg:4326))
2026-08-04 06:57:50,345 - snakemake_workflow - rasterdataset - DEBUG - Clip to [2.000, 6.000, 3.000, 8.000] (epsg:4326))
2026-08-04 06:57:50,489 - snakemake_workflow - rasterdataset - DEBUG - Clip to [12.000, -20.000, 14.000, -19.000] (epsg:4326))
2026-08-04 06:57:50,789 - snakemake_workflow - rasterdataset - INFO - Reading population raster data from D:\GFM\inputs\exposure\ppp_2020_1km_Aggregated.tif
2026-08-04 06:57:51,055 - snakemake_workflow - rasterdataset - INFO - Reading population raster data from D:\GFM\inputs\exposure\ppp_2020_1km_Aggregated.tif
2026-08-04 06:57:51,246 - snakemake_workflow - rasterdataset - DEBUG - Clip to [-16.000, 23.000, -15.000, 25.000] (epsg:4326))
2026-08-04 06:57:51,246 - snakemake_workflow - rasterdataset - DEBUG - Clip to [-145.000, -28.000, -143.000, -27.000] (epsg:4326))
2026-08-04 06:57:51,611 - snakemake_workflow - rasterdataset - INFO - Reading population raster data from D:\GFM\inputs\exposure\ppp_2020_1km_Aggregated.tif
2026-08-04 06:57:51,611 - snakemake_workflow - rasterdataset - INFO - Reading population raster data from D:\GFM\inputs\exposure\ppp_2020_1km_Aggregated.tif
2026-08-04 06:57:51,647 - snakemake_workflow - rasterdataset - DEBUG - Clip to [170.000, -47.000, 171.000, -45.000] (epsg:4326))
2026-08-04 06:57:51,649 - snakemake_workflow - rasterdataset - DEBUG - Clip to [-136.000, -24.000, -134.000, -23.000] (epsg:4326))
2026-08-04 06:57:52,923 - snakemake_workflow - rasterdataset - INFO - Reading population raster data from D:\GFM\inputs\exposure\ppp_2020_1km_Aggregated.tif
2026-08-04 06:57:53,004 - snakemake_workflow - rasterdataset - DEBUG - Clip to [-29.000, -57.000, -27.000, -56.000] (epsg:4326))
2026-08-04 06:57:53,070 - snakemake_workflow - rasterdataset - INFO - Reading population raster data from D:\GFM\inputs\exposure\ppp_2020_1km_Aggregated.tif
2026-08-04 06:57:53,161 - snakemake_workflow - rasterdataset - INFO - Reading population raster data from D:\GFM\inputs\exposure\ppp_2020_1km_Aggregated.tif
2026-08-04 06:57:53,177 - snakemake_workflow - rasterdataset - INFO - Reading population raster data from D:\GFM\inputs\exposure\ppp_2020_1km_Aggregated.tif
2026-08-04 06:57:53,177 - snakemake_workflow - rasterdataset - INFO - Reading population raster data from D:\GFM\inputs\exposure\ppp_2020_1km_Aggregated.tif
2026-08-04 06:57:53,252 - snakemake_workflow - rasterdataset - INFO - Reading population raster data from D:\GFM\inputs\exposure\ppp_2020_1km_Aggregated.tif
2026-08-04 06:57:53,297 - snakemake_workflow - rasterdataset - DEBUG - Clip to [-81.000, -27.000, -79.000, -26.000] (epsg:4326))
2026-08-04 06:57:53,301 - snakemake_workflow - rasterdataset - DEBUG - Clip to [-153.000, -23.000, -151.000, -22.000] (epsg:4326))
2026-08-04 06:57:53,306 - snakemake_workflow - rasterdataset - DEBUG - Clip to [-11.000, -41.000, -9.000, -40.000] (epsg:4326))
2026-08-04 06:57:53,312 - snakemake_workflow - rasterdataset - DEBUG - Clip to [171.000, -23.000, 173.000, -22.000] (epsg:4326))
2026-08-04 06:57:53,331 - snakemake_workflow - rasterdataset - DEBUG - Clip to [55.000, 65.000, 56.000, 67.000] (epsg:4326))
2026-08-04 06:57:53,475 - snakemake_workflow - rasterdataset - INFO - Reading population raster data from D:\GFM\inputs\exposure\ppp_2020_1km_Aggregated.tif
2026-08-04 06:57:53,570 - snakemake_workflow - rasterdataset - INFO - Reading population raster data from D:\GFM\inputs\exposure\ppp_2020_1km_Aggregated.tif
2026-08-04 06:57:54,027 - snakemake_workflow - rasterdataset - DEBUG - Clip to [77.000, -39.000, 78.000, -37.000] (epsg:4326))
2026-08-04 06:57:54,107 - snakemake_workflow - rasterdataset - INFO - Reading population raster data from D:\GFM\inputs\exposure\ppp_2020_1km_Aggregated.tif
2026-08-04 06:57:54,122 - snakemake_workflow - rasterdataset - DEBUG - Clip to [57.000, -21.000, 58.000, -19.000] (epsg:4326))
2026-08-04 06:57:54,209 - snakemake_workflow - rasterdataset - DEBUG - Clip to [172.000, -35.000, 174.000, -34.000] (epsg:4326))
2026-08-04 06:57:54,456 - snakemake_workflow - rasterdataset - INFO - Reading population raster data from D:\GFM\inputs\exposure\ppp_2020_1km_Aggregated.tif
2026-08-04 06:57:54,475 - snakemake_workflow - rasterdataset - INFO - Reading population raster data from D:\GFM\inputs\exposure\ppp_2020_1km_Aggregated.tif
2026-08-04 06:57:54,475 - snakemake_workflow - rasterdataset - INFO - Reading population raster data from D:\GFM\inputs\exposure\ppp_2020_1km_Aggregated.tif
2026-08-04 06:57:54,475 - snakemake_workflow - rasterdataset - INFO - Reading population raster data from D:\GFM\inputs\exposure\ppp_2020_1km_Aggregated.tif
2026-08-04 06:57:54,475 - snakemake_workflow - rasterdataset - INFO - Reading population raster data from D:\GFM\inputs\exposure\ppp_2020_1km_Aggregated.tif
2026-08-04 06:57:54,503 - snakemake_workflow - rasterdataset - DEBUG - Clip to [167.000, -30.000, 168.000, -28.000] (epsg:4326))
2026-08-04 06:57:54,503 - snakemake_workflow - rasterdataset - DEBUG - Clip to [-164.000, -19.000, -163.000, -17.000] (epsg:4326))
2026-08-04 06:57:54,508 - snakemake_workflow - rasterdataset - DEBUG - Clip to [-175.000, -19.000, -173.000, -18.000] (epsg:4326))
2026-08-04 06:57:54,508 - snakemake_workflow - rasterdataset - DEBUG - Clip to [-137.000, -23.000, -136.000, -21.000] (epsg:4326))
2026-08-04 06:57:54,510 - snakemake_workflow - rasterdataset - DEBUG - Clip to [44.000, -26.000, 45.000, -24.000] (epsg:4326))
2026-08-04 06:57:55,491 - snakemake_workflow - rasterdataset - INFO - Reading population raster data from D:\GFM\inputs\exposure\ppp_2020_1km_Aggregated.tif
2026-08-04 06:57:55,591 - snakemake_workflow - rasterdataset - INFO - Reading population raster data from D:\GFM\inputs\exposure\ppp_2020_1km_Aggregated.tif
2026-08-04 06:57:55,725 - snakemake_workflow - rasterdataset - INFO - Reading population raster data from D:\GFM\inputs\exposure\ppp_2020_1km_Aggregated.tif
2026-08-04 06:57:55,725 - snakemake_workflow - rasterdataset - INFO - Reading population raster data from D:\GFM\inputs\exposure\ppp_2020_1km_Aggregated.tif
2026-08-04 06:57:55,725 - snakemake_workflow - rasterdataset - INFO - Reading population raster data from D:\GFM\inputs\exposure\ppp_2020_1km_Aggregated.tif
2026-08-04 06:57:55,771 - snakemake_workflow - rasterdataset - DEBUG - Clip to [-137.000, -22.000, -135.000, -21.000] (epsg:4326))
2026-08-04 06:57:55,802 - snakemake_workflow - rasterdataset - DEBUG - Clip to [46.000, -26.000, 47.000, -24.000] (epsg:4326))
2026-08-04 06:57:55,805 - snakemake_workflow - rasterdataset - DEBUG - Clip to [-155.000, -17.000, -154.000, -15.000] (epsg:4326))
2026-08-04 06:57:55,805 - snakemake_workflow - rasterdataset - DEBUG - Clip to [50.000, -47.000, 51.000, -45.000] (epsg:4326))
2026-08-04 06:57:55,809 - snakemake_workflow - rasterdataset - DEBUG - Clip to [-6.000, -17.000, -5.000, -15.000] (epsg:4326))
2026-08-04 06:57:55,848 - snakemake_workflow - rasterdataset - INFO - Reading population raster data from D:\GFM\inputs\exposure\ppp_2020_1km_Aggregated.tif
2026-08-04 06:57:55,848 - snakemake_workflow - rasterdataset - INFO - Reading population raster data from D:\GFM\inputs\exposure\ppp_2020_1km_Aggregated.tif
2026-08-04 06:57:55,875 - snakemake_workflow - rasterdataset - DEBUG - Clip to [55.000, -22.000, 56.000, -20.000] (epsg:4326))
2026-08-04 06:57:55,879 - snakemake_workflow - rasterdataset - DEBUG - Clip to [43.000, -13.000, 44.000, -11.000] (epsg:4326))
2026-08-04 06:57:56,008 - snakemake_workflow - rasterdataset - INFO - Reading population raster data from D:\GFM\inputs\exposure\ppp_2020_1km_Aggregated.tif
2026-08-04 06:57:56,160 - snakemake_workflow - rasterdataset - DEBUG - Clip to [169.000, -20.000, 171.000, -19.000] (epsg:4326))
2026-08-04 06:57:56,661 - snakemake_workflow - rasterdataset - INFO - Reading population raster data from D:\GFM\inputs\exposure\ppp_2020_1km_Aggregated.tif
2026-08-04 06:57:56,898 - snakemake_workflow - rasterdataset - INFO - Reading population raster data from D:\GFM\inputs\exposure\ppp_2020_1km_Aggregated.tif
2026-08-04 06:57:56,998 - snakemake_workflow - rasterdataset - INFO - Reading population raster data from D:\GFM\inputs\exposure\ppp_2020_1km_Aggregated.tif
2026-08-04 06:57:56,998 - snakemake_workflow - rasterdataset - INFO - Reading population raster data from D:\GFM\inputs\exposure\ppp_2020_1km_Aggregated.tif
2026-08-04 06:57:56,998 - snakemake_workflow - rasterdataset - INFO - Reading population raster data from D:\GFM\inputs\exposure\ppp_2020_1km_Aggregated.tif
2026-08-04 06:57:56,998 - snakemake_workflow - rasterdataset - INFO - Reading population raster data from D:\GFM\inputs\exposure\ppp_2020_1km_Aggregated.tif
2026-08-04 06:57:57,010 - snakemake_workflow - rasterdataset - DEBUG - Clip to [159.000, -12.000, 161.000, -11.000] (epsg:4326))
2026-08-04 06:57:57,139 - snakemake_workflow - rasterdataset - DEBUG - Clip to [176.000, -13.000, 178.000, -12.000] (epsg:4326))
2026-08-04 06:57:57,175 - snakemake_workflow - rasterdataset - DEBUG - Clip to [-162.000, -11.000, -161.000, -9.000] (epsg:4326))
2026-08-04 06:57:57,175 - snakemake_workflow - rasterdataset - DEBUG - Clip to [-172.000, -15.000, -171.000, -13.000] (epsg:4326))
2026-08-04 06:57:57,185 - snakemake_workflow - rasterdataset - DEBUG - Clip to [150.000, -18.000, 151.000, -16.000] (epsg:4326))
2026-08-04 06:57:57,185 - snakemake_workflow - rasterdataset - DEBUG - Clip to [-170.000, -20.000, -169.000, -18.000] (epsg:4326))
2026-08-04 06:57:57,455 - snakemake_workflow - rasterdataset - INFO - Reading population raster data from D:\GFM\inputs\exposure\ppp_2020_1km_Aggregated.tif
2026-08-04 06:57:57,615 - snakemake_workflow - rasterdataset - DEBUG - Clip to [149.000, -17.000, 151.000, -16.000] (epsg:4326))
2026-08-04 06:57:57,780 - snakemake_workflow - rasterdataset - INFO - Reading population raster data from D:\GFM\inputs\exposure\ppp_2020_1km_Aggregated.tif
2026-08-04 06:57:58,003 - snakemake_workflow - rasterdataset - DEBUG - Clip to [50.000, -10.000, 52.000, -9.000] (epsg:4326))
2026-08-04 06:57:58,035 - snakemake_workflow - rasterdataset - INFO - Reading population raster data from D:\GFM\inputs\exposure\ppp_2020_1km_Aggregated.tif
2026-08-04 06:57:58,107 - snakemake_workflow - rasterdataset - INFO - Reading population raster data from D:\GFM\inputs\exposure\ppp_2020_1km_Aggregated.tif
2026-08-04 06:57:58,128 - snakemake_workflow - rasterdataset - DEBUG - Clip to [-30.000, -21.000, -28.000, -20.000] (epsg:4326))
2026-08-04 06:57:58,299 - snakemake_workflow - rasterdataset - DEBUG - Clip to [-173.000, -14.000, -171.000, -13.000] (epsg:4326))
2026-08-04 06:57:58,417 - snakemake_workflow - rasterdataset - INFO - Reading population raster data from D:\GFM\inputs\exposure\ppp_2020_1km_Aggregated.tif
2026-08-04 06:57:58,441 - snakemake_workflow - rasterdataset - INFO - Reading population raster data from D:\GFM\inputs\exposure\ppp_2020_1km_Aggregated.tif
2026-08-04 06:57:58,463 - snakemake_workflow - rasterdataset - INFO - Reading population raster data from D:\GFM\inputs\exposure\ppp_2020_1km_Aggregated.tif
2026-08-04 06:57:58,481 - snakemake_workflow - rasterdataset - DEBUG - Clip to [-166.000, -12.000, -165.000, -10.000] (epsg:4326))
2026-08-04 06:57:58,496 - snakemake_workflow - rasterdataset - DEBUG - Clip to [177.000, -8.000, 178.000, -6.000] (epsg:4326))
2026-08-04 06:57:58,499 - snakemake_workflow - rasterdataset - DEBUG - Clip to [166.000, -12.000, 167.000, -10.000] (epsg:4326))
2026-08-04 06:57:58,631 - snakemake_workflow - rasterdataset - INFO - Reading population raster data from D:\GFM\inputs\exposure\ppp_2020_1km_Aggregated.tif
2026-08-04 06:57:58,756 - snakemake_workflow - rasterdataset - INFO - Reading population raster data from D:\GFM\inputs\exposure\ppp_2020_1km_Aggregated.tif
2026-08-04 06:57:58,985 - snakemake_workflow - rasterdataset - DEBUG - Clip to [-162.000, -11.000, -160.000, -10.000] (epsg:4326))
2026-08-04 06:57:59,037 - snakemake_workflow - rasterdataset - DEBUG - Clip to [-146.000, -20.000, -144.000, -19.000] (epsg:4326))
2026-08-04 06:57:59,301 - snakemake_workflow - rasterdataset - INFO - Reading population raster data from D:\GFM\inputs\exposure\ppp_2020_1km_Aggregated.tif
2026-08-04 06:57:59,408 - snakemake_workflow - rasterdataset - INFO - Reading population raster data from D:\GFM\inputs\exposure\ppp_2020_1km_Aggregated.tif
2026-08-04 06:57:59,408 - snakemake_workflow - rasterdataset - INFO - Reading population raster data from D:\GFM\inputs\exposure\ppp_2020_1km_Aggregated.tif
2026-08-04 06:57:59,463 - snakemake_workflow - rasterdataset - DEBUG - Clip to [46.000, -10.000, 48.000, -9.000] (epsg:4326))
2026-08-04 06:57:59,463 - snakemake_workflow - rasterdataset - DEBUG - Clip to [178.000, -9.000, 179.000, -7.000] (epsg:4326))
2026-08-04 06:57:59,465 - snakemake_workflow - rasterdataset - DEBUG - Clip to [45.000, -14.000, 46.000, -12.000] (epsg:4326))
2026-08-04 06:57:59,637 - snakemake_workflow - rasterdataset - INFO - Reading population raster data from D:\GFM\inputs\exposure\ppp_2020_1km_Aggregated.tif
2026-08-04 06:57:59,663 - snakemake_workflow - rasterdataset - INFO - Reading population raster data from D:\GFM\inputs\exposure\ppp_2020_1km_Aggregated.tif
2026-08-04 06:57:59,727 - snakemake_workflow - rasterdataset - DEBUG - Clip to [-151.000, -11.000, -150.000, -9.000] (epsg:4326))
2026-08-04 06:57:59,824 - snakemake_workflow - rasterdataset - DEBUG - Clip to [176.000, -7.000, 178.000, -6.000] (epsg:4326))
2026-08-04 06:58:00,059 - snakemake_workflow - rasterdataset - INFO - Reading population raster data from D:\GFM\inputs\exposure\ppp_2020_1km_Aggregated.tif
2026-08-04 06:58:00,106 - snakemake_workflow - rasterdataset - INFO - Reading population raster data from D:\GFM\inputs\exposure\ppp_2020_1km_Aggregated.tif
2026-08-04 06:58:00,132 - snakemake_workflow - rasterdataset - DEBUG - Clip to [71.000, -7.000, 72.000, -5.000] (epsg:4326))
2026-08-04 06:58:00,142 - snakemake_workflow - rasterdataset - DEBUG - Clip to [165.000, -11.000, 167.000, -10.000] (epsg:4326))
2026-08-04 06:58:00,364 - snakemake_workflow - rasterdataset - INFO - Reading population raster data from D:\GFM\inputs\exposure\ppp_2020_1km_Aggregated.tif
2026-08-04 06:58:00,368 - snakemake_workflow - rasterdataset - INFO - Reading population raster data from D:\GFM\inputs\exposure\ppp_2020_1km_Aggregated.tif
2026-08-04 06:58:00,370 - snakemake_workflow - rasterdataset - INFO - Reading population raster data from D:\GFM\inputs\exposure\ppp_2020_1km_Aggregated.tif
2026-08-04 06:58:00,485 - snakemake_workflow - rasterdataset - DEBUG - Clip to [71.000, -6.000, 73.000, -5.000] (epsg:4326))
2026-08-04 06:58:00,485 - snakemake_workflow - rasterdataset - DEBUG - Clip to [174.000, -2.000, 175.000, 0.000] (epsg:4326))
2026-08-04 06:58:00,485 - snakemake_workflow - rasterdataset - DEBUG - Clip to [-173.000, -5.000, -171.000, -4.000] (epsg:4326))
2026-08-04 06:58:00,601 - snakemake_workflow - rasterdataset - INFO - Reading population raster data from D:\GFM\inputs\exposure\ppp_2020_1km_Aggregated.tif
2026-08-04 06:58:00,601 - snakemake_workflow - rasterdataset - INFO - Reading population raster data from D:\GFM\inputs\exposure\ppp_2020_1km_Aggregated.tif
2026-08-04 06:58:00,717 - snakemake_workflow - rasterdataset - DEBUG - Clip to [176.000, -7.000, 177.000, -5.000] (epsg:4326))
2026-08-04 06:58:00,717 - snakemake_workflow - rasterdataset - DEBUG - Clip to [159.000, -6.000, 160.000, -4.000] (epsg:4326))
2026-08-04 06:58:00,960 - snakemake_workflow - rasterdataset - INFO - Reading population raster data from D:\GFM\inputs\exposure\ppp_2020_1km_Aggregated.tif
2026-08-04 06:58:00,967 - snakemake_workflow - rasterdataset - INFO - Reading population raster data from D:\GFM\inputs\exposure\ppp_2020_1km_Aggregated.tif
2026-08-04 06:58:01,016 - snakemake_workflow - rasterdataset - DEBUG - Clip to [177.000, -8.000, 179.000, -7.000] (epsg:4326))
2026-08-04 06:58:01,071 - snakemake_workflow - rasterdataset - INFO - Reading population raster data from D:\GFM\inputs\exposure\ppp_2020_1km_Aggregated.tif
2026-08-04 06:58:01,103 - snakemake_workflow - rasterdataset - INFO - Reading population raster data from D:\GFM\inputs\exposure\ppp_2020_1km_Aggregated.tif
2026-08-04 06:58:01,133 - snakemake_workflow - rasterdataset - DEBUG - Clip to [51.000, -11.000, 52.000, -9.000] (epsg:4326))
2026-08-04 06:58:01,168 - snakemake_workflow - rasterdataset - DEBUG - Clip to [169.000, -12.000, 171.000, -11.000] (epsg:4326))
2026-08-04 06:58:01,168 - snakemake_workflow - rasterdataset - DEBUG - Clip to [-93.000, 1.000, -91.000, 2.000] (epsg:4326))
2026-08-04 06:58:01,243 - snakemake_workflow - rasterdataset - INFO - Reading population raster data from D:\GFM\inputs\exposure\ppp_2020_1km_Aggregated.tif
2026-08-04 06:58:01,428 - snakemake_workflow - rasterdataset - INFO - Reading population raster data from D:\GFM\inputs\exposure\ppp_2020_1km_Aggregated.tif
2026-08-04 06:58:01,432 - snakemake_workflow - rasterdataset - DEBUG - Clip to [-172.000, -4.000, -170.000, -3.000] (epsg:4326))
2026-08-04 06:58:01,458 - snakemake_workflow - rasterdataset - DEBUG - Clip to [53.000, -7.000, 54.000, -5.000] (epsg:4326))
2026-08-04 06:58:01,802 - snakemake_workflow - rasterdataset - INFO - Reading population raster data from D:\GFM\inputs\exposure\ppp_2020_1km_Aggregated.tif
2026-08-04 06:58:01,802 - snakemake_workflow - rasterdataset - INFO - Reading population raster data from D:\GFM\inputs\exposure\ppp_2020_1km_Aggregated.tif
2026-08-04 06:58:01,951 - snakemake_workflow - rasterdataset - DEBUG - Clip to [178.000, -9.000, 180.000, -8.000] (epsg:4326))
2026-08-04 06:58:01,982 - snakemake_workflow - rasterdataset - DEBUG - Clip to [72.000, 0.000, 74.000, 1.000] (epsg:4326))
2026-08-04 06:58:02,122 - snakemake_workflow - rasterdataset - INFO - Reading population raster data from D:\GFM\inputs\exposure\ppp_2020_1km_Aggregated.tif
2026-08-04 06:58:02,231 - snakemake_workflow - rasterdataset - DEBUG - Clip to [-175.000, -5.000, -174.000, -3.000] (epsg:4326))
2026-08-04 06:58:02,309 - snakemake_workflow - rasterdataset - INFO - Reading population raster data from D:\GFM\inputs\exposure\ppp_2020_1km_Aggregated.tif
2026-08-04 06:58:02,325 - snakemake_workflow - rasterdataset - INFO - Reading population raster data from D:\GFM\inputs\exposure\ppp_2020_1km_Aggregated.tif
2026-08-04 06:58:02,325 - snakemake_workflow - rasterdataset - INFO - Reading population raster data from D:\GFM\inputs\exposure\ppp_2020_1km_Aggregated.tif
2026-08-04 06:58:02,476 - snakemake_workflow - rasterdataset - DEBUG - Clip to [131.000, 4.000, 133.000, 5.000] (epsg:4326))
2026-08-04 06:58:02,483 - snakemake_workflow - rasterdataset - DEBUG - Clip to [-161.000, -1.000, -159.000, 0.000] (epsg:4326))
2026-08-04 06:58:02,483 - snakemake_workflow - rasterdataset - DEBUG - Clip to [-155.000, -5.000, -154.000, -3.000] (epsg:4326))
2026-08-04 06:58:02,675 - snakemake_workflow - rasterdataset - INFO - Reading population raster data from D:\GFM\inputs\exposure\ppp_2020_1km_Aggregated.tif
2026-08-04 06:58:02,796 - snakemake_workflow - rasterdataset - DEBUG - Clip to [6.000, -1.000, 7.000, 1.000] (epsg:4326))
2026-08-04 06:58:03,140 - snakemake_workflow - rasterdataset - INFO - Reading population raster data from D:\GFM\inputs\exposure\ppp_2020_1km_Aggregated.tif
2026-08-04 06:58:03,204 - snakemake_workflow - rasterdataset - INFO - Reading population raster data from D:\GFM\inputs\exposure\ppp_2020_1km_Aggregated.tif
2026-08-04 06:58:03,238 - snakemake_workflow - rasterdataset - DEBUG - Clip to [172.000, 3.000, 174.000, 4.000] (epsg:4326))
2026-08-04 06:58:03,238 - snakemake_workflow - rasterdataset - DEBUG - Clip to [169.000, 5.000, 170.000, 7.000] (epsg:4326))
2026-08-04 06:58:03,463 - snakemake_workflow - rasterdataset - INFO - Reading population raster data from D:\GFM\inputs\exposure\ppp_2020_1km_Aggregated.tif
2026-08-04 06:58:03,596 - snakemake_workflow - rasterdataset - INFO - Reading population raster data from D:\GFM\inputs\exposure\ppp_2020_1km_Aggregated.tif
2026-08-04 06:58:03,618 - snakemake_workflow - rasterdataset - DEBUG - Clip to [151.000, 6.000, 153.000, 7.000] (epsg:4326))
2026-08-04 06:58:03,666 - snakemake_workflow - rasterdataset - INFO - Reading population raster data from D:\GFM\inputs\exposure\ppp_2020_1km_Aggregated.tif
2026-08-04 06:58:03,687 - snakemake_workflow - rasterdataset - DEBUG - Clip to [132.000, 4.000, 133.000, 6.000] (epsg:4326))
2026-08-04 06:58:03,714 - snakemake_workflow - rasterdataset - DEBUG - Clip to [-34.000, -4.000, -32.000, -3.000] (epsg:4326))
2026-08-04 06:58:04,429 - snakemake_workflow - rasterdataset - INFO - Reading population raster data from D:\GFM\inputs\exposure\ppp_2020_1km_Aggregated.tif
2026-08-04 06:58:04,497 - snakemake_workflow - rasterdataset - INFO - Reading population raster data from D:\GFM\inputs\exposure\ppp_2020_1km_Aggregated.tif
2026-08-04 06:58:04,497 - snakemake_workflow - rasterdataset - INFO - Reading population raster data from D:\GFM\inputs\exposure\ppp_2020_1km_Aggregated.tif
2026-08-04 06:58:04,497 - snakemake_workflow - rasterdataset - INFO - Reading population raster data from D:\GFM\inputs\exposure\ppp_2020_1km_Aggregated.tif
2026-08-04 06:58:04,548 - snakemake_workflow - rasterdataset - DEBUG - Clip to [-158.000, 1.000, -157.000, 3.000] (epsg:4326))
2026-08-04 06:58:04,550 - snakemake_workflow - rasterdataset - DEBUG - Clip to [-163.000, 5.000, -162.000, 7.000] (epsg:4326))
2026-08-04 06:58:04,556 - snakemake_workflow - rasterdataset - DEBUG - Clip to [168.000, 7.000, 169.000, 9.000] (epsg:4326))
2026-08-04 06:58:04,558 - snakemake_workflow - rasterdataset - DEBUG - Clip to [143.000, 7.000, 145.000, 8.000] (epsg:4326))
2026-08-04 06:58:04,582 - snakemake_workflow - rasterdataset - INFO - Reading population raster data from D:\GFM\inputs\exposure\ppp_2020_1km_Aggregated.tif
2026-08-04 06:58:04,586 - snakemake_workflow - rasterdataset - INFO - Reading population raster data from D:\GFM\inputs\exposure\ppp_2020_1km_Aggregated.tif
2026-08-04 06:58:04,677 - snakemake_workflow - rasterdataset - DEBUG - Clip to [162.000, 5.000, 164.000, 6.000] (epsg:4326))
2026-08-04 06:58:04,677 - snakemake_workflow - rasterdataset - DEBUG - Clip to [168.000, 4.000, 169.000, 6.000] (epsg:4326))
2026-08-04 06:58:05,250 - snakemake_workflow - rasterdataset - INFO - Reading population raster data from D:\GFM\inputs\exposure\ppp_2020_1km_Aggregated.tif
2026-08-04 06:58:05,423 - snakemake_workflow - rasterdataset - DEBUG - Clip to [-23.000, 15.000, -22.000, 17.000] (epsg:4326))
2026-08-04 06:58:05,975 - snakemake_workflow - rasterdataset - INFO - Reading population raster data from D:\GFM\inputs\exposure\ppp_2020_1km_Aggregated.tif
2026-08-04 06:58:05,981 - snakemake_workflow - rasterdataset - INFO - Reading population raster data from D:\GFM\inputs\exposure\ppp_2020_1km_Aggregated.tif
2026-08-04 06:58:05,981 - snakemake_workflow - rasterdataset - INFO - Reading population raster data from D:\GFM\inputs\exposure\ppp_2020_1km_Aggregated.tif
2026-08-04 06:58:05,981 - snakemake_workflow - rasterdataset - INFO - Reading population raster data from D:\GFM\inputs\exposure\ppp_2020_1km_Aggregated.tif
2026-08-04 06:58:05,981 - snakemake_workflow - rasterdataset - INFO - Reading population raster data from D:\GFM\inputs\exposure\ppp_2020_1km_Aggregated.tif
2026-08-04 06:58:06,028 - snakemake_workflow - rasterdataset - DEBUG - Clip to [140.000, 8.000, 141.000, 10.000] (epsg:4326))
2026-08-04 06:58:06,030 - snakemake_workflow - rasterdataset - DEBUG - Clip to [168.000, 5.000, 170.000, 6.000] (epsg:4326))
2026-08-04 06:58:06,032 - snakemake_workflow - rasterdataset - DEBUG - Clip to [144.000, 7.000, 145.000, 9.000] (epsg:4326))
2026-08-04 06:58:06,034 - snakemake_workflow - rasterdataset - DEBUG - Clip to [131.000, 3.000, 132.000, 5.000] (epsg:4326))
2026-08-04 06:58:06,036 - snakemake_workflow - rasterdataset - DEBUG - Clip to [172.000, 5.000, 173.000, 7.000] (epsg:4326))
2026-08-04 06:58:06,536 - snakemake_workflow - rasterdataset - INFO - Reading population raster data from D:\GFM\inputs\exposure\ppp_2020_1km_Aggregated.tif
2026-08-04 06:58:06,579 - snakemake_workflow - rasterdataset - INFO - Reading population raster data from D:\GFM\inputs\exposure\ppp_2020_1km_Aggregated.tif
2026-08-04 06:58:06,602 - snakemake_workflow - rasterdataset - DEBUG - Clip to [145.000, 16.000, 147.000, 17.000] (epsg:4326))
2026-08-04 06:58:06,631 - snakemake_workflow - rasterdataset - DEBUG - Clip to [-80.000, 15.000, -78.000, 16.000] (epsg:4326))
2026-08-04 06:58:06,678 - snakemake_workflow - rasterdataset - INFO - Reading population raster data from D:\GFM\inputs\exposure\ppp_2020_1km_Aggregated.tif
2026-08-04 06:58:06,700 - snakemake_workflow - rasterdataset - INFO - Reading population raster data from D:\GFM\inputs\exposure\ppp_2020_1km_Aggregated.tif
2026-08-04 06:58:06,734 - snakemake_workflow - rasterdataset - DEBUG - Clip to [139.000, 9.000, 140.000, 11.000] (epsg:4326))
2026-08-04 06:58:06,765 - snakemake_workflow - rasterdataset - INFO - Reading population raster data from D:\GFM\inputs\exposure\ppp_2020_1km_Aggregated.tif
2026-08-04 06:58:06,783 - snakemake_workflow - rasterdataset - DEBUG - Clip to [144.000, 20.000, 146.000, 21.000] (epsg:4326))
2026-08-04 06:58:06,810 - snakemake_workflow - rasterdataset - INFO - Reading population raster data from D:\GFM\inputs\exposure\ppp_2020_1km_Aggregated.tif
2026-08-04 06:58:06,820 - snakemake_workflow - rasterdataset - DEBUG - Clip to [146.000, 7.000, 148.000, 8.000] (epsg:4326))
2026-08-04 06:58:06,843 - snakemake_workflow - rasterdataset - DEBUG - Clip to [168.000, 14.000, 170.000, 15.000] (epsg:4326))
2026-08-04 06:58:06,899 - snakemake_workflow - rasterdataset - INFO - Reading population raster data from D:\GFM\inputs\exposure\ppp_2020_1km_Aggregated.tif
2026-08-04 06:58:06,951 - snakemake_workflow - rasterdataset - INFO - Reading population raster data from D:\GFM\inputs\exposure\ppp_2020_1km_Aggregated.tif
2026-08-04 06:58:06,953 - snakemake_workflow - rasterdataset - INFO - Reading population raster data from D:\GFM\inputs\exposure\ppp_2020_1km_Aggregated.tif
2026-08-04 06:58:06,991 - snakemake_workflow - rasterdataset - DEBUG - Clip to [-17.000, 32.000, -16.000, 34.000] (epsg:4326))
2026-08-04 06:58:06,993 - snakemake_workflow - rasterdataset - DEBUG - Clip to [-111.000, 18.000, -110.000, 20.000] (epsg:4326))
2026-08-04 06:58:07,001 - snakemake_workflow - rasterdataset - DEBUG - Clip to [-179.000, 28.000, -177.000, 29.000] (epsg:4326))
2026-08-04 06:58:07,011 - snakemake_workflow - rasterdataset - INFO - Reading population raster data from D:\GFM\inputs\exposure\ppp_2020_1km_Aggregated.tif
2026-08-04 06:58:07,091 - snakemake_workflow - rasterdataset - INFO - Reading population raster data from D:\GFM\inputs\exposure\ppp_2020_1km_Aggregated.tif
2026-08-04 06:58:07,226 - snakemake_workflow - rasterdataset - DEBUG - Clip to [-119.000, 28.000, -118.000, 30.000] (epsg:4326))
2026-08-04 06:58:07,228 - snakemake_workflow - rasterdataset - DEBUG - Clip to [131.000, 24.000, 132.000, 26.000] (epsg:4326))
2026-08-04 06:58:07,695 - snakemake_workflow - rasterdataset - INFO - Reading population raster data from D:\GFM\inputs\exposure\ppp_2020_1km_Aggregated.tif
2026-08-04 06:58:07,705 - snakemake_workflow - rasterdataset - INFO - Reading population raster data from D:\GFM\inputs\exposure\ppp_2020_1km_Aggregated.tif
2026-08-04 06:58:07,705 - snakemake_workflow - rasterdataset - INFO - Reading population raster data from D:\GFM\inputs\exposure\ppp_2020_1km_Aggregated.tif
2026-08-04 06:58:07,746 - snakemake_workflow - rasterdataset - DEBUG - Clip to [166.000, 54.000, 167.000, 56.000] (epsg:4326))
2026-08-04 06:58:07,752 - snakemake_workflow - rasterdataset - DEBUG - Clip to [111.000, 15.000, 112.000, 17.000] (epsg:4326))
2026-08-04 06:58:07,754 - snakemake_workflow - rasterdataset - DEBUG - Clip to [114.000, 10.000, 115.000, 12.000] (epsg:4326))
2026-08-04 06:58:07,880 - snakemake_workflow - rasterdataset - INFO - Reading population raster data from D:\GFM\inputs\exposure\ppp_2020_1km_Aggregated.tif
2026-08-04 06:58:07,932 - snakemake_workflow - rasterdataset - DEBUG - Clip to [111.000, 16.000, 113.000, 17.000] (epsg:4326))
2026-08-04 06:58:08,109 - snakemake_workflow - rasterdataset - INFO - Reading population raster data from D:\GFM\inputs\exposure\ppp_2020_1km_Aggregated.tif
2026-08-04 06:58:08,109 - snakemake_workflow - rasterdataset - INFO - Reading population raster data from D:\GFM\inputs\exposure\ppp_2020_1km_Aggregated.tif
2026-08-04 06:58:08,186 - snakemake_workflow - rasterdataset - INFO - Reading population raster data from D:\GFM\inputs\exposure\ppp_2020_1km_Aggregated.tif
2026-08-04 06:58:08,200 - snakemake_workflow - rasterdataset - DEBUG - Clip to [-26.000, 36.000, -25.000, 38.000] (epsg:4326))
2026-08-04 06:58:08,210 - snakemake_workflow - rasterdataset - DEBUG - Clip to [-9.000, 70.000, -8.000, 72.000] (epsg:4326))
2026-08-04 06:58:08,347 - snakemake_workflow - rasterdataset - DEBUG - Clip to [141.000, 24.000, 142.000, 26.000] (epsg:4326))
2026-08-04 06:58:08,885 - snakemake_workflow - rasterdataset - INFO - Reading population raster data from D:\GFM\inputs\exposure\ppp_2020_1km_Aggregated.tif
2026-08-04 06:58:08,948 - snakemake_workflow - rasterdataset - INFO - Reading population raster data from D:\GFM\inputs\exposure\ppp_2020_1km_Aggregated.tif
2026-08-04 06:58:09,045 - snakemake_workflow - rasterdataset - DEBUG - Clip to [165.000, 55.000, 167.000, 56.000] (epsg:4326))
2026-08-04 06:58:09,075 - snakemake_workflow - rasterdataset - INFO - Reading population raster data from D:\GFM\inputs\exposure\ppp_2020_1km_Aggregated.tif
2026-08-04 06:58:09,091 - snakemake_workflow - rasterdataset - DEBUG - Clip to [-17.000, 30.000, -15.000, 31.000] (epsg:4326))
2026-08-04 06:58:09,140 - snakemake_workflow - rasterdataset - INFO - Reading population raster data from D:\GFM\inputs\exposure\ppp_2020_1km_Aggregated.tif
2026-08-04 06:58:09,155 - snakemake_workflow - rasterdataset - DEBUG - Clip to [-112.000, 18.000, -110.000, 19.000] (epsg:4326))
2026-08-04 06:58:09,155 - snakemake_workflow - rasterdataset - INFO - Reading population raster data from D:\GFM\inputs\exposure\ppp_2020_1km_Aggregated.tif
2026-08-04 06:58:09,165 - snakemake_workflow - rasterdataset - DEBUG - Clip to [-18.000, 32.000, -16.000, 33.000] (epsg:4326))
2026-08-04 06:58:09,191 - snakemake_workflow - rasterdataset - DEBUG - Clip to [30.000, 78.000, 31.000, 80.000] (epsg:4326))
2026-08-04 06:58:09,378 - snakemake_workflow - rasterdataset - INFO - Reading population raster data from D:\GFM\inputs\exposure\ppp_2020_1km_Aggregated.tif
2026-08-04 06:58:09,378 - snakemake_workflow - rasterdataset - INFO - Reading population raster data from D:\GFM\inputs\exposure\ppp_2020_1km_Aggregated.tif
2026-08-04 06:58:09,425 - snakemake_workflow - rasterdataset - DEBUG - Clip to [142.000, 26.000, 143.000, 28.000] (epsg:4326))
2026-08-04 06:58:09,456 - snakemake_workflow - rasterdataset - DEBUG - Clip to [-61.000, 43.000, -59.000, 44.000] (epsg:4326))
2026-08-04 06:58:09,808 - snakemake_workflow - rasterdataset - INFO - Reading population raster data from D:\GFM\inputs\exposure\ppp_2020_1km_Aggregated.tif
2026-08-04 06:58:09,851 - snakemake_workflow - rasterdataset - DEBUG - Clip to [-174.000, 60.000, -172.000, 61.000] (epsg:4326))
2026-08-04 06:58:09,858 - snakemake_workflow - rasterdataset - INFO - Reading population raster data from D:\GFM\inputs\exposure\ppp_2020_1km_Aggregated.tif
2026-08-04 06:58:09,892 - snakemake_workflow - rasterdataset - DEBUG - Clip to [-10.000, 70.000, -8.000, 71.000] (epsg:4326))
2026-08-04 06:58:10,057 - snakemake_workflow - rasterdataset - INFO - Reading population raster data from D:\GFM\inputs\exposure\ppp_2020_1km_Aggregated.tif
2026-08-04 06:58:10,231 - snakemake_workflow - rasterdataset - INFO - Reading population raster data from D:\GFM\inputs\exposure\ppp_2020_1km_Aggregated.tif
2026-08-04 06:58:10,264 - snakemake_workflow - rasterdataset - DEBUG - Clip to [-9.000, 71.000, -7.000, 72.000] (epsg:4326))
2026-08-04 06:58:10,264 - snakemake_workflow - rasterdataset - DEBUG - Clip to [-35.000, -56.000, -34.000, -55.000] (epsg:4326))
2026-08-04 06:58:10,376 - snakemake_workflow - rasterdataset - INFO - Reading population raster data from D:\GFM\inputs\exposure\ppp_2020_1km_Aggregated.tif
2026-08-04 06:58:10,441 - snakemake_workflow - rasterdataset - INFO - Reading population raster data from D:\GFM\inputs\exposure\ppp_2020_1km_Aggregated.tif
2026-08-04 06:58:10,455 - snakemake_workflow - rasterdataset - DEBUG - Clip to [3.000, -55.000, 4.000, -54.000] (epsg:4326))
2026-08-04 06:58:10,534 - snakemake_workflow - rasterdataset - DEBUG - Clip to [166.000, -49.000, 167.000, -48.000] (epsg:4326))
2026-08-04 06:58:10,627 - snakemake_workflow - rasterdataset - INFO - Reading population raster data from D:\GFM\inputs\exposure\ppp_2020_1km_Aggregated.tif
2026-08-04 06:58:10,642 - snakemake_workflow - rasterdataset - INFO - Reading population raster data from D:\GFM\inputs\exposure\ppp_2020_1km_Aggregated.tif
2026-08-04 06:58:10,642 - snakemake_workflow - rasterdataset - INFO - Reading population raster data from D:\GFM\inputs\exposure\ppp_2020_1km_Aggregated.tif
2026-08-04 06:58:10,642 - snakemake_workflow - rasterdataset - INFO - Reading population raster data from D:\GFM\inputs\exposure\ppp_2020_1km_Aggregated.tif
2026-08-04 06:58:10,674 - snakemake_workflow - rasterdataset - INFO - Reading population raster data from D:\GFM\inputs\exposure\ppp_2020_1km_Aggregated.tif
2026-08-04 06:58:10,695 - snakemake_workflow - rasterdataset - DEBUG - Clip to [37.000, -47.000, 38.000, -46.000] (epsg:4326))
2026-08-04 06:58:10,695 - snakemake_workflow - rasterdataset - DEBUG - Clip to [158.000, -55.000, 159.000, -54.000] (epsg:4326))
2026-08-04 06:58:10,697 - snakemake_workflow - rasterdataset - DEBUG - Clip to [76.000, 79.000, 78.000, 80.000] (epsg:4326))
2026-08-04 06:58:10,703 - snakemake_workflow - rasterdataset - DEBUG - Clip to [172.000, 52.000, 173.000, 54.000] (epsg:4326))
2026-08-04 06:58:10,712 - snakemake_workflow - rasterdataset - DEBUG - Clip to [-79.000, -34.000, -78.000, -33.000] (epsg:4326))
2026-08-04 06:58:10,721 - snakemake_workflow - rasterdataset - INFO - Reading population raster data from D:\GFM\inputs\exposure\ppp_2020_1km_Aggregated.tif
2026-08-04 06:58:10,736 - snakemake_workflow - rasterdataset - INFO - Reading population raster data from D:\GFM\inputs\exposure\ppp_2020_1km_Aggregated.tif
2026-08-04 06:58:10,749 - snakemake_workflow - rasterdataset - INFO - Reading population raster data from D:\GFM\inputs\exposure\ppp_2020_1km_Aggregated.tif
2026-08-04 06:58:10,774 - snakemake_workflow - rasterdataset - DEBUG - Clip to [169.000, -53.000, 170.000, -52.000] (epsg:4326))
2026-08-04 06:58:10,784 - snakemake_workflow - rasterdataset - DEBUG - Clip to [-13.000, -38.000, -12.000, -37.000] (epsg:4326))
2026-08-04 06:58:10,784 - snakemake_workflow - rasterdataset - DEBUG - Clip to [-106.000, -27.000, -105.000, -26.000] (epsg:4326))
2026-08-04 06:58:11,023 - snakemake_workflow - rasterdataset - INFO - Reading population raster data from D:\GFM\inputs\exposure\ppp_2020_1km_Aggregated.tif
2026-08-04 06:58:11,102 - snakemake_workflow - rasterdataset - INFO - Reading population raster data from D:\GFM\inputs\exposure\ppp_2020_1km_Aggregated.tif
2026-08-04 06:58:11,176 - snakemake_workflow - rasterdataset - DEBUG - Clip to [-150.000, -24.000, -149.000, -23.000] (epsg:4326))
2026-08-04 06:58:11,181 - snakemake_workflow - rasterdataset - DEBUG - Clip to [18.000, 74.000, 20.000, 75.000] (epsg:4326))
2026-08-04 06:58:11,344 - snakemake_workflow - rasterdataset - INFO - Reading population raster data from D:\GFM\inputs\exposure\ppp_2020_1km_Aggregated.tif
2026-08-04 06:58:11,648 - snakemake_workflow - rasterdataset - INFO - Reading population raster data from D:\GFM\inputs\exposure\ppp_2020_1km_Aggregated.tif
2026-08-04 06:58:11,696 - snakemake_workflow - rasterdataset - DEBUG - Clip to [159.000, -32.000, 160.000, -31.000] (epsg:4326))
2026-08-04 06:58:11,875 - snakemake_workflow - rasterdataset - INFO - Reading population raster data from D:\GFM\inputs\exposure\ppp_2020_1km_Aggregated.tif
2026-08-04 06:58:11,875 - snakemake_workflow - rasterdataset - INFO - Reading population raster data from D:\GFM\inputs\exposure\ppp_2020_1km_Aggregated.tif
2026-08-04 06:58:11,884 - snakemake_workflow - rasterdataset - DEBUG - Clip to [-131.000, -26.000, -130.000, -25.000] (epsg:4326))
2026-08-04 06:58:11,941 - snakemake_workflow - rasterdataset - DEBUG - Clip to [-148.000, -24.000, -147.000, -23.000] (epsg:4326))
2026-08-04 06:58:11,955 - snakemake_workflow - rasterdataset - DEBUG - Clip to [-81.000, -34.000, -80.000, -33.000] (epsg:4326))
2026-08-04 06:58:12,416 - snakemake_workflow - rasterdataset - INFO - Reading population raster data from D:\GFM\inputs\exposure\ppp_2020_1km_Aggregated.tif
2026-08-04 06:58:12,502 - snakemake_workflow - rasterdataset - DEBUG - Clip to [-74.000, 82.000, -72.000, 83.000] (epsg:4326))
2026-08-04 06:58:12,574 - snakemake_workflow - rasterdataset - INFO - Reading population raster data from D:\GFM\inputs\exposure\ppp_2020_1km_Aggregated.tif
2026-08-04 06:58:12,575 - snakemake_workflow - rasterdataset - INFO - Reading population raster data from D:\GFM\inputs\exposure\ppp_2020_1km_Aggregated.tif
2026-08-04 06:58:12,588 - snakemake_workflow - rasterdataset - INFO - Reading population raster data from D:\GFM\inputs\exposure\ppp_2020_1km_Aggregated.tif
2026-08-04 06:58:12,594 - snakemake_workflow - rasterdataset - INFO - Reading population raster data from D:\GFM\inputs\exposure\ppp_2020_1km_Aggregated.tif
2026-08-04 06:58:12,612 - snakemake_workflow - rasterdataset - DEBUG - Clip to [-129.000, -25.000, -128.000, -24.000] (epsg:4326))
2026-08-04 06:58:12,615 - snakemake_workflow - rasterdataset - DEBUG - Clip to [155.000, -24.000, 156.000, -23.000] (epsg:4326))
2026-08-04 06:58:12,629 - snakemake_workflow - rasterdataset - DEBUG - Clip to [-178.000, -30.000, -177.000, -29.000] (epsg:4326))
2026-08-04 06:58:12,697 - snakemake_workflow - rasterdataset - DEBUG - Clip to [-138.000, -24.000, -137.000, -23.000] (epsg:4326))
2026-08-04 06:58:12,754 - snakemake_workflow - rasterdataset - INFO - Reading population raster data from D:\GFM\inputs\exposure\ppp_2020_1km_Aggregated.tif
2026-08-04 06:58:12,862 - snakemake_workflow - rasterdataset - DEBUG - Clip to [152.000, 75.000, 153.000, 77.000] (epsg:4326))
2026-08-04 06:58:13,124 - snakemake_workflow - rasterdataset - INFO - Reading population raster data from D:\GFM\inputs\exposure\ppp_2020_1km_Aggregated.tif
2026-08-04 06:58:13,150 - snakemake_workflow - rasterdataset - DEBUG - Clip to [-110.000, -28.000, -109.000, -27.000] (epsg:4326))
2026-08-04 06:58:13,294 - snakemake_workflow - rasterdataset - INFO - Reading population raster data from D:\GFM\inputs\exposure\ppp_2020_1km_Aggregated.tif
2026-08-04 06:58:13,294 - snakemake_workflow - rasterdataset - INFO - Reading population raster data from D:\GFM\inputs\exposure\ppp_2020_1km_Aggregated.tif
2026-08-04 06:58:13,294 - snakemake_workflow - rasterdataset - INFO - Reading population raster data from D:\GFM\inputs\exposure\ppp_2020_1km_Aggregated.tif
2026-08-04 06:58:13,322 - snakemake_workflow - rasterdataset - DEBUG - Clip to [-125.000, -25.000, -124.000, -24.000] (epsg:4326))
2026-08-04 06:58:13,336 - snakemake_workflow - rasterdataset - DEBUG - Clip to [-177.000, -23.000, -176.000, -22.000] (epsg:4326))
2026-08-04 06:58:13,336 - snakemake_workflow - rasterdataset - DEBUG - Clip to [-131.000, -24.000, -130.000, -23.000] (epsg:4326))
2026-08-04 06:58:13,685 - snakemake_workflow - rasterdataset - INFO - Reading population raster data from D:\GFM\inputs\exposure\ppp_2020_1km_Aggregated.tif
2026-08-04 06:58:13,825 - snakemake_workflow - rasterdataset - DEBUG - Clip to [-27.000, -58.000, -26.000, -57.000] (epsg:4326))
2026-08-04 06:58:14,054 - snakemake_workflow - rasterdataset - INFO - Reading population raster data from D:\GFM\inputs\exposure\ppp_2020_1km_Aggregated.tif
2026-08-04 06:58:14,064 - snakemake_workflow - rasterdataset - INFO - Reading population raster data from D:\GFM\inputs\exposure\ppp_2020_1km_Aggregated.tif
2026-08-04 06:58:14,064 - snakemake_workflow - rasterdataset - INFO - Reading population raster data from D:\GFM\inputs\exposure\ppp_2020_1km_Aggregated.tif
2026-08-04 06:58:14,091 - snakemake_workflow - rasterdataset - DEBUG - Clip to [-155.000, -22.000, -154.000, -21.000] (epsg:4326))
2026-08-04 06:58:14,173 - snakemake_workflow - rasterdataset - INFO - Reading population raster data from D:\GFM\inputs\exposure\ppp_2020_1km_Aggregated.tif
2026-08-04 06:58:14,173 - snakemake_workflow - rasterdataset - INFO - Reading population raster data from D:\GFM\inputs\exposure\ppp_2020_1km_Aggregated.tif
2026-08-04 06:58:14,194 - snakemake_workflow - rasterdataset - DEBUG - Clip to [-160.000, -19.000, -159.000, -18.000] (epsg:4326))
2026-08-04 06:58:14,194 - snakemake_workflow - rasterdataset - DEBUG - Clip to [54.000, -16.000, 55.000, -15.000] (epsg:4326))
2026-08-04 06:58:14,213 - snakemake_workflow - rasterdataset - DEBUG - Clip to [40.000, -23.000, 41.000, -22.000] (epsg:4326))
2026-08-04 06:58:14,217 - snakemake_workflow - rasterdataset - DEBUG - Clip to [-177.000, -14.000, -176.000, -13.000] (epsg:4326))
2026-08-04 06:58:14,252 - snakemake_workflow - rasterdataset - INFO - Reading population raster data from D:\GFM\inputs\exposure\ppp_2020_1km_Aggregated.tif
2026-08-04 06:58:14,414 - snakemake_workflow - rasterdataset - INFO - Reading population raster data from D:\GFM\inputs\exposure\ppp_2020_1km_Aggregated.tif
2026-08-04 06:58:14,430 - snakemake_workflow - rasterdataset - DEBUG - Clip to [-179.000, -15.000, -178.000, -14.000] (epsg:4326))
2026-08-04 06:58:14,490 - snakemake_workflow - rasterdataset - DEBUG - Clip to [-160.000, -22.000, -159.000, -21.000] (epsg:4326))
2026-08-04 06:58:14,577 - snakemake_workflow - rasterdataset - INFO - Reading population raster data from D:\GFM\inputs\exposure\ppp_2020_1km_Aggregated.tif
2026-08-04 06:58:14,577 - snakemake_workflow - rasterdataset - INFO - Reading population raster data from D:\GFM\inputs\exposure\ppp_2020_1km_Aggregated.tif
2026-08-04 06:58:14,601 - snakemake_workflow - rasterdataset - INFO - Reading population raster data from D:\GFM\inputs\exposure\ppp_2020_1km_Aggregated.tif
2026-08-04 06:58:14,607 - snakemake_workflow - rasterdataset - DEBUG - Clip to [39.000, -22.000, 40.000, -21.000] (epsg:4326))
2026-08-04 06:58:14,614 - snakemake_workflow - rasterdataset - DEBUG - Clip to [-172.000, -12.000, -171.000, -11.000] (epsg:4326))
2026-08-04 06:58:14,647 - snakemake_workflow - rasterdataset - INFO - Reading population raster data from D:\GFM\inputs\exposure\ppp_2020_1km_Aggregated.tif
2026-08-04 06:58:14,669 - snakemake_workflow - rasterdataset - INFO - Reading population raster data from D:\GFM\inputs\exposure\ppp_2020_1km_Aggregated.tif
2026-08-04 06:58:14,676 - snakemake_workflow - rasterdataset - DEBUG - Clip to [59.000, -17.000, 60.000, -16.000] (epsg:4326))
2026-08-04 06:58:14,831 - snakemake_workflow - rasterdataset - DEBUG - Clip to [-164.000, -14.000, -163.000, -13.000] (epsg:4326))
2026-08-04 06:58:14,895 - snakemake_workflow - rasterdataset - INFO - Reading population raster data from D:\GFM\inputs\exposure\ppp_2020_1km_Aggregated.tif
2026-08-04 06:58:14,895 - snakemake_workflow - rasterdataset - INFO - Reading population raster data from D:\GFM\inputs\exposure\ppp_2020_1km_Aggregated.tif
2026-08-04 06:58:14,898 - snakemake_workflow - rasterdataset - DEBUG - Clip to [-144.000, -21.000, -143.000, -20.000] (epsg:4326))
2026-08-04 06:58:14,937 - snakemake_workflow - rasterdataset - DEBUG - Clip to [-176.000, -16.000, -175.000, -15.000] (epsg:4326))
2026-08-04 06:58:14,937 - snakemake_workflow - rasterdataset - DEBUG - Clip to [96.000, -13.000, 97.000, -12.000] (epsg:4326))
2026-08-04 06:58:15,016 - snakemake_workflow - rasterdataset - INFO - Reading population raster data from D:\GFM\inputs\exposure\ppp_2020_1km_Aggregated.tif
2026-08-04 06:58:15,016 - snakemake_workflow - rasterdataset - INFO - Reading population raster data from D:\GFM\inputs\exposure\ppp_2020_1km_Aggregated.tif
2026-08-04 06:58:15,043 - snakemake_workflow - rasterdataset - DEBUG - Clip to [105.000, -11.000, 106.000, -10.000] (epsg:4326))
2026-08-04 06:58:15,048 - snakemake_workflow - rasterdataset - DEBUG - Clip to [-142.000, -15.000, -141.000, -14.000] (epsg:4326))
2026-08-04 06:58:15,318 - snakemake_workflow - rasterdataset - INFO - Reading population raster data from D:\GFM\inputs\exposure\ppp_2020_1km_Aggregated.tif
2026-08-04 06:58:15,368 - snakemake_workflow - rasterdataset - DEBUG - Clip to [-152.000, -12.000, -151.000, -11.000] (epsg:4326))
2026-08-04 06:58:15,451 - snakemake_workflow - rasterdataset - INFO - Reading population raster data from D:\GFM\inputs\exposure\ppp_2020_1km_Aggregated.tif
2026-08-04 06:58:15,451 - snakemake_workflow - rasterdataset - INFO - Reading population raster data from D:\GFM\inputs\exposure\ppp_2020_1km_Aggregated.tif
2026-08-04 06:58:15,451 - snakemake_workflow - rasterdataset - INFO - Reading population raster data from D:\GFM\inputs\exposure\ppp_2020_1km_Aggregated.tif
2026-08-04 06:58:15,458 - snakemake_workflow - rasterdataset - INFO - Reading population raster data from D:\GFM\inputs\exposure\ppp_2020_1km_Aggregated.tif
2026-08-04 06:58:15,488 - snakemake_workflow - rasterdataset - DEBUG - Clip to [168.000, -13.000, 169.000, -12.000] (epsg:4326))
2026-08-04 06:58:15,488 - snakemake_workflow - rasterdataset - DEBUG - Clip to [63.000, -20.000, 64.000, -19.000] (epsg:4326))
2026-08-04 06:58:15,488 - snakemake_workflow - rasterdataset - DEBUG - Clip to [-174.000, -16.000, -173.000, -15.000] (epsg:4326))
2026-08-04 06:58:15,507 - snakemake_workflow - rasterdataset - DEBUG - Clip to [-139.000, -15.000, -138.000, -14.000] (epsg:4326))
2026-08-04 06:58:15,704 - snakemake_workflow - rasterdataset - INFO - Reading population raster data from D:\GFM\inputs\exposure\ppp_2020_1km_Aggregated.tif
2026-08-04 06:58:15,883 - snakemake_workflow - rasterdataset - INFO - Reading population raster data from D:\GFM\inputs\exposure\ppp_2020_1km_Aggregated.tif
2026-08-04 06:58:15,908 - snakemake_workflow - rasterdataset - INFO - Reading population raster data from D:\GFM\inputs\exposure\ppp_2020_1km_Aggregated.tif
2026-08-04 06:58:15,941 - snakemake_workflow - rasterdataset - DEBUG - Clip to [-153.000, -11.000, -152.000, -10.000] (epsg:4326))
2026-08-04 06:58:15,959 - snakemake_workflow - rasterdataset - INFO - Reading population raster data from D:\GFM\inputs\exposure\ppp_2020_1km_Aggregated.tif
2026-08-04 06:58:15,961 - snakemake_workflow - rasterdataset - DEBUG - Clip to [-173.000, -9.000, -172.000, -8.000] (epsg:4326))
2026-08-04 06:58:15,968 - snakemake_workflow - rasterdataset - DEBUG - Clip to [179.000, -11.000, 180.000, -10.000] (epsg:4326))
2026-08-04 06:58:15,981 - snakemake_workflow - rasterdataset - INFO - Reading population raster data from D:\GFM\inputs\exposure\ppp_2020_1km_Aggregated.tif
2026-08-04 06:58:16,040 - snakemake_workflow - rasterdataset - INFO - Reading population raster data from D:\GFM\inputs\exposure\ppp_2020_1km_Aggregated.tif
2026-08-04 06:58:16,040 - snakemake_workflow - rasterdataset - INFO - Reading population raster data from D:\GFM\inputs\exposure\ppp_2020_1km_Aggregated.tif
2026-08-04 06:58:16,061 - snakemake_workflow - rasterdataset - DEBUG - Clip to [56.000, -11.000, 57.000, -10.000] (epsg:4326))
2026-08-04 06:58:16,092 - snakemake_workflow - rasterdataset - DEBUG - Clip to [7.000, 1.000, 8.000, 2.000] (epsg:4326))
2026-08-04 06:58:16,101 - snakemake_workflow - rasterdataset - DEBUG - Clip to [5.000, -2.000, 6.000, -1.000] (epsg:4326))
2026-08-04 06:58:16,105 - snakemake_workflow - rasterdataset - DEBUG - Clip to [72.000, -8.000, 73.000, -7.000] (epsg:4326))
2026-08-04 06:58:16,324 - snakemake_workflow - rasterdataset - INFO - Reading population raster data from D:\GFM\inputs\exposure\ppp_2020_1km_Aggregated.tif
2026-08-04 06:58:16,486 - snakemake_workflow - rasterdataset - DEBUG - Clip to [-156.000, -6.000, -155.000, -5.000] (epsg:4326))
2026-08-04 06:58:16,520 - snakemake_workflow - rasterdataset - INFO - Reading population raster data from D:\GFM\inputs\exposure\ppp_2020_1km_Aggregated.tif
2026-08-04 06:58:16,588 - snakemake_workflow - rasterdataset - INFO - Reading population raster data from D:\GFM\inputs\exposure\ppp_2020_1km_Aggregated.tif
2026-08-04 06:58:16,588 - snakemake_workflow - rasterdataset - INFO - Reading population raster data from D:\GFM\inputs\exposure\ppp_2020_1km_Aggregated.tif
2026-08-04 06:58:16,650 - snakemake_workflow - rasterdataset - INFO - Reading population raster data from D:\GFM\inputs\exposure\ppp_2020_1km_Aggregated.tif
2026-08-04 06:58:16,660 - snakemake_workflow - rasterdataset - DEBUG - Clip to [166.000, -1.000, 167.000, 0.000] (epsg:4326))
2026-08-04 06:58:16,660 - snakemake_workflow - rasterdataset - DEBUG - Clip to [-15.000, -8.000, -14.000, -7.000] (epsg:4326))
2026-08-04 06:58:16,670 - snakemake_workflow - rasterdataset - DEBUG - Clip to [-161.000, 4.000, -160.000, 5.000] (epsg:4326))
2026-08-04 06:58:16,773 - snakemake_workflow - rasterdataset - DEBUG - Clip to [154.000, 1.000, 155.000, 2.000] (epsg:4326))
2026-08-04 06:58:17,151 - snakemake_workflow - rasterdataset - INFO - Reading population raster data from D:\GFM\inputs\exposure\ppp_2020_1km_Aggregated.tif
2026-08-04 06:58:17,151 - snakemake_workflow - rasterdataset - INFO - Reading population raster data from D:\GFM\inputs\exposure\ppp_2020_1km_Aggregated.tif
2026-08-04 06:58:17,162 - snakemake_workflow - rasterdataset - INFO - Reading population raster data from D:\GFM\inputs\exposure\ppp_2020_1km_Aggregated.tif
2026-08-04 06:58:17,167 - snakemake_workflow - rasterdataset - INFO - Reading population raster data from D:\GFM\inputs\exposure\ppp_2020_1km_Aggregated.tif
2026-08-04 06:58:17,225 - snakemake_workflow - rasterdataset - DEBUG - Clip to [-160.000, 3.000, -159.000, 4.000] (epsg:4326))
2026-08-04 06:58:17,227 - snakemake_workflow - rasterdataset - DEBUG - Clip to [127.000, -6.000, 128.000, -5.000] (epsg:4326))
2026-08-04 06:58:17,231 - snakemake_workflow - rasterdataset - DEBUG - Clip to [169.000, -1.000, 170.000, 0.000] (epsg:4326))
2026-08-04 06:58:17,235 - snakemake_workflow - rasterdataset - DEBUG - Clip to [-82.000, 4.000, -81.000, 5.000] (epsg:4326))
2026-08-04 06:58:17,394 - snakemake_workflow - rasterdataset - INFO - Reading population raster data from D:\GFM\inputs\exposure\ppp_2020_1km_Aggregated.tif
2026-08-04 06:58:17,515 - snakemake_workflow - rasterdataset - DEBUG - Clip to [52.000, -8.000, 53.000, -7.000] (epsg:4326))
2026-08-04 06:58:17,680 - snakemake_workflow - rasterdataset - INFO - Reading population raster data from D:\GFM\inputs\exposure\ppp_2020_1km_Aggregated.tif
2026-08-04 06:58:17,728 - snakemake_workflow - rasterdataset - DEBUG - Clip to [154.000, 3.000, 155.000, 4.000] (epsg:4326))
2026-08-04 06:58:17,865 - snakemake_workflow - rasterdataset - INFO - Reading population raster data from D:\GFM\inputs\exposure\ppp_2020_1km_Aggregated.tif
2026-08-04 06:58:17,867 - snakemake_workflow - rasterdataset - INFO - Reading population raster data from D:\GFM\inputs\exposure\ppp_2020_1km_Aggregated.tif
2026-08-04 06:58:17,876 - snakemake_workflow - rasterdataset - INFO - Reading population raster data from D:\GFM\inputs\exposure\ppp_2020_1km_Aggregated.tif
2026-08-04 06:58:17,917 - snakemake_workflow - rasterdataset - DEBUG - Clip to [-177.000, 0.000, -176.000, 1.000] (epsg:4326))
2026-08-04 06:58:17,965 - snakemake_workflow - rasterdataset - DEBUG - Clip to [-88.000, 5.000, -87.000, 6.000] (epsg:4326))
2026-08-04 06:58:17,971 - snakemake_workflow - rasterdataset - DEBUG - Clip to [157.000, -5.000, 158.000, -4.000] (epsg:4326))
2026-08-04 06:58:17,971 - snakemake_workflow - rasterdataset - INFO - Reading population raster data from D:\GFM\inputs\exposure\ppp_2020_1km_Aggregated.tif
2026-08-04 06:58:17,987 - snakemake_workflow - rasterdataset - INFO - Reading population raster data from D:\GFM\inputs\exposure\ppp_2020_1km_Aggregated.tif
2026-08-04 06:58:18,011 - snakemake_workflow - rasterdataset - DEBUG - Clip to [153.000, 5.000, 154.000, 6.000] (epsg:4326))
2026-08-04 06:58:18,122 - snakemake_workflow - rasterdataset - DEBUG - Clip to [113.000, 7.000, 114.000, 8.000] (epsg:4326))
2026-08-04 06:58:18,188 - snakemake_workflow - rasterdataset - INFO - Reading population raster data from D:\GFM\inputs\exposure\ppp_2020_1km_Aggregated.tif
2026-08-04 06:58:18,288 - snakemake_workflow - rasterdataset - DEBUG - Clip to [155.000, 7.000, 156.000, 8.000] (epsg:4326))
2026-08-04 06:58:18,300 - snakemake_workflow - rasterdataset - INFO - Reading population raster data from D:\GFM\inputs\exposure\ppp_2020_1km_Aggregated.tif
2026-08-04 06:58:18,339 - snakemake_workflow - rasterdataset - INFO - Reading population raster data from D:\GFM\inputs\exposure\ppp_2020_1km_Aggregated.tif
2026-08-04 06:58:18,340 - snakemake_workflow - rasterdataset - INFO - Reading population raster data from D:\GFM\inputs\exposure\ppp_2020_1km_Aggregated.tif
2026-08-04 06:58:18,383 - snakemake_workflow - rasterdataset - DEBUG - Clip to [56.000, -8.000, 57.000, -7.000] (epsg:4326))
2026-08-04 06:58:18,385 - snakemake_workflow - rasterdataset - DEBUG - Clip to [-81.000, 14.000, -80.000, 15.000] (epsg:4326))
2026-08-04 06:58:18,385 - snakemake_workflow - rasterdataset - DEBUG - Clip to [-110.000, 10.000, -109.000, 11.000] (epsg:4326))
2026-08-04 06:58:18,470 - snakemake_workflow - rasterdataset - INFO - Reading population raster data from D:\GFM\inputs\exposure\ppp_2020_1km_Aggregated.tif
2026-08-04 06:58:18,554 - snakemake_workflow - rasterdataset - INFO - Reading population raster data from D:\GFM\inputs\exposure\ppp_2020_1km_Aggregated.tif
2026-08-04 06:58:18,576 - snakemake_workflow - rasterdataset - DEBUG - Clip to [162.000, 11.000, 163.000, 12.000] (epsg:4326))
2026-08-04 06:58:18,691 - snakemake_workflow - rasterdataset - DEBUG - Clip to [166.000, 19.000, 167.000, 20.000] (epsg:4326))
2026-08-04 06:58:18,740 - snakemake_workflow - rasterdataset - INFO - Reading population raster data from D:\GFM\inputs\exposure\ppp_2020_1km_Aggregated.tif
2026-08-04 06:58:18,753 - snakemake_workflow - rasterdataset - INFO - Reading population raster data from D:\GFM\inputs\exposure\ppp_2020_1km_Aggregated.tif
2026-08-04 06:58:18,764 - snakemake_workflow - rasterdataset - INFO - Reading population raster data from D:\GFM\inputs\exposure\ppp_2020_1km_Aggregated.tif
2026-08-04 06:58:18,802 - snakemake_workflow - rasterdataset - DEBUG - Clip to [73.000, 8.000, 74.000, 9.000] (epsg:4326))
2026-08-04 06:58:18,806 - snakemake_workflow - rasterdataset - DEBUG - Clip to [116.000, 20.000, 117.000, 21.000] (epsg:4326))
2026-08-04 06:58:18,822 - snakemake_workflow - rasterdataset - DEBUG - Clip to [-170.000, 16.000, -169.000, 17.000] (epsg:4326))
2026-08-04 06:58:18,867 - snakemake_workflow - rasterdataset - INFO - Reading population raster data from D:\GFM\inputs\exposure\ppp_2020_1km_Aggregated.tif
2026-08-04 06:58:18,912 - snakemake_workflow - rasterdataset - INFO - Reading population raster data from D:\GFM\inputs\exposure\ppp_2020_1km_Aggregated.tif
2026-08-04 06:58:18,914 - snakemake_workflow - rasterdataset - INFO - Reading population raster data from D:\GFM\inputs\exposure\ppp_2020_1km_Aggregated.tif
2026-08-04 06:58:18,957 - snakemake_workflow - rasterdataset - DEBUG - Clip to [-174.000, 26.000, -173.000, 27.000] (epsg:4326))
2026-08-04 06:58:18,963 - snakemake_workflow - rasterdataset - INFO - Reading population raster data from D:\GFM\inputs\exposure\ppp_2020_1km_Aggregated.tif
2026-08-04 06:58:18,967 - snakemake_workflow - rasterdataset - DEBUG - Clip to [-84.000, 17.000, -83.000, 18.000] (epsg:4326))
2026-08-04 06:58:18,969 - snakemake_workflow - rasterdataset - DEBUG - Clip to [-162.000, 23.000, -161.000, 24.000] (epsg:4326))
2026-08-04 06:58:18,975 - snakemake_workflow - rasterdataset - INFO - Reading population raster data from D:\GFM\inputs\exposure\ppp_2020_1km_Aggregated.tif
2026-08-04 06:58:19,000 - snakemake_workflow - rasterdataset - DEBUG - Clip to [140.000, 27.000, 141.000, 28.000] (epsg:4326))
2026-08-04 06:58:19,012 - snakemake_workflow - rasterdataset - DEBUG - Clip to [-172.000, 25.000, -171.000, 26.000] (epsg:4326))
2026-08-04 06:58:19,034 - snakemake_workflow - rasterdataset - INFO - Reading population raster data from D:\GFM\inputs\exposure\ppp_2020_1km_Aggregated.tif
2026-08-04 06:58:19,131 - snakemake_workflow - rasterdataset - INFO - Reading population raster data from D:\GFM\inputs\exposure\ppp_2020_1km_Aggregated.tif
2026-08-04 06:58:19,143 - snakemake_workflow - rasterdataset - DEBUG - Clip to [-32.000, 39.000, -31.000, 40.000] (epsg:4326))
2026-08-04 06:58:19,200 - snakemake_workflow - rasterdataset - INFO - Reading population raster data from D:\GFM\inputs\exposure\ppp_2020_1km_Aggregated.tif
2026-08-04 06:58:19,223 - snakemake_workflow - rasterdataset - DEBUG - Clip to [170.000, 12.000, 171.000, 13.000] (epsg:4326))
2026-08-04 06:58:19,264 - snakemake_workflow - rasterdataset - INFO - Reading population raster data from D:\GFM\inputs\exposure\ppp_2020_1km_Aggregated.tif
2026-08-04 06:58:19,273 - snakemake_workflow - rasterdataset - DEBUG - Clip to [160.000, 9.000, 161.000, 10.000] (epsg:4326))
2026-08-04 06:58:19,299 - snakemake_workflow - rasterdataset - INFO - Reading population raster data from D:\GFM\inputs\exposure\ppp_2020_1km_Aggregated.tif
2026-08-04 06:58:19,323 - snakemake_workflow - rasterdataset - INFO - Reading population raster data from D:\GFM\inputs\exposure\ppp_2020_1km_Aggregated.tif
2026-08-04 06:58:19,343 - snakemake_workflow - rasterdataset - DEBUG - Clip to [144.000, 13.000, 145.000, 14.000] (epsg:4326))
2026-08-04 06:58:19,351 - snakemake_workflow - rasterdataset - INFO - Reading population raster data from D:\GFM\inputs\exposure\ppp_2020_1km_Aggregated.tif
2026-08-04 06:58:19,353 - snakemake_workflow - rasterdataset - DEBUG - Clip to [-176.000, 71.000, -175.000, 72.000] (epsg:4326))
2026-08-04 06:58:19,353 - snakemake_workflow - rasterdataset - DEBUG - Clip to [-115.000, 18.000, -114.000, 19.000] (epsg:4326))
2026-08-04 06:58:19,390 - snakemake_workflow - rasterdataset - INFO - Reading population raster data from D:\GFM\inputs\exposure\ppp_2020_1km_Aggregated.tif
2026-08-04 06:58:19,413 - snakemake_workflow - rasterdataset - DEBUG - Clip to [140.000, 30.000, 141.000, 31.000] (epsg:4326))
2026-08-04 06:58:19,422 - snakemake_workflow - rasterdataset - INFO - Reading population raster data from D:\GFM\inputs\exposure\ppp_2020_1km_Aggregated.tif
2026-08-04 06:58:19,431 - snakemake_workflow - rasterdataset - DEBUG - Clip to [-73.000, -53.000, -71.000, -52.000] (epsg:4326))
2026-08-04 06:58:19,494 - snakemake_workflow - rasterdataset - DEBUG - Clip to [-65.000, 32.000, -64.000, 33.000] (epsg:4326))
2026-08-04 06:58:19,597 - snakemake_workflow - rasterdataset - INFO - Reading population raster data from D:\GFM\inputs\exposure\ppp_2020_1km_Aggregated.tif
2026-08-04 06:58:19,793 - snakemake_workflow - rasterdataset - DEBUG - Clip to [-170.000, 56.000, -169.000, 57.000] (epsg:4326))
2026-08-04 06:58:19,946 - snakemake_workflow - rasterdataset - INFO - Reading population raster data from D:\GFM\inputs\exposure\ppp_2020_1km_Aggregated.tif
2026-08-04 06:58:20,036 - snakemake_workflow - rasterdataset - INFO - Reading population raster data from D:\GFM\inputs\exposure\ppp_2020_1km_Aggregated.tif
2026-08-04 06:58:20,223 - snakemake_workflow - rasterdataset - DEBUG - Clip to [-114.000, 29.000, -113.000, 31.000] (epsg:4326))
2026-08-04 06:58:20,226 - snakemake_workflow - rasterdataset - DEBUG - Clip to [82.000, 77.000, 83.000, 78.000] (epsg:4326))
2026-08-04 06:58:20,353 - snakemake_workflow - rasterdataset - INFO - Reading population raster data from D:\GFM\inputs\exposure\ppp_2020_1km_Aggregated.tif
2026-08-04 06:58:20,502 - snakemake_workflow - rasterdataset - DEBUG - Clip to [-64.000, 45.000, -62.000, 46.000] (epsg:4326))
2026-08-04 06:58:20,530 - snakemake_workflow - rasterdataset - INFO - Reading population raster data from D:\GFM\inputs\exposure\ppp_2020_1km_Aggregated.tif
2026-08-04 06:58:20,602 - snakemake_workflow - rasterdataset - DEBUG - Clip to [143.000, 56.000, 144.000, 57.000] (epsg:4326))
2026-08-04 06:58:21,380 - snakemake_workflow - rasterdataset - INFO - Reading population raster data from D:\GFM\inputs\exposure\ppp_2020_1km_Aggregated.tif
2026-08-04 06:58:21,443 - snakemake_workflow - rasterdataset - INFO - Reading population raster data from D:\GFM\inputs\exposure\ppp_2020_1km_Aggregated.tif
2026-08-04 06:58:21,614 - snakemake_workflow - rasterdataset - DEBUG - Clip to [36.000, 80.000, 37.000, 81.000] (epsg:4326))
2026-08-04 06:58:21,634 - snakemake_workflow - rasterdataset - DEBUG - Clip to [-171.000, 57.000, -170.000, 58.000] (epsg:4326))
2026-08-04 06:58:22,524 - snakemake_workflow - rasterdataset - INFO - Reading population raster data from D:\GFM\inputs\exposure\ppp_2020_1km_Aggregated.tif
2026-08-04 06:58:22,914 - snakemake_workflow - rasterdataset - INFO - Reading population raster data from D:\GFM\inputs\exposure\ppp_2020_1km_Aggregated.tif
2026-08-04 06:58:22,914 - snakemake_workflow - rasterdataset - INFO - Reading population raster data from D:\GFM\inputs\exposure\ppp_2020_1km_Aggregated.tif
2026-08-04 06:58:22,947 - snakemake_workflow - rasterdataset - DEBUG - Clip to [-36.000, 82.000, -35.000, 83.000] (epsg:4326))
2026-08-04 06:58:23,080 - snakemake_workflow - rasterdataset - INFO - Reading population raster data from D:\GFM\inputs\exposure\ppp_2020_1km_Aggregated.tif
2026-08-04 06:58:23,084 - snakemake_workflow - rasterdataset - INFO - Reading population raster data from D:\GFM\inputs\exposure\ppp_2020_1km_Aggregated.tif
2026-08-04 06:58:23,113 - snakemake_workflow - rasterdataset - DEBUG - Clip to [-115.000, 29.000, -114.000, 31.000] (epsg:4326))
2026-08-04 06:58:23,119 - snakemake_workflow - rasterdataset - DEBUG - Clip to [-68.000, 63.000, -66.000, 64.000] (epsg:4326))
2026-08-04 06:58:23,119 - snakemake_workflow - rasterdataset - DEBUG - Clip to [-70.000, -53.000, -69.000, -51.000] (epsg:4326))
2026-08-04 06:58:23,121 - snakemake_workflow - rasterdataset - DEBUG - Clip to [-65.000, 47.000, -63.000, 48.000] (epsg:4326))
2026-08-04 06:58:23,183 - snakemake_workflow - rasterdataset - INFO - Reading population raster data from D:\GFM\inputs\exposure\ppp_2020_1km_Aggregated.tif
2026-08-04 06:58:23,199 - snakemake_workflow - rasterdataset - INFO - Reading population raster data from D:\GFM\inputs\exposure\ppp_2020_1km_Aggregated.tif
2026-08-04 06:58:23,262 - snakemake_workflow - rasterdataset - DEBUG - Clip to [-66.000, 47.000, -65.000, 49.000] (epsg:4326))
2026-08-04 06:58:23,272 - snakemake_workflow - rasterdataset - DEBUG - Clip to [-68.000, 65.000, -66.000, 66.000] (epsg:4326))
2026-08-04 06:58:23,372 - snakemake_workflow - rasterdataset - INFO - Reading population raster data from D:\GFM\inputs\exposure\ppp_2020_1km_Aggregated.tif
2026-08-04 06:58:23,918 - snakemake_workflow - rasterdataset - DEBUG - Clip to [-64.000, 66.000, -62.000, 67.000] (epsg:4326))
2026-08-04 06:58:23,924 - snakemake_workflow - rasterdataset - INFO - Reading population raster data from D:\GFM\inputs\exposure\ppp_2020_1km_Aggregated.tif
2026-08-04 06:58:23,956 - snakemake_workflow - rasterdataset - DEBUG - Clip to [-66.000, 67.000, -65.000, 69.000] (epsg:4326))
2026-08-04 06:58:24,213 - snakemake_workflow - rasterdataset - INFO - Reading population raster data from D:\GFM\inputs\exposure\ppp_2020_1km_Aggregated.tif
2026-08-04 06:58:24,535 - snakemake_workflow - rasterdataset - DEBUG - Clip to [-68.000, 66.000, -66.000, 67.000] (epsg:4326))
2026-08-04 06:58:24,655 - snakemake_workflow - rasterdataset - INFO - Reading population raster data from D:\GFM\inputs\exposure\ppp_2020_1km_Aggregated.tif
2026-08-04 06:58:24,941 - snakemake_workflow - rasterdataset - DEBUG - Clip to [-67.000, 67.000, -66.000, 69.000] (epsg:4326))
2026-08-04 06:58:25,069 - snakemake_workflow - rasterdataset - INFO - Reading population raster data from D:\GFM\inputs\exposure\ppp_2020_1km_Aggregated.tif
2026-08-04 06:58:25,373 - snakemake_workflow - rasterdataset - DEBUG - Clip to [-68.000, 67.000, -67.000, 69.000] (epsg:4326))
2026-08-04 06:58:25,482 - snakemake_workflow - rasterdataset - INFO - Reading population raster data from D:\GFM\inputs\exposure\ppp_2020_1km_Aggregated.tif
2026-08-04 06:58:25,734 - snakemake_workflow - rasterdataset - INFO - Reading population raster data from D:\GFM\inputs\exposure\ppp_2020_1km_Aggregated.tif
2026-08-04 06:58:25,753 - snakemake_workflow - rasterdataset - DEBUG - Clip to [-79.000, 58.000, -78.000, 60.000] (epsg:4326))
2026-08-04 06:58:25,770 - snakemake_workflow - rasterdataset - DEBUG - Clip to [-112.000, 25.000, -111.000, 27.000] (epsg:4326))
2026-08-04 06:58:26,256 - snakemake_workflow - rasterdataset - INFO - Reading population raster data from D:\GFM\inputs\exposure\ppp_2020_1km_Aggregated.tif
2026-08-04 06:58:26,353 - snakemake_workflow - rasterdataset - DEBUG - Clip to [-63.000, 46.000, -61.000, 47.000] (epsg:4326))
2026-08-04 06:58:26,641 - snakemake_workflow - rasterdataset - INFO - Reading population raster data from D:\GFM\inputs\exposure\ppp_2020_1km_Aggregated.tif
2026-08-04 06:58:26,651 - snakemake_workflow - rasterdataset - INFO - Reading population raster data from D:\GFM\inputs\exposure\ppp_2020_1km_Aggregated.tif
2026-08-04 06:58:26,713 - snakemake_workflow - rasterdataset - DEBUG - Clip to [-67.000, 47.000, -66.000, 49.000] (epsg:4326))
2026-08-04 06:58:26,715 - snakemake_workflow - rasterdataset - DEBUG - Clip to [-69.000, -56.000, -67.000, -55.000] (epsg:4326))
2026-08-04 06:58:27,714 - snakemake_workflow - rasterdataset - INFO - Reading population raster data from D:\GFM\inputs\exposure\ppp_2020_1km_Aggregated.tif
2026-08-04 06:58:27,866 - snakemake_workflow - rasterdataset - DEBUG - Clip to [-116.000, 29.000, -115.000, 31.000] (epsg:4326))
2026-08-04 06:58:27,942 - snakemake_workflow - rasterdataset - INFO - Reading population raster data from D:\GFM\inputs\exposure\ppp_2020_1km_Aggregated.tif
2026-08-04 06:58:28,192 - snakemake_workflow - rasterdataset - DEBUG - Clip to [-80.000, 54.000, -79.000, 56.000] (epsg:4326))
2026-08-04 06:58:28,276 - snakemake_workflow - rasterdataset - INFO - Reading population raster data from D:\GFM\inputs\exposure\ppp_2020_1km_Aggregated.tif
2026-08-04 06:58:28,341 - snakemake_workflow - rasterdataset - INFO - Reading population raster data from D:\GFM\inputs\exposure\ppp_2020_1km_Aggregated.tif
2026-08-04 06:58:28,341 - snakemake_workflow - rasterdataset - INFO - Reading population raster data from D:\GFM\inputs\exposure\ppp_2020_1km_Aggregated.tif
2026-08-04 06:58:28,387 - snakemake_workflow - rasterdataset - DEBUG - Clip to [-80.000, 58.000, -79.000, 60.000] (epsg:4326))
2026-08-04 06:58:28,394 - snakemake_workflow - rasterdataset - DEBUG - Clip to [-62.000, 46.000, -60.000, 47.000] (epsg:4326))
2026-08-04 06:58:28,394 - snakemake_workflow - rasterdataset - DEBUG - Clip to [-65.000, 44.000, -63.000, 45.000] (epsg:4326))
2026-08-04 06:58:28,506 - snakemake_workflow - rasterdataset - INFO - Reading population raster data from D:\GFM\inputs\exposure\ppp_2020_1km_Aggregated.tif
2026-08-04 06:58:28,559 - snakemake_workflow - rasterdataset - DEBUG - Clip to [-87.000, 68.000, -86.000, 70.000] (epsg:4326))
2026-08-04 06:58:28,659 - snakemake_workflow - rasterdataset - INFO - Reading population raster data from D:\GFM\inputs\exposure\ppp_2020_1km_Aggregated.tif
2026-08-04 06:58:28,745 - snakemake_workflow - rasterdataset - DEBUG - Clip to [-89.000, 68.000, -87.000, 69.000] (epsg:4326))
2026-08-04 06:58:28,760 - snakemake_workflow - rasterdataset - INFO - Reading population raster data from D:\GFM\inputs\exposure\ppp_2020_1km_Aggregated.tif
2026-08-04 06:58:28,919 - snakemake_workflow - rasterdataset - INFO - Reading population raster data from D:\GFM\inputs\exposure\ppp_2020_1km_Aggregated.tif
2026-08-04 06:58:29,068 - snakemake_workflow - rasterdataset - DEBUG - Clip to [-87.000, 69.000, -86.000, 71.000] (epsg:4326))
2026-08-04 06:58:29,078 - snakemake_workflow - rasterdataset - DEBUG - Clip to [-69.000, -55.000, -67.000, -54.000] (epsg:4326))
2026-08-04 06:58:29,167 - snakemake_workflow - rasterdataset - INFO - Reading population raster data from D:\GFM\inputs\exposure\ppp_2020_1km_Aggregated.tif
2026-08-04 06:58:29,348 - snakemake_workflow - rasterdataset - INFO - Reading population raster data from D:\GFM\inputs\exposure\ppp_2020_1km_Aggregated.tif
2026-08-04 06:58:29,375 - snakemake_workflow - rasterdataset - DEBUG - Clip to [-85.000, 69.000, -83.000, 70.000] (epsg:4326))
2026-08-04 06:58:29,490 - snakemake_workflow - rasterdataset - INFO - Reading population raster data from D:\GFM\inputs\exposure\ppp_2020_1km_Aggregated.tif
2026-08-04 06:58:29,506 - snakemake_workflow - rasterdataset - DEBUG - Clip to [-88.000, 70.000, -87.000, 72.000] (epsg:4326))
2026-08-04 06:58:29,553 - snakemake_workflow - rasterdataset - DEBUG - Clip to [-79.000, 71.000, -78.000, 73.000] (epsg:4326))
2026-08-04 06:58:29,632 - snakemake_workflow - rasterdataset - INFO - Reading population raster data from D:\GFM\inputs\exposure\ppp_2020_1km_Aggregated.tif
2026-08-04 06:58:29,648 - snakemake_workflow - rasterdataset - INFO - Reading population raster data from D:\GFM\inputs\exposure\ppp_2020_1km_Aggregated.tif
2026-08-04 06:58:29,648 - snakemake_workflow - rasterdataset - INFO - Reading population raster data from D:\GFM\inputs\exposure\ppp_2020_1km_Aggregated.tif
2026-08-04 06:58:29,763 - snakemake_workflow - rasterdataset - DEBUG - Clip to [-78.000, 67.000, -77.000, 69.000] (epsg:4326))
2026-08-04 06:58:29,771 - snakemake_workflow - rasterdataset - DEBUG - Clip to [-134.000, 55.000, -132.000, 56.000] (epsg:4326))
2026-08-04 06:58:29,821 - snakemake_workflow - rasterdataset - DEBUG - Clip to [-89.000, 69.000, -87.000, 70.000] (epsg:4326))
2026-08-04 06:58:29,852 - snakemake_workflow - rasterdataset - INFO - Reading population raster data from D:\GFM\inputs\exposure\ppp_2020_1km_Aggregated.tif
2026-08-04 06:58:29,943 - snakemake_workflow - rasterdataset - INFO - Reading population raster data from D:\GFM\inputs\exposure\ppp_2020_1km_Aggregated.tif
2026-08-04 06:58:30,091 - snakemake_workflow - rasterdataset - DEBUG - Clip to [-89.000, 70.000, -87.000, 71.000] (epsg:4326))
2026-08-04 06:58:30,161 - snakemake_workflow - rasterdataset - INFO - Reading population raster data from D:\GFM\inputs\exposure\ppp_2020_1km_Aggregated.tif
2026-08-04 06:58:30,170 - snakemake_workflow - rasterdataset - DEBUG - Clip to [-89.000, 70.000, -88.000, 72.000] (epsg:4326))
2026-08-04 06:58:30,507 - snakemake_workflow - rasterdataset - INFO - Reading population raster data from D:\GFM\inputs\exposure\ppp_2020_1km_Aggregated.tif
2026-08-04 06:58:30,529 - snakemake_workflow - rasterdataset - DEBUG - Clip to [-86.000, 71.000, -85.000, 73.000] (epsg:4326))
2026-08-04 06:58:30,804 - snakemake_workflow - rasterdataset - DEBUG - Clip to [-80.000, 72.000, -79.000, 74.000] (epsg:4326))
2026-08-04 06:58:31,035 - snakemake_workflow - rasterdataset - INFO - Reading population raster data from D:\GFM\inputs\exposure\ppp_2020_1km_Aggregated.tif
2026-08-04 06:58:31,162 - snakemake_workflow - rasterdataset - INFO - Reading population raster data from D:\GFM\inputs\exposure\ppp_2020_1km_Aggregated.tif
2026-08-04 06:58:31,162 - snakemake_workflow - rasterdataset - INFO - Reading population raster data from D:\GFM\inputs\exposure\ppp_2020_1km_Aggregated.tif
2026-08-04 06:58:31,301 - snakemake_workflow - rasterdataset - DEBUG - Clip to [-88.000, 74.000, -86.000, 75.000] (epsg:4326))
2026-08-04 06:58:31,465 - snakemake_workflow - rasterdataset - DEBUG - Clip to [-81.000, 72.000, -80.000, 74.000] (epsg:4326))
2026-08-04 06:58:31,578 - snakemake_workflow - rasterdataset - DEBUG - Clip to [-83.000, 76.000, -81.000, 77.000] (epsg:4326))
2026-08-04 06:58:31,626 - snakemake_workflow - rasterdataset - INFO - Reading population raster data from D:\GFM\inputs\exposure\ppp_2020_1km_Aggregated.tif
2026-08-04 06:58:31,689 - snakemake_workflow - rasterdataset - INFO - Reading population raster data from D:\GFM\inputs\exposure\ppp_2020_1km_Aggregated.tif
2026-08-04 06:58:31,813 - snakemake_workflow - rasterdataset - DEBUG - Clip to [-87.000, 75.000, -86.000, 77.000] (epsg:4326))
2026-08-04 06:58:31,815 - snakemake_workflow - rasterdataset - DEBUG - Clip to [-82.000, 72.000, -81.000, 74.000] (epsg:4326))
2026-08-04 06:58:31,961 - snakemake_workflow - rasterdataset - INFO - Reading population raster data from D:\GFM\inputs\exposure\ppp_2020_1km_Aggregated.tif
2026-08-04 06:58:32,041 - snakemake_workflow - rasterdataset - INFO - Reading population raster data from D:\GFM\inputs\exposure\ppp_2020_1km_Aggregated.tif
2026-08-04 06:58:32,153 - snakemake_workflow - rasterdataset - DEBUG - Clip to [-84.000, 73.000, -82.000, 74.000] (epsg:4326))
2026-08-04 06:58:32,153 - snakemake_workflow - rasterdataset - DEBUG - Clip to [-84.000, 75.000, -83.000, 77.000] (epsg:4326))
2026-08-04 06:58:32,201 - snakemake_workflow - rasterdataset - INFO - Reading population raster data from D:\GFM\inputs\exposure\ppp_2020_1km_Aggregated.tif
2026-08-04 06:58:32,532 - snakemake_workflow - rasterdataset - DEBUG - Clip to [-85.000, 75.000, -84.000, 77.000] (epsg:4326))
2026-08-04 06:58:32,649 - snakemake_workflow - rasterdataset - INFO - Reading population raster data from D:\GFM\inputs\exposure\ppp_2020_1km_Aggregated.tif
2026-08-04 06:58:32,777 - snakemake_workflow - rasterdataset - INFO - Reading population raster data from D:\GFM\inputs\exposure\ppp_2020_1km_Aggregated.tif
2026-08-04 06:58:32,810 - snakemake_workflow - rasterdataset - DEBUG - Clip to [-90.000, 76.000, -89.000, 78.000] (epsg:4326))
2026-08-04 06:58:32,810 - snakemake_workflow - rasterdataset - DEBUG - Clip to [-88.000, 75.000, -86.000, 76.000] (epsg:4326))
2026-08-04 06:58:32,960 - snakemake_workflow - rasterdataset - INFO - Reading population raster data from D:\GFM\inputs\exposure\ppp_2020_1km_Aggregated.tif
2026-08-04 06:58:33,298 - snakemake_workflow - rasterdataset - DEBUG - Clip to [-92.000, 74.000, -90.000, 75.000] (epsg:4326))
2026-08-04 06:58:33,576 - snakemake_workflow - rasterdataset - INFO - Reading population raster data from D:\GFM\inputs\exposure\ppp_2020_1km_Aggregated.tif
2026-08-04 06:58:33,864 - snakemake_workflow - rasterdataset - DEBUG - Clip to [-88.000, 76.000, -86.000, 77.000] (epsg:4326))
2026-08-04 06:58:34,120 - snakemake_workflow - rasterdataset - INFO - Reading population raster data from D:\GFM\inputs\exposure\ppp_2020_1km_Aggregated.tif
2026-08-04 06:58:34,359 - snakemake_workflow - rasterdataset - DEBUG - Clip to [-91.000, 76.000, -90.000, 78.000] (epsg:4326))
2026-08-04 06:58:34,984 - snakemake_workflow - rasterdataset - INFO - Reading population raster data from D:\GFM\inputs\exposure\ppp_2020_1km_Aggregated.tif
2026-08-04 06:58:34,984 - snakemake_workflow - rasterdataset - INFO - Reading population raster data from D:\GFM\inputs\exposure\ppp_2020_1km_Aggregated.tif
2026-08-04 06:58:35,110 - snakemake_workflow - rasterdataset - DEBUG - Clip to [-83.000, 76.000, -82.000, 78.000] (epsg:4326))
2026-08-04 06:58:35,173 - snakemake_workflow - rasterdataset - DEBUG - Clip to [-85.000, 70.000, -83.000, 71.000] (epsg:4326))
2026-08-04 06:58:35,288 - snakemake_workflow - rasterdataset - INFO - Reading population raster data from D:\GFM\inputs\exposure\ppp_2020_1km_Aggregated.tif
2026-08-04 06:58:35,363 - snakemake_workflow - rasterdataset - INFO - Reading population raster data from D:\GFM\inputs\exposure\ppp_2020_1km_Aggregated.tif
2026-08-04 06:58:35,386 - snakemake_workflow - rasterdataset - DEBUG - Clip to [-81.000, 73.000, -79.000, 74.000] (epsg:4326))
2026-08-04 06:58:35,386 - snakemake_workflow - rasterdataset - DEBUG - Clip to [-83.000, 74.000, -81.000, 75.000] (epsg:4326))
2026-08-04 06:58:35,410 - snakemake_workflow - rasterdataset - INFO - Reading population raster data from D:\GFM\inputs\exposure\ppp_2020_1km_Aggregated.tif
2026-08-04 06:58:35,410 - snakemake_workflow - rasterdataset - INFO - Reading population raster data from D:\GFM\inputs\exposure\ppp_2020_1km_Aggregated.tif
2026-08-04 06:58:35,671 - snakemake_workflow - rasterdataset - DEBUG - Clip to [-95.000, 71.000, -93.000, 72.000] (epsg:4326))
2026-08-04 06:58:35,673 - snakemake_workflow - rasterdataset - DEBUG - Clip to [-93.000, 71.000, -92.000, 73.000] (epsg:4326))
2026-08-04 06:58:35,840 - snakemake_workflow - rasterdataset - INFO - Reading population raster data from D:\GFM\inputs\exposure\ppp_2020_1km_Aggregated.tif
2026-08-04 06:58:36,078 - snakemake_workflow - rasterdataset - INFO - Reading population raster data from D:\GFM\inputs\exposure\ppp_2020_1km_Aggregated.tif
2026-08-04 06:58:36,069 - snakemake_workflow - rasterdataset - INFO - Reading population raster data from D:\GFM\inputs\exposure\ppp_2020_1km_Aggregated.tif
2026-08-04 06:58:36,090 - snakemake_workflow - rasterdataset - DEBUG - Clip to [-87.000, 76.000, -86.000, 78.000] (epsg:4326))
2026-08-04 06:58:36,094 - snakemake_workflow - rasterdataset - DEBUG - Clip to [-92.000, 72.000, -90.000, 73.000] (epsg:4326))
2026-08-04 06:58:36,142 - snakemake_workflow - rasterdataset - INFO - Reading population raster data from D:\GFM\inputs\exposure\ppp_2020_1km_Aggregated.tif
2026-08-04 06:58:36,142 - snakemake_workflow - rasterdataset - DEBUG - Clip to [-91.000, 70.000, -90.000, 72.000] (epsg:4326))
2026-08-04 06:58:36,303 - snakemake_workflow - rasterdataset - INFO - Reading population raster data from D:\GFM\inputs\exposure\ppp_2020_1km_Aggregated.tif
2026-08-04 06:58:36,303 - snakemake_workflow - rasterdataset - INFO - Reading population raster data from D:\GFM\inputs\exposure\ppp_2020_1km_Aggregated.tif
2026-08-04 06:58:36,335 - snakemake_workflow - rasterdataset - DEBUG - Clip to [-92.000, 75.000, -91.000, 77.000] (epsg:4326))
2026-08-04 06:58:36,340 - snakemake_workflow - rasterdataset - DEBUG - Clip to [-85.000, 76.000, -84.000, 78.000] (epsg:4326))
2026-08-04 06:58:36,340 - snakemake_workflow - rasterdataset - DEBUG - Clip to [-92.000, 76.000, -91.000, 78.000] (epsg:4326))
2026-08-04 06:58:36,349 - snakemake_workflow - rasterdataset - INFO - Reading population raster data from D:\GFM\inputs\exposure\ppp_2020_1km_Aggregated.tif
2026-08-04 06:58:36,508 - snakemake_workflow - rasterdataset - INFO - Reading population raster data from D:\GFM\inputs\exposure\ppp_2020_1km_Aggregated.tif
2026-08-04 06:58:36,612 - snakemake_workflow - rasterdataset - DEBUG - Clip to [-93.000, 75.000, -92.000, 77.000] (epsg:4326))
2026-08-04 06:58:36,616 - snakemake_workflow - rasterdataset - DEBUG - Clip to [-98.000, 71.000, -96.000, 72.000] (epsg:4326))
2026-08-04 06:58:36,910 - snakemake_workflow - rasterdataset - INFO - Reading population raster data from D:\GFM\inputs\exposure\ppp_2020_1km_Aggregated.tif
2026-08-04 06:58:36,960 - snakemake_workflow - rasterdataset - DEBUG - Clip to [-163.000, 60.000, -161.000, 61.000] (epsg:4326))
2026-08-04 06:58:38,661 - snakemake_workflow - rasterdataset - INFO - Reading population raster data from D:\GFM\inputs\exposure\ppp_2020_1km_Aggregated.tif
2026-08-04 06:58:38,917 - snakemake_workflow - rasterdataset - INFO - Reading population raster data from D:\GFM\inputs\exposure\ppp_2020_1km_Aggregated.tif
2026-08-04 06:58:38,917 - snakemake_workflow - rasterdataset - INFO - Reading population raster data from D:\GFM\inputs\exposure\ppp_2020_1km_Aggregated.tif
2026-08-04 06:58:39,157 - snakemake_workflow - rasterdataset - DEBUG - Clip to [-86.000, 76.000, -85.000, 78.000] (epsg:4326))
2026-08-04 06:58:39,159 - snakemake_workflow - rasterdataset - DEBUG - Clip to [-99.000, 74.000, -98.000, 76.000] (epsg:4326))
2026-08-04 06:58:39,159 - snakemake_workflow - rasterdataset - DEBUG - Clip to [-99.000, 72.000, -97.000, 73.000] (epsg:4326))
2026-08-04 06:58:39,474 - snakemake_workflow - rasterdataset - INFO - Reading population raster data from D:\GFM\inputs\exposure\ppp_2020_1km_Aggregated.tif
2026-08-04 06:58:39,586 - snakemake_workflow - rasterdataset - INFO - Reading population raster data from D:\GFM\inputs\exposure\ppp_2020_1km_Aggregated.tif
2026-08-04 06:58:39,667 - snakemake_workflow - rasterdataset - DEBUG - Clip to [-98.000, 74.000, -97.000, 76.000] (epsg:4326))
2026-08-04 06:58:39,673 - snakemake_workflow - rasterdataset - DEBUG - Clip to [-82.000, 76.000, -81.000, 78.000] (epsg:4326))
2026-08-04 06:58:41,170 - snakemake_workflow - rasterdataset - INFO - Reading population raster data from D:\GFM\inputs\exposure\ppp_2020_1km_Aggregated.tif
2026-08-04 06:58:41,306 - snakemake_workflow - rasterdataset - DEBUG - Clip to [-85.000, 77.000, -84.000, 79.000] (epsg:4326))
2026-08-04 06:58:41,675 - snakemake_workflow - rasterdataset - INFO - Reading population raster data from D:\GFM\inputs\exposure\ppp_2020_1km_Aggregated.tif
2026-08-04 06:58:41,801 - snakemake_workflow - rasterdataset - DEBUG - Clip to [-105.000, 69.000, -103.000, 70.000] (epsg:4326))
2026-08-04 06:58:42,563 - snakemake_workflow - rasterdataset - INFO - Reading population raster data from D:\GFM\inputs\exposure\ppp_2020_1km_Aggregated.tif
2026-08-04 06:58:42,624 - snakemake_workflow - rasterdataset - DEBUG - Clip to [-164.000, 62.000, -163.000, 64.000] (epsg:4326))
2026-08-04 06:58:44,056 - snakemake_workflow - rasterdataset - INFO - Reading population raster data from D:\GFM\inputs\exposure\ppp_2020_1km_Aggregated.tif
2026-08-04 06:58:44,056 - snakemake_workflow - rasterdataset - INFO - Reading population raster data from D:\GFM\inputs\exposure\ppp_2020_1km_Aggregated.tif
2026-08-04 06:58:44,115 - snakemake_workflow - rasterdataset - DEBUG - Clip to [-99.000, 74.000, -97.000, 75.000] (epsg:4326))
2026-08-04 06:58:44,338 - snakemake_workflow - rasterdataset - INFO - Reading population raster data from D:\GFM\inputs\exposure\ppp_2020_1km_Aggregated.tif
2026-08-04 06:58:44,363 - snakemake_workflow - rasterdataset - DEBUG - Clip to [-94.000, 75.000, -93.000, 77.000] (epsg:4326))
2026-08-04 06:58:44,379 - snakemake_workflow - rasterdataset - DEBUG - Clip to [-101.000, 70.000, -100.000, 72.000] (epsg:4326))
2026-08-04 06:58:44,522 - snakemake_workflow - rasterdataset - INFO - Reading population raster data from D:\GFM\inputs\exposure\ppp_2020_1km_Aggregated.tif
2026-08-04 06:58:44,686 - snakemake_workflow - rasterdataset - DEBUG - Clip to [-105.000, 68.000, -103.000, 69.000] (epsg:4326))
2026-08-04 06:58:44,923 - snakemake_workflow - rasterdataset - INFO - Reading population raster data from D:\GFM\inputs\exposure\ppp_2020_1km_Aggregated.tif
2026-08-04 06:58:45,420 - snakemake_workflow - rasterdataset - INFO - Reading population raster data from D:\GFM\inputs\exposure\ppp_2020_1km_Aggregated.tif
2026-08-04 06:58:45,629 - snakemake_workflow - rasterdataset - DEBUG - Clip to [-92.000, 77.000, -91.000, 79.000] (epsg:4326))
2026-08-04 06:58:45,632 - snakemake_workflow - rasterdataset - DEBUG - Clip to [-96.000, 75.000, -95.000, 77.000] (epsg:4326))
2026-08-04 06:58:46,368 - snakemake_workflow - rasterdataset - INFO - Reading population raster data from D:\GFM\inputs\exposure\ppp_2020_1km_Aggregated.tif
2026-08-04 06:58:46,577 - snakemake_workflow - rasterdataset - DEBUG - Clip to [-88.000, 77.000, -86.000, 78.000] (epsg:4326))
2026-08-04 06:58:46,860 - snakemake_workflow - rasterdataset - INFO - Reading population raster data from D:\GFM\inputs\exposure\ppp_2020_1km_Aggregated.tif
2026-08-04 06:58:47,018 - snakemake_workflow - rasterdataset - INFO - Reading population raster data from D:\GFM\inputs\exposure\ppp_2020_1km_Aggregated.tif
2026-08-04 06:58:47,018 - snakemake_workflow - rasterdataset - INFO - Reading population raster data from D:\GFM\inputs\exposure\ppp_2020_1km_Aggregated.tif
2026-08-04 06:58:47,032 - snakemake_workflow - rasterdataset - DEBUG - Clip to [-94.000, 76.000, -93.000, 78.000] (epsg:4326))
2026-08-04 06:58:47,173 - snakemake_workflow - rasterdataset - DEBUG - Clip to [-167.000, 59.000, -165.000, 60.000] (epsg:4326))
2026-08-04 06:58:47,175 - snakemake_workflow - rasterdataset - DEBUG - Clip to [-99.000, 75.000, -98.000, 77.000] (epsg:4326))
2026-08-04 06:58:47,365 - snakemake_workflow - rasterdataset - INFO - Reading population raster data from D:\GFM\inputs\exposure\ppp_2020_1km_Aggregated.tif
2026-08-04 06:58:47,402 - snakemake_workflow - rasterdataset - DEBUG - Clip to [-96.000, 77.000, -95.000, 79.000] (epsg:4326))
2026-08-04 06:58:48,078 - snakemake_workflow - rasterdataset - INFO - Reading population raster data from D:\GFM\inputs\exposure\ppp_2020_1km_Aggregated.tif
2026-08-04 06:58:48,199 - snakemake_workflow - rasterdataset - DEBUG - Clip to [-98.000, 75.000, -97.000, 77.000] (epsg:4326))
2026-08-04 06:58:48,418 - snakemake_workflow - rasterdataset - INFO - Reading population raster data from D:\GFM\inputs\exposure\ppp_2020_1km_Aggregated.tif
2026-08-04 06:58:48,559 - snakemake_workflow - rasterdataset - DEBUG - Clip to [-91.000, 77.000, -90.000, 79.000] (epsg:4326))
2026-08-04 06:58:48,778 - snakemake_workflow - rasterdataset - INFO - Reading population raster data from D:\GFM\inputs\exposure\ppp_2020_1km_Aggregated.tif
2026-08-04 06:58:48,828 - snakemake_workflow - rasterdataset - DEBUG - Clip to [-86.000, 77.000, -85.000, 79.000] (epsg:4326))
2026-08-04 06:58:48,998 - snakemake_workflow - rasterdataset - INFO - Reading population raster data from D:\GFM\inputs\exposure\ppp_2020_1km_Aggregated.tif
2026-08-04 06:58:49,088 - snakemake_workflow - rasterdataset - DEBUG - Clip to [-95.000, 75.000, -94.000, 77.000] (epsg:4326))
2026-08-04 06:58:49,651 - snakemake_workflow - rasterdataset - INFO - Reading population raster data from D:\GFM\inputs\exposure\ppp_2020_1km_Aggregated.tif
2026-08-04 06:58:49,753 - snakemake_workflow - rasterdataset - DEBUG - Clip to [-98.000, 77.000, -96.000, 78.000] (epsg:4326))
2026-08-04 06:58:50,270 - snakemake_workflow - rasterdataset - INFO - Reading population raster data from D:\GFM\inputs\exposure\ppp_2020_1km_Aggregated.tif
2026-08-04 06:58:50,396 - snakemake_workflow - rasterdataset - DEBUG - Clip to [-100.000, 74.000, -99.000, 76.000] (epsg:4326))
2026-08-04 06:58:50,987 - snakemake_workflow - rasterdataset - INFO - Reading population raster data from D:\GFM\inputs\exposure\ppp_2020_1km_Aggregated.tif
2026-08-04 06:58:51,092 - snakemake_workflow - rasterdataset - DEBUG - Clip to [-89.000, 77.000, -88.000, 79.000] (epsg:4326))
2026-08-04 06:58:51,155 - snakemake_workflow - rasterdataset - INFO - Reading population raster data from D:\GFM\inputs\exposure\ppp_2020_1km_Aggregated.tif
2026-08-04 06:58:51,255 - snakemake_workflow - rasterdataset - INFO - Reading population raster data from D:\GFM\inputs\exposure\ppp_2020_1km_Aggregated.tif
2026-08-04 06:58:51,287 - snakemake_workflow - rasterdataset - DEBUG - Clip to [-94.000, 77.000, -93.000, 79.000] (epsg:4326))
2026-08-04 06:58:51,476 - snakemake_workflow - rasterdataset - DEBUG - Clip to [-87.000, 77.000, -86.000, 79.000] (epsg:4326))
2026-08-04 06:58:51,801 - snakemake_workflow - rasterdataset - INFO - Reading population raster data from D:\GFM\inputs\exposure\ppp_2020_1km_Aggregated.tif
2026-08-04 06:58:51,856 - snakemake_workflow - rasterdataset - DEBUG - Clip to [-163.000, 62.000, -162.000, 64.000] (epsg:4326))
2026-08-04 06:58:51,953 - snakemake_workflow - rasterdataset - INFO - Reading population raster data from D:\GFM\inputs\exposure\ppp_2020_1km_Aggregated.tif
2026-08-04 06:58:52,079 - snakemake_workflow - rasterdataset - DEBUG - Clip to [-162.000, 61.000, -160.000, 62.000] (epsg:4326))
2026-08-04 06:58:52,351 - snakemake_workflow - rasterdataset - INFO - Reading population raster data from D:\GFM\inputs\exposure\ppp_2020_1km_Aggregated.tif
2026-08-04 06:58:52,517 - snakemake_workflow - rasterdataset - DEBUG - Clip to [-86.000, 78.000, -85.000, 80.000] (epsg:4326))
2026-08-04 06:58:52,696 - snakemake_workflow - rasterdataset - INFO - Reading population raster data from D:\GFM\inputs\exposure\ppp_2020_1km_Aggregated.tif
2026-08-04 06:58:52,755 - snakemake_workflow - rasterdataset - DEBUG - Clip to [-91.000, 78.000, -90.000, 80.000] (epsg:4326))
2026-08-04 06:58:52,856 - snakemake_workflow - rasterdataset - INFO - Reading population raster data from D:\GFM\inputs\exposure\ppp_2020_1km_Aggregated.tif
2026-08-04 06:58:52,910 - snakemake_workflow - rasterdataset - DEBUG - Clip to [-100.000, 75.000, -99.000, 77.000] (epsg:4326))
2026-08-04 06:58:54,108 - snakemake_workflow - rasterdataset - INFO - Reading population raster data from D:\GFM\inputs\exposure\ppp_2020_1km_Aggregated.tif
2026-08-04 06:58:54,108 - snakemake_workflow - rasterdataset - INFO - Reading population raster data from D:\GFM\inputs\exposure\ppp_2020_1km_Aggregated.tif
2026-08-04 06:58:54,250 - snakemake_workflow - rasterdataset - DEBUG - Clip to [-162.000, 62.000, -161.000, 64.000] (epsg:4326))
2026-08-04 06:58:54,251 - snakemake_workflow - rasterdataset - DEBUG - Clip to [-85.000, 78.000, -84.000, 80.000] (epsg:4326))
2026-08-04 06:58:54,408 - snakemake_workflow - rasterdataset - INFO - Reading population raster data from D:\GFM\inputs\exposure\ppp_2020_1km_Aggregated.tif
2026-08-04 06:58:54,412 - snakemake_workflow - rasterdataset - INFO - Reading population raster data from D:\GFM\inputs\exposure\ppp_2020_1km_Aggregated.tif
2026-08-04 06:58:54,535 - snakemake_workflow - rasterdataset - DEBUG - Clip to [-102.000, 75.000, -100.000, 76.000] (epsg:4326))
2026-08-04 06:58:54,598 - snakemake_workflow - rasterdataset - DEBUG - Clip to [-87.000, 78.000, -86.000, 80.000] (epsg:4326))
2026-08-04 06:58:55,148 - snakemake_workflow - rasterdataset - INFO - Reading population raster data from D:\GFM\inputs\exposure\ppp_2020_1km_Aggregated.tif
2026-08-04 06:58:55,301 - snakemake_workflow - rasterdataset - DEBUG - Clip to [-81.000, 76.000, -80.000, 78.000] (epsg:4326))
2026-08-04 06:58:56,072 - snakemake_workflow - rasterdataset - INFO - Reading population raster data from D:\GFM\inputs\exposure\ppp_2020_1km_Aggregated.tif
2026-08-04 06:58:56,199 - snakemake_workflow - rasterdataset - INFO - Reading population raster data from D:\GFM\inputs\exposure\ppp_2020_1km_Aggregated.tif
2026-08-04 06:58:56,236 - snakemake_workflow - rasterdataset - DEBUG - Clip to [-87.000, 78.000, -85.000, 79.000] (epsg:4326))
2026-08-04 06:58:56,337 - snakemake_workflow - rasterdataset - DEBUG - Clip to [-99.000, 76.000, -98.000, 78.000] (epsg:4326))
2026-08-04 06:58:56,426 - snakemake_workflow - rasterdataset - INFO - Reading population raster data from D:\GFM\inputs\exposure\ppp_2020_1km_Aggregated.tif
2026-08-04 06:58:56,456 - snakemake_workflow - rasterdataset - INFO - Reading population raster data from D:\GFM\inputs\exposure\ppp_2020_1km_Aggregated.tif
2026-08-04 06:58:56,498 - snakemake_workflow - rasterdataset - DEBUG - Clip to [-97.000, 76.000, -96.000, 78.000] (epsg:4326))
2026-08-04 06:58:56,553 - snakemake_workflow - rasterdataset - DEBUG - Clip to [-94.000, 78.000, -93.000, 80.000] (epsg:4326))
2026-08-04 06:58:57,081 - snakemake_workflow - rasterdataset - INFO - Reading population raster data from D:\GFM\inputs\exposure\ppp_2020_1km_Aggregated.tif
2026-08-04 06:58:57,214 - snakemake_workflow - rasterdataset - DEBUG - Clip to [-83.000, 77.000, -82.000, 79.000] (epsg:4326))
2026-08-04 06:58:57,387 - snakemake_workflow - rasterdataset - INFO - Reading population raster data from D:\GFM\inputs\exposure\ppp_2020_1km_Aggregated.tif
2026-08-04 06:58:57,487 - snakemake_workflow - rasterdataset - DEBUG - Clip to [-83.000, 78.000, -82.000, 80.000] (epsg:4326))
2026-08-04 06:58:57,888 - snakemake_workflow - rasterdataset - INFO - Reading population raster data from D:\GFM\inputs\exposure\ppp_2020_1km_Aggregated.tif
2026-08-04 06:58:57,953 - snakemake_workflow - rasterdataset - DEBUG - Clip to [-96.000, 78.000, -95.000, 80.000] (epsg:4326))
2026-08-04 06:58:58,168 - snakemake_workflow - rasterdataset - INFO - Reading population raster data from D:\GFM\inputs\exposure\ppp_2020_1km_Aggregated.tif
2026-08-04 06:58:58,267 - snakemake_workflow - rasterdataset - DEBUG - Clip to [-92.000, 78.000, -91.000, 80.000] (epsg:4326))
2026-08-04 06:58:58,461 - snakemake_workflow - rasterdataset - INFO - Reading population raster data from D:\GFM\inputs\exposure\ppp_2020_1km_Aggregated.tif
2026-08-04 06:58:58,540 - snakemake_workflow - rasterdataset - DEBUG - Clip to [-98.000, 76.000, -97.000, 78.000] (epsg:4326))
2026-08-04 06:58:58,650 - snakemake_workflow - rasterdataset - INFO - Reading population raster data from D:\GFM\inputs\exposure\ppp_2020_1km_Aggregated.tif
2026-08-04 06:58:58,766 - snakemake_workflow - rasterdataset - DEBUG - Clip to [-80.000, 75.000, -78.000, 76.000] (epsg:4326))
2026-08-04 06:58:58,813 - snakemake_workflow - rasterdataset - INFO - Reading population raster data from D:\GFM\inputs\exposure\ppp_2020_1km_Aggregated.tif
2026-08-04 06:58:58,855 - snakemake_workflow - rasterdataset - DEBUG - Clip to [-100.000, 77.000, -99.000, 79.000] (epsg:4326))
2026-08-04 06:58:59,292 - snakemake_workflow - rasterdataset - INFO - Reading population raster data from D:\GFM\inputs\exposure\ppp_2020_1km_Aggregated.tif
2026-08-04 06:58:59,441 - snakemake_workflow - rasterdataset - DEBUG - Clip to [-162.000, 62.000, -160.000, 63.000] (epsg:4326))
2026-08-04 06:58:59,814 - snakemake_workflow - rasterdataset - INFO - Reading population raster data from D:\GFM\inputs\exposure\ppp_2020_1km_Aggregated.tif
2026-08-04 06:58:59,872 - snakemake_workflow - rasterdataset - DEBUG - Clip to [-80.000, 77.000, -78.000, 78.000] (epsg:4326))
2026-08-04 06:59:00,025 - snakemake_workflow - rasterdataset - INFO - Reading population raster data from D:\GFM\inputs\exposure\ppp_2020_1km_Aggregated.tif
2026-08-04 06:59:00,118 - snakemake_workflow - rasterdataset - DEBUG - Clip to [-98.000, 78.000, -96.000, 79.000] (epsg:4326))
2026-08-04 06:59:00,284 - snakemake_workflow - rasterdataset - INFO - Reading population raster data from D:\GFM\inputs\exposure\ppp_2020_1km_Aggregated.tif
2026-08-04 06:59:00,573 - snakemake_workflow - rasterdataset - DEBUG - Clip to [-87.000, 79.000, -86.000, 81.000] (epsg:4326))
2026-08-04 06:59:01,075 - snakemake_workflow - rasterdataset - INFO - Reading population raster data from D:\GFM\inputs\exposure\ppp_2020_1km_Aggregated.tif
2026-08-04 06:59:01,113 - snakemake_workflow - rasterdataset - DEBUG - Clip to [-164.000, 63.000, -163.000, 65.000] (epsg:4326))
2026-08-04 06:59:01,232 - snakemake_workflow - rasterdataset - INFO - Reading population raster data from D:\GFM\inputs\exposure\ppp_2020_1km_Aggregated.tif
2026-08-04 06:59:01,422 - snakemake_workflow - rasterdataset - DEBUG - Clip to [-161.000, 59.000, -159.000, 60.000] (epsg:4326))
2026-08-04 06:59:01,865 - snakemake_workflow - rasterdataset - INFO - Reading population raster data from D:\GFM\inputs\exposure\ppp_2020_1km_Aggregated.tif
2026-08-04 06:59:01,907 - snakemake_workflow - rasterdataset - DEBUG - Clip to [-80.000, 76.000, -78.000, 77.000] (epsg:4326))
2026-08-04 06:59:02,118 - snakemake_workflow - rasterdataset - INFO - Reading population raster data from D:\GFM\inputs\exposure\ppp_2020_1km_Aggregated.tif
2026-08-04 06:59:02,196 - snakemake_workflow - rasterdataset - INFO - Reading population raster data from D:\GFM\inputs\exposure\ppp_2020_1km_Aggregated.tif
2026-08-04 06:59:02,408 - snakemake_workflow - rasterdataset - DEBUG - Clip to [-95.000, 79.000, -94.000, 81.000] (epsg:4326))
2026-08-04 06:59:02,408 - snakemake_workflow - rasterdataset - DEBUG - Clip to [-102.000, 76.000, -100.000, 77.000] (epsg:4326))
2026-08-04 06:59:03,576 - snakemake_workflow - rasterdataset - INFO - Reading population raster data from D:\GFM\inputs\exposure\ppp_2020_1km_Aggregated.tif
2026-08-04 06:59:03,831 - snakemake_workflow - rasterdataset - INFO - Reading population raster data from D:\GFM\inputs\exposure\ppp_2020_1km_Aggregated.tif
2026-08-04 06:59:03,855 - snakemake_workflow - rasterdataset - DEBUG - Clip to [-162.000, 63.000, -161.000, 65.000] (epsg:4326))
2026-08-04 06:59:03,881 - snakemake_workflow - rasterdataset - DEBUG - Clip to [-161.000, 62.000, -159.000, 63.000] (epsg:4326))
2026-08-04 06:59:03,907 - snakemake_workflow - rasterdataset - INFO - Reading population raster data from D:\GFM\inputs\exposure\ppp_2020_1km_Aggregated.tif
2026-08-04 06:59:03,962 - snakemake_workflow - rasterdataset - DEBUG - Clip to [-86.000, 79.000, -85.000, 81.000] (epsg:4326))
2026-08-04 06:59:04,478 - snakemake_workflow - rasterdataset - INFO - Reading population raster data from D:\GFM\inputs\exposure\ppp_2020_1km_Aggregated.tif
2026-08-04 06:59:04,660 - snakemake_workflow - rasterdataset - DEBUG - Clip to [-100.000, 78.000, -99.000, 80.000] (epsg:4326))
2026-08-04 06:59:04,853 - snakemake_workflow - rasterdataset - INFO - Reading population raster data from D:\GFM\inputs\exposure\ppp_2020_1km_Aggregated.tif
2026-08-04 06:59:04,970 - snakemake_workflow - rasterdataset - DEBUG - Clip to [-102.000, 77.000, -100.000, 78.000] (epsg:4326))
2026-08-04 06:59:05,004 - snakemake_workflow - rasterdataset - INFO - Reading population raster data from D:\GFM\inputs\exposure\ppp_2020_1km_Aggregated.tif
2026-08-04 06:59:05,104 - snakemake_workflow - rasterdataset - DEBUG - Clip to [-84.000, 79.000, -83.000, 81.000] (epsg:4326))
2026-08-04 06:59:05,674 - snakemake_workflow - rasterdataset - INFO - Reading population raster data from D:\GFM\inputs\exposure\ppp_2020_1km_Aggregated.tif
2026-08-04 06:59:05,712 - snakemake_workflow - rasterdataset - DEBUG - Clip to [-165.000, 63.000, -164.000, 65.000] (epsg:4326))
2026-08-04 06:59:05,948 - snakemake_workflow - rasterdataset - INFO - Reading population raster data from D:\GFM\inputs\exposure\ppp_2020_1km_Aggregated.tif
2026-08-04 06:59:06,142 - snakemake_workflow - rasterdataset - DEBUG - Clip to [-82.000, 77.000, -80.000, 78.000] (epsg:4326))
2026-08-04 06:59:06,868 - snakemake_workflow - rasterdataset - INFO - Reading population raster data from D:\GFM\inputs\exposure\ppp_2020_1km_Aggregated.tif
2026-08-04 06:59:07,054 - snakemake_workflow - rasterdataset - DEBUG - Clip to [-106.000, 76.000, -104.000, 77.000] (epsg:4326))
2026-08-04 06:59:07,873 - snakemake_workflow - rasterdataset - INFO - Reading population raster data from D:\GFM\inputs\exposure\ppp_2020_1km_Aggregated.tif
2026-08-04 06:59:07,941 - snakemake_workflow - rasterdataset - INFO - Reading population raster data from D:\GFM\inputs\exposure\ppp_2020_1km_Aggregated.tif
2026-08-04 06:59:07,943 - snakemake_workflow - rasterdataset - INFO - Reading population raster data from D:\GFM\inputs\exposure\ppp_2020_1km_Aggregated.tif
2026-08-04 06:59:08,041 - snakemake_workflow - rasterdataset - DEBUG - Clip to [-102.000, 78.000, -100.000, 79.000] (epsg:4326))
2026-08-04 06:59:08,041 - snakemake_workflow - rasterdataset - DEBUG - Clip to [-162.000, 63.000, -160.000, 64.000] (epsg:4326))
2026-08-04 06:59:08,043 - snakemake_workflow - rasterdataset - DEBUG - Clip to [-88.000, 79.000, -87.000, 81.000] (epsg:4326))
2026-08-04 06:59:08,183 - snakemake_workflow - rasterdataset - INFO - Reading population raster data from D:\GFM\inputs\exposure\ppp_2020_1km_Aggregated.tif
2026-08-04 06:59:08,269 - snakemake_workflow - rasterdataset - DEBUG - Clip to [-98.000, 79.000, -96.000, 80.000] (epsg:4326))
2026-08-04 06:59:08,813 - snakemake_workflow - rasterdataset - INFO - Reading population raster data from D:\GFM\inputs\exposure\ppp_2020_1km_Aggregated.tif
2026-08-04 06:59:08,961 - snakemake_workflow - rasterdataset - DEBUG - Clip to [-164.000, 64.000, -163.000, 66.000] (epsg:4326))
2026-08-04 06:59:09,441 - snakemake_workflow - rasterdataset - INFO - Reading population raster data from D:\GFM\inputs\exposure\ppp_2020_1km_Aggregated.tif
2026-08-04 06:59:09,483 - snakemake_workflow - rasterdataset - DEBUG - Clip to [-166.000, 64.000, -164.000, 65.000] (epsg:4326))
2026-08-04 06:59:09,708 - snakemake_workflow - rasterdataset - INFO - Reading population raster data from D:\GFM\inputs\exposure\ppp_2020_1km_Aggregated.tif
2026-08-04 06:59:09,751 - snakemake_workflow - rasterdataset - INFO - Reading population raster data from D:\GFM\inputs\exposure\ppp_2020_1km_Aggregated.tif
2026-08-04 06:59:09,763 - snakemake_workflow - rasterdataset - DEBUG - Clip to [-89.000, 79.000, -88.000, 81.000] (epsg:4326))
2026-08-04 06:59:09,832 - snakemake_workflow - rasterdataset - INFO - Reading population raster data from D:\GFM\inputs\exposure\ppp_2020_1km_Aggregated.tif
2026-08-04 06:59:09,861 - snakemake_workflow - rasterdataset - DEBUG - Clip to [-94.000, 80.000, -93.000, 82.000] (epsg:4326))
2026-08-04 06:59:09,940 - snakemake_workflow - rasterdataset - DEBUG - Clip to [-162.000, 65.000, -161.000, 67.000] (epsg:4326))
2026-08-04 06:59:10,647 - snakemake_workflow - rasterdataset - INFO - Reading population raster data from D:\GFM\inputs\exposure\ppp_2020_1km_Aggregated.tif
2026-08-04 06:59:10,739 - snakemake_workflow - rasterdataset - DEBUG - Clip to [-162.000, 64.000, -161.000, 66.000] (epsg:4326))
2026-08-04 06:59:11,148 - snakemake_workflow - rasterdataset - INFO - Reading population raster data from D:\GFM\inputs\exposure\ppp_2020_1km_Aggregated.tif
2026-08-04 06:59:11,297 - snakemake_workflow - rasterdataset - INFO - Reading population raster data from D:\GFM\inputs\exposure\ppp_2020_1km_Aggregated.tif
2026-08-04 06:59:11,339 - snakemake_workflow - rasterdataset - DEBUG - Clip to [-85.000, 80.000, -84.000, 82.000] (epsg:4326))
2026-08-04 06:59:11,376 - snakemake_workflow - rasterdataset - DEBUG - Clip to [-82.000, 79.000, -81.000, 81.000] (epsg:4326))
2026-08-04 06:59:11,845 - snakemake_workflow - rasterdataset - INFO - Reading population raster data from D:\GFM\inputs\exposure\ppp_2020_1km_Aggregated.tif
2026-08-04 06:59:11,888 - snakemake_workflow - rasterdataset - INFO - Reading population raster data from D:\GFM\inputs\exposure\ppp_2020_1km_Aggregated.tif
2026-08-04 06:59:11,944 - snakemake_workflow - rasterdataset - DEBUG - Clip to [-102.000, 79.000, -100.000, 80.000] (epsg:4326))
2026-08-04 06:59:12,011 - snakemake_workflow - rasterdataset - DEBUG - Clip to [-85.000, 81.000, -83.000, 82.000] (epsg:4326))
2026-08-04 06:59:12,217 - snakemake_workflow - rasterdataset - INFO - Reading population raster data from D:\GFM\inputs\exposure\ppp_2020_1km_Aggregated.tif
2026-08-04 06:59:12,281 - snakemake_workflow - rasterdataset - DEBUG - Clip to [-164.000, 65.000, -163.000, 67.000] (epsg:4326))
2026-08-04 06:59:12,335 - snakemake_workflow - rasterdataset - INFO - Reading population raster data from D:\GFM\inputs\exposure\ppp_2020_1km_Aggregated.tif
2026-08-04 06:59:12,444 - snakemake_workflow - rasterdataset - DEBUG - Clip to [-161.000, 63.000, -160.000, 65.000] (epsg:4326))
2026-08-04 06:59:12,751 - snakemake_workflow - rasterdataset - INFO - Reading population raster data from D:\GFM\inputs\exposure\ppp_2020_1km_Aggregated.tif
2026-08-04 06:59:12,787 - snakemake_workflow - rasterdataset - DEBUG - Clip to [-86.000, 80.000, -85.000, 82.000] (epsg:4326))
2026-08-04 06:59:12,969 - snakemake_workflow - rasterdataset - INFO - Reading population raster data from D:\GFM\inputs\exposure\ppp_2020_1km_Aggregated.tif
2026-08-04 06:59:13,060 - snakemake_workflow - rasterdataset - DEBUG - Clip to [-87.000, 80.000, -86.000, 82.000] (epsg:4326))
2026-08-04 06:59:13,118 - snakemake_workflow - rasterdataset - INFO - Reading population raster data from D:\GFM\inputs\exposure\ppp_2020_1km_Aggregated.tif
2026-08-04 06:59:13,169 - snakemake_workflow - rasterdataset - DEBUG - Clip to [-107.000, 75.000, -105.000, 76.000] (epsg:4326))
2026-08-04 06:59:13,281 - snakemake_workflow - rasterdataset - INFO - Reading population raster data from D:\GFM\inputs\exposure\ppp_2020_1km_Aggregated.tif
2026-08-04 06:59:13,333 - snakemake_workflow - rasterdataset - DEBUG - Clip to [-80.000, 79.000, -78.000, 80.000] (epsg:4326))
2026-08-04 06:59:13,825 - snakemake_workflow - rasterdataset - INFO - Reading population raster data from D:\GFM\inputs\exposure\ppp_2020_1km_Aggregated.tif
2026-08-04 06:59:13,879 - snakemake_workflow - rasterdataset - DEBUG - Clip to [-161.000, 65.000, -160.000, 67.000] (epsg:4326))
2026-08-04 06:59:13,904 - snakemake_workflow - rasterdataset - INFO - Reading population raster data from D:\GFM\inputs\exposure\ppp_2020_1km_Aggregated.tif
2026-08-04 06:59:13,995 - snakemake_workflow - rasterdataset - DEBUG - Clip to [-77.000, 80.000, -76.000, 82.000] (epsg:4326))
2026-08-04 06:59:14,212 - snakemake_workflow - rasterdataset - INFO - Reading population raster data from D:\GFM\inputs\exposure\ppp_2020_1km_Aggregated.tif
2026-08-04 06:59:14,267 - snakemake_workflow - rasterdataset - DEBUG - Clip to [-106.000, 77.000, -105.000, 79.000] (epsg:4326))
2026-08-04 06:59:14,874 - snakemake_workflow - rasterdataset - INFO - Reading population raster data from D:\GFM\inputs\exposure\ppp_2020_1km_Aggregated.tif
2026-08-04 06:59:14,893 - snakemake_workflow - rasterdataset - INFO - Reading population raster data from D:\GFM\inputs\exposure\ppp_2020_1km_Aggregated.tif
2026-08-04 06:59:14,925 - snakemake_workflow - rasterdataset - DEBUG - Clip to [-110.000, 76.000, -108.000, 77.000] (epsg:4326))
2026-08-04 06:59:14,947 - snakemake_workflow - rasterdataset - DEBUG - Clip to [-79.000, 76.000, -78.000, 78.000] (epsg:4326))
2026-08-04 06:59:15,280 - snakemake_workflow - rasterdataset - INFO - Reading population raster data from D:\GFM\inputs\exposure\ppp_2020_1km_Aggregated.tif
2026-08-04 06:59:15,315 - snakemake_workflow - rasterdataset - INFO - Reading population raster data from D:\GFM\inputs\exposure\ppp_2020_1km_Aggregated.tif
2026-08-04 06:59:15,365 - snakemake_workflow - rasterdataset - DEBUG - Clip to [-80.000, 80.000, -78.000, 81.000] (epsg:4326))
2026-08-04 06:59:15,510 - snakemake_workflow - rasterdataset - INFO - Reading population raster data from D:\GFM\inputs\exposure\ppp_2020_1km_Aggregated.tif
2026-08-04 06:59:15,569 - snakemake_workflow - rasterdataset - DEBUG - Clip to [-165.000, 66.000, -163.000, 67.000] (epsg:4326))
2026-08-04 06:59:15,579 - snakemake_workflow - rasterdataset - INFO - Reading population raster data from D:\GFM\inputs\exposure\ppp_2020_1km_Aggregated.tif
2026-08-04 06:59:15,636 - snakemake_workflow - rasterdataset - DEBUG - Clip to [-166.000, 67.000, -165.000, 69.000] (epsg:4326))
2026-08-04 06:59:15,640 - snakemake_workflow - rasterdataset - INFO - Reading population raster data from D:\GFM\inputs\exposure\ppp_2020_1km_Aggregated.tif
2026-08-04 06:59:15,678 - snakemake_workflow - rasterdataset - INFO - Reading population raster data from D:\GFM\inputs\exposure\ppp_2020_1km_Aggregated.tif
2026-08-04 06:59:15,706 - snakemake_workflow - rasterdataset - DEBUG - Clip to [-114.000, 75.000, -112.000, 76.000] (epsg:4326))
2026-08-04 06:59:15,733 - snakemake_workflow - rasterdataset - DEBUG - Clip to [-89.000, 81.000, -87.000, 82.000] (epsg:4326))
2026-08-04 06:59:15,750 - snakemake_workflow - rasterdataset - DEBUG - Clip to [-165.000, 66.000, -164.000, 68.000] (epsg:4326))
2026-08-04 06:59:15,759 - snakemake_workflow - rasterdataset - INFO - Reading population raster data from D:\GFM\inputs\exposure\ppp_2020_1km_Aggregated.tif
2026-08-04 06:59:15,812 - snakemake_workflow - rasterdataset - DEBUG - Clip to [-114.000, 74.000, -112.000, 75.000] (epsg:4326))
2026-08-04 06:59:15,820 - snakemake_workflow - rasterdataset - INFO - Reading population raster data from D:\GFM\inputs\exposure\ppp_2020_1km_Aggregated.tif
2026-08-04 06:59:15,849 - snakemake_workflow - rasterdataset - INFO - Reading population raster data from D:\GFM\inputs\exposure\ppp_2020_1km_Aggregated.tif
2026-08-04 06:59:15,871 - snakemake_workflow - rasterdataset - DEBUG - Clip to [-110.000, 74.000, -108.000, 75.000] (epsg:4326))
2026-08-04 06:59:15,902 - snakemake_workflow - rasterdataset - DEBUG - Clip to [-76.000, 78.000, -74.000, 79.000] (epsg:4326))
2026-08-04 06:59:16,361 - snakemake_workflow - rasterdataset - INFO - Reading population raster data from D:\GFM\inputs\exposure\ppp_2020_1km_Aggregated.tif
2026-08-04 06:59:16,414 - snakemake_workflow - rasterdataset - DEBUG - Clip to [-164.000, 66.000, -163.000, 68.000] (epsg:4326))
2026-08-04 06:59:16,436 - snakemake_workflow - rasterdataset - INFO - Reading population raster data from D:\GFM\inputs\exposure\ppp_2020_1km_Aggregated.tif
2026-08-04 06:59:16,482 - snakemake_workflow - rasterdataset - DEBUG - Clip to [-88.000, 80.000, -87.000, 82.000] (epsg:4326))
2026-08-04 06:59:16,890 - snakemake_workflow - rasterdataset - INFO - Reading population raster data from D:\GFM\inputs\exposure\ppp_2020_1km_Aggregated.tif
2026-08-04 06:59:16,935 - snakemake_workflow - rasterdataset - DEBUG - Clip to [-79.000, 81.000, -78.000, 83.000] (epsg:4326))
2026-08-04 06:59:17,125 - snakemake_workflow - rasterdataset - INFO - Reading population raster data from D:\GFM\inputs\exposure\ppp_2020_1km_Aggregated.tif
2026-08-04 06:59:17,160 - snakemake_workflow - rasterdataset - DEBUG - Clip to [-76.000, 79.000, -75.000, 81.000] (epsg:4326))
2026-08-04 06:59:17,213 - snakemake_workflow - rasterdataset - INFO - Reading population raster data from D:\GFM\inputs\exposure\ppp_2020_1km_Aggregated.tif
2026-08-04 06:59:17,255 - snakemake_workflow - rasterdataset - DEBUG - Clip to [-90.000, 80.000, -88.000, 81.000] (epsg:4326))
2026-08-04 06:59:17,402 - snakemake_workflow - rasterdataset - INFO - Reading population raster data from D:\GFM\inputs\exposure\ppp_2020_1km_Aggregated.tif
2026-08-04 06:59:17,457 - snakemake_workflow - rasterdataset - DEBUG - Clip to [-114.000, 77.000, -112.000, 78.000] (epsg:4326))
2026-08-04 06:59:17,572 - snakemake_workflow - rasterdataset - INFO - Reading population raster data from D:\GFM\inputs\exposure\ppp_2020_1km_Aggregated.tif
2026-08-04 06:59:17,587 - snakemake_workflow - rasterdataset - INFO - Reading population raster data from D:\GFM\inputs\exposure\ppp_2020_1km_Aggregated.tif
2026-08-04 06:59:17,622 - snakemake_workflow - rasterdataset - DEBUG - Clip to [-162.000, 66.000, -160.000, 67.000] (epsg:4326))
2026-08-04 06:59:17,622 - snakemake_workflow - rasterdataset - DEBUG - Clip to [-118.000, 75.000, -116.000, 76.000] (epsg:4326))
2026-08-04 06:59:17,697 - snakemake_workflow - rasterdataset - INFO - Reading population raster data from D:\GFM\inputs\exposure\ppp_2020_1km_Aggregated.tif
2026-08-04 06:59:17,734 - snakemake_workflow - rasterdataset - DEBUG - Clip to [-117.000, 73.000, -116.000, 75.000] (epsg:4326))
2026-08-04 06:59:17,779 - snakemake_workflow - rasterdataset - INFO - Reading population raster data from D:\GFM\inputs\exposure\ppp_2020_1km_Aggregated.tif
2026-08-04 06:59:17,826 - snakemake_workflow - rasterdataset - DEBUG - Clip to [-118.000, 74.000, -116.000, 75.000] (epsg:4326))
2026-08-04 06:59:17,832 - snakemake_workflow - rasterdataset - INFO - Reading population raster data from D:\GFM\inputs\exposure\ppp_2020_1km_Aggregated.tif
2026-08-04 06:59:17,855 - snakemake_workflow - rasterdataset - INFO - Reading population raster data from D:\GFM\inputs\exposure\ppp_2020_1km_Aggregated.tif
2026-08-04 06:59:17,881 - snakemake_workflow - rasterdataset - DEBUG - Clip to [-114.000, 73.000, -112.000, 74.000] (epsg:4326))
2026-08-04 06:59:17,889 - snakemake_workflow - rasterdataset - INFO - Reading population raster data from D:\GFM\inputs\exposure\ppp_2020_1km_Aggregated.tif
2026-08-04 06:59:17,903 - snakemake_workflow - rasterdataset - DEBUG - Clip to [-163.000, 66.000, -162.000, 68.000] (epsg:4326))
2026-08-04 06:59:17,936 - snakemake_workflow - rasterdataset - DEBUG - Clip to [-114.000, 72.000, -112.000, 73.000] (epsg:4326))
2026-08-04 06:59:17,946 - snakemake_workflow - rasterdataset - INFO - Reading population raster data from D:\GFM\inputs\exposure\ppp_2020_1km_Aggregated.tif
2026-08-04 06:59:17,991 - snakemake_workflow - rasterdataset - DEBUG - Clip to [-162.000, 66.000, -161.000, 68.000] (epsg:4326))
2026-08-04 06:59:18,173 - snakemake_workflow - rasterdataset - INFO - Reading population raster data from D:\GFM\inputs\exposure\ppp_2020_1km_Aggregated.tif
2026-08-04 06:59:18,227 - snakemake_workflow - rasterdataset - DEBUG - Clip to [-161.000, 66.000, -160.000, 68.000] (epsg:4326))
2026-08-04 06:59:18,292 - snakemake_workflow - rasterdataset - INFO - Reading population raster data from D:\GFM\inputs\exposure\ppp_2020_1km_Aggregated.tif
2026-08-04 06:59:18,337 - snakemake_workflow - rasterdataset - DEBUG - Clip to [-119.000, 70.000, -118.000, 72.000] (epsg:4326))
2026-08-04 06:59:18,373 - snakemake_workflow - rasterdataset - INFO - Reading population raster data from D:\GFM\inputs\exposure\ppp_2020_1km_Aggregated.tif
2026-08-04 06:59:18,432 - snakemake_workflow - rasterdataset - DEBUG - Clip to [-120.000, 69.000, -118.000, 70.000] (epsg:4326))
2026-08-04 06:59:18,454 - snakemake_workflow - rasterdataset - INFO - Reading population raster data from D:\GFM\inputs\exposure\ppp_2020_1km_Aggregated.tif
2026-08-04 06:59:18,495 - snakemake_workflow - rasterdataset - DEBUG - Clip to [-120.000, 71.000, -118.000, 72.000] (epsg:4326))
2026-08-04 06:59:18,503 - snakemake_workflow - rasterdataset - INFO - Reading population raster data from D:\GFM\inputs\exposure\ppp_2020_1km_Aggregated.tif
2026-08-04 06:59:18,509 - snakemake_workflow - rasterdataset - INFO - Reading population raster data from D:\GFM\inputs\exposure\ppp_2020_1km_Aggregated.tif
2026-08-04 06:59:18,550 - snakemake_workflow - rasterdataset - DEBUG - Clip to [-89.000, 81.000, -88.000, 83.000] (epsg:4326))
2026-08-04 06:59:18,561 - snakemake_workflow - rasterdataset - DEBUG - Clip to [-69.000, 78.000, -68.000, 80.000] (epsg:4326))
2026-08-04 06:59:18,595 - snakemake_workflow - rasterdataset - INFO - Reading population raster data from D:\GFM\inputs\exposure\ppp_2020_1km_Aggregated.tif
2026-08-04 06:59:18,641 - snakemake_workflow - rasterdataset - DEBUG - Clip to [-66.000, 81.000, -64.000, 82.000] (epsg:4326))
2026-08-04 06:59:18,766 - snakemake_workflow - rasterdataset - INFO - Reading population raster data from D:\GFM\inputs\exposure\ppp_2020_1km_Aggregated.tif
2026-08-04 06:59:18,815 - snakemake_workflow - rasterdataset - DEBUG - Clip to [-166.000, 66.000, -165.000, 68.000] (epsg:4326))
2026-08-04 06:59:18,829 - snakemake_workflow - rasterdataset - INFO - Reading population raster data from D:\GFM\inputs\exposure\ppp_2020_1km_Aggregated.tif
2026-08-04 06:59:18,876 - snakemake_workflow - rasterdataset - DEBUG - Clip to [-167.000, 65.000, -165.000, 66.000] (epsg:4326))
2026-08-04 06:59:19,267 - snakemake_workflow - rasterdataset - INFO - Reading population raster data from D:\GFM\inputs\exposure\ppp_2020_1km_Aggregated.tif
2026-08-04 06:59:19,312 - snakemake_workflow - rasterdataset - INFO - Reading population raster data from D:\GFM\inputs\exposure\ppp_2020_1km_Aggregated.tif
2026-08-04 06:59:19,316 - snakemake_workflow - rasterdataset - DEBUG - Clip to [-161.000, 67.000, -159.000, 68.000] (epsg:4326))
2026-08-04 06:59:19,379 - snakemake_workflow - rasterdataset - DEBUG - Clip to [-166.000, 65.000, -164.000, 66.000] (epsg:4326))
2026-08-04 06:59:19,533 - snakemake_workflow - rasterdataset - INFO - Reading population raster data from D:\GFM\inputs\exposure\ppp_2020_1km_Aggregated.tif
2026-08-04 06:59:19,582 - snakemake_workflow - rasterdataset - DEBUG - Clip to [-119.000, 73.000, -118.000, 75.000] (epsg:4326))
2026-08-04 06:59:19,589 - snakemake_workflow - rasterdataset - INFO - Reading population raster data from D:\GFM\inputs\exposure\ppp_2020_1km_Aggregated.tif
2026-08-04 06:59:19,647 - snakemake_workflow - rasterdataset - INFO - Reading population raster data from D:\GFM\inputs\exposure\ppp_2020_1km_Aggregated.tif
2026-08-04 06:59:19,696 - snakemake_workflow - rasterdataset - DEBUG - Clip to [-90.000, 81.000, -88.000, 82.000] (epsg:4326))
2026-08-04 06:59:19,720 - snakemake_workflow - rasterdataset - DEBUG - Clip to [-120.000, 71.000, -119.000, 73.000] (epsg:4326))
2026-08-04 06:59:19,729 - snakemake_workflow - rasterdataset - INFO - Reading population raster data from D:\GFM\inputs\exposure\ppp_2020_1km_Aggregated.tif
2026-08-04 06:59:19,786 - snakemake_workflow - rasterdataset - DEBUG - Clip to [-118.000, 70.000, -117.000, 72.000] (epsg:4326))
2026-08-04 06:59:19,925 - snakemake_workflow - rasterdataset - INFO - Reading population raster data from D:\GFM\inputs\exposure\ppp_2020_1km_Aggregated.tif
2026-08-04 06:59:19,982 - snakemake_workflow - rasterdataset - DEBUG - Clip to [-65.000, 81.000, -63.000, 82.000] (epsg:4326))
2026-08-04 06:59:20,207 - snakemake_workflow - rasterdataset - INFO - Reading population raster data from D:\GFM\inputs\exposure\ppp_2020_1km_Aggregated.tif
2026-08-04 06:59:20,290 - snakemake_workflow - rasterdataset - DEBUG - Clip to [-53.000, 65.000, -52.000, 67.000] (epsg:4326))
2026-08-04 06:59:20,483 - snakemake_workflow - rasterdataset - INFO - Reading population raster data from D:\GFM\inputs\exposure\ppp_2020_1km_Aggregated.tif
2026-08-04 06:59:20,532 - snakemake_workflow - rasterdataset - DEBUG - Clip to [-24.000, 71.000, -22.000, 72.000] (epsg:4326))
2026-08-04 06:59:20,699 - snakemake_workflow - rasterdataset - INFO - Reading population raster data from D:\GFM\inputs\exposure\ppp_2020_1km_Aggregated.tif
2026-08-04 06:59:20,701 - snakemake_workflow - rasterdataset - INFO - Reading population raster data from D:\GFM\inputs\exposure\ppp_2020_1km_Aggregated.tif
2026-08-04 06:59:20,747 - snakemake_workflow - rasterdataset - DEBUG - Clip to [-24.000, 73.000, -22.000, 74.000] (epsg:4326))
2026-08-04 06:59:20,747 - snakemake_workflow - rasterdataset - DEBUG - Clip to [-117.000, 70.000, -116.000, 72.000] (epsg:4326))
2026-08-04 06:59:20,773 - snakemake_workflow - rasterdataset - INFO - Reading population raster data from D:\GFM\inputs\exposure\ppp_2020_1km_Aggregated.tif
2026-08-04 06:59:20,781 - snakemake_workflow - rasterdataset - INFO - Reading population raster data from D:\GFM\inputs\exposure\ppp_2020_1km_Aggregated.tif
2026-08-04 06:59:20,825 - snakemake_workflow - rasterdataset - DEBUG - Clip to [-23.000, 72.000, -22.000, 74.000] (epsg:4326))
2026-08-04 06:59:20,831 - snakemake_workflow - rasterdataset - INFO - Reading population raster data from D:\GFM\inputs\exposure\ppp_2020_1km_Aggregated.tif
2026-08-04 06:59:20,835 - snakemake_workflow - rasterdataset - DEBUG - Clip to [-26.000, 68.000, -25.000, 70.000] (epsg:4326))
2026-08-04 06:59:20,871 - snakemake_workflow - rasterdataset - INFO - Reading population raster data from D:\GFM\inputs\exposure\ppp_2020_1km_Aggregated.tif
2026-08-04 06:59:20,906 - snakemake_workflow - rasterdataset - INFO - Reading population raster data from D:\GFM\inputs\exposure\ppp_2020_1km_Aggregated.tif
2026-08-04 06:59:20,910 - snakemake_workflow - rasterdataset - DEBUG - Clip to [-23.000, 73.000, -22.000, 75.000] (epsg:4326))
2026-08-04 06:59:20,917 - snakemake_workflow - rasterdataset - INFO - Reading population raster data from D:\GFM\inputs\exposure\ppp_2020_1km_Aggregated.tif
2026-08-04 06:59:20,923 - snakemake_workflow - rasterdataset - DEBUG - Clip to [-24.000, 72.000, -23.000, 74.000] (epsg:4326))
2026-08-04 06:59:20,923 - snakemake_workflow - rasterdataset - INFO - Reading population raster data from D:\GFM\inputs\exposure\ppp_2020_1km_Aggregated.tif
2026-08-04 06:59:20,923 - snakemake_workflow - rasterdataset - INFO - Reading population raster data from D:\GFM\inputs\exposure\ppp_2020_1km_Aggregated.tif
2026-08-04 06:59:20,960 - snakemake_workflow - rasterdataset - DEBUG - Clip to [-20.000, 74.000, -18.000, 75.000] (epsg:4326))
2026-08-04 06:59:20,968 - snakemake_workflow - rasterdataset - DEBUG - Clip to [-21.000, 77.000, -20.000, 79.000] (epsg:4326))
2026-08-04 06:59:20,970 - snakemake_workflow - rasterdataset - INFO - Reading population raster data from D:\GFM\inputs\exposure\ppp_2020_1km_Aggregated.tif
2026-08-04 06:59:20,983 - snakemake_workflow - rasterdataset - DEBUG - Clip to [-53.000, 69.000, -52.000, 71.000] (epsg:4326))
2026-08-04 06:59:21,015 - snakemake_workflow - rasterdataset - DEBUG - Clip to [-20.000, 79.000, -19.000, 81.000] (epsg:4326))
2026-08-04 06:59:21,022 - snakemake_workflow - rasterdataset - DEBUG - Clip to [-20.000, 77.000, -19.000, 79.000] (epsg:4326))
2026-08-04 06:59:21,040 - snakemake_workflow - rasterdataset - INFO - Reading population raster data from D:\GFM\inputs\exposure\ppp_2020_1km_Aggregated.tif
2026-08-04 06:59:21,048 - snakemake_workflow - rasterdataset - INFO - Reading population raster data from D:\GFM\inputs\exposure\ppp_2020_1km_Aggregated.tif
2026-08-04 06:59:21,048 - snakemake_workflow - rasterdataset - INFO - Reading population raster data from D:\GFM\inputs\exposure\ppp_2020_1km_Aggregated.tif
2026-08-04 06:59:21,086 - snakemake_workflow - rasterdataset - DEBUG - Clip to [-20.000, 77.000, -18.000, 78.000] (epsg:4326))
2026-08-04 06:59:21,088 - snakemake_workflow - rasterdataset - DEBUG - Clip to [-22.000, 79.000, -21.000, 81.000] (epsg:4326))
2026-08-04 06:59:21,097 - snakemake_workflow - rasterdataset - DEBUG - Clip to [-21.000, 74.000, -19.000, 75.000] (epsg:4326))
2026-08-04 06:59:21,101 - snakemake_workflow - rasterdataset - INFO - Reading population raster data from D:\GFM\inputs\exposure\ppp_2020_1km_Aggregated.tif
2026-08-04 06:59:21,104 - snakemake_workflow - rasterdataset - INFO - Reading population raster data from D:\GFM\inputs\exposure\ppp_2020_1km_Aggregated.tif
2026-08-04 06:59:21,104 - snakemake_workflow - rasterdataset - INFO - Reading population raster data from D:\GFM\inputs\exposure\ppp_2020_1km_Aggregated.tif
2026-08-04 06:59:21,109 - snakemake_workflow - rasterdataset - INFO - Reading population raster data from D:\GFM\inputs\exposure\ppp_2020_1km_Aggregated.tif
2026-08-04 06:59:21,157 - snakemake_workflow - rasterdataset - DEBUG - Clip to [-19.000, 79.000, -18.000, 81.000] (epsg:4326))
2026-08-04 06:59:21,158 - snakemake_workflow - rasterdataset - DEBUG - Clip to [-22.000, 78.000, -21.000, 80.000] (epsg:4326))
2026-08-04 06:59:21,160 - snakemake_workflow - rasterdataset - DEBUG - Clip to [-23.000, 80.000, -21.000, 81.000] (epsg:4326))
2026-08-04 06:59:21,166 - snakemake_workflow - rasterdataset - DEBUG - Clip to [-22.000, 80.000, -20.000, 81.000] (epsg:4326))
2026-08-04 06:59:21,170 - snakemake_workflow - rasterdataset - INFO - Reading population raster data from D:\GFM\inputs\exposure\ppp_2020_1km_Aggregated.tif
2026-08-04 06:59:21,170 - snakemake_workflow - rasterdataset - INFO - Reading population raster data from D:\GFM\inputs\exposure\ppp_2020_1km_Aggregated.tif
2026-08-04 06:59:21,174 - snakemake_workflow - rasterdataset - INFO - Reading population raster data from D:\GFM\inputs\exposure\ppp_2020_1km_Aggregated.tif
2026-08-04 06:59:21,183 - snakemake_workflow - rasterdataset - INFO - Reading population raster data from D:\GFM\inputs\exposure\ppp_2020_1km_Aggregated.tif
2026-08-04 06:59:21,234 - snakemake_workflow - rasterdataset - DEBUG - Clip to [-21.000, 80.000, -20.000, 82.000] (epsg:4326))
2026-08-04 06:59:21,234 - snakemake_workflow - rasterdataset - DEBUG - Clip to [-18.000, 79.000, -17.000, 81.000] (epsg:4326))
2026-08-04 06:59:21,240 - snakemake_workflow - rasterdataset - DEBUG - Clip to [-23.000, 80.000, -22.000, 82.000] (epsg:4326))
2026-08-04 06:59:21,246 - snakemake_workflow - rasterdataset - DEBUG - Clip to [-18.000, 81.000, -16.000, 82.000] (epsg:4326))
2026-08-04 06:59:21,274 - snakemake_workflow - rasterdataset - INFO - Reading population raster data from D:\GFM\inputs\exposure\ppp_2020_1km_Aggregated.tif
2026-08-04 06:59:21,276 - snakemake_workflow - rasterdataset - INFO - Reading population raster data from D:\GFM\inputs\exposure\ppp_2020_1km_Aggregated.tif
2026-08-04 06:59:21,278 - snakemake_workflow - rasterdataset - INFO - Reading population raster data from D:\GFM\inputs\exposure\ppp_2020_1km_Aggregated.tif
2026-08-04 06:59:21,280 - snakemake_workflow - rasterdataset - INFO - Reading population raster data from D:\GFM\inputs\exposure\ppp_2020_1km_Aggregated.tif
2026-08-04 06:59:21,341 - snakemake_workflow - rasterdataset - DEBUG - Clip to [-18.000, 81.000, -17.000, 83.000] (epsg:4326))
2026-08-04 06:59:21,343 - snakemake_workflow - rasterdataset - DEBUG - Clip to [-20.000, 81.000, -19.000, 83.000] (epsg:4326))
2026-08-04 06:59:21,343 - snakemake_workflow - rasterdataset - DEBUG - Clip to [-20.000, 80.000, -19.000, 82.000] (epsg:4326))
2026-08-04 06:59:21,349 - snakemake_workflow - rasterdataset - INFO - Reading population raster data from D:\GFM\inputs\exposure\ppp_2020_1km_Aggregated.tif
2026-08-04 06:59:21,349 - snakemake_workflow - rasterdataset - INFO - Reading population raster data from D:\GFM\inputs\exposure\ppp_2020_1km_Aggregated.tif
2026-08-04 06:59:21,349 - snakemake_workflow - rasterdataset - INFO - Reading population raster data from D:\GFM\inputs\exposure\ppp_2020_1km_Aggregated.tif
2026-08-04 06:59:21,349 - snakemake_workflow - rasterdataset - DEBUG - Clip to [132.000, -3.000, 134.000, -2.000] (epsg:4326))
2026-08-04 06:59:21,487 - snakemake_workflow - rasterdataset - DEBUG - Clip to [142.000, -11.000, 143.000, -9.000] (epsg:4326))
2026-08-04 06:59:21,487 - snakemake_workflow - rasterdataset - DEBUG - Clip to [-19.000, 81.000, -18.000, 83.000] (epsg:4326))
2026-08-04 06:59:21,495 - snakemake_workflow - rasterdataset - DEBUG - Clip to [-18.000, 80.000, -16.000, 81.000] (epsg:4326))
2026-08-04 06:59:21,510 - snakemake_workflow - rasterdataset - INFO - Reading population raster data from D:\GFM\inputs\exposure\ppp_2020_1km_Aggregated.tif
2026-08-04 06:59:21,572 - snakemake_workflow - rasterdataset - INFO - Reading population raster data from D:\GFM\inputs\exposure\ppp_2020_1km_Aggregated.tif
2026-08-04 06:59:21,715 - snakemake_workflow - rasterdataset - DEBUG - Clip to [132.000, -6.000, 134.000, -5.000] (epsg:4326))
2026-08-04 06:59:21,717 - snakemake_workflow - rasterdataset - DEBUG - Clip to [136.000, -2.000, 138.000, -1.000] (epsg:4326))
2026-08-04 06:59:22,217 - snakemake_workflow - rasterdataset - INFO - Reading population raster data from D:\GFM\inputs\exposure\ppp_2020_1km_Aggregated.tif
2026-08-04 06:59:22,261 - snakemake_workflow - rasterdataset - DEBUG - Clip to [-54.000, 71.000, -53.000, 73.000] (epsg:4326))
2026-08-04 06:59:23,344 - snakemake_workflow - rasterdataset - INFO - Reading population raster data from D:\GFM\inputs\exposure\ppp_2020_1km_Aggregated.tif
2026-08-04 06:59:23,386 - snakemake_workflow - rasterdataset - DEBUG - Clip to [-54.000, 69.000, -53.000, 71.000] (epsg:4326))
2026-08-04 06:59:23,844 - snakemake_workflow - rasterdataset - INFO - Reading population raster data from D:\GFM\inputs\exposure\ppp_2020_1km_Aggregated.tif
2026-08-04 06:59:23,903 - snakemake_workflow - rasterdataset - DEBUG - Clip to [130.000, -4.000, 132.000, -3.000] (epsg:4326))
2026-08-04 06:59:24,105 - snakemake_workflow - rasterdataset - INFO - Reading population raster data from D:\GFM\inputs\exposure\ppp_2020_1km_Aggregated.tif
2026-08-04 06:59:24,161 - snakemake_workflow - rasterdataset - DEBUG - Clip to [130.000, -3.000, 132.000, -2.000] (epsg:4326))
2026-08-04 06:59:24,342 - snakemake_workflow - rasterdataset - INFO - Reading population raster data from D:\GFM\inputs\exposure\ppp_2020_1km_Aggregated.tif
2026-08-04 06:59:24,399 - snakemake_workflow - rasterdataset - DEBUG - Clip to [132.000, -4.000, 134.000, -3.000] (epsg:4326))
2026-08-04 06:59:24,415 - snakemake_workflow - rasterdataset - INFO - Reading population raster data from D:\GFM\inputs\exposure\ppp_2020_1km_Aggregated.tif
2026-08-04 06:59:24,477 - snakemake_workflow - rasterdataset - DEBUG - Clip to [-51.000, 69.000, -50.000, 71.000] (epsg:4326))
2026-08-04 06:59:24,555 - snakemake_workflow - rasterdataset - INFO - Reading population raster data from D:\GFM\inputs\exposure\ppp_2020_1km_Aggregated.tif
2026-08-04 06:59:24,612 - snakemake_workflow - rasterdataset - DEBUG - Clip to [132.000, -2.000, 134.000, -1.000] (epsg:4326))
2026-08-04 06:59:25,246 - snakemake_workflow - rasterdataset - INFO - Reading population raster data from D:\GFM\inputs\exposure\ppp_2020_1km_Aggregated.tif
2026-08-04 06:59:25,281 - snakemake_workflow - rasterdataset - DEBUG - Clip to [130.000, -1.000, 131.000, 1.000] (epsg:4326))
2026-08-04 06:59:25,429 - snakemake_workflow - rasterdataset - INFO - Reading population raster data from D:\GFM\inputs\exposure\ppp_2020_1km_Aggregated.tif
2026-08-04 06:59:25,471 - snakemake_workflow - rasterdataset - DEBUG - Clip to [129.000, -2.000, 130.000, 0.000] (epsg:4326))
2026-08-04 06:59:25,610 - snakemake_workflow - rasterdataset - INFO - Reading population raster data from D:\GFM\inputs\exposure\ppp_2020_1km_Aggregated.tif
2026-08-04 06:59:25,660 - snakemake_workflow - rasterdataset - DEBUG - Clip to [131.000, -3.000, 132.000, -1.000] (epsg:4326))
2026-08-04 06:59:26,040 - snakemake_workflow - rasterdataset - INFO - Reading population raster data from D:\GFM\inputs\exposure\ppp_2020_1km_Aggregated.tif
2026-08-04 06:59:26,081 - snakemake_workflow - rasterdataset - DEBUG - Clip to [130.000, -1.000, 132.000, 0.000] (epsg:4326))
2026-08-04 06:59:26,320 - snakemake_workflow - rasterdataset - INFO - Reading population raster data from D:\GFM\inputs\exposure\ppp_2020_1km_Aggregated.tif
2026-08-04 06:59:26,375 - snakemake_workflow - rasterdataset - DEBUG - Clip to [-25.000, 71.000, -23.000, 72.000] (epsg:4326))
2026-08-04 06:59:26,407 - snakemake_workflow - rasterdataset - INFO - Reading population raster data from D:\GFM\inputs\exposure\ppp_2020_1km_Aggregated.tif
2026-08-04 06:59:26,417 - snakemake_workflow - rasterdataset - INFO - Reading population raster data from D:\GFM\inputs\exposure\ppp_2020_1km_Aggregated.tif
2026-08-04 06:59:26,453 - snakemake_workflow - rasterdataset - DEBUG - Clip to [122.000, -1.000, 123.000, 1.000] (epsg:4326))
2026-08-04 06:59:26,470 - snakemake_workflow - rasterdataset - DEBUG - Clip to [136.000, -3.000, 138.000, -2.000] (epsg:4326))
2026-08-04 06:59:26,765 - snakemake_workflow - rasterdataset - INFO - Reading population raster data from D:\GFM\inputs\exposure\ppp_2020_1km_Aggregated.tif
2026-08-04 06:59:26,844 - snakemake_workflow - rasterdataset - INFO - Reading population raster data from D:\GFM\inputs\exposure\ppp_2020_1km_Aggregated.tif
2026-08-04 06:59:26,849 - snakemake_workflow - rasterdataset - INFO - Reading population raster data from D:\GFM\inputs\exposure\ppp_2020_1km_Aggregated.tif
2026-08-04 06:59:26,874 - snakemake_workflow - rasterdataset - DEBUG - Clip to [127.000, -1.000, 128.000, 1.000] (epsg:4326))
2026-08-04 06:59:26,895 - snakemake_workflow - rasterdataset - DEBUG - Clip to [131.000, -7.000, 132.000, -5.000] (epsg:4326))
2026-08-04 06:59:26,897 - snakemake_workflow - rasterdataset - DEBUG - Clip to [130.000, -2.000, 132.000, -1.000] (epsg:4326))
2026-08-04 06:59:27,218 - snakemake_workflow - rasterdataset - INFO - Reading population raster data from D:\GFM\inputs\exposure\ppp_2020_1km_Aggregated.tif
2026-08-04 06:59:27,255 - snakemake_workflow - rasterdataset - DEBUG - Clip to [122.000, -3.000, 124.000, -2.000] (epsg:4326))
2026-08-04 06:59:27,849 - snakemake_workflow - rasterdataset - INFO - Reading population raster data from D:\GFM\inputs\exposure\ppp_2020_1km_Aggregated.tif
2026-08-04 06:59:27,914 - snakemake_workflow - rasterdataset - DEBUG - Clip to [136.000, -5.000, 138.000, -4.000] (epsg:4326))
2026-08-04 06:59:27,976 - snakemake_workflow - rasterdataset - INFO - Reading population raster data from D:\GFM\inputs\exposure\ppp_2020_1km_Aggregated.tif
2026-08-04 06:59:28,022 - snakemake_workflow - rasterdataset - DEBUG - Clip to [118.000, 0.000, 120.000, 1.000] (epsg:4326))
2026-08-04 06:59:28,191 - snakemake_workflow - rasterdataset - INFO - Reading population raster data from D:\GFM\inputs\exposure\ppp_2020_1km_Aggregated.tif
2026-08-04 06:59:28,275 - snakemake_workflow - rasterdataset - DEBUG - Clip to [125.000, 9.000, 126.000, 11.000] (epsg:4326))
2026-08-04 06:59:28,464 - snakemake_workflow - rasterdataset - INFO - Reading population raster data from D:\GFM\inputs\exposure\ppp_2020_1km_Aggregated.tif
2026-08-04 06:59:28,631 - snakemake_workflow - rasterdataset - INFO - Reading population raster data from D:\GFM\inputs\exposure\ppp_2020_1km_Aggregated.tif
2026-08-04 06:59:28,661 - snakemake_workflow - rasterdataset - DEBUG - Clip to [121.000, -1.000, 122.000, 1.000] (epsg:4326))
2026-08-04 06:59:28,684 - snakemake_workflow - rasterdataset - DEBUG - Clip to [127.000, -2.000, 128.000, 0.000] (epsg:4326))
2026-08-04 06:59:28,818 - snakemake_workflow - rasterdataset - INFO - Reading population raster data from D:\GFM\inputs\exposure\ppp_2020_1km_Aggregated.tif
2026-08-04 06:59:28,874 - snakemake_workflow - rasterdataset - DEBUG - Clip to [120.000, -7.000, 121.000, -5.000] (epsg:4326))
2026-08-04 06:59:29,644 - snakemake_workflow - rasterdataset - INFO - Reading population raster data from D:\GFM\inputs\exposure\ppp_2020_1km_Aggregated.tif
2026-08-04 06:59:29,693 - snakemake_workflow - rasterdataset - DEBUG - Clip to [123.000, 9.000, 124.000, 11.000] (epsg:4326))
2026-08-04 06:59:29,829 - snakemake_workflow - rasterdataset - INFO - Reading population raster data from D:\GFM\inputs\exposure\ppp_2020_1km_Aggregated.tif
2026-08-04 06:59:29,878 - snakemake_workflow - rasterdataset - DEBUG - Clip to [121.000, 10.000, 123.000, 11.000] (epsg:4326))
2026-08-04 06:59:30,366 - snakemake_workflow - rasterdataset - INFO - Reading population raster data from D:\GFM\inputs\exposure\ppp_2020_1km_Aggregated.tif
2026-08-04 06:59:30,423 - snakemake_workflow - rasterdataset - DEBUG - Clip to [127.000, 0.000, 128.000, 2.000] (epsg:4326))
2026-08-04 06:59:30,639 - snakemake_workflow - rasterdataset - INFO - Reading population raster data from D:\GFM\inputs\exposure\ppp_2020_1km_Aggregated.tif
2026-08-04 06:59:30,645 - snakemake_workflow - rasterdataset - INFO - Reading population raster data from D:\GFM\inputs\exposure\ppp_2020_1km_Aggregated.tif
2026-08-04 06:59:30,687 - snakemake_workflow - rasterdataset - DEBUG - Clip to [122.000, -2.000, 124.000, -1.000] (epsg:4326))
2026-08-04 06:59:30,689 - snakemake_workflow - rasterdataset - DEBUG - Clip to [122.000, 10.000, 123.000, 12.000] (epsg:4326))
2026-08-04 06:59:30,714 - snakemake_workflow - rasterdataset - INFO - Reading population raster data from D:\GFM\inputs\exposure\ppp_2020_1km_Aggregated.tif
2026-08-04 06:59:30,819 - snakemake_workflow - rasterdataset - DEBUG - Clip to [123.000, -6.000, 125.000, -5.000] (epsg:4326))
2026-08-04 06:59:31,343 - snakemake_workflow - rasterdataset - INFO - Reading population raster data from D:\GFM\inputs\exposure\ppp_2020_1km_Aggregated.tif
2026-08-04 06:59:31,372 - snakemake_workflow - rasterdataset - DEBUG - Clip to [120.000, 12.000, 121.000, 14.000] (epsg:4326))
2026-08-04 06:59:31,491 - snakemake_workflow - rasterdataset - INFO - Reading population raster data from D:\GFM\inputs\exposure\ppp_2020_1km_Aggregated.tif
2026-08-04 06:59:31,592 - snakemake_workflow - rasterdataset - DEBUG - Clip to [121.000, 9.000, 123.000, 10.000] (epsg:4326))
2026-08-04 06:59:31,681 - snakemake_workflow - rasterdataset - INFO - Reading population raster data from D:\GFM\inputs\exposure\ppp_2020_1km_Aggregated.tif
2026-08-04 06:59:31,719 - snakemake_workflow - rasterdataset - DEBUG - Clip to [122.000, 11.000, 123.000, 13.000] (epsg:4326))
2026-08-04 06:59:32,158 - snakemake_workflow - rasterdataset - INFO - Reading population raster data from D:\GFM\inputs\exposure\ppp_2020_1km_Aggregated.tif
2026-08-04 06:59:32,197 - snakemake_workflow - rasterdataset - DEBUG - Clip to [121.000, 13.000, 122.000, 15.000] (epsg:4326))
2026-08-04 06:59:32,275 - snakemake_workflow - rasterdataset - INFO - Reading population raster data from D:\GFM\inputs\exposure\ppp_2020_1km_Aggregated.tif
2026-08-04 06:59:32,312 - snakemake_workflow - rasterdataset - DEBUG - Clip to [124.000, 10.000, 125.000, 12.000] (epsg:4326))
2026-08-04 06:59:32,418 - snakemake_workflow - rasterdataset - INFO - Reading population raster data from D:\GFM\inputs\exposure\ppp_2020_1km_Aggregated.tif
2026-08-04 06:59:32,458 - snakemake_workflow - rasterdataset - DEBUG - Clip to [122.000, -1.000, 124.000, 0.000] (epsg:4326))
2026-08-04 06:59:32,784 - snakemake_workflow - rasterdataset - INFO - Reading population raster data from D:\GFM\inputs\exposure\ppp_2020_1km_Aggregated.tif
2026-08-04 06:59:32,794 - snakemake_workflow - rasterdataset - INFO - Reading population raster data from D:\GFM\inputs\exposure\ppp_2020_1km_Aggregated.tif
2026-08-04 06:59:32,821 - snakemake_workflow - rasterdataset - DEBUG - Clip to [123.000, 11.000, 124.000, 13.000] (epsg:4326))
2026-08-04 06:59:32,821 - snakemake_workflow - rasterdataset - INFO - Reading population raster data from D:\GFM\inputs\exposure\ppp_2020_1km_Aggregated.tif
2026-08-04 06:59:32,835 - snakemake_workflow - rasterdataset - DEBUG - Clip to [119.000, 9.000, 121.000, 10.000] (epsg:4326))
2026-08-04 06:59:32,914 - snakemake_workflow - rasterdataset - DEBUG - Clip to [125.000, 5.000, 126.000, 7.000] (epsg:4326))
2026-08-04 06:59:33,507 - snakemake_workflow - rasterdataset - INFO - Reading population raster data from D:\GFM\inputs\exposure\ppp_2020_1km_Aggregated.tif
2026-08-04 06:59:33,549 - snakemake_workflow - rasterdataset - DEBUG - Clip to [121.000, 14.000, 122.000, 16.000] (epsg:4326))
2026-08-04 06:59:33,737 - snakemake_workflow - rasterdataset - INFO - Reading population raster data from D:\GFM\inputs\exposure\ppp_2020_1km_Aggregated.tif
2026-08-04 06:59:33,748 - snakemake_workflow - rasterdataset - INFO - Reading population raster data from D:\GFM\inputs\exposure\ppp_2020_1km_Aggregated.tif
2026-08-04 06:59:33,781 - snakemake_workflow - rasterdataset - DEBUG - Clip to [122.000, 12.000, 123.000, 14.000] (epsg:4326))
2026-08-04 06:59:33,790 - snakemake_workflow - rasterdataset - DEBUG - Clip to [103.000, -2.000, 104.000, 0.000] (epsg:4326))
2026-08-04 06:59:34,119 - snakemake_workflow - rasterdataset - INFO - Reading population raster data from D:\GFM\inputs\exposure\ppp_2020_1km_Aggregated.tif
2026-08-04 06:59:34,153 - snakemake_workflow - rasterdataset - DEBUG - Clip to [125.000, 10.000, 126.000, 12.000] (epsg:4326))
2026-08-04 06:59:34,320 - snakemake_workflow - rasterdataset - INFO - Reading population raster data from D:\GFM\inputs\exposure\ppp_2020_1km_Aggregated.tif
2026-08-04 06:59:34,371 - snakemake_workflow - rasterdataset - DEBUG - Clip to [100.000, -1.000, 102.000, 0.000] (epsg:4326))
2026-08-04 06:59:34,425 - snakemake_workflow - rasterdataset - INFO - Reading population raster data from D:\GFM\inputs\exposure\ppp_2020_1km_Aggregated.tif
2026-08-04 06:59:34,483 - snakemake_workflow - rasterdataset - DEBUG - Clip to [121.000, 11.000, 123.000, 12.000] (epsg:4326))
2026-08-04 06:59:34,933 - snakemake_workflow - rasterdataset - INFO - Reading population raster data from D:\GFM\inputs\exposure\ppp_2020_1km_Aggregated.tif
2026-08-04 06:59:34,975 - snakemake_workflow - rasterdataset - DEBUG - Clip to [120.000, 14.000, 121.000, 16.000] (epsg:4326))
2026-08-04 06:59:35,455 - snakemake_workflow - rasterdataset - INFO - Reading population raster data from D:\GFM\inputs\exposure\ppp_2020_1km_Aggregated.tif
2026-08-04 06:59:35,483 - snakemake_workflow - rasterdataset - INFO - Reading population raster data from D:\GFM\inputs\exposure\ppp_2020_1km_Aggregated.tif
2026-08-04 06:59:35,499 - snakemake_workflow - rasterdataset - DEBUG - Clip to [101.000, 12.000, 103.000, 13.000] (epsg:4326))
2026-08-04 06:59:35,530 - snakemake_workflow - rasterdataset - DEBUG - Clip to [123.000, 12.000, 124.000, 14.000] (epsg:4326))
2026-08-04 06:59:35,730 - snakemake_workflow - rasterdataset - INFO - Reading population raster data from D:\GFM\inputs\exposure\ppp_2020_1km_Aggregated.tif
2026-08-04 06:59:35,785 - snakemake_workflow - rasterdataset - DEBUG - Clip to [115.000, 30.000, 117.000, 31.000] (epsg:4326))
2026-08-04 06:59:36,031 - snakemake_workflow - rasterdataset - INFO - Reading population raster data from D:\GFM\inputs\exposure\ppp_2020_1km_Aggregated.tif
2026-08-04 06:59:36,140 - snakemake_workflow - rasterdataset - DEBUG - Clip to [97.000, 1.000, 98.000, 3.000] (epsg:4326))
2026-08-04 06:59:36,216 - snakemake_workflow - rasterdataset - INFO - Reading population raster data from D:\GFM\inputs\exposure\ppp_2020_1km_Aggregated.tif
2026-08-04 06:59:36,314 - snakemake_workflow - rasterdataset - DEBUG - Clip to [100.000, 1.000, 102.000, 2.000] (epsg:4326))
2026-08-04 06:59:36,785 - snakemake_workflow - rasterdataset - INFO - Reading population raster data from D:\GFM\inputs\exposure\ppp_2020_1km_Aggregated.tif
2026-08-04 06:59:36,822 - snakemake_workflow - rasterdataset - DEBUG - Clip to [122.000, 14.000, 124.000, 15.000] (epsg:4326))
2026-08-04 06:59:36,909 - snakemake_workflow - rasterdataset - INFO - Reading population raster data from D:\GFM\inputs\exposure\ppp_2020_1km_Aggregated.tif
2026-08-04 06:59:36,963 - snakemake_workflow - rasterdataset - DEBUG - Clip to [88.000, 24.000, 89.000, 26.000] (epsg:4326))
2026-08-04 06:59:37,894 - snakemake_workflow - rasterdataset - INFO - Reading population raster data from D:\GFM\inputs\exposure\ppp_2020_1km_Aggregated.tif
2026-08-04 06:59:37,946 - snakemake_workflow - rasterdataset - DEBUG - Clip to [119.000, 30.000, 121.000, 31.000] (epsg:4326))
2026-08-04 06:59:38,796 - snakemake_workflow - rasterdataset - INFO - Reading population raster data from D:\GFM\inputs\exposure\ppp_2020_1km_Aggregated.tif
2026-08-04 06:59:38,840 - snakemake_workflow - rasterdataset - DEBUG - Clip to [127.000, 34.000, 129.000, 35.000] (epsg:4326))
2026-08-04 06:59:39,164 - snakemake_workflow - rasterdataset - INFO - Reading population raster data from D:\GFM\inputs\exposure\ppp_2020_1km_Aggregated.tif
2026-08-04 06:59:39,276 - snakemake_workflow - rasterdataset - INFO - Reading population raster data from D:\GFM\inputs\exposure\ppp_2020_1km_Aggregated.tif
2026-08-04 06:59:39,308 - snakemake_workflow - rasterdataset - DEBUG - Clip to [104.000, 2.000, 106.000, 3.000] (epsg:4326))
2026-08-04 06:59:39,434 - snakemake_workflow - rasterdataset - INFO - Reading population raster data from D:\GFM\inputs\exposure\ppp_2020_1km_Aggregated.tif
2026-08-04 06:59:39,467 - snakemake_workflow - rasterdataset - DEBUG - Clip to [98.000, 11.000, 99.000, 13.000] (epsg:4326))
2026-08-04 06:59:39,546 - snakemake_workflow - rasterdataset - DEBUG - Clip to [120.000, 29.000, 121.000, 31.000] (epsg:4326))
2026-08-04 06:59:40,559 - snakemake_workflow - rasterdataset - INFO - Reading population raster data from D:\GFM\inputs\exposure\ppp_2020_1km_Aggregated.tif
2026-08-04 06:59:40,603 - snakemake_workflow - rasterdataset - DEBUG - Clip to [89.000, 24.000, 90.000, 26.000] (epsg:4326))
2026-08-04 06:59:40,774 - snakemake_workflow - rasterdataset - INFO - Reading population raster data from D:\GFM\inputs\exposure\ppp_2020_1km_Aggregated.tif
2026-08-04 06:59:40,823 - snakemake_workflow - rasterdataset - DEBUG - Clip to [119.000, 29.000, 120.000, 31.000] (epsg:4326))
2026-08-04 06:59:40,828 - snakemake_workflow - rasterdataset - INFO - Reading population raster data from D:\GFM\inputs\exposure\ppp_2020_1km_Aggregated.tif
2026-08-04 06:59:40,871 - snakemake_workflow - rasterdataset - DEBUG - Clip to [119.000, 32.000, 120.000, 34.000] (epsg:4326))
2026-08-04 06:59:40,982 - snakemake_workflow - rasterdataset - INFO - Reading population raster data from D:\GFM\inputs\exposure\ppp_2020_1km_Aggregated.tif
2026-08-04 06:59:41,024 - snakemake_workflow - rasterdataset - DEBUG - Clip to [101.000, 2.000, 102.000, 4.000] (epsg:4326))
2026-08-04 06:59:41,335 - snakemake_workflow - rasterdataset - INFO - Reading population raster data from D:\GFM\inputs\exposure\ppp_2020_1km_Aggregated.tif
2026-08-04 06:59:41,371 - snakemake_workflow - rasterdataset - DEBUG - Clip to [131.000, 33.000, 133.000, 34.000] (epsg:4326))
2026-08-04 06:59:41,783 - snakemake_workflow - rasterdataset - INFO - Reading population raster data from D:\GFM\inputs\exposure\ppp_2020_1km_Aggregated.tif
2026-08-04 06:59:41,829 - snakemake_workflow - rasterdataset - DEBUG - Clip to [97.000, 15.000, 98.000, 17.000] (epsg:4326))
2026-08-04 06:59:42,904 - snakemake_workflow - rasterdataset - INFO - Reading population raster data from D:\GFM\inputs\exposure\ppp_2020_1km_Aggregated.tif
2026-08-04 06:59:42,957 - snakemake_workflow - rasterdataset - DEBUG - Clip to [119.000, 33.000, 120.000, 35.000] (epsg:4326))
2026-08-04 06:59:43,191 - snakemake_workflow - rasterdataset - INFO - Reading population raster data from D:\GFM\inputs\exposure\ppp_2020_1km_Aggregated.tif
2026-08-04 06:59:43,239 - snakemake_workflow - rasterdataset - DEBUG - Clip to [87.000, 21.000, 89.000, 22.000] (epsg:4326))
2026-08-04 06:59:43,460 - snakemake_workflow - rasterdataset - INFO - Reading population raster data from D:\GFM\inputs\exposure\ppp_2020_1km_Aggregated.tif
2026-08-04 06:59:43,508 - snakemake_workflow - rasterdataset - DEBUG - Clip to [164.000, 59.000, 166.000, 60.000] (epsg:4326))
2026-08-04 06:59:43,842 - snakemake_workflow - rasterdataset - INFO - Reading population raster data from D:\GFM\inputs\exposure\ppp_2020_1km_Aggregated.tif
2026-08-04 06:59:43,892 - snakemake_workflow - rasterdataset - DEBUG - Clip to [23.000, 37.000, 25.000, 38.000] (epsg:4326))
2026-08-04 06:59:44,580 - snakemake_workflow - rasterdataset - INFO - Reading population raster data from D:\GFM\inputs\exposure\ppp_2020_1km_Aggregated.tif
2026-08-04 06:59:44,628 - snakemake_workflow - rasterdataset - DEBUG - Clip to [128.000, 34.000, 129.000, 36.000] (epsg:4326))
2026-08-04 06:59:44,749 - snakemake_workflow - rasterdataset - INFO - Reading population raster data from D:\GFM\inputs\exposure\ppp_2020_1km_Aggregated.tif
2026-08-04 06:59:44,810 - snakemake_workflow - rasterdataset - DEBUG - Clip to [119.000, 34.000, 120.000, 36.000] (epsg:4326))
2026-08-04 06:59:45,150 - snakemake_workflow - rasterdataset - INFO - Reading population raster data from D:\GFM\inputs\exposure\ppp_2020_1km_Aggregated.tif
2026-08-04 06:59:45,201 - snakemake_workflow - rasterdataset - DEBUG - Clip to [87.000, 24.000, 88.000, 26.000] (epsg:4326))
2026-08-04 06:59:45,357 - snakemake_workflow - rasterdataset - INFO - Reading population raster data from D:\GFM\inputs\exposure\ppp_2020_1km_Aggregated.tif
2026-08-04 06:59:45,401 - snakemake_workflow - rasterdataset - DEBUG - Clip to [160.000, 61.000, 162.000, 62.000] (epsg:4326))
2026-08-04 06:59:45,727 - snakemake_workflow - rasterdataset - INFO - Reading population raster data from D:\GFM\inputs\exposure\ppp_2020_1km_Aggregated.tif
2026-08-04 06:59:45,775 - snakemake_workflow - rasterdataset - DEBUG - Clip to [23.000, 38.000, 25.000, 39.000] (epsg:4326))
2026-08-04 06:59:46,168 - snakemake_workflow - rasterdataset - INFO - Reading population raster data from D:\GFM\inputs\exposure\ppp_2020_1km_Aggregated.tif
2026-08-04 06:59:46,222 - snakemake_workflow - rasterdataset - DEBUG - Clip to [129.000, 30.000, 130.000, 32.000] (epsg:4326))
2026-08-04 06:59:46,584 - snakemake_workflow - rasterdataset - INFO - Reading population raster data from D:\GFM\inputs\exposure\ppp_2020_1km_Aggregated.tif
2026-08-04 06:59:46,632 - snakemake_workflow - rasterdataset - DEBUG - Clip to [25.000, 38.000, 26.000, 40.000] (epsg:4326))
2026-08-04 06:59:46,663 - snakemake_workflow - rasterdataset - INFO - Reading population raster data from D:\GFM\inputs\exposure\ppp_2020_1km_Aggregated.tif
2026-08-04 06:59:46,721 - snakemake_workflow - rasterdataset - DEBUG - Clip to [27.000, 39.000, 28.000, 41.000] (epsg:4326))
2026-08-04 06:59:47,270 - snakemake_workflow - rasterdataset - INFO - Reading population raster data from D:\GFM\inputs\exposure\ppp_2020_1km_Aggregated.tif
2026-08-04 06:59:47,315 - snakemake_workflow - rasterdataset - DEBUG - Clip to [23.000, 39.000, 24.000, 41.000] (epsg:4326))
2026-08-04 06:59:47,533 - snakemake_workflow - rasterdataset - INFO - Reading population raster data from D:\GFM\inputs\exposure\ppp_2020_1km_Aggregated.tif
2026-08-04 06:59:47,584 - snakemake_workflow - rasterdataset - DEBUG - Clip to [164.000, 61.000, 165.000, 63.000] (epsg:4326))
2026-08-04 06:59:47,702 - snakemake_workflow - rasterdataset - INFO - Reading population raster data from D:\GFM\inputs\exposure\ppp_2020_1km_Aggregated.tif
2026-08-04 06:59:47,742 - snakemake_workflow - rasterdataset - DEBUG - Clip to [27.000, 41.000, 29.000, 42.000] (epsg:4326))
2026-08-04 06:59:47,994 - snakemake_workflow - rasterdataset - INFO - Reading population raster data from D:\GFM\inputs\exposure\ppp_2020_1km_Aggregated.tif
2026-08-04 06:59:48,048 - snakemake_workflow - rasterdataset - DEBUG - Clip to [25.000, 39.000, 26.000, 41.000] (epsg:4326))
2026-08-04 06:59:48,184 - snakemake_workflow - rasterdataset - INFO - Reading population raster data from D:\GFM\inputs\exposure\ppp_2020_1km_Aggregated.tif
2026-08-04 06:59:48,233 - snakemake_workflow - rasterdataset - DEBUG - Clip to [24.000, 38.000, 25.000, 40.000] (epsg:4326))
2026-08-04 06:59:48,582 - snakemake_workflow - rasterdataset - INFO - Reading population raster data from D:\GFM\inputs\exposure\ppp_2020_1km_Aggregated.tif
2026-08-04 06:59:48,630 - snakemake_workflow - rasterdataset - DEBUG - Clip to [23.000, 38.000, 24.000, 40.000] (epsg:4326))
2026-08-04 06:59:48,915 - snakemake_workflow - rasterdataset - INFO - Reading population raster data from D:\GFM\inputs\exposure\ppp_2020_1km_Aggregated.tif
2026-08-04 06:59:48,979 - snakemake_workflow - rasterdataset - DEBUG - Clip to [27.000, 40.000, 28.000, 42.000] (epsg:4326))
2026-08-04 06:59:49,124 - snakemake_workflow - rasterdataset - INFO - Reading population raster data from D:\GFM\inputs\exposure\ppp_2020_1km_Aggregated.tif
2026-08-04 06:59:49,129 - snakemake_workflow - rasterdataset - INFO - Reading population raster data from D:\GFM\inputs\exposure\ppp_2020_1km_Aggregated.tif
2026-08-04 06:59:49,166 - snakemake_workflow - rasterdataset - INFO - Reading population raster data from D:\GFM\inputs\exposure\ppp_2020_1km_Aggregated.tif
2026-08-04 06:59:49,187 - snakemake_workflow - rasterdataset - DEBUG - Clip to [164.000, 60.000, 166.000, 61.000] (epsg:4326))
2026-08-04 06:59:49,189 - snakemake_workflow - rasterdataset - INFO - Reading population raster data from D:\GFM\inputs\exposure\ppp_2020_1km_Aggregated.tif
2026-08-04 06:59:49,214 - snakemake_workflow - rasterdataset - DEBUG - Clip to [-3.000, 52.000, -2.000, 54.000] (epsg:4326))
2026-08-04 06:59:49,255 - snakemake_workflow - rasterdataset - DEBUG - Clip to [27.000, 36.000, 29.000, 37.000] (epsg:4326))
2026-08-04 06:59:49,270 - snakemake_workflow - rasterdataset - DEBUG - Clip to [24.000, 39.000, 25.000, 41.000] (epsg:4326))
2026-08-04 06:59:49,450 - snakemake_workflow - rasterdataset - INFO - Reading population raster data from D:\GFM\inputs\exposure\ppp_2020_1km_Aggregated.tif
2026-08-04 06:59:49,492 - snakemake_workflow - rasterdataset - DEBUG - Clip to [23.000, 35.000, 24.000, 37.000] (epsg:4326))
2026-08-04 06:59:49,827 - snakemake_workflow - rasterdataset - INFO - Reading population raster data from D:\GFM\inputs\exposure\ppp_2020_1km_Aggregated.tif
2026-08-04 06:59:49,891 - snakemake_workflow - rasterdataset - DEBUG - Clip to [27.000, 40.000, 29.000, 41.000] (epsg:4326))
2026-08-04 06:59:50,333 - snakemake_workflow - rasterdataset - INFO - Reading population raster data from D:\GFM\inputs\exposure\ppp_2020_1km_Aggregated.tif
2026-08-04 06:59:50,374 - snakemake_workflow - rasterdataset - DEBUG - Clip to [27.000, 37.000, 28.000, 39.000] (epsg:4326))
2026-08-04 06:59:50,570 - snakemake_workflow - rasterdataset - INFO - Reading population raster data from D:\GFM\inputs\exposure\ppp_2020_1km_Aggregated.tif
2026-08-04 06:59:50,625 - snakemake_workflow - rasterdataset - DEBUG - Clip to [0.000, 50.000, 2.000, 51.000] (epsg:4326))
2026-08-04 06:59:50,625 - snakemake_workflow - rasterdataset - INFO - Reading population raster data from D:\GFM\inputs\exposure\ppp_2020_1km_Aggregated.tif
2026-08-04 06:59:50,678 - snakemake_workflow - rasterdataset - DEBUG - Clip to [-3.000, 53.000, -1.000, 54.000] (epsg:4326))
2026-08-04 06:59:50,776 - snakemake_workflow - rasterdataset - INFO - Reading population raster data from D:\GFM\inputs\exposure\ppp_2020_1km_Aggregated.tif
2026-08-04 06:59:50,824 - snakemake_workflow - rasterdataset - DEBUG - Clip to [21.000, 39.000, 23.000, 40.000] (epsg:4326))
2026-08-04 06:59:50,872 - snakemake_workflow - rasterdataset - INFO - Reading population raster data from D:\GFM\inputs\exposure\ppp_2020_1km_Aggregated.tif
2026-08-04 06:59:51,002 - snakemake_workflow - rasterdataset - DEBUG - Clip to [23.000, 39.000, 25.000, 40.000] (epsg:4326))
2026-08-04 06:59:51,248 - snakemake_workflow - rasterdataset - INFO - Reading population raster data from D:\GFM\inputs\exposure\ppp_2020_1km_Aggregated.tif
2026-08-04 06:59:51,299 - snakemake_workflow - rasterdataset - DEBUG - Clip to [-2.000, 52.000, -1.000, 54.000] (epsg:4326))
2026-08-04 06:59:51,779 - snakemake_workflow - rasterdataset - INFO - Reading population raster data from D:\GFM\inputs\exposure\ppp_2020_1km_Aggregated.tif
2026-08-04 06:59:51,827 - snakemake_workflow - rasterdataset - DEBUG - Clip to [-7.000, 54.000, -5.000, 55.000] (epsg:4326))
2026-08-04 06:59:52,040 - snakemake_workflow - rasterdataset - INFO - Reading population raster data from D:\GFM\inputs\exposure\ppp_2020_1km_Aggregated.tif
2026-08-04 06:59:52,044 - snakemake_workflow - rasterdataset - INFO - Reading population raster data from D:\GFM\inputs\exposure\ppp_2020_1km_Aggregated.tif
2026-08-04 06:59:52,119 - snakemake_workflow - rasterdataset - DEBUG - Clip to [-7.000, 55.000, -6.000, 57.000] (epsg:4326))
2026-08-04 06:59:52,124 - snakemake_workflow - rasterdataset - DEBUG - Clip to [-6.000, 49.000, -5.000, 51.000] (epsg:4326))
2026-08-04 06:59:52,461 - snakemake_workflow - rasterdataset - INFO - Reading population raster data from D:\GFM\inputs\exposure\ppp_2020_1km_Aggregated.tif
2026-08-04 06:59:52,482 - snakemake_workflow - rasterdataset - INFO - Reading population raster data from D:\GFM\inputs\exposure\ppp_2020_1km_Aggregated.tif
2026-08-04 06:59:52,513 - snakemake_workflow - rasterdataset - DEBUG - Clip to [-3.000, 48.000, -2.000, 50.000] (epsg:4326))
2026-08-04 06:59:52,542 - snakemake_workflow - rasterdataset - DEBUG - Clip to [-7.000, 55.000, -5.000, 56.000] (epsg:4326))
2026-08-04 06:59:52,652 - snakemake_workflow - rasterdataset - INFO - Reading population raster data from D:\GFM\inputs\exposure\ppp_2020_1km_Aggregated.tif
2026-08-04 06:59:52,703 - snakemake_workflow - rasterdataset - DEBUG - Clip to [-3.000, 53.000, -2.000, 55.000] (epsg:4326))
2026-08-04 06:59:53,665 - snakemake_workflow - rasterdataset - INFO - Reading population raster data from D:\GFM\inputs\exposure\ppp_2020_1km_Aggregated.tif
2026-08-04 06:59:53,740 - snakemake_workflow - rasterdataset - DEBUG - Clip to [-5.000, 56.000, -4.000, 58.000] (epsg:4326))
2026-08-04 06:59:53,833 - snakemake_workflow - rasterdataset - INFO - Reading population raster data from D:\GFM\inputs\exposure\ppp_2020_1km_Aggregated.tif
2026-08-04 06:59:53,861 - snakemake_workflow - rasterdataset - INFO - Reading population raster data from D:\GFM\inputs\exposure\ppp_2020_1km_Aggregated.tif
2026-08-04 06:59:53,873 - snakemake_workflow - rasterdataset - INFO - Reading population raster data from D:\GFM\inputs\exposure\ppp_2020_1km_Aggregated.tif
2026-08-04 06:59:53,894 - snakemake_workflow - rasterdataset - DEBUG - Clip to [-5.000, 54.000, -4.000, 56.000] (epsg:4326))
2026-08-04 06:59:53,938 - snakemake_workflow - rasterdataset - DEBUG - Clip to [-6.000, 54.000, -5.000, 56.000] (epsg:4326))
2026-08-04 06:59:53,946 - snakemake_workflow - rasterdataset - DEBUG - Clip to [-8.000, 52.000, -6.000, 53.000] (epsg:4326))
2026-08-04 06:59:54,023 - snakemake_workflow - rasterdataset - INFO - Reading population raster data from D:\GFM\inputs\exposure\ppp_2020_1km_Aggregated.tif
2026-08-04 06:59:54,088 - snakemake_workflow - rasterdataset - DEBUG - Clip to [1.000, 50.000, 3.000, 51.000] (epsg:4326))
2026-08-04 06:59:54,274 - snakemake_workflow - rasterdataset - INFO - Reading population raster data from D:\GFM\inputs\exposure\ppp_2020_1km_Aggregated.tif
2026-08-04 06:59:54,370 - snakemake_workflow - rasterdataset - DEBUG - Clip to [-7.000, 56.000, -6.000, 58.000] (epsg:4326))
2026-08-04 06:59:54,800 - snakemake_workflow - rasterdataset - INFO - Reading population raster data from D:\GFM\inputs\exposure\ppp_2020_1km_Aggregated.tif
2026-08-04 06:59:54,851 - snakemake_workflow - rasterdataset - DEBUG - Clip to [-6.000, 55.000, -5.000, 57.000] (epsg:4326))
2026-08-04 06:59:55,211 - snakemake_workflow - rasterdataset - INFO - Reading population raster data from D:\GFM\inputs\exposure\ppp_2020_1km_Aggregated.tif
2026-08-04 06:59:55,247 - snakemake_workflow - rasterdataset - INFO - Reading population raster data from D:\GFM\inputs\exposure\ppp_2020_1km_Aggregated.tif
2026-08-04 06:59:55,280 - snakemake_workflow - rasterdataset - DEBUG - Clip to [-3.000, 56.000, -2.000, 58.000] (epsg:4326))
2026-08-04 06:59:55,324 - snakemake_workflow - rasterdataset - DEBUG - Clip to [-5.000, 53.000, -4.000, 55.000] (epsg:4326))
2026-08-04 06:59:55,353 - snakemake_workflow - rasterdataset - INFO - Reading population raster data from D:\GFM\inputs\exposure\ppp_2020_1km_Aggregated.tif
2026-08-04 06:59:55,361 - snakemake_workflow - rasterdataset - INFO - Reading population raster data from D:\GFM\inputs\exposure\ppp_2020_1km_Aggregated.tif
2026-08-04 06:59:55,417 - snakemake_workflow - rasterdataset - DEBUG - Clip to [-3.000, 54.000, -2.000, 56.000] (epsg:4326))
2026-08-04 06:59:55,418 - snakemake_workflow - rasterdataset - DEBUG - Clip to [-2.000, 54.000, -1.000, 56.000] (epsg:4326))
2026-08-04 06:59:55,419 - snakemake_workflow - rasterdataset - INFO - Reading population raster data from D:\GFM\inputs\exposure\ppp_2020_1km_Aggregated.tif
2026-08-04 06:59:55,492 - snakemake_workflow - rasterdataset - DEBUG - Clip to [-6.000, 57.000, -5.000, 59.000] (epsg:4326))
2026-08-04 06:59:55,858 - snakemake_workflow - rasterdataset - INFO - Reading population raster data from D:\GFM\inputs\exposure\ppp_2020_1km_Aggregated.tif
2026-08-04 06:59:55,913 - snakemake_workflow - rasterdataset - DEBUG - Clip to [-5.000, 55.000, -4.000, 57.000] (epsg:4326))
2026-08-04 06:59:56,354 - snakemake_workflow - rasterdataset - INFO - Reading population raster data from D:\GFM\inputs\exposure\ppp_2020_1km_Aggregated.tif
2026-08-04 06:59:56,396 - snakemake_workflow - rasterdataset - DEBUG - Clip to [-8.000, 57.000, -7.000, 59.000] (epsg:4326))
2026-08-04 06:59:56,396 - snakemake_workflow - rasterdataset - INFO - Reading population raster data from D:\GFM\inputs\exposure\ppp_2020_1km_Aggregated.tif
2026-08-04 06:59:56,465 - snakemake_workflow - rasterdataset - DEBUG - Clip to [11.000, 55.000, 12.000, 57.000] (epsg:4326))
2026-08-04 06:59:56,647 - snakemake_workflow - rasterdataset - INFO - Reading population raster data from D:\GFM\inputs\exposure\ppp_2020_1km_Aggregated.tif
2026-08-04 06:59:56,710 - snakemake_workflow - rasterdataset - INFO - Reading population raster data from D:\GFM\inputs\exposure\ppp_2020_1km_Aggregated.tif
2026-08-04 06:59:56,727 - snakemake_workflow - rasterdataset - DEBUG - Clip to [-3.000, 55.000, -2.000, 57.000] (epsg:4326))
2026-08-04 06:59:56,759 - snakemake_workflow - rasterdataset - DEBUG - Clip to [9.000, 56.000, 10.000, 58.000] (epsg:4326))
2026-08-04 06:59:56,934 - snakemake_workflow - rasterdataset - INFO - Reading population raster data from D:\GFM\inputs\exposure\ppp_2020_1km_Aggregated.tif
2026-08-04 06:59:56,934 - snakemake_workflow - rasterdataset - INFO - Reading population raster data from D:\GFM\inputs\exposure\ppp_2020_1km_Aggregated.tif
2026-08-04 06:59:57,030 - snakemake_workflow - rasterdataset - DEBUG - Clip to [-6.000, 56.000, -5.000, 58.000] (epsg:4326))
2026-08-04 06:59:57,030 - snakemake_workflow - rasterdataset - DEBUG - Clip to [-4.000, 57.000, -3.000, 59.000] (epsg:4326))
2026-08-04 06:59:57,356 - snakemake_workflow - rasterdataset - INFO - Reading population raster data from D:\GFM\inputs\exposure\ppp_2020_1km_Aggregated.tif
2026-08-04 06:59:57,395 - snakemake_workflow - rasterdataset - DEBUG - Clip to [12.000, 53.000, 14.000, 54.000] (epsg:4326))
2026-08-04 06:59:57,469 - snakemake_workflow - rasterdataset - INFO - Reading population raster data from D:\GFM\inputs\exposure\ppp_2020_1km_Aggregated.tif
2026-08-04 06:59:57,512 - snakemake_workflow - rasterdataset - DEBUG - Clip to [-9.000, 54.000, -7.000, 55.000] (epsg:4326))
2026-08-04 06:59:57,695 - snakemake_workflow - rasterdataset - INFO - Reading population raster data from D:\GFM\inputs\exposure\ppp_2020_1km_Aggregated.tif
2026-08-04 06:59:57,732 - snakemake_workflow - rasterdataset - DEBUG - Clip to [12.000, 55.000, 13.000, 57.000] (epsg:4326))
2026-08-04 06:59:57,777 - snakemake_workflow - rasterdataset - INFO - Reading population raster data from D:\GFM\inputs\exposure\ppp_2020_1km_Aggregated.tif
2026-08-04 06:59:57,902 - snakemake_workflow - rasterdataset - DEBUG - Clip to [11.000, 53.000, 13.000, 54.000] (epsg:4326))
2026-08-04 06:59:58,350 - snakemake_workflow - rasterdataset - INFO - Reading population raster data from D:\GFM\inputs\exposure\ppp_2020_1km_Aggregated.tif
2026-08-04 06:59:58,406 - snakemake_workflow - rasterdataset - DEBUG - Clip to [-7.000, 57.000, -6.000, 59.000] (epsg:4326))
2026-08-04 06:59:58,630 - snakemake_workflow - rasterdataset - INFO - Reading population raster data from D:\GFM\inputs\exposure\ppp_2020_1km_Aggregated.tif
2026-08-04 06:59:58,682 - snakemake_workflow - rasterdataset - DEBUG - Clip to [11.000, 56.000, 12.000, 58.000] (epsg:4326))
2026-08-04 06:59:58,982 - snakemake_workflow - rasterdataset - INFO - Reading population raster data from D:\GFM\inputs\exposure\ppp_2020_1km_Aggregated.tif
2026-08-04 06:59:59,017 - snakemake_workflow - rasterdataset - INFO - Reading population raster data from D:\GFM\inputs\exposure\ppp_2020_1km_Aggregated.tif
2026-08-04 06:59:59,026 - snakemake_workflow - rasterdataset - DEBUG - Clip to [11.000, 52.000, 13.000, 53.000] (epsg:4326))
2026-08-04 06:59:59,061 - snakemake_workflow - rasterdataset - DEBUG - Clip to [-3.000, 58.000, -2.000, 60.000] (epsg:4326))
2026-08-04 06:59:59,088 - snakemake_workflow - rasterdataset - INFO - Reading population raster data from D:\GFM\inputs\exposure\ppp_2020_1km_Aggregated.tif
2026-08-04 06:59:59,154 - snakemake_workflow - rasterdataset - DEBUG - Clip to [12.000, 54.000, 14.000, 55.000] (epsg:4326))
2026-08-04 06:59:59,404 - snakemake_workflow - rasterdataset - INFO - Reading population raster data from D:\GFM\inputs\exposure\ppp_2020_1km_Aggregated.tif
2026-08-04 06:59:59,446 - snakemake_workflow - rasterdataset - DEBUG - Clip to [13.000, 55.000, 14.000, 57.000] (epsg:4326))
2026-08-04 06:59:59,463 - snakemake_workflow - rasterdataset - INFO - Reading population raster data from D:\GFM\inputs\exposure\ppp_2020_1km_Aggregated.tif
2026-08-04 06:59:59,515 - snakemake_workflow - rasterdataset - DEBUG - Clip to [14.000, 54.000, 16.000, 55.000] (epsg:4326))
2026-08-04 06:59:59,859 - snakemake_workflow - rasterdataset - INFO - Reading population raster data from D:\GFM\inputs\exposure\ppp_2020_1km_Aggregated.tif
2026-08-04 06:59:59,899 - snakemake_workflow - rasterdataset - DEBUG - Clip to [8.000, 54.000, 9.000, 56.000] (epsg:4326))
2026-08-04 07:00:00,577 - snakemake_workflow - rasterdataset - INFO - Reading population raster data from D:\GFM\inputs\exposure\ppp_2020_1km_Aggregated.tif
2026-08-04 07:00:00,615 - snakemake_workflow - rasterdataset - INFO - Reading population raster data from D:\GFM\inputs\exposure\ppp_2020_1km_Aggregated.tif
2026-08-04 07:00:00,621 - snakemake_workflow - rasterdataset - DEBUG - Clip to [9.000, 55.000, 10.000, 57.000] (epsg:4326))
2026-08-04 07:00:00,691 - snakemake_workflow - rasterdataset - INFO - Reading population raster data from D:\GFM\inputs\exposure\ppp_2020_1km_Aggregated.tif
2026-08-04 07:00:00,710 - snakemake_workflow - rasterdataset - DEBUG - Clip to [42.000, 65.000, 44.000, 66.000] (epsg:4326))
2026-08-04 07:00:00,744 - snakemake_workflow - rasterdataset - DEBUG - Clip to [11.000, 55.000, 13.000, 56.000] (epsg:4326))
2026-08-04 07:00:01,059 - snakemake_workflow - rasterdataset - INFO - Reading population raster data from D:\GFM\inputs\exposure\ppp_2020_1km_Aggregated.tif
2026-08-04 07:00:01,068 - snakemake_workflow - rasterdataset - INFO - Reading population raster data from D:\GFM\inputs\exposure\ppp_2020_1km_Aggregated.tif
2026-08-04 07:00:01,103 - snakemake_workflow - rasterdataset - DEBUG - Clip to [13.000, 54.000, 15.000, 55.000] (epsg:4326))
2026-08-04 07:00:01,115 - snakemake_workflow - rasterdataset - INFO - Reading population raster data from D:\GFM\inputs\exposure\ppp_2020_1km_Aggregated.tif
2026-08-04 07:00:01,119 - snakemake_workflow - rasterdataset - DEBUG - Clip to [11.000, 57.000, 12.000, 59.000] (epsg:4326))
2026-08-04 07:00:01,179 - snakemake_workflow - rasterdataset - DEBUG - Clip to [20.000, 59.000, 22.000, 60.000] (epsg:4326))
2026-08-04 07:00:01,384 - snakemake_workflow - rasterdataset - INFO - Reading population raster data from D:\GFM\inputs\exposure\ppp_2020_1km_Aggregated.tif
2026-08-04 07:00:01,436 - snakemake_workflow - rasterdataset - DEBUG - Clip to [68.000, 67.000, 69.000, 69.000] (epsg:4326))
2026-08-04 07:00:01,766 - snakemake_workflow - rasterdataset - INFO - Reading population raster data from D:\GFM\inputs\exposure\ppp_2020_1km_Aggregated.tif
2026-08-04 07:00:01,804 - snakemake_workflow - rasterdataset - DEBUG - Clip to [14.000, 55.000, 15.000, 57.000] (epsg:4326))
2026-08-04 07:00:01,866 - snakemake_workflow - rasterdataset - INFO - Reading population raster data from D:\GFM\inputs\exposure\ppp_2020_1km_Aggregated.tif
2026-08-04 07:00:01,912 - snakemake_workflow - rasterdataset - DEBUG - Clip to [8.000, 56.000, 9.000, 58.000] (epsg:4326))
2026-08-04 07:00:01,939 - snakemake_workflow - rasterdataset - INFO - Reading population raster data from D:\GFM\inputs\exposure\ppp_2020_1km_Aggregated.tif
2026-08-04 07:00:01,993 - snakemake_workflow - rasterdataset - DEBUG - Clip to [74.000, 68.000, 76.000, 69.000] (epsg:4326))
2026-08-04 07:00:02,916 - snakemake_workflow - rasterdataset - INFO - Reading population raster data from D:\GFM\inputs\exposure\ppp_2020_1km_Aggregated.tif
2026-08-04 07:00:02,948 - snakemake_workflow - rasterdataset - DEBUG - Clip to [24.000, 59.000, 26.000, 60.000] (epsg:4326))
2026-08-04 07:00:03,028 - snakemake_workflow - rasterdataset - INFO - Reading population raster data from D:\GFM\inputs\exposure\ppp_2020_1km_Aggregated.tif
2026-08-04 07:00:03,123 - snakemake_workflow - rasterdataset - DEBUG - Clip to [10.000, 57.000, 11.000, 59.000] (epsg:4326))
2026-08-04 07:00:03,522 - snakemake_workflow - rasterdataset - INFO - Reading population raster data from D:\GFM\inputs\exposure\ppp_2020_1km_Aggregated.tif
2026-08-04 07:00:03,554 - snakemake_workflow - rasterdataset - DEBUG - Clip to [42.000, 66.000, 44.000, 67.000] (epsg:4326))
2026-08-04 07:00:03,746 - snakemake_workflow - rasterdataset - INFO - Reading population raster data from D:\GFM\inputs\exposure\ppp_2020_1km_Aggregated.tif
2026-08-04 07:00:04,010 - snakemake_workflow - rasterdataset - DEBUG - Clip to [-20.000, 63.000, -16.000, 64.000] (epsg:4326))
2026-08-04 07:00:04,158 - snakemake_workflow - rasterdataset - INFO - Reading population raster data from D:\GFM\inputs\exposure\ppp_2020_1km_Aggregated.tif
2026-08-04 07:00:04,158 - snakemake_workflow - rasterdataset - INFO - Reading population raster data from D:\GFM\inputs\exposure\ppp_2020_1km_Aggregated.tif
2026-08-04 07:00:04,302 - snakemake_workflow - rasterdataset - DEBUG - Clip to [74.000, 71.000, 75.000, 73.000] (epsg:4326))
2026-08-04 07:00:04,302 - snakemake_workflow - rasterdataset - DEBUG - Clip to [70.000, 66.000, 72.000, 67.000] (epsg:4326))
2026-08-04 07:00:04,561 - snakemake_workflow - rasterdataset - INFO - Reading population raster data from D:\GFM\inputs\exposure\ppp_2020_1km_Aggregated.tif
2026-08-04 07:00:04,685 - snakemake_workflow - rasterdataset - DEBUG - Clip to [67.000, 61.000, 68.000, 63.000] (epsg:4326))
2026-08-04 07:00:04,940 - snakemake_workflow - rasterdataset - INFO - Reading population raster data from D:\GFM\inputs\exposure\ppp_2020_1km_Aggregated.tif
2026-08-04 07:00:05,052 - snakemake_workflow - rasterdataset - DEBUG - Clip to [72.000, 66.000, 73.000, 68.000] (epsg:4326))
2026-08-04 07:00:05,435 - snakemake_workflow - rasterdataset - INFO - Reading population raster data from D:\GFM\inputs\exposure\ppp_2020_1km_Aggregated.tif
2026-08-04 07:00:05,464 - snakemake_workflow - rasterdataset - DEBUG - Clip to [76.000, 68.000, 78.000, 69.000] (epsg:4326))
2026-08-04 07:00:05,723 - snakemake_workflow - rasterdataset - INFO - Reading population raster data from D:\GFM\inputs\exposure\ppp_2020_1km_Aggregated.tif
2026-08-04 07:00:05,739 - snakemake_workflow - rasterdataset - DEBUG - Clip to [21.000, 56.000, 22.000, 58.000] (epsg:4326))
2026-08-04 07:00:08,034 - snakemake_workflow - rasterdataset - INFO - Reading population raster data from D:\GFM\inputs\exposure\ppp_2020_1km_Aggregated.tif
2026-08-04 07:00:08,057 - snakemake_workflow - rasterdataset - DEBUG - Clip to [63.000, 63.000, 65.000, 64.000] (epsg:4326))
2026-08-04 07:00:08,287 - snakemake_workflow - rasterdataset - INFO - Reading population raster data from D:\GFM\inputs\exposure\ppp_2020_1km_Aggregated.tif
2026-08-04 07:00:08,311 - snakemake_workflow - rasterdataset - DEBUG - Clip to [38.000, 63.000, 40.000, 64.000] (epsg:4326))
2026-08-04 07:00:08,406 - snakemake_workflow - rasterdataset - INFO - Reading population raster data from D:\GFM\inputs\exposure\ppp_2020_1km_Aggregated.tif
2026-08-04 07:00:08,533 - snakemake_workflow - rasterdataset - INFO - Reading population raster data from D:\GFM\inputs\exposure\ppp_2020_1km_Aggregated.tif
2026-08-04 07:00:08,565 - snakemake_workflow - rasterdataset - DEBUG - Clip to [71.000, 69.000, 72.000, 71.000] (epsg:4326))
2026-08-04 07:00:08,568 - snakemake_workflow - rasterdataset - DEBUG - Clip to [75.000, 69.000, 77.000, 70.000] (epsg:4326))
2026-08-04 07:00:08,772 - snakemake_workflow - rasterdataset - INFO - Reading population raster data from D:\GFM\inputs\exposure\ppp_2020_1km_Aggregated.tif
2026-08-04 07:00:08,844 - snakemake_workflow - rasterdataset - INFO - Reading population raster data from D:\GFM\inputs\exposure\ppp_2020_1km_Aggregated.tif
2026-08-04 07:00:08,870 - snakemake_workflow - rasterdataset - DEBUG - Clip to [77.000, 72.000, 79.000, 73.000] (epsg:4326))
2026-08-04 07:00:08,874 - snakemake_workflow - rasterdataset - DEBUG - Clip to [71.000, 70.000, 72.000, 72.000] (epsg:4326))
2026-08-04 07:00:09,096 - snakemake_workflow - rasterdataset - INFO - Reading population raster data from D:\GFM\inputs\exposure\ppp_2020_1km_Aggregated.tif
2026-08-04 07:00:09,107 - snakemake_workflow - rasterdataset - DEBUG - Clip to [76.000, 69.000, 78.000, 70.000] (epsg:4326))
2026-08-04 07:00:11,436 - snakemake_workflow - rasterdataset - INFO - Reading population raster data from D:\GFM\inputs\exposure\ppp_2020_1km_Aggregated.tif
2026-08-04 07:00:11,467 - snakemake_workflow - rasterdataset - DEBUG - Clip to [42.000, 62.000, 43.000, 64.000] (epsg:4326))
2026-08-04 07:00:11,627 - snakemake_workflow - rasterdataset - INFO - Reading population raster data from D:\GFM\inputs\exposure\ppp_2020_1km_Aggregated.tif
2026-08-04 07:00:11,675 - snakemake_workflow - rasterdataset - DEBUG - Clip to [-22.000, 63.000, -19.000, 64.000] (epsg:4326))
2026-08-04 07:00:11,833 - snakemake_workflow - rasterdataset - INFO - Reading population raster data from D:\GFM\inputs\exposure\ppp_2020_1km_Aggregated.tif
2026-08-04 07:00:11,833 - snakemake_workflow - rasterdataset - INFO - Reading population raster data from D:\GFM\inputs\exposure\ppp_2020_1km_Aggregated.tif
2026-08-04 07:00:11,859 - snakemake_workflow - rasterdataset - DEBUG - Clip to [74.000, 70.000, 75.000, 72.000] (epsg:4326))
2026-08-04 07:00:11,859 - snakemake_workflow - rasterdataset - DEBUG - Clip to [77.000, 67.000, 79.000, 68.000] (epsg:4326))
2026-08-04 07:00:11,984 - snakemake_workflow - rasterdataset - INFO - Reading population raster data from D:\GFM\inputs\exposure\ppp_2020_1km_Aggregated.tif
2026-08-04 07:00:11,993 - snakemake_workflow - rasterdataset - INFO - Reading population raster data from D:\GFM\inputs\exposure\ppp_2020_1km_Aggregated.tif
2026-08-04 07:00:12,009 - snakemake_workflow - rasterdataset - DEBUG - Clip to [74.000, 67.000, 76.000, 68.000] (epsg:4326))
2026-08-04 07:00:12,019 - snakemake_workflow - rasterdataset - DEBUG - Clip to [75.000, 67.000, 77.000, 68.000] (epsg:4326))
2026-08-04 07:00:12,834 - snakemake_workflow - rasterdataset - INFO - Reading population raster data from D:\GFM\inputs\exposure\ppp_2020_1km_Aggregated.tif
2026-08-04 07:00:12,856 - snakemake_workflow - rasterdataset - DEBUG - Clip to [74.000, 70.000, 76.000, 71.000] (epsg:4326))
2026-08-04 07:00:13,000 - snakemake_workflow - rasterdataset - INFO - Reading population raster data from D:\GFM\inputs\exposure\ppp_2020_1km_Aggregated.tif
2026-08-04 07:00:13,032 - snakemake_workflow - rasterdataset - DEBUG - Clip to [76.000, 70.000, 77.000, 72.000] (epsg:4326))
2026-08-04 07:00:13,424 - snakemake_workflow - rasterdataset - INFO - Reading population raster data from D:\GFM\inputs\exposure\ppp_2020_1km_Aggregated.tif
2026-08-04 07:00:13,449 - snakemake_workflow - rasterdataset - DEBUG - Clip to [76.000, 72.000, 78.000, 73.000] (epsg:4326))
2026-08-04 07:00:13,518 - snakemake_workflow - rasterdataset - INFO - Reading population raster data from D:\GFM\inputs\exposure\ppp_2020_1km_Aggregated.tif
2026-08-04 07:00:13,551 - snakemake_workflow - rasterdataset - DEBUG - Clip to [71.000, 67.000, 72.000, 69.000] (epsg:4326))
2026-08-04 07:00:14,071 - snakemake_workflow - rasterdataset - INFO - Reading population raster data from D:\GFM\inputs\exposure\ppp_2020_1km_Aggregated.tif
2026-08-04 07:00:14,092 - snakemake_workflow - rasterdataset - DEBUG - Clip to [79.000, 66.000, 81.000, 67.000] (epsg:4326))
  filter_and_shave_chunks: 2000/3719 checked, 1842 kept so far (1474s elapsed)
  filter_and_shave_chunks: 2200/3719 checked, 2025 kept so far (1474s elapsed)
2026-08-04 07:00:14,545 - snakemake_workflow - rasterdataset - INFO - Reading population raster data from D:\GFM\inputs\exposure\ppp_2020_1km_Aggregated.tif
2026-08-04 07:00:14,572 - snakemake_workflow - rasterdataset - DEBUG - Clip to [80.000, 67.000, 82.000, 68.000] (epsg:4326))
2026-08-04 07:00:14,587 - snakemake_workflow - rasterdataset - INFO - Reading population raster data from D:\GFM\inputs\exposure\ppp_2020_1km_Aggregated.tif
2026-08-04 07:00:14,602 - snakemake_workflow - rasterdataset - DEBUG - Clip to [78.000, 72.000, 80.000, 73.000] (epsg:4326))
2026-08-04 07:00:15,030 - snakemake_workflow - rasterdataset - INFO - Reading population raster data from D:\GFM\inputs\exposure\ppp_2020_1km_Aggregated.tif
2026-08-04 07:00:15,061 - snakemake_workflow - rasterdataset - DEBUG - Clip to [81.000, 70.000, 83.000, 71.000] (epsg:4326))
2026-08-04 07:00:15,189 - snakemake_workflow - rasterdataset - INFO - Reading population raster data from D:\GFM\inputs\exposure\ppp_2020_1km_Aggregated.tif
2026-08-04 07:00:15,348 - snakemake_workflow - rasterdataset - DEBUG - Clip to [75.000, 70.000, 76.000, 72.000] (epsg:4326))
2026-08-04 07:00:15,843 - snakemake_workflow - rasterdataset - INFO - Reading population raster data from D:\GFM\inputs\exposure\ppp_2020_1km_Aggregated.tif
2026-08-04 07:00:15,865 - snakemake_workflow - rasterdataset - DEBUG - Clip to [78.000, 70.000, 80.000, 71.000] (epsg:4326))
2026-08-04 07:00:16,203 - snakemake_workflow - rasterdataset - INFO - Reading population raster data from D:\GFM\inputs\exposure\ppp_2020_1km_Aggregated.tif
2026-08-04 07:00:16,224 - snakemake_workflow - rasterdataset - DEBUG - Clip to [77.000, 69.000, 79.000, 70.000] (epsg:4326))
2026-08-04 07:00:16,400 - snakemake_workflow - rasterdataset - INFO - Reading population raster data from D:\GFM\inputs\exposure\ppp_2020_1km_Aggregated.tif
2026-08-04 07:00:16,422 - snakemake_workflow - rasterdataset - DEBUG - Clip to [77.000, 66.000, 79.000, 67.000] (epsg:4326))
2026-08-04 07:00:17,211 - snakemake_workflow - rasterdataset - INFO - Reading population raster data from D:\GFM\inputs\exposure\ppp_2020_1km_Aggregated.tif
2026-08-04 07:00:17,211 - snakemake_workflow - rasterdataset - INFO - Reading population raster data from D:\GFM\inputs\exposure\ppp_2020_1km_Aggregated.tif
2026-08-04 07:00:17,237 - snakemake_workflow - rasterdataset - DEBUG - Clip to [79.000, 71.000, 81.000, 72.000] (epsg:4326))
2026-08-04 07:00:17,237 - snakemake_workflow - rasterdataset - DEBUG - Clip to [81.000, 69.000, 83.000, 70.000] (epsg:4326))
2026-08-04 07:00:18,366 - snakemake_workflow - rasterdataset - INFO - Reading population raster data from D:\GFM\inputs\exposure\ppp_2020_1km_Aggregated.tif
2026-08-04 07:00:18,366 - snakemake_workflow - rasterdataset - INFO - Reading population raster data from D:\GFM\inputs\exposure\ppp_2020_1km_Aggregated.tif
2026-08-04 07:00:18,399 - snakemake_workflow - rasterdataset - DEBUG - Clip to [82.000, 68.000, 84.000, 69.000] (epsg:4326))
2026-08-04 07:00:18,413 - snakemake_workflow - rasterdataset - DEBUG - Clip to [78.000, 66.000, 80.000, 67.000] (epsg:4326))
2026-08-04 07:00:18,953 - snakemake_workflow - rasterdataset - INFO - Reading population raster data from D:\GFM\inputs\exposure\ppp_2020_1km_Aggregated.tif
2026-08-04 07:00:18,981 - snakemake_workflow - rasterdataset - DEBUG - Clip to [78.000, 69.000, 80.000, 70.000] (epsg:4326))
2026-08-04 07:00:19,049 - snakemake_workflow - rasterdataset - INFO - Reading population raster data from D:\GFM\inputs\exposure\ppp_2020_1km_Aggregated.tif
2026-08-04 07:00:19,081 - snakemake_workflow - rasterdataset - DEBUG - Clip to [102.000, 77.000, 104.000, 78.000] (epsg:4326))
2026-08-04 07:00:19,619 - snakemake_workflow - rasterdataset - INFO - Reading population raster data from D:\GFM\inputs\exposure\ppp_2020_1km_Aggregated.tif
2026-08-04 07:00:19,648 - snakemake_workflow - rasterdataset - DEBUG - Clip to [81.000, 73.000, 83.000, 74.000] (epsg:4326))
2026-08-04 07:00:19,765 - snakemake_workflow - rasterdataset - INFO - Reading population raster data from D:\GFM\inputs\exposure\ppp_2020_1km_Aggregated.tif
2026-08-04 07:00:19,872 - snakemake_workflow - rasterdataset - DEBUG - Clip to [79.000, 67.000, 81.000, 68.000] (epsg:4326))
2026-08-04 07:00:19,940 - snakemake_workflow - rasterdataset - INFO - Reading population raster data from D:\GFM\inputs\exposure\ppp_2020_1km_Aggregated.tif
2026-08-04 07:00:19,940 - snakemake_workflow - rasterdataset - INFO - Reading population raster data from D:\GFM\inputs\exposure\ppp_2020_1km_Aggregated.tif
2026-08-04 07:00:19,971 - snakemake_workflow - rasterdataset - DEBUG - Clip to [82.000, 70.000, 84.000, 71.000] (epsg:4326))
2026-08-04 07:00:19,971 - snakemake_workflow - rasterdataset - DEBUG - Clip to [79.000, 72.000, 81.000, 73.000] (epsg:4326))
2026-08-04 07:00:20,479 - snakemake_workflow - rasterdataset - INFO - Reading population raster data from D:\GFM\inputs\exposure\ppp_2020_1km_Aggregated.tif
2026-08-04 07:00:20,503 - snakemake_workflow - rasterdataset - DEBUG - Clip to [103.000, 75.000, 104.000, 77.000] (epsg:4326))
2026-08-04 07:00:20,541 - snakemake_workflow - rasterdataset - INFO - Reading population raster data from D:\GFM\inputs\exposure\ppp_2020_1km_Aggregated.tif
2026-08-04 07:00:20,616 - snakemake_workflow - rasterdataset - INFO - Reading population raster data from D:\GFM\inputs\exposure\ppp_2020_1km_Aggregated.tif
2026-08-04 07:00:20,632 - snakemake_workflow - rasterdataset - DEBUG - Clip to [79.000, 69.000, 81.000, 70.000] (epsg:4326))
2026-08-04 07:00:20,643 - snakemake_workflow - rasterdataset - DEBUG - Clip to [82.000, 65.000, 83.000, 67.000] (epsg:4326))
2026-08-04 07:00:21,640 - snakemake_workflow - rasterdataset - INFO - Reading population raster data from D:\GFM\inputs\exposure\ppp_2020_1km_Aggregated.tif
2026-08-04 07:00:21,679 - snakemake_workflow - rasterdataset - DEBUG - Clip to [98.000, 78.000, 100.000, 79.000] (epsg:4326))
2026-08-04 07:00:21,815 - snakemake_workflow - rasterdataset - INFO - Reading population raster data from D:\GFM\inputs\exposure\ppp_2020_1km_Aggregated.tif
2026-08-04 07:00:21,815 - snakemake_workflow - rasterdataset - INFO - Reading population raster data from D:\GFM\inputs\exposure\ppp_2020_1km_Aggregated.tif
2026-08-04 07:00:21,815 - snakemake_workflow - rasterdataset - INFO - Reading population raster data from D:\GFM\inputs\exposure\ppp_2020_1km_Aggregated.tif
2026-08-04 07:00:21,831 - snakemake_workflow - rasterdataset - DEBUG - Clip to [82.000, 73.000, 83.000, 75.000] (epsg:4326))
2026-08-04 07:00:21,852 - snakemake_workflow - rasterdataset - DEBUG - Clip to [81.000, 69.000, 82.000, 71.000] (epsg:4326))
2026-08-04 07:00:21,852 - snakemake_workflow - rasterdataset - DEBUG - Clip to [139.000, 73.000, 140.000, 75.000] (epsg:4326))
2026-08-04 07:00:22,191 - snakemake_workflow - rasterdataset - INFO - Reading population raster data from D:\GFM\inputs\exposure\ppp_2020_1km_Aggregated.tif
2026-08-04 07:00:22,197 - snakemake_workflow - rasterdataset - DEBUG - Clip to [80.000, 69.000, 81.000, 71.000] (epsg:4326))
2026-08-04 07:00:22,346 - snakemake_workflow - rasterdataset - INFO - Reading population raster data from D:\GFM\inputs\exposure\ppp_2020_1km_Aggregated.tif
2026-08-04 07:00:22,372 - snakemake_workflow - rasterdataset - DEBUG - Clip to [81.000, 71.000, 83.000, 72.000] (epsg:4326))
2026-08-04 07:00:22,945 - snakemake_workflow - rasterdataset - INFO - Reading population raster data from D:\GFM\inputs\exposure\ppp_2020_1km_Aggregated.tif
2026-08-04 07:00:22,960 - snakemake_workflow - rasterdataset - DEBUG - Clip to [142.000, 73.000, 143.000, 75.000] (epsg:4326))
2026-08-04 07:00:23,104 - snakemake_workflow - rasterdataset - INFO - Reading population raster data from D:\GFM\inputs\exposure\ppp_2020_1km_Aggregated.tif
2026-08-04 07:00:23,280 - snakemake_workflow - rasterdataset - INFO - Reading population raster data from D:\GFM\inputs\exposure\ppp_2020_1km_Aggregated.tif
2026-08-04 07:00:23,280 - snakemake_workflow - rasterdataset - INFO - Reading population raster data from D:\GFM\inputs\exposure\ppp_2020_1km_Aggregated.tif
2026-08-04 07:00:23,295 - snakemake_workflow - rasterdataset - DEBUG - Clip to [104.000, 77.000, 106.000, 78.000] (epsg:4326))
2026-08-04 07:00:23,391 - snakemake_workflow - rasterdataset - DEBUG - Clip to [82.000, 69.000, 83.000, 71.000] (epsg:4326))
2026-08-04 07:00:23,494 - snakemake_workflow - rasterdataset - DEBUG - Clip to [82.000, 69.000, 84.000, 70.000] (epsg:4326))
2026-08-04 07:00:23,877 - snakemake_workflow - rasterdataset - INFO - Reading population raster data from D:\GFM\inputs\exposure\ppp_2020_1km_Aggregated.tif
2026-08-04 07:00:23,895 - snakemake_workflow - rasterdataset - INFO - Reading population raster data from D:\GFM\inputs\exposure\ppp_2020_1km_Aggregated.tif
2026-08-04 07:00:23,910 - snakemake_workflow - rasterdataset - DEBUG - Clip to [101.000, 76.000, 103.000, 77.000] (epsg:4326))
2026-08-04 07:00:23,928 - snakemake_workflow - rasterdataset - DEBUG - Clip to [154.000, 70.000, 156.000, 71.000] (epsg:4326))
2026-08-04 07:00:24,041 - snakemake_workflow - rasterdataset - INFO - Reading population raster data from D:\GFM\inputs\exposure\ppp_2020_1km_Aggregated.tif
2026-08-04 07:00:24,073 - snakemake_workflow - rasterdataset - DEBUG - Clip to [138.000, 70.000, 140.000, 71.000] (epsg:4326))
2026-08-04 07:00:24,473 - snakemake_workflow - rasterdataset - INFO - Reading population raster data from D:\GFM\inputs\exposure\ppp_2020_1km_Aggregated.tif
2026-08-04 07:00:24,502 - snakemake_workflow - rasterdataset - DEBUG - Clip to [156.000, 69.000, 158.000, 70.000] (epsg:4326))
2026-08-04 07:00:24,964 - snakemake_workflow - rasterdataset - INFO - Reading population raster data from D:\GFM\inputs\exposure\ppp_2020_1km_Aggregated.tif
2026-08-04 07:00:24,980 - snakemake_workflow - rasterdataset - DEBUG - Clip to [81.000, 68.000, 83.000, 69.000] (epsg:4326))
2026-08-04 07:00:25,650 - snakemake_workflow - rasterdataset - INFO - Reading population raster data from D:\GFM\inputs\exposure\ppp_2020_1km_Aggregated.tif
2026-08-04 07:00:25,682 - snakemake_workflow - rasterdataset - DEBUG - Clip to [84.000, 71.000, 85.000, 73.000] (epsg:4326))
2026-08-04 07:00:26,509 - snakemake_workflow - rasterdataset - INFO - Reading population raster data from D:\GFM\inputs\exposure\ppp_2020_1km_Aggregated.tif
2026-08-04 07:00:26,529 - snakemake_workflow - rasterdataset - DEBUG - Clip to [103.000, 77.000, 105.000, 78.000] (epsg:4326))
2026-08-04 07:00:26,598 - snakemake_workflow - rasterdataset - INFO - Reading population raster data from D:\GFM\inputs\exposure\ppp_2020_1km_Aggregated.tif
2026-08-04 07:00:26,618 - snakemake_workflow - rasterdataset - DEBUG - Clip to [143.000, 71.000, 145.000, 72.000] (epsg:4326))
2026-08-04 07:00:26,797 - snakemake_workflow - rasterdataset - INFO - Reading population raster data from D:\GFM\inputs\exposure\ppp_2020_1km_Aggregated.tif
2026-08-04 07:00:26,956 - snakemake_workflow - rasterdataset - DEBUG - Clip to [140.000, 73.000, 141.000, 75.000] (epsg:4326))
2026-08-04 07:00:27,403 - snakemake_workflow - rasterdataset - INFO - Reading population raster data from D:\GFM\inputs\exposure\ppp_2020_1km_Aggregated.tif
2026-08-04 07:00:27,417 - snakemake_workflow - rasterdataset - DEBUG - Clip to [140.000, 74.000, 141.000, 76.000] (epsg:4326))
2026-08-04 07:00:27,662 - snakemake_workflow - rasterdataset - INFO - Reading population raster data from D:\GFM\inputs\exposure\ppp_2020_1km_Aggregated.tif
2026-08-04 07:00:27,672 - snakemake_workflow - rasterdataset - DEBUG - Clip to [150.000, 70.000, 152.000, 71.000] (epsg:4326))
2026-08-04 07:00:28,246 - snakemake_workflow - rasterdataset - INFO - Reading population raster data from D:\GFM\inputs\exposure\ppp_2020_1km_Aggregated.tif
2026-08-04 07:00:28,262 - snakemake_workflow - rasterdataset - DEBUG - Clip to [157.000, 70.000, 159.000, 71.000] (epsg:4326))
2026-08-04 07:00:28,867 - snakemake_workflow - rasterdataset - INFO - Reading population raster data from D:\GFM\inputs\exposure\ppp_2020_1km_Aggregated.tif
2026-08-04 07:00:28,900 - snakemake_workflow - rasterdataset - DEBUG - Clip to [142.000, 71.000, 144.000, 72.000] (epsg:4326))
2026-08-04 07:00:30,034 - snakemake_workflow - rasterdataset - INFO - Reading population raster data from D:\GFM\inputs\exposure\ppp_2020_1km_Aggregated.tif
2026-08-04 07:00:30,063 - snakemake_workflow - rasterdataset - DEBUG - Clip to [151.000, 70.000, 152.000, 72.000] (epsg:4326))
2026-08-04 07:00:30,462 - snakemake_workflow - rasterdataset - INFO - Reading population raster data from D:\GFM\inputs\exposure\ppp_2020_1km_Aggregated.tif
2026-08-04 07:00:30,478 - snakemake_workflow - rasterdataset - DEBUG - Clip to [142.000, 74.000, 143.000, 76.000] (epsg:4326))
2026-08-04 07:00:30,554 - snakemake_workflow - rasterdataset - INFO - Reading population raster data from D:\GFM\inputs\exposure\ppp_2020_1km_Aggregated.tif
2026-08-04 07:00:30,568 - snakemake_workflow - rasterdataset - DEBUG - Clip to [143.000, 72.000, 144.000, 74.000] (epsg:4326))
2026-08-04 07:00:30,777 - snakemake_workflow - rasterdataset - INFO - Reading population raster data from D:\GFM\inputs\exposure\ppp_2020_1km_Aggregated.tif
2026-08-04 07:00:30,802 - snakemake_workflow - rasterdataset - DEBUG - Clip to [158.000, 69.000, 160.000, 70.000] (epsg:4326))
2026-08-04 07:00:31,592 - snakemake_workflow - rasterdataset - INFO - Reading population raster data from D:\GFM\inputs\exposure\ppp_2020_1km_Aggregated.tif
2026-08-04 07:00:31,608 - snakemake_workflow - rasterdataset - DEBUG - Clip to [153.000, 67.000, 155.000, 68.000] (epsg:4326))
2026-08-04 07:00:31,975 - snakemake_workflow - rasterdataset - INFO - Reading population raster data from D:\GFM\inputs\exposure\ppp_2020_1km_Aggregated.tif
2026-08-04 07:00:32,006 - snakemake_workflow - rasterdataset - DEBUG - Clip to [154.000, 68.000, 156.000, 69.000] (epsg:4326))
2026-08-04 07:00:32,913 - snakemake_workflow - rasterdataset - INFO - Reading population raster data from D:\GFM\inputs\exposure\ppp_2020_1km_Aggregated.tif
2026-08-04 07:00:32,945 - snakemake_workflow - rasterdataset - DEBUG - Clip to [49.000, 46.000, 51.000, 47.000] (epsg:4326))
concurrent.futures.process._RemoteTraceback: 
"""
Traceback (most recent call last):
  File "C:\Users\Schlu005\GFM\.pixi\envs\default\Lib\concurrent\futures\process.py", line 261, in _process_worker
    r = call_item.fn(*call_item.args, **call_item.kwargs)
        ^^^^^^^^^^^^^^^^^^^^^^^^^^^^^^^^^^^^^^^^^^^^^^^^^
  File "C:\Users\Schlu005\GFM\.pixi\envs\default\Lib\concurrent\futures\process.py", line 210, in _process_chunk
    return [fn(*args) for args in chunk]
           ^^^^^^^^^^^^^^^^^^^^^^^^^^^^^
  File "C:\Users\Schlu005\GFM\.pixi\envs\default\Lib\concurrent\futures\process.py", line 210, in <listcomp>
    return [fn(*args) for args in chunk]
            ^^^^^^^^^
  File "C:\Users\Schlu005\GFM\snakemake_workflow\src\tile_chunking.py", line 1306, in _stage_a_one
    if not _has_exposure(bbox, _worker_data_catalog, _worker_population_source):
           ^^^^^^^^^^^^^^^^^^^^^^^^^^^^^^^^^^^^^^^^^^^^^^^^^^^^^^^^^^^^^^^^^^^^
  File "C:\Users\Schlu005\GFM\snakemake_workflow\src\tile_chunking.py", line 1272, in _has_exposure
    vals = da.values
           ^^^^^^^^^
  File "C:\Users\Schlu005\GFM\.pixi\envs\default\Lib\site-packages\xarray\core\dataarray.py", line 785, in values
    return self.variable.values
           ^^^^^^^^^^^^^^^^^^^^
  File "C:\Users\Schlu005\GFM\.pixi\envs\default\Lib\site-packages\xarray\core\variable.py", line 540, in values
    return _as_array_or_item(self._data)
           ^^^^^^^^^^^^^^^^^^^^^^^^^^^^^
  File "C:\Users\Schlu005\GFM\.pixi\envs\default\Lib\site-packages\xarray\core\variable.py", line 338, in _as_array_or_item
    data = np.asarray(data)
           ^^^^^^^^^^^^^^^^
  File "C:\Users\Schlu005\GFM\.pixi\envs\default\Lib\site-packages\dask\array\core.py", line 1693, in __array__
    x = self.compute()
        ^^^^^^^^^^^^^^
  File "C:\Users\Schlu005\GFM\.pixi\envs\default\Lib\site-packages\dask\base.py", line 375, in compute
    (result,) = compute(self, traverse=False, **kwargs)
                ^^^^^^^^^^^^^^^^^^^^^^^^^^^^^^^^^^^^^^^
  File "C:\Users\Schlu005\GFM\.pixi\envs\default\Lib\site-packages\dask\base.py", line 661, in compute
    results = schedule(dsk, keys, **kwargs)
              ^^^^^^^^^^^^^^^^^^^^^^^^^^^^^
  File "C:\Users\Schlu005\GFM\.pixi\envs\default\Lib\site-packages\dask\array\chunk.py", line 420, in getitem
    result = obj[index]
             ~~~^^^^^^^
numpy.core._exceptions._ArrayMemoryError: Unable to allocate 3.01 GiB for an array with shape (43200, 18720) and data type float32
"""

The above exception was the direct cause of the following exception:

Traceback (most recent call last):
  File "C:\Users\Schlu005\GFM\snakemake_workflow\preparation\run_preparation.py", line 93, in _run_step
    fn(**kwargs)
  File "C:\Users\Schlu005\GFM\snakemake_workflow\preparation\build_tile_manifest.py", line 125, in run
    shaved = filter_and_shave_chunks(
             ^^^^^^^^^^^^^^^^^^^^^^^^
  File "C:\Users\Schlu005\GFM\snakemake_workflow\src\tile_chunking.py", line 1333, in filter_and_shave_chunks
    for i, result in enumerate(ex.map(_stage_a_one, bboxes, chunksize=4)):
  File "C:\Users\Schlu005\GFM\.pixi\envs\default\Lib\concurrent\futures\process.py", line 620, in _chain_from_iterable_of_lists
    for element in iterable:
  File "C:\Users\Schlu005\GFM\.pixi\envs\default\Lib\concurrent\futures\_base.py", line 619, in result_iterator
    yield _result_or_cancel(fs.pop())
          ^^^^^^^^^^^^^^^^^^^^^^^^^^^
  File "C:\Users\Schlu005\GFM\.pixi\envs\default\Lib\concurrent\futures\_base.py", line 317, in _result_or_cancel
    return fut.result(timeout)
           ^^^^^^^^^^^^^^^^^^^
  File "C:\Users\Schlu005\GFM\.pixi\envs\default\Lib\concurrent\futures\_base.py", line 449, in result
    return self.__get_result()
           ^^^^^^^^^^^^^^^^^^^
  File "C:\Users\Schlu005\GFM\.pixi\envs\default\Lib\concurrent\futures\_base.py", line 401, in __get_result
    raise self._exception
numpy.core._exceptions._ArrayMemoryError: Unable to allocate 3.01 GiB for an array with shape (43200, 18720) and data type float32

  [FAIL] FAILED after 2923s - Build DeltaDTM-tile chunk manifest -> tile_grid.path

  [ SKIP ] Boundary conditions

============================================================
  Preparation pipeline complete  (48.7 min)
============================================================
  [FAIL]  tile_generation

  Some steps failed � check output above.
