 WARN Encountered 1 warning while parsing the manifest:
  ⚠ The `project` field is deprecated. Use `workspace` instead.
    ╭─[C:\Users\Schlu005\GFM\pixi.toml:1:1]
  1 │ ╭─▶ [project]
  2 │ │   name = "GFM"
  3 │ │   version = "0.1.0"
  4 │ │   description = "Add a short description here"
  5 │ │   authors = ["Maarten Pronk <git@evetion.nl>"]
  6 │ │   channels = ["conda-forge"]
  7 │ │   platforms = ["osx-arm64", "win-64", "linux-64"]
  8 │ │   readme = "README.md"
  9 │ │   license = "MIT"
 10 │ │   license-file = "LICENSE"
 11 │ │   homepage = "https://github.com/Deltares-research/GFM/"
 12 │ │   documentation = "https://github.com/Deltares-research/GFM/"
 13 │ ├─▶ repository = "https://github.com/Deltares-research/GFM/"
    · ╰──── replace this with 'workspace'
 14 │     
    ╰────


  [ SKIP ] Download DeltaDTM tiles

============================================================
  Build DeltaDTM-tile chunk manifest -> tile_grid.path
============================================================
2026-08-04 17:40:50,256 - snakemake_workflow - log - INFO - HydroMT version: 0.9.4
17:40:50  INFO      HydroMT version: 0.9.4
2026-08-04 17:40:50,256 - snakemake_workflow - data_catalog - INFO - Parsing data catalog from C:\Users\Schlu005\GFM\snakemake_workflow\config\data_catalog_gfm.yml
17:40:50  INFO      Parsing data catalog from C:\Users\Schlu005\GFM\snakemake_workflow\config\data_catalog_gfm.yml
Stage 1: build_tile_index
  7417 DeltaDTM tiles found

Stage 2: filter_floodable_tiles (+ river-mouth marking)
  filter_floodable_tiles: 500/7417 checked, 477 floodable, 10 river-mouth so far (166s elapsed)
  filter_floodable_tiles: 1000/7417 checked, 966 floodable, 19 river-mouth so far (291s elapsed)
  filter_floodable_tiles: 1500/7417 checked, 1456 floodable, 31 river-mouth so far (423s elapsed)
  filter_floodable_tiles: 2000/7417 checked, 1948 floodable, 46 river-mouth so far (558s elapsed)
  filter_floodable_tiles: 2500/7417 checked, 2444 floodable, 47 river-mouth so far (696s elapsed)
  filter_floodable_tiles: 3000/7417 checked, 2940 floodable, 49 river-mouth so far (785s elapsed)
  filter_floodable_tiles: 3500/7417 checked, 3428 floodable, 52 river-mouth so far (866s elapsed)
  filter_floodable_tiles: 4000/7417 checked, 3923 floodable, 53 river-mouth so far (953s elapsed)
  filter_floodable_tiles: 4500/7417 checked, 4415 floodable, 56 river-mouth so far (1037s elapsed)
  filter_floodable_tiles: 5000/7417 checked, 4905 floodable, 61 river-mouth so far (1106s elapsed)
  filter_floodable_tiles: 5500/7417 checked, 5392 floodable, 62 river-mouth so far (1158s elapsed)
  filter_floodable_tiles: 6000/7417 checked, 5841 floodable, 71 river-mouth so far (1264s elapsed)
  filter_floodable_tiles: 6500/7417 checked, 6329 floodable, 77 river-mouth so far (1381s elapsed)
  filter_floodable_tiles: 7000/7417 checked, 6798 floodable, 79 river-mouth so far (1497s elapsed)
  river-mouth speckle re-check: 5/79 candidates dropped (isolated inland water miscoded as ocean, not real coast)
  7186/7417 tiles kept (74 river-mouth)
  74 river-mouth seed tiles -> D:\GFM\inputs\mask\river_mouth_seeds.gpkg

Stage 3: build_chunks (river-mouth seeded) + overlap cleanup
  10241 chunks before overlap cleanup
  2429 chunks after reduce_overlap
  2384 chunks after add_minimum_overlap (1698 pairs left unresolved)
  3719 chunks after add_connector_chunks (1335 connectors, bridging 1698 pairs)

Stage 4: filter_and_shave_chunks (3719 chunks)
2026-08-04 18:09:13,022 - snakemake_workflow - log - INFO - HydroMT version: 0.9.4
2026-08-04 18:09:13,022 - snakemake_workflow - data_catalog - INFO - Parsing data catalog from C:\Users\Schlu005\GFM\snakemake_workflow\config\data_catalog_gfm.yml
2026-08-04 18:09:13,096 - snakemake_workflow - rasterdataset - INFO - Reading population raster data from D:\GFM\inputs\exposure\ppp_2020_1km_Aggregated.tif
2026-08-04 18:09:13,269 - snakemake_workflow - rasterdataset - DEBUG - Clip to [-72.000, -56.000, -68.000, -52.000] (epsg:4326))
2026-08-04 18:09:17,725 - snakemake_workflow - log - INFO - HydroMT version: 0.9.4
2026-08-04 18:09:17,725 - snakemake_workflow - data_catalog - INFO - Parsing data catalog from C:\Users\Schlu005\GFM\snakemake_workflow\config\data_catalog_gfm.yml
2026-08-04 18:09:17,788 - snakemake_workflow - rasterdataset - INFO - Reading population raster data from D:\GFM\inputs\exposure\ppp_2020_1km_Aggregated.tif
2026-08-04 18:09:17,865 - snakemake_workflow - rasterdataset - DEBUG - Clip to [-67.000, 44.000, -63.000, 48.000] (epsg:4326))
2026-08-04 18:09:18,967 - snakemake_workflow - rasterdataset - INFO - Reading population raster data from D:\GFM\inputs\exposure\ppp_2020_1km_Aggregated.tif
2026-08-04 18:09:19,001 - snakemake_workflow - rasterdataset - DEBUG - Clip to [-115.000, 26.000, -111.000, 30.000] (epsg:4326))
2026-08-04 18:09:22,755 - snakemake_workflow - log - INFO - HydroMT version: 0.9.4
2026-08-04 18:09:22,755 - snakemake_workflow - data_catalog - INFO - Parsing data catalog from C:\Users\Schlu005\GFM\snakemake_workflow\config\data_catalog_gfm.yml
2026-08-04 18:09:22,823 - snakemake_workflow - rasterdataset - INFO - Reading population raster data from D:\GFM\inputs\exposure\ppp_2020_1km_Aggregated.tif
2026-08-04 18:09:22,898 - snakemake_workflow - rasterdataset - DEBUG - Clip to [-67.000, 63.000, -63.000, 67.000] (epsg:4326))
2026-08-04 18:09:24,294 - snakemake_workflow - rasterdataset - INFO - Reading population raster data from D:\GFM\inputs\exposure\ppp_2020_1km_Aggregated.tif
2026-08-04 18:09:24,325 - snakemake_workflow - rasterdataset - INFO - Reading population raster data from D:\GFM\inputs\exposure\ppp_2020_1km_Aggregated.tif
2026-08-04 18:09:24,328 - snakemake_workflow - rasterdataset - DEBUG - Clip to [-64.000, 44.000, -62.000, 48.000] (epsg:4326))
2026-08-04 18:09:24,352 - snakemake_workflow - rasterdataset - DEBUG - Clip to [-116.000, 27.000, -114.000, 30.000] (epsg:4326))
2026-08-04 18:09:25,731 - snakemake_workflow - rasterdataset - INFO - Reading population raster data from D:\GFM\inputs\exposure\ppp_2020_1km_Aggregated.tif
2026-08-04 18:09:25,762 - snakemake_workflow - rasterdataset - DEBUG - Clip to [-116.000, 30.000, -112.000, 31.000] (epsg:4326))
2026-08-04 18:09:26,295 - snakemake_workflow - rasterdataset - INFO - Reading population raster data from D:\GFM\inputs\exposure\ppp_2020_1km_Aggregated.tif
2026-08-04 18:09:26,328 - snakemake_workflow - rasterdataset - DEBUG - Clip to [-63.000, 44.000, -61.000, 48.000] (epsg:4326))
2026-08-04 18:09:26,985 - snakemake_workflow - rasterdataset - INFO - Reading population raster data from D:\GFM\inputs\exposure\ppp_2020_1km_Aggregated.tif
2026-08-04 18:09:27,025 - snakemake_workflow - rasterdataset - DEBUG - Clip to [-80.000, 55.000, -76.000, 59.000] (epsg:4326))
2026-08-04 18:09:27,264 - snakemake_workflow - log - INFO - HydroMT version: 0.9.4
2026-08-04 18:09:27,264 - snakemake_workflow - data_catalog - INFO - Parsing data catalog from C:\Users\Schlu005\GFM\snakemake_workflow\config\data_catalog_gfm.yml
2026-08-04 18:09:27,340 - snakemake_workflow - rasterdataset - INFO - Reading population raster data from D:\GFM\inputs\exposure\ppp_2020_1km_Aggregated.tif
2026-08-04 18:09:27,429 - snakemake_workflow - rasterdataset - DEBUG - Clip to [-88.000, 69.000, -84.000, 71.000] (epsg:4326))
2026-08-04 18:09:29,139 - snakemake_workflow - rasterdataset - INFO - Reading population raster data from D:\GFM\inputs\exposure\ppp_2020_1km_Aggregated.tif
2026-08-04 18:09:29,195 - snakemake_workflow - rasterdataset - DEBUG - Clip to [-89.000, 67.000, -87.000, 71.000] (epsg:4326))
2026-08-04 18:09:29,230 - snakemake_workflow - rasterdataset - INFO - Reading population raster data from D:\GFM\inputs\exposure\ppp_2020_1km_Aggregated.tif
2026-08-04 18:09:29,299 - snakemake_workflow - rasterdataset - DEBUG - Clip to [-80.000, 71.000, -76.000, 73.000] (epsg:4326))
2026-08-04 18:09:29,302 - snakemake_workflow - rasterdataset - INFO - Reading population raster data from D:\GFM\inputs\exposure\ppp_2020_1km_Aggregated.tif
2026-08-04 18:09:29,381 - snakemake_workflow - rasterdataset - DEBUG - Clip to [-133.000, 52.000, -129.000, 56.000] (epsg:4326))
2026-08-04 18:09:31,590 - snakemake_workflow - rasterdataset - INFO - Reading population raster data from D:\GFM\inputs\exposure\ppp_2020_1km_Aggregated.tif
2026-08-04 18:09:31,649 - snakemake_workflow - rasterdataset - DEBUG - Clip to [-67.000, 66.000, -63.000, 68.000] (epsg:4326))
2026-08-04 18:09:33,616 - snakemake_workflow - rasterdataset - INFO - Reading population raster data from D:\GFM\inputs\exposure\ppp_2020_1km_Aggregated.tif
2026-08-04 18:09:33,646 - snakemake_workflow - rasterdataset - INFO - Reading population raster data from D:\GFM\inputs\exposure\ppp_2020_1km_Aggregated.tif
2026-08-04 18:09:33,669 - snakemake_workflow - rasterdataset - DEBUG - Clip to [-88.000, 65.000, -84.000, 69.000] (epsg:4326))
2026-08-04 18:09:33,699 - snakemake_workflow - rasterdataset - DEBUG - Clip to [-88.000, 70.000, -84.000, 72.000] (epsg:4326))
2026-08-04 18:09:33,720 - snakemake_workflow - rasterdataset - INFO - Reading population raster data from D:\GFM\inputs\exposure\ppp_2020_1km_Aggregated.tif
2026-08-04 18:09:33,781 - snakemake_workflow - rasterdataset - DEBUG - Clip to [-90.000, 71.000, -87.000, 72.000] (epsg:4326))
2026-08-04 18:09:33,823 - snakemake_workflow - rasterdataset - INFO - Reading population raster data from D:\GFM\inputs\exposure\ppp_2020_1km_Aggregated.tif
2026-08-04 18:09:33,903 - snakemake_workflow - rasterdataset - DEBUG - Clip to [-91.000, 68.000, -88.000, 72.000] (epsg:4326))
2026-08-04 18:09:36,589 - snakemake_workflow - log - INFO - HydroMT version: 0.9.4
2026-08-04 18:09:36,591 - snakemake_workflow - data_catalog - INFO - Parsing data catalog from C:\Users\Schlu005\GFM\snakemake_workflow\config\data_catalog_gfm.yml
2026-08-04 18:09:36,805 - snakemake_workflow - rasterdataset - INFO - Reading population raster data from D:\GFM\inputs\exposure\ppp_2020_1km_Aggregated.tif
2026-08-04 18:09:36,940 - snakemake_workflow - rasterdataset - INFO - Reading population raster data from D:\GFM\inputs\exposure\ppp_2020_1km_Aggregated.tif
2026-08-04 18:09:36,984 - snakemake_workflow - rasterdataset - DEBUG - Clip to [-83.000, 73.000, -79.000, 74.000] (epsg:4326))
2026-08-04 18:09:37,050 - snakemake_workflow - rasterdataset - DEBUG - Clip to [-91.000, 73.000, -87.000, 77.000] (epsg:4326))
2026-08-04 18:09:37,111 - snakemake_workflow - rasterdataset - INFO - Reading population raster data from D:\GFM\inputs\exposure\ppp_2020_1km_Aggregated.tif
2026-08-04 18:09:37,152 - snakemake_workflow - rasterdataset - INFO - Reading population raster data from D:\GFM\inputs\exposure\ppp_2020_1km_Aggregated.tif
2026-08-04 18:09:37,188 - snakemake_workflow - rasterdataset - DEBUG - Clip to [-68.000, 65.000, -66.000, 68.000] (epsg:4326))
2026-08-04 18:09:37,205 - snakemake_workflow - rasterdataset - INFO - Reading population raster data from D:\GFM\inputs\exposure\ppp_2020_1km_Aggregated.tif
2026-08-04 18:09:37,232 - snakemake_workflow - rasterdataset - DEBUG - Clip to [-87.000, 75.000, -85.000, 77.000] (epsg:4326))
2026-08-04 18:09:37,245 - snakemake_workflow - rasterdataset - INFO - Reading population raster data from D:\GFM\inputs\exposure\ppp_2020_1km_Aggregated.tif
2026-08-04 18:09:37,284 - snakemake_workflow - rasterdataset - DEBUG - Clip to [-68.000, 68.000, -64.000, 69.000] (epsg:4326))
2026-08-04 18:09:37,328 - snakemake_workflow - rasterdataset - DEBUG - Clip to [-98.000, 71.000, -94.000, 75.000] (epsg:4326))
2026-08-04 18:09:38,783 - snakemake_workflow - rasterdataset - INFO - Reading population raster data from D:\GFM\inputs\exposure\ppp_2020_1km_Aggregated.tif
2026-08-04 18:09:38,851 - snakemake_workflow - rasterdataset - DEBUG - Clip to [-87.000, 72.000, -83.000, 76.000] (epsg:4326))
2026-08-04 18:09:41,887 - snakemake_workflow - rasterdataset - INFO - Reading population raster data from D:\GFM\inputs\exposure\ppp_2020_1km_Aggregated.tif
2026-08-04 18:09:41,938 - snakemake_workflow - rasterdataset - DEBUG - Clip to [-80.000, 72.000, -76.000, 74.000] (epsg:4326))
2026-08-04 18:09:44,527 - snakemake_workflow - rasterdataset - INFO - Reading population raster data from D:\GFM\inputs\exposure\ppp_2020_1km_Aggregated.tif
2026-08-04 18:09:44,571 - snakemake_workflow - rasterdataset - DEBUG - Clip to [-88.000, 68.000, -84.000, 70.000] (epsg:4326))
2026-08-04 18:09:44,585 - snakemake_workflow - rasterdataset - INFO - Reading population raster data from D:\GFM\inputs\exposure\ppp_2020_1km_Aggregated.tif
2026-08-04 18:09:44,642 - snakemake_workflow - rasterdataset - DEBUG - Clip to [-80.000, 68.000, -76.000, 72.000] (epsg:4326))
2026-08-04 18:09:45,923 - snakemake_workflow - rasterdataset - INFO - Reading population raster data from D:\GFM\inputs\exposure\ppp_2020_1km_Aggregated.tif
2026-08-04 18:09:45,937 - snakemake_workflow - rasterdataset - INFO - Reading population raster data from D:\GFM\inputs\exposure\ppp_2020_1km_Aggregated.tif
2026-08-04 18:09:45,969 - snakemake_workflow - rasterdataset - DEBUG - Clip to [-93.000, 72.000, -91.000, 76.000] (epsg:4326))
2026-08-04 18:09:45,994 - snakemake_workflow - rasterdataset - DEBUG - Clip to [-82.000, 69.000, -79.000, 73.000] (epsg:4326))
2026-08-04 18:09:46,603 - snakemake_workflow - rasterdataset - INFO - Reading population raster data from D:\GFM\inputs\exposure\ppp_2020_1km_Aggregated.tif
2026-08-04 18:09:46,604 - snakemake_workflow - rasterdataset - INFO - Reading population raster data from D:\GFM\inputs\exposure\ppp_2020_1km_Aggregated.tif
2026-08-04 18:09:46,604 - snakemake_workflow - rasterdataset - INFO - Reading population raster data from D:\GFM\inputs\exposure\ppp_2020_1km_Aggregated.tif
2026-08-04 18:09:46,616 - snakemake_workflow - log - INFO - HydroMT version: 0.9.4
2026-08-04 18:09:46,616 - snakemake_workflow - data_catalog - INFO - Parsing data catalog from C:\Users\Schlu005\GFM\snakemake_workflow\config\data_catalog_gfm.yml
2026-08-04 18:09:46,660 - snakemake_workflow - rasterdataset - DEBUG - Clip to [-91.000, 71.000, -89.000, 74.000] (epsg:4326))
2026-08-04 18:09:46,673 - snakemake_workflow - rasterdataset - DEBUG - Clip to [-82.000, 73.000, -80.000, 77.000] (epsg:4326))
2026-08-04 18:09:46,677 - snakemake_workflow - rasterdataset - DEBUG - Clip to [-91.000, 76.000, -87.000, 78.000] (epsg:4326))
2026-08-04 18:09:46,681 - snakemake_workflow - rasterdataset - INFO - Reading population raster data from D:\GFM\inputs\exposure\ppp_2020_1km_Aggregated.tif
2026-08-04 18:09:46,711 - snakemake_workflow - rasterdataset - INFO - Reading population raster data from D:\GFM\inputs\exposure\ppp_2020_1km_Aggregated.tif
2026-08-04 18:09:46,751 - snakemake_workflow - rasterdataset - DEBUG - Clip to [-92.000, 76.000, -90.000, 77.000] (epsg:4326))
2026-08-04 18:09:46,762 - snakemake_workflow - rasterdataset - INFO - Reading population raster data from D:\GFM\inputs\exposure\ppp_2020_1km_Aggregated.tif
2026-08-04 18:09:46,791 - snakemake_workflow - rasterdataset - DEBUG - Clip to [-86.000, 76.000, -82.000, 78.000] (epsg:4326))
2026-08-04 18:09:46,812 - snakemake_workflow - rasterdataset - INFO - Reading population raster data from D:\GFM\inputs\exposure\ppp_2020_1km_Aggregated.tif
2026-08-04 18:09:46,881 - snakemake_workflow - rasterdataset - DEBUG - Clip to [-99.000, 71.000, -97.000, 75.000] (epsg:4326))
2026-08-04 18:09:46,974 - snakemake_workflow - rasterdataset - DEBUG - Clip to [-101.000, 71.000, -98.000, 75.000] (epsg:4326))
2026-08-04 18:09:47,762 - snakemake_workflow - rasterdataset - INFO - Reading population raster data from D:\GFM\inputs\exposure\ppp_2020_1km_Aggregated.tif
2026-08-04 18:09:47,845 - snakemake_workflow - rasterdataset - DEBUG - Clip to [-84.000, 73.000, -82.000, 76.000] (epsg:4326))
2026-08-04 18:09:47,865 - snakemake_workflow - rasterdataset - INFO - Reading population raster data from D:\GFM\inputs\exposure\ppp_2020_1km_Aggregated.tif
2026-08-04 18:09:47,933 - snakemake_workflow - rasterdataset - DEBUG - Clip to [-86.000, 76.000, -82.000, 77.000] (epsg:4326))
2026-08-04 18:09:50,279 - snakemake_workflow - rasterdataset - INFO - Reading population raster data from D:\GFM\inputs\exposure\ppp_2020_1km_Aggregated.tif
2026-08-04 18:09:50,340 - snakemake_workflow - rasterdataset - DEBUG - Clip to [-97.000, 76.000, -93.000, 78.000] (epsg:4326))
2026-08-04 18:09:52,205 - snakemake_workflow - rasterdataset - INFO - Reading population raster data from D:\GFM\inputs\exposure\ppp_2020_1km_Aggregated.tif
2026-08-04 18:09:52,265 - snakemake_workflow - rasterdataset - DEBUG - Clip to [-94.000, 76.000, -90.000, 77.000] (epsg:4326))
2026-08-04 18:09:52,280 - snakemake_workflow - rasterdataset - INFO - Reading population raster data from D:\GFM\inputs\exposure\ppp_2020_1km_Aggregated.tif
2026-08-04 18:09:52,342 - snakemake_workflow - rasterdataset - DEBUG - Clip to [-104.000, 67.000, -100.000, 71.000] (epsg:4326))
2026-08-04 18:09:52,345 - snakemake_workflow - rasterdataset - INFO - Reading population raster data from D:\GFM\inputs\exposure\ppp_2020_1km_Aggregated.tif
2026-08-04 18:09:52,387 - snakemake_workflow - rasterdataset - INFO - Reading population raster data from D:\GFM\inputs\exposure\ppp_2020_1km_Aggregated.tif
2026-08-04 18:09:52,419 - snakemake_workflow - rasterdataset - DEBUG - Clip to [-166.000, 59.000, -162.000, 63.000] (epsg:4326))
2026-08-04 18:09:52,456 - snakemake_workflow - rasterdataset - DEBUG - Clip to [-105.000, 67.000, -103.000, 71.000] (epsg:4326))
2026-08-04 18:09:54,898 - snakemake_workflow - rasterdataset - INFO - Reading population raster data from D:\GFM\inputs\exposure\ppp_2020_1km_Aggregated.tif
2026-08-04 18:09:54,957 - snakemake_workflow - rasterdataset - DEBUG - Clip to [-87.000, 76.000, -85.000, 78.000] (epsg:4326))
2026-08-04 18:09:55,834 - snakemake_workflow - rasterdataset - INFO - Reading population raster data from D:\GFM\inputs\exposure\ppp_2020_1km_Aggregated.tif
2026-08-04 18:09:55,889 - snakemake_workflow - rasterdataset - DEBUG - Clip to [-163.000, 59.000, -161.000, 63.000] (epsg:4326))
2026-08-04 18:09:56,809 - snakemake_workflow - rasterdataset - INFO - Reading population raster data from D:\GFM\inputs\exposure\ppp_2020_1km_Aggregated.tif
2026-08-04 18:09:56,875 - snakemake_workflow - rasterdataset - DEBUG - Clip to [-92.000, 77.000, -90.000, 78.000] (epsg:4326))
2026-08-04 18:09:57,262 - snakemake_workflow - rasterdataset - INFO - Reading population raster data from D:\GFM\inputs\exposure\ppp_2020_1km_Aggregated.tif
2026-08-04 18:09:57,317 - snakemake_workflow - rasterdataset - DEBUG - Clip to [-98.000, 74.000, -94.000, 76.000] (epsg:4326))
2026-08-04 18:09:58,023 - snakemake_workflow - rasterdataset - INFO - Reading population raster data from D:\GFM\inputs\exposure\ppp_2020_1km_Aggregated.tif
2026-08-04 18:09:58,090 - snakemake_workflow - rasterdataset - DEBUG - Clip to [-99.000, 75.000, -97.000, 76.000] (epsg:4326))
2026-08-04 18:09:58,421 - snakemake_workflow - rasterdataset - INFO - Reading population raster data from D:\GFM\inputs\exposure\ppp_2020_1km_Aggregated.tif
2026-08-04 18:09:58,421 - snakemake_workflow - rasterdataset - INFO - Reading population raster data from D:\GFM\inputs\exposure\ppp_2020_1km_Aggregated.tif
2026-08-04 18:09:58,434 - snakemake_workflow - log - INFO - HydroMT version: 0.9.4
2026-08-04 18:09:58,434 - snakemake_workflow - data_catalog - INFO - Parsing data catalog from C:\Users\Schlu005\GFM\snakemake_workflow\config\data_catalog_gfm.yml
2026-08-04 18:09:58,505 - snakemake_workflow - rasterdataset - DEBUG - Clip to [-101.000, 75.000, -97.000, 76.000] (epsg:4326))
2026-08-04 18:09:58,536 - snakemake_workflow - rasterdataset - DEBUG - Clip to [-86.000, 77.000, -82.000, 79.000] (epsg:4326))
2026-08-04 18:09:58,592 - snakemake_workflow - rasterdataset - INFO - Reading population raster data from D:\GFM\inputs\exposure\ppp_2020_1km_Aggregated.tif
2026-08-04 18:09:58,801 - snakemake_workflow - rasterdataset - DEBUG - Clip to [-101.000, 76.000, -97.000, 78.000] (epsg:4326))
2026-08-04 18:09:59,718 - snakemake_workflow - rasterdataset - INFO - Reading population raster data from D:\GFM\inputs\exposure\ppp_2020_1km_Aggregated.tif
2026-08-04 18:09:59,783 - snakemake_workflow - rasterdataset - DEBUG - Clip to [-95.000, 74.000, -92.000, 76.000] (epsg:4326))
2026-08-04 18:10:01,636 - snakemake_workflow - rasterdataset - INFO - Reading population raster data from D:\GFM\inputs\exposure\ppp_2020_1km_Aggregated.tif
2026-08-04 18:10:01,699 - snakemake_workflow - rasterdataset - DEBUG - Clip to [-94.000, 78.000, -90.000, 79.000] (epsg:4326))
2026-08-04 18:10:02,587 - snakemake_workflow - rasterdataset - INFO - Reading population raster data from D:\GFM\inputs\exposure\ppp_2020_1km_Aggregated.tif
2026-08-04 18:10:02,655 - snakemake_workflow - rasterdataset - DEBUG - Clip to [-83.000, 77.000, -80.000, 78.000] (epsg:4326))
2026-08-04 18:10:02,699 - snakemake_workflow - rasterdataset - INFO - Reading population raster data from D:\GFM\inputs\exposure\ppp_2020_1km_Aggregated.tif
2026-08-04 18:10:02,762 - snakemake_workflow - rasterdataset - DEBUG - Clip to [-86.000, 78.000, -82.000, 80.000] (epsg:4326))
2026-08-04 18:10:04,527 - snakemake_workflow - rasterdataset - INFO - Reading population raster data from D:\GFM\inputs\exposure\ppp_2020_1km_Aggregated.tif
2026-08-04 18:10:04,593 - snakemake_workflow - rasterdataset - DEBUG - Clip to [-91.000, 77.000, -87.000, 79.000] (epsg:4326))
2026-08-04 18:10:04,722 - snakemake_workflow - rasterdataset - INFO - Reading population raster data from D:\GFM\inputs\exposure\ppp_2020_1km_Aggregated.tif
2026-08-04 18:10:04,790 - snakemake_workflow - rasterdataset - DEBUG - Clip to [-99.000, 76.000, -96.000, 77.000] (epsg:4326))
2026-08-04 18:10:04,883 - snakemake_workflow - rasterdataset - INFO - Reading population raster data from D:\GFM\inputs\exposure\ppp_2020_1km_Aggregated.tif
2026-08-04 18:10:04,934 - snakemake_workflow - rasterdataset - DEBUG - Clip to [-81.000, 73.000, -79.000, 77.000] (epsg:4326))
2026-08-04 18:10:06,335 - snakemake_workflow - rasterdataset - INFO - Reading population raster data from D:\GFM\inputs\exposure\ppp_2020_1km_Aggregated.tif
2026-08-04 18:10:06,389 - snakemake_workflow - rasterdataset - DEBUG - Clip to [-97.000, 77.000, -93.000, 79.000] (epsg:4326))
2026-08-04 18:10:06,643 - snakemake_workflow - rasterdataset - INFO - Reading population raster data from D:\GFM\inputs\exposure\ppp_2020_1km_Aggregated.tif
2026-08-04 18:10:06,701 - snakemake_workflow - rasterdataset - DEBUG - Clip to [-165.000, 62.000, -161.000, 64.000] (epsg:4326))
2026-08-04 18:10:07,179 - snakemake_workflow - rasterdataset - INFO - Reading population raster data from D:\GFM\inputs\exposure\ppp_2020_1km_Aggregated.tif
2026-08-04 18:10:07,241 - snakemake_workflow - rasterdataset - DEBUG - Clip to [-83.000, 77.000, -81.000, 79.000] (epsg:4326))
2026-08-04 18:10:08,346 - snakemake_workflow - rasterdataset - INFO - Reading population raster data from D:\GFM\inputs\exposure\ppp_2020_1km_Aggregated.tif
2026-08-04 18:10:08,394 - snakemake_workflow - rasterdataset - DEBUG - Clip to [-87.000, 77.000, -85.000, 79.000] (epsg:4326))
2026-08-04 18:10:08,965 - snakemake_workflow - rasterdataset - INFO - Reading population raster data from D:\GFM\inputs\exposure\ppp_2020_1km_Aggregated.tif
2026-08-04 18:10:09,009 - snakemake_workflow - rasterdataset - DEBUG - Clip to [-87.000, 79.000, -85.000, 80.000] (epsg:4326))
2026-08-04 18:10:09,891 - snakemake_workflow - rasterdataset - INFO - Reading population raster data from D:\GFM\inputs\exposure\ppp_2020_1km_Aggregated.tif
2026-08-04 18:10:09,949 - snakemake_workflow - rasterdataset - DEBUG - Clip to [-97.000, 78.000, -93.000, 80.000] (epsg:4326))
2026-08-04 18:10:10,059 - snakemake_workflow - log - INFO - HydroMT version: 0.9.4
2026-08-04 18:10:10,059 - snakemake_workflow - data_catalog - INFO - Parsing data catalog from C:\Users\Schlu005\GFM\snakemake_workflow\config\data_catalog_gfm.yml
2026-08-04 18:10:10,201 - snakemake_workflow - rasterdataset - INFO - Reading population raster data from D:\GFM\inputs\exposure\ppp_2020_1km_Aggregated.tif
2026-08-04 18:10:10,244 - snakemake_workflow - rasterdataset - INFO - Reading population raster data from D:\GFM\inputs\exposure\ppp_2020_1km_Aggregated.tif
2026-08-04 18:10:10,244 - snakemake_workflow - rasterdataset - INFO - Reading population raster data from D:\GFM\inputs\exposure\ppp_2020_1km_Aggregated.tif
2026-08-04 18:10:10,244 - snakemake_workflow - rasterdataset - INFO - Reading population raster data from D:\GFM\inputs\exposure\ppp_2020_1km_Aggregated.tif
2026-08-04 18:10:10,244 - snakemake_workflow - rasterdataset - INFO - Reading population raster data from D:\GFM\inputs\exposure\ppp_2020_1km_Aggregated.tif
2026-08-04 18:10:10,246 - snakemake_workflow - rasterdataset - DEBUG - Clip to [-98.000, 76.000, -96.000, 77.000] (epsg:4326))
2026-08-04 18:10:10,258 - snakemake_workflow - rasterdataset - INFO - Reading population raster data from D:\GFM\inputs\exposure\ppp_2020_1km_Aggregated.tif
2026-08-04 18:10:10,288 - snakemake_workflow - rasterdataset - DEBUG - Clip to [-101.000, 77.000, -97.000, 79.000] (epsg:4326))
2026-08-04 18:10:10,303 - snakemake_workflow - rasterdataset - DEBUG - Clip to [-97.000, 79.000, -93.000, 81.000] (epsg:4326))
2026-08-04 18:10:10,307 - snakemake_workflow - rasterdataset - DEBUG - Clip to [-165.000, 64.000, -161.000, 66.000] (epsg:4326))
2026-08-04 18:10:10,311 - snakemake_workflow - rasterdataset - DEBUG - Clip to [-86.000, 79.000, -82.000, 81.000] (epsg:4326))
2026-08-04 18:10:10,404 - snakemake_workflow - rasterdataset - DEBUG - Clip to [-81.000, 79.000, -79.000, 83.000] (epsg:4326))
2026-08-04 18:10:10,946 - snakemake_workflow - rasterdataset - INFO - Reading population raster data from D:\GFM\inputs\exposure\ppp_2020_1km_Aggregated.tif
2026-08-04 18:10:11,023 - snakemake_workflow - rasterdataset - DEBUG - Clip to [-162.000, 59.000, -160.000, 63.000] (epsg:4326))
2026-08-04 18:10:11,455 - snakemake_workflow - rasterdataset - INFO - Reading population raster data from D:\GFM\inputs\exposure\ppp_2020_1km_Aggregated.tif
2026-08-04 18:10:11,516 - snakemake_workflow - rasterdataset - DEBUG - Clip to [-106.000, 78.000, -104.000, 80.000] (epsg:4326))
2026-08-04 18:10:14,340 - snakemake_workflow - rasterdataset - INFO - Reading population raster data from D:\GFM\inputs\exposure\ppp_2020_1km_Aggregated.tif
2026-08-04 18:10:14,343 - snakemake_workflow - rasterdataset - INFO - Reading population raster data from D:\GFM\inputs\exposure\ppp_2020_1km_Aggregated.tif
2026-08-04 18:10:14,380 - snakemake_workflow - rasterdataset - DEBUG - Clip to [-166.000, 64.000, -164.000, 67.000] (epsg:4326))
2026-08-04 18:10:14,383 - snakemake_workflow - rasterdataset - DEBUG - Clip to [-113.000, 74.000, -109.000, 78.000] (epsg:4326))
2026-08-04 18:10:15,045 - snakemake_workflow - rasterdataset - INFO - Reading population raster data from D:\GFM\inputs\exposure\ppp_2020_1km_Aggregated.tif
2026-08-04 18:10:15,121 - snakemake_workflow - rasterdataset - DEBUG - Clip to [-89.000, 78.000, -86.000, 80.000] (epsg:4326))
2026-08-04 18:10:15,331 - snakemake_workflow - rasterdataset - INFO - Reading population raster data from D:\GFM\inputs\exposure\ppp_2020_1km_Aggregated.tif
2026-08-04 18:10:15,375 - snakemake_workflow - rasterdataset - DEBUG - Clip to [-101.000, 78.000, -97.000, 80.000] (epsg:4326))
2026-08-04 18:10:15,596 - snakemake_workflow - rasterdataset - INFO - Reading population raster data from D:\GFM\inputs\exposure\ppp_2020_1km_Aggregated.tif
2026-08-04 18:10:15,638 - snakemake_workflow - rasterdataset - DEBUG - Clip to [-105.000, 75.000, -101.000, 79.000] (epsg:4326))
2026-08-04 18:10:16,907 - snakemake_workflow - rasterdataset - INFO - Reading population raster data from D:\GFM\inputs\exposure\ppp_2020_1km_Aggregated.tif
2026-08-04 18:10:16,958 - snakemake_workflow - rasterdataset - DEBUG - Clip to [-81.000, 76.000, -79.000, 78.000] (epsg:4326))
2026-08-04 18:10:17,443 - snakemake_workflow - rasterdataset - INFO - Reading population raster data from D:\GFM\inputs\exposure\ppp_2020_1km_Aggregated.tif
2026-08-04 18:10:17,506 - snakemake_workflow - rasterdataset - DEBUG - Clip to [-162.000, 64.000, -160.000, 66.000] (epsg:4326))
2026-08-04 18:10:18,047 - snakemake_workflow - rasterdataset - INFO - Reading population raster data from D:\GFM\inputs\exposure\ppp_2020_1km_Aggregated.tif
2026-08-04 18:10:18,120 - snakemake_workflow - rasterdataset - DEBUG - Clip to [-86.000, 81.000, -83.000, 82.000] (epsg:4326))
2026-08-04 18:10:18,794 - snakemake_workflow - rasterdataset - INFO - Reading population raster data from D:\GFM\inputs\exposure\ppp_2020_1km_Aggregated.tif
2026-08-04 18:10:18,889 - snakemake_workflow - rasterdataset - DEBUG - Clip to [-83.000, 79.000, -80.000, 80.000] (epsg:4326))
2026-08-04 18:10:19,608 - snakemake_workflow - rasterdataset - INFO - Reading population raster data from D:\GFM\inputs\exposure\ppp_2020_1km_Aggregated.tif
2026-08-04 18:10:19,670 - snakemake_workflow - rasterdataset - DEBUG - Clip to [-81.000, 82.000, -78.000, 83.000] (epsg:4326))
2026-08-04 18:10:19,702 - snakemake_workflow - rasterdataset - INFO - Reading population raster data from D:\GFM\inputs\exposure\ppp_2020_1km_Aggregated.tif
2026-08-04 18:10:19,769 - snakemake_workflow - rasterdataset - DEBUG - Clip to [-166.000, 67.000, -162.000, 68.000] (epsg:4326))
2026-08-04 18:10:20,123 - snakemake_workflow - rasterdataset - INFO - Reading population raster data from D:\GFM\inputs\exposure\ppp_2020_1km_Aggregated.tif
2026-08-04 18:10:20,134 - snakemake_workflow - rasterdataset - INFO - Reading population raster data from D:\GFM\inputs\exposure\ppp_2020_1km_Aggregated.tif
2026-08-04 18:10:20,172 - snakemake_workflow - rasterdataset - DEBUG - Clip to [-105.000, 78.000, -101.000, 80.000] (epsg:4326))
2026-08-04 18:10:20,234 - snakemake_workflow - rasterdataset - DEBUG - Clip to [-89.000, 80.000, -85.000, 81.000] (epsg:4326))
2026-08-04 18:10:20,848 - snakemake_workflow - rasterdataset - INFO - Reading population raster data from D:\GFM\inputs\exposure\ppp_2020_1km_Aggregated.tif
2026-08-04 18:10:20,853 - snakemake_workflow - rasterdataset - INFO - Reading population raster data from D:\GFM\inputs\exposure\ppp_2020_1km_Aggregated.tif
2026-08-04 18:10:20,901 - snakemake_workflow - rasterdataset - DEBUG - Clip to [-87.000, 80.000, -85.000, 81.000] (epsg:4326))
2026-08-04 18:10:20,915 - snakemake_workflow - rasterdataset - DEBUG - Clip to [-84.000, 80.000, -80.000, 83.000] (epsg:4326))
2026-08-04 18:10:21,155 - snakemake_workflow - rasterdataset - INFO - Reading population raster data from D:\GFM\inputs\exposure\ppp_2020_1km_Aggregated.tif
2026-08-04 18:10:21,206 - snakemake_workflow - rasterdataset - DEBUG - Clip to [-89.000, 81.000, -85.000, 82.000] (epsg:4326))
2026-08-04 18:10:21,931 - snakemake_workflow - rasterdataset - INFO - Reading population raster data from D:\GFM\inputs\exposure\ppp_2020_1km_Aggregated.tif
2026-08-04 18:10:21,987 - snakemake_workflow - rasterdataset - DEBUG - Clip to [-117.000, 74.000, -113.000, 78.000] (epsg:4326))
2026-08-04 18:10:22,046 - snakemake_workflow - rasterdataset - INFO - Reading population raster data from D:\GFM\inputs\exposure\ppp_2020_1km_Aggregated.tif
2026-08-04 18:10:22,109 - snakemake_workflow - rasterdataset - DEBUG - Clip to [-117.000, 72.000, -113.000, 75.000] (epsg:4326))
2026-08-04 18:10:22,137 - snakemake_workflow - rasterdataset - INFO - Reading population raster data from D:\GFM\inputs\exposure\ppp_2020_1km_Aggregated.tif
2026-08-04 18:10:22,212 - snakemake_workflow - rasterdataset - DEBUG - Clip to [-164.000, 67.000, -160.000, 68.000] (epsg:4326))
2026-08-04 18:10:22,407 - snakemake_workflow - rasterdataset - INFO - Reading population raster data from D:\GFM\inputs\exposure\ppp_2020_1km_Aggregated.tif
2026-08-04 18:10:22,472 - snakemake_workflow - rasterdataset - DEBUG - Clip to [-87.000, 81.000, -85.000, 82.000] (epsg:4326))
2026-08-04 18:10:22,916 - snakemake_workflow - rasterdataset - INFO - Reading population raster data from D:\GFM\inputs\exposure\ppp_2020_1km_Aggregated.tif
2026-08-04 18:10:22,995 - snakemake_workflow - rasterdataset - DEBUG - Clip to [-88.000, 81.000, -84.000, 83.000] (epsg:4326))
2026-08-04 18:10:23,307 - snakemake_workflow - rasterdataset - INFO - Reading population raster data from D:\GFM\inputs\exposure\ppp_2020_1km_Aggregated.tif
2026-08-04 18:10:23,355 - snakemake_workflow - rasterdataset - DEBUG - Clip to [-117.000, 67.000, -113.000, 71.000] (epsg:4326))
2026-08-04 18:10:23,418 - snakemake_workflow - rasterdataset - INFO - Reading population raster data from D:\GFM\inputs\exposure\ppp_2020_1km_Aggregated.tif
2026-08-04 18:10:23,490 - snakemake_workflow - rasterdataset - DEBUG - Clip to [-89.000, 82.000, -87.000, 83.000] (epsg:4326))
2026-08-04 18:10:24,515 - snakemake_workflow - rasterdataset - INFO - Reading population raster data from D:\GFM\inputs\exposure\ppp_2020_1km_Aggregated.tif
2026-08-04 18:10:24,565 - snakemake_workflow - rasterdataset - DEBUG - Clip to [-115.000, 77.000, -112.000, 79.000] (epsg:4326))
2026-08-04 18:10:24,581 - snakemake_workflow - rasterdataset - INFO - Reading population raster data from D:\GFM\inputs\exposure\ppp_2020_1km_Aggregated.tif
2026-08-04 18:10:24,647 - snakemake_workflow - rasterdataset - DEBUG - Clip to [-121.000, 74.000, -117.000, 78.000] (epsg:4326))
2026-08-04 18:10:24,845 - snakemake_workflow - rasterdataset - INFO - Reading population raster data from D:\GFM\inputs\exposure\ppp_2020_1km_Aggregated.tif
2026-08-04 18:10:24,920 - snakemake_workflow - rasterdataset - DEBUG - Clip to [-120.000, 72.000, -116.000, 74.000] (epsg:4326))
2026-08-04 18:10:24,952 - snakemake_workflow - rasterdataset - INFO - Reading population raster data from D:\GFM\inputs\exposure\ppp_2020_1km_Aggregated.tif
2026-08-04 18:10:24,955 - snakemake_workflow - rasterdataset - INFO - Reading population raster data from D:\GFM\inputs\exposure\ppp_2020_1km_Aggregated.tif
2026-08-04 18:10:25,017 - snakemake_workflow - rasterdataset - DEBUG - Clip to [-113.000, 72.000, -112.000, 75.000] (epsg:4326))
2026-08-04 18:10:25,033 - snakemake_workflow - rasterdataset - INFO - Reading population raster data from D:\GFM\inputs\exposure\ppp_2020_1km_Aggregated.tif
2026-08-04 18:10:25,045 - snakemake_workflow - rasterdataset - DEBUG - Clip to [-162.000, 66.000, -159.000, 67.000] (epsg:4326))
2026-08-04 18:10:25,116 - snakemake_workflow - rasterdataset - DEBUG - Clip to [-119.000, 69.000, -116.000, 71.000] (epsg:4326))
2026-08-04 18:10:25,271 - snakemake_workflow - rasterdataset - INFO - Reading population raster data from D:\GFM\inputs\exposure\ppp_2020_1km_Aggregated.tif
2026-08-04 18:10:25,332 - snakemake_workflow - rasterdataset - DEBUG - Clip to [-106.000, 75.000, -104.000, 79.000] (epsg:4326))
2026-08-04 18:10:25,529 - snakemake_workflow - rasterdataset - INFO - Reading population raster data from D:\GFM\inputs\exposure\ppp_2020_1km_Aggregated.tif
2026-08-04 18:10:25,610 - snakemake_workflow - rasterdataset - DEBUG - Clip to [-165.000, 65.000, -161.000, 67.000] (epsg:4326))
2026-08-04 18:10:25,899 - snakemake_workflow - rasterdataset - INFO - Reading population raster data from D:\GFM\inputs\exposure\ppp_2020_1km_Aggregated.tif
2026-08-04 18:10:25,953 - snakemake_workflow - rasterdataset - DEBUG - Clip to [-165.000, 63.000, -161.000, 65.000] (epsg:4326))
2026-08-04 18:10:27,309 - snakemake_workflow - rasterdataset - INFO - Reading population raster data from D:\GFM\inputs\exposure\ppp_2020_1km_Aggregated.tif
2026-08-04 18:10:27,360 - snakemake_workflow - rasterdataset - DEBUG - Clip to [-79.000, 77.000, -75.000, 81.000] (epsg:4326))
2026-08-04 18:10:27,411 - snakemake_workflow - rasterdataset - INFO - Reading population raster data from D:\GFM\inputs\exposure\ppp_2020_1km_Aggregated.tif
2026-08-04 18:10:27,510 - snakemake_workflow - rasterdataset - DEBUG - Clip to [-79.000, 80.000, -75.000, 82.000] (epsg:4326))
2026-08-04 18:10:27,550 - snakemake_workflow - rasterdataset - INFO - Reading population raster data from D:\GFM\inputs\exposure\ppp_2020_1km_Aggregated.tif
2026-08-04 18:10:27,670 - snakemake_workflow - rasterdataset - DEBUG - Clip to [-69.000, 79.000, -65.000, 83.000] (epsg:4326))
2026-08-04 18:10:29,205 - snakemake_workflow - rasterdataset - INFO - Reading population raster data from D:\GFM\inputs\exposure\ppp_2020_1km_Aggregated.tif
2026-08-04 18:10:29,267 - snakemake_workflow - rasterdataset - DEBUG - Clip to [-119.000, 71.000, -115.000, 73.000] (epsg:4326))
2026-08-04 18:10:29,282 - snakemake_workflow - rasterdataset - INFO - Reading population raster data from D:\GFM\inputs\exposure\ppp_2020_1km_Aggregated.tif
2026-08-04 18:10:29,380 - snakemake_workflow - rasterdataset - DEBUG - Clip to [-121.000, 71.000, -118.000, 72.000] (epsg:4326))
2026-08-04 18:10:29,427 - snakemake_workflow - rasterdataset - INFO - Reading population raster data from D:\GFM\inputs\exposure\ppp_2020_1km_Aggregated.tif
2026-08-04 18:10:29,502 - snakemake_workflow - rasterdataset - DEBUG - Clip to [-54.000, 70.000, -50.000, 72.000] (epsg:4326))
2026-08-04 18:10:30,038 - snakemake_workflow - rasterdataset - INFO - Reading population raster data from D:\GFM\inputs\exposure\ppp_2020_1km_Aggregated.tif
2026-08-04 18:10:30,078 - snakemake_workflow - rasterdataset - DEBUG - Clip to [-24.000, 70.000, -22.000, 73.000] (epsg:4326))
2026-08-04 18:10:30,091 - snakemake_workflow - rasterdataset - INFO - Reading population raster data from D:\GFM\inputs\exposure\ppp_2020_1km_Aggregated.tif
2026-08-04 18:10:30,182 - snakemake_workflow - rasterdataset - DEBUG - Clip to [-25.000, 73.000, -22.000, 74.000] (epsg:4326))
2026-08-04 18:10:30,200 - snakemake_workflow - rasterdataset - INFO - Reading population raster data from D:\GFM\inputs\exposure\ppp_2020_1km_Aggregated.tif
2026-08-04 18:10:30,282 - snakemake_workflow - rasterdataset - DEBUG - Clip to [-23.000, 70.000, -21.000, 74.000] (epsg:4326))
2026-08-04 18:10:30,992 - snakemake_workflow - rasterdataset - INFO - Reading population raster data from D:\GFM\inputs\exposure\ppp_2020_1km_Aggregated.tif
2026-08-04 18:10:31,040 - snakemake_workflow - rasterdataset - INFO - Reading population raster data from D:\GFM\inputs\exposure\ppp_2020_1km_Aggregated.tif
2026-08-04 18:10:31,051 - snakemake_workflow - rasterdataset - DEBUG - Clip to [-162.000, 65.000, -160.000, 66.000] (epsg:4326))
2026-08-04 18:10:31,097 - snakemake_workflow - rasterdataset - DEBUG - Clip to [-162.000, 63.000, -159.000, 64.000] (epsg:4326))
2026-08-04 18:10:32,326 - snakemake_workflow - rasterdataset - INFO - Reading population raster data from D:\GFM\inputs\exposure\ppp_2020_1km_Aggregated.tif
2026-08-04 18:10:32,374 - snakemake_workflow - rasterdataset - INFO - Reading population raster data from D:\GFM\inputs\exposure\ppp_2020_1km_Aggregated.tif
2026-08-04 18:10:32,403 - snakemake_workflow - rasterdataset - DEBUG - Clip to [-20.000, 74.000, -18.000, 78.000] (epsg:4326))
2026-08-04 18:10:32,423 - snakemake_workflow - rasterdataset - INFO - Reading population raster data from D:\GFM\inputs\exposure\ppp_2020_1km_Aggregated.tif
2026-08-04 18:10:32,443 - snakemake_workflow - rasterdataset - DEBUG - Clip to [-21.000, 80.000, -17.000, 81.000] (epsg:4326))
2026-08-04 18:10:32,477 - snakemake_workflow - rasterdataset - INFO - Reading population raster data from D:\GFM\inputs\exposure\ppp_2020_1km_Aggregated.tif
2026-08-04 18:10:32,514 - snakemake_workflow - rasterdataset - DEBUG - Clip to [-22.000, 77.000, -18.000, 79.000] (epsg:4326))
2026-08-04 18:10:32,525 - snakemake_workflow - rasterdataset - INFO - Reading population raster data from D:\GFM\inputs\exposure\ppp_2020_1km_Aggregated.tif
2026-08-04 18:10:32,533 - snakemake_workflow - rasterdataset - DEBUG - Clip to [-22.000, 80.000, -20.000, 82.000] (epsg:4326))
2026-08-04 18:10:32,583 - snakemake_workflow - rasterdataset - INFO - Reading population raster data from D:\GFM\inputs\exposure\ppp_2020_1km_Aggregated.tif
2026-08-04 18:10:32,629 - snakemake_workflow - rasterdataset - DEBUG - Clip to [-22.000, 78.000, -18.000, 80.000] (epsg:4326))
2026-08-04 18:10:32,646 - snakemake_workflow - rasterdataset - INFO - Reading population raster data from D:\GFM\inputs\exposure\ppp_2020_1km_Aggregated.tif
2026-08-04 18:10:32,659 - snakemake_workflow - rasterdataset - DEBUG - Clip to [-23.000, 79.000, -21.000, 81.000] (epsg:4326))
2026-08-04 18:10:32,674 - snakemake_workflow - rasterdataset - INFO - Reading population raster data from D:\GFM\inputs\exposure\ppp_2020_1km_Aggregated.tif
2026-08-04 18:10:32,725 - snakemake_workflow - rasterdataset - DEBUG - Clip to [-19.000, 77.000, -17.000, 80.000] (epsg:4326))
2026-08-04 18:10:32,746 - snakemake_workflow - rasterdataset - INFO - Reading population raster data from D:\GFM\inputs\exposure\ppp_2020_1km_Aggregated.tif
2026-08-04 18:10:32,757 - snakemake_workflow - rasterdataset - DEBUG - Clip to [-23.000, 81.000, -19.000, 83.000] (epsg:4326))
2026-08-04 18:10:32,861 - snakemake_workflow - rasterdataset - DEBUG - Clip to [-21.000, 81.000, -17.000, 82.000] (epsg:4326))
2026-08-04 18:10:32,919 - snakemake_workflow - rasterdataset - INFO - Reading population raster data from D:\GFM\inputs\exposure\ppp_2020_1km_Aggregated.tif
2026-08-04 18:10:32,919 - snakemake_workflow - rasterdataset - INFO - Reading population raster data from D:\GFM\inputs\exposure\ppp_2020_1km_Aggregated.tif
2026-08-04 18:10:32,977 - snakemake_workflow - rasterdataset - DEBUG - Clip to [-20.000, 82.000, -18.000, 83.000] (epsg:4326))
2026-08-04 18:10:32,980 - snakemake_workflow - rasterdataset - DEBUG - Clip to [133.000, -5.000, 137.000, -1.000] (epsg:4326))
2026-08-04 18:10:32,990 - snakemake_workflow - rasterdataset - INFO - Reading population raster data from D:\GFM\inputs\exposure\ppp_2020_1km_Aggregated.tif
2026-08-04 18:10:33,057 - snakemake_workflow - rasterdataset - DEBUG - Clip to [-20.000, 82.000, -17.000, 83.000] (epsg:4326))
2026-08-04 18:10:33,095 - snakemake_workflow - rasterdataset - INFO - Reading population raster data from D:\GFM\inputs\exposure\ppp_2020_1km_Aggregated.tif
2026-08-04 18:10:33,240 - snakemake_workflow - rasterdataset - DEBUG - Clip to [140.000, -10.000, 144.000, -6.000] (epsg:4326))
2026-08-04 18:10:33,292 - snakemake_workflow - rasterdataset - INFO - Reading population raster data from D:\GFM\inputs\exposure\ppp_2020_1km_Aggregated.tif
2026-08-04 18:10:33,391 - snakemake_workflow - rasterdataset - DEBUG - Clip to [129.000, -5.000, 131.000, -1.000] (epsg:4326))
2026-08-04 18:10:35,245 - snakemake_workflow - rasterdataset - INFO - Reading population raster data from D:\GFM\inputs\exposure\ppp_2020_1km_Aggregated.tif
2026-08-04 18:10:35,308 - snakemake_workflow - rasterdataset - DEBUG - Clip to [-28.000, 70.000, -24.000, 74.000] (epsg:4326))
2026-08-04 18:10:35,319 - snakemake_workflow - rasterdataset - INFO - Reading population raster data from D:\GFM\inputs\exposure\ppp_2020_1km_Aggregated.tif
2026-08-04 18:10:35,443 - snakemake_workflow - rasterdataset - DEBUG - Clip to [-25.000, 70.000, -23.000, 74.000] (epsg:4326))
2026-08-04 18:10:35,469 - snakemake_workflow - rasterdataset - INFO - Reading population raster data from D:\GFM\inputs\exposure\ppp_2020_1km_Aggregated.tif
2026-08-04 18:10:35,560 - snakemake_workflow - rasterdataset - INFO - Reading population raster data from D:\GFM\inputs\exposure\ppp_2020_1km_Aggregated.tif
2026-08-04 18:10:35,620 - snakemake_workflow - rasterdataset - DEBUG - Clip to [-26.000, 69.000, -22.000, 71.000] (epsg:4326))
2026-08-04 18:10:35,648 - snakemake_workflow - rasterdataset - INFO - Reading population raster data from D:\GFM\inputs\exposure\ppp_2020_1km_Aggregated.tif
2026-08-04 18:10:35,651 - snakemake_workflow - rasterdataset - DEBUG - Clip to [-113.000, 77.000, -109.000, 79.000] (epsg:4326))
2026-08-04 18:10:35,683 - snakemake_workflow - rasterdataset - INFO - Reading population raster data from D:\GFM\inputs\exposure\ppp_2020_1km_Aggregated.tif
2026-08-04 18:10:35,747 - snakemake_workflow - rasterdataset - DEBUG - Clip to [127.000, -1.000, 131.000, 1.000] (epsg:4326))
2026-08-04 18:10:35,797 - snakemake_workflow - rasterdataset - DEBUG - Clip to [-23.000, 74.000, -19.000, 78.000] (epsg:4326))
2026-08-04 18:10:35,818 - snakemake_workflow - rasterdataset - INFO - Reading population raster data from D:\GFM\inputs\exposure\ppp_2020_1km_Aggregated.tif
2026-08-04 18:10:35,913 - snakemake_workflow - rasterdataset - DEBUG - Clip to [119.000, -7.000, 123.000, -5.000] (epsg:4326))
2026-08-04 18:10:37,472 - snakemake_workflow - rasterdataset - INFO - Reading population raster data from D:\GFM\inputs\exposure\ppp_2020_1km_Aggregated.tif
2026-08-04 18:10:37,523 - snakemake_workflow - rasterdataset - DEBUG - Clip to [-66.000, 79.000, -64.000, 83.000] (epsg:4326))
2026-08-04 18:10:37,853 - snakemake_workflow - rasterdataset - INFO - Reading population raster data from D:\GFM\inputs\exposure\ppp_2020_1km_Aggregated.tif
2026-08-04 18:10:37,916 - snakemake_workflow - rasterdataset - DEBUG - Clip to [122.000, 0.000, 124.000, 1.000] (epsg:4326))
2026-08-04 18:10:39,030 - snakemake_workflow - rasterdataset - INFO - Reading population raster data from D:\GFM\inputs\exposure\ppp_2020_1km_Aggregated.tif
2026-08-04 18:10:39,077 - snakemake_workflow - rasterdataset - DEBUG - Clip to [131.000, -3.000, 133.000, -1.000] (epsg:4326))
2026-08-04 18:10:39,801 - snakemake_workflow - rasterdataset - INFO - Reading population raster data from D:\GFM\inputs\exposure\ppp_2020_1km_Aggregated.tif
2026-08-04 18:10:39,863 - snakemake_workflow - rasterdataset - DEBUG - Clip to [122.000, 6.000, 126.000, 10.000] (epsg:4326))
2026-08-04 18:10:41,364 - snakemake_workflow - rasterdataset - INFO - Reading population raster data from D:\GFM\inputs\exposure\ppp_2020_1km_Aggregated.tif
2026-08-04 18:10:41,407 - snakemake_workflow - rasterdataset - DEBUG - Clip to [130.000, 0.000, 132.000, 1.000] (epsg:4326))
2026-08-04 18:10:42,090 - snakemake_workflow - rasterdataset - INFO - Reading population raster data from D:\GFM\inputs\exposure\ppp_2020_1km_Aggregated.tif
2026-08-04 18:10:42,126 - snakemake_workflow - rasterdataset - DEBUG - Clip to [125.000, 9.000, 127.000, 11.000] (epsg:4326))
2026-08-04 18:10:42,145 - snakemake_workflow - rasterdataset - INFO - Reading population raster data from D:\GFM\inputs\exposure\ppp_2020_1km_Aggregated.tif
2026-08-04 18:10:42,175 - snakemake_workflow - rasterdataset - DEBUG - Clip to [129.000, -2.000, 133.000, 0.000] (epsg:4326))
2026-08-04 18:10:42,229 - snakemake_workflow - rasterdataset - INFO - Reading population raster data from D:\GFM\inputs\exposure\ppp_2020_1km_Aggregated.tif
2026-08-04 18:10:42,259 - snakemake_workflow - rasterdataset - INFO - Reading population raster data from D:\GFM\inputs\exposure\ppp_2020_1km_Aggregated.tif
2026-08-04 18:10:42,267 - snakemake_workflow - rasterdataset - DEBUG - Clip to [122.000, -6.000, 124.000, -2.000] (epsg:4326))
2026-08-04 18:10:42,290 - snakemake_workflow - rasterdataset - DEBUG - Clip to [119.000, -6.000, 123.000, -2.000] (epsg:4326))
2026-08-04 18:10:42,415 - snakemake_workflow - rasterdataset - INFO - Reading population raster data from D:\GFM\inputs\exposure\ppp_2020_1km_Aggregated.tif
2026-08-04 18:10:42,545 - snakemake_workflow - rasterdataset - DEBUG - Clip to [-54.000, 66.000, -50.000, 70.000] (epsg:4326))
2026-08-04 18:10:44,892 - snakemake_workflow - rasterdataset - INFO - Reading population raster data from D:\GFM\inputs\exposure\ppp_2020_1km_Aggregated.tif
2026-08-04 18:10:44,928 - snakemake_workflow - rasterdataset - DEBUG - Clip to [131.000, -6.000, 133.000, -2.000] (epsg:4326))
2026-08-04 18:10:44,933 - snakemake_workflow - rasterdataset - INFO - Reading population raster data from D:\GFM\inputs\exposure\ppp_2020_1km_Aggregated.tif
2026-08-04 18:10:44,975 - snakemake_workflow - rasterdataset - DEBUG - Clip to [122.000, 10.000, 126.000, 12.000] (epsg:4326))
2026-08-04 18:10:45,694 - snakemake_workflow - rasterdataset - INFO - Reading population raster data from D:\GFM\inputs\exposure\ppp_2020_1km_Aggregated.tif
2026-08-04 18:10:45,735 - snakemake_workflow - rasterdataset - DEBUG - Clip to [127.000, -4.000, 130.000, 0.000] (epsg:4326))
2026-08-04 18:10:47,511 - snakemake_workflow - rasterdataset - INFO - Reading population raster data from D:\GFM\inputs\exposure\ppp_2020_1km_Aggregated.tif
2026-08-04 18:10:47,565 - snakemake_workflow - rasterdataset - DEBUG - Clip to [123.000, 11.000, 126.000, 13.000] (epsg:4326))
2026-08-04 18:10:47,988 - snakemake_workflow - rasterdataset - INFO - Reading population raster data from D:\GFM\inputs\exposure\ppp_2020_1km_Aggregated.tif
2026-08-04 18:10:48,053 - snakemake_workflow - rasterdataset - DEBUG - Clip to [119.000, -1.000, 123.000, 1.000] (epsg:4326))
2026-08-04 18:10:49,134 - snakemake_workflow - rasterdataset - INFO - Reading population raster data from D:\GFM\inputs\exposure\ppp_2020_1km_Aggregated.tif
2026-08-04 18:10:49,211 - snakemake_workflow - rasterdataset - DEBUG - Clip to [133.000, -6.000, 135.000, -4.000] (epsg:4326))
2026-08-04 18:10:50,435 - snakemake_workflow - rasterdataset - INFO - Reading population raster data from D:\GFM\inputs\exposure\ppp_2020_1km_Aggregated.tif
2026-08-04 18:10:50,493 - snakemake_workflow - rasterdataset - DEBUG - Clip to [120.000, 9.000, 122.000, 13.000] (epsg:4326))
2026-08-04 18:10:51,198 - snakemake_workflow - rasterdataset - INFO - Reading population raster data from D:\GFM\inputs\exposure\ppp_2020_1km_Aggregated.tif
2026-08-04 18:10:51,233 - snakemake_workflow - rasterdataset - DEBUG - Clip to [133.000, -2.000, 137.000, 0.000] (epsg:4326))
2026-08-04 18:10:51,906 - snakemake_workflow - rasterdataset - INFO - Reading population raster data from D:\GFM\inputs\exposure\ppp_2020_1km_Aggregated.tif
2026-08-04 18:10:51,947 - snakemake_workflow - rasterdataset - DEBUG - Clip to [119.000, -3.000, 123.000, 0.000] (epsg:4326))
2026-08-04 18:10:52,376 - snakemake_workflow - rasterdataset - INFO - Reading population raster data from D:\GFM\inputs\exposure\ppp_2020_1km_Aggregated.tif
2026-08-04 18:10:52,418 - snakemake_workflow - rasterdataset - INFO - Reading population raster data from D:\GFM\inputs\exposure\ppp_2020_1km_Aggregated.tif
2026-08-04 18:10:52,428 - snakemake_workflow - rasterdataset - DEBUG - Clip to [120.000, 13.000, 124.000, 15.000] (epsg:4326))
2026-08-04 18:10:52,521 - snakemake_workflow - rasterdataset - DEBUG - Clip to [119.000, 9.000, 121.000, 13.000] (epsg:4326))
2026-08-04 18:10:53,081 - snakemake_workflow - rasterdataset - INFO - Reading population raster data from D:\GFM\inputs\exposure\ppp_2020_1km_Aggregated.tif
2026-08-04 18:10:53,126 - snakemake_workflow - rasterdataset - DEBUG - Clip to [125.000, 6.000, 127.000, 10.000] (epsg:4326))
2026-08-04 18:10:53,274 - snakemake_workflow - rasterdataset - INFO - Reading population raster data from D:\GFM\inputs\exposure\ppp_2020_1km_Aggregated.tif
2026-08-04 18:10:53,327 - snakemake_workflow - rasterdataset - DEBUG - Clip to [123.000, -3.000, 124.000, 1.000] (epsg:4326))
2026-08-04 18:10:54,788 - snakemake_workflow - rasterdataset - INFO - Reading population raster data from D:\GFM\inputs\exposure\ppp_2020_1km_Aggregated.tif
2026-08-04 18:10:54,850 - snakemake_workflow - rasterdataset - DEBUG - Clip to [97.000, 12.000, 101.000, 16.000] (epsg:4326))
2026-08-04 18:10:55,491 - snakemake_workflow - rasterdataset - INFO - Reading population raster data from D:\GFM\inputs\exposure\ppp_2020_1km_Aggregated.tif
2026-08-04 18:10:55,639 - snakemake_workflow - rasterdataset - DEBUG - Clip to [122.000, 11.000, 124.000, 13.000] (epsg:4326))
2026-08-04 18:10:56,266 - snakemake_workflow - rasterdataset - INFO - Reading population raster data from D:\GFM\inputs\exposure\ppp_2020_1km_Aggregated.tif
2026-08-04 18:10:56,320 - snakemake_workflow - rasterdataset - DEBUG - Clip to [116.000, 30.000, 120.000, 34.000] (epsg:4326))
2026-08-04 18:10:57,267 - snakemake_workflow - rasterdataset - INFO - Reading population raster data from D:\GFM\inputs\exposure\ppp_2020_1km_Aggregated.tif
2026-08-04 18:10:57,346 - snakemake_workflow - rasterdataset - DEBUG - Clip to [120.000, 12.000, 124.000, 14.000] (epsg:4326))
2026-08-04 18:10:57,891 - snakemake_workflow - rasterdataset - INFO - Reading population raster data from D:\GFM\inputs\exposure\ppp_2020_1km_Aggregated.tif
2026-08-04 18:10:57,969 - snakemake_workflow - rasterdataset - DEBUG - Clip to [122.000, 9.000, 126.000, 11.000] (epsg:4326))
2026-08-04 18:10:58,156 - snakemake_workflow - rasterdataset - INFO - Reading population raster data from D:\GFM\inputs\exposure\ppp_2020_1km_Aggregated.tif
2026-08-04 18:10:58,173 - snakemake_workflow - rasterdataset - INFO - Reading population raster data from D:\GFM\inputs\exposure\ppp_2020_1km_Aggregated.tif
2026-08-04 18:10:58,208 - snakemake_workflow - rasterdataset - DEBUG - Clip to [88.000, 24.000, 92.000, 26.000] (epsg:4326))
2026-08-04 18:10:58,220 - snakemake_workflow - rasterdataset - DEBUG - Clip to [-54.000, 69.000, -50.000, 71.000] (epsg:4326))
2026-08-04 18:10:58,505 - snakemake_workflow - rasterdataset - INFO - Reading population raster data from D:\GFM\inputs\exposure\ppp_2020_1km_Aggregated.tif
2026-08-04 18:10:58,578 - snakemake_workflow - rasterdataset - DEBUG - Clip to [123.000, 13.000, 125.000, 15.000] (epsg:4326))
2026-08-04 18:10:58,935 - snakemake_workflow - rasterdataset - INFO - Reading population raster data from D:\GFM\inputs\exposure\ppp_2020_1km_Aggregated.tif
2026-08-04 18:10:58,983 - snakemake_workflow - rasterdataset - DEBUG - Clip to [161.000, 58.000, 165.000, 62.000] (epsg:4326))
2026-08-04 18:11:01,553 - snakemake_workflow - rasterdataset - INFO - Reading population raster data from D:\GFM\inputs\exposure\ppp_2020_1km_Aggregated.tif
2026-08-04 18:11:01,610 - snakemake_workflow - rasterdataset - DEBUG - Clip to [101.000, -1.000, 105.000, 3.000] (epsg:4326))
2026-08-04 18:11:02,122 - snakemake_workflow - rasterdataset - INFO - Reading population raster data from D:\GFM\inputs\exposure\ppp_2020_1km_Aggregated.tif
2026-08-04 18:11:02,238 - snakemake_workflow - rasterdataset - INFO - Reading population raster data from D:\GFM\inputs\exposure\ppp_2020_1km_Aggregated.tif
2026-08-04 18:11:02,278 - snakemake_workflow - rasterdataset - DEBUG - Clip to [123.000, 12.000, 125.000, 14.000] (epsg:4326))
2026-08-04 18:11:02,357 - snakemake_workflow - rasterdataset - DEBUG - Clip to [21.000, 36.000, 24.000, 40.000] (epsg:4326))
2026-08-04 18:11:03,427 - snakemake_workflow - rasterdataset - INFO - Reading population raster data from D:\GFM\inputs\exposure\ppp_2020_1km_Aggregated.tif
2026-08-04 18:11:03,563 - snakemake_workflow - rasterdataset - DEBUG - Clip to [24.000, 40.000, 28.000, 42.000] (epsg:4326))
2026-08-04 18:11:04,535 - snakemake_workflow - rasterdataset - INFO - Reading population raster data from D:\GFM\inputs\exposure\ppp_2020_1km_Aggregated.tif
2026-08-04 18:11:04,603 - snakemake_workflow - rasterdataset - DEBUG - Clip to [0.000, 49.000, 2.000, 53.000] (epsg:4326))
2026-08-04 18:11:08,111 - snakemake_workflow - rasterdataset - INFO - Reading population raster data from D:\GFM\inputs\exposure\ppp_2020_1km_Aggregated.tif
2026-08-04 18:11:08,160 - snakemake_workflow - rasterdataset - DEBUG - Clip to [87.000, 21.000, 89.000, 25.000] (epsg:4326))
2026-08-04 18:11:09,928 - snakemake_workflow - rasterdataset - INFO - Reading population raster data from D:\GFM\inputs\exposure\ppp_2020_1km_Aggregated.tif
2026-08-04 18:11:09,956 - snakemake_workflow - rasterdataset - DEBUG - Clip to [102.000, 9.000, 106.000, 13.000] (epsg:4326))
2026-08-04 18:11:12,400 - snakemake_workflow - rasterdataset - INFO - Reading population raster data from D:\GFM\inputs\exposure\ppp_2020_1km_Aggregated.tif
2026-08-04 18:11:12,423 - snakemake_workflow - rasterdataset - DEBUG - Clip to [23.000, 40.000, 25.000, 42.000] (epsg:4326))
2026-08-04 18:11:12,585 - snakemake_workflow - rasterdataset - INFO - Reading population raster data from D:\GFM\inputs\exposure\ppp_2020_1km_Aggregated.tif
2026-08-04 18:11:12,607 - snakemake_workflow - rasterdataset - DEBUG - Clip to [-6.000, 50.000, -2.000, 54.000] (epsg:4326))
2026-08-04 18:11:14,818 - snakemake_workflow - rasterdataset - INFO - Reading population raster data from D:\GFM\inputs\exposure\ppp_2020_1km_Aggregated.tif
2026-08-04 18:11:14,843 - snakemake_workflow - rasterdataset - DEBUG - Clip to [119.000, 30.000, 121.000, 34.000] (epsg:4326))
2026-08-04 18:11:14,956 - snakemake_workflow - rasterdataset - INFO - Reading population raster data from D:\GFM\inputs\exposure\ppp_2020_1km_Aggregated.tif
2026-08-04 18:11:14,993 - snakemake_workflow - rasterdataset - DEBUG - Clip to [-3.000, 49.000, 1.000, 53.000] (epsg:4326))
2026-08-04 18:11:15,325 - snakemake_workflow - rasterdataset - INFO - Reading population raster data from D:\GFM\inputs\exposure\ppp_2020_1km_Aggregated.tif
2026-08-04 18:11:15,329 - snakemake_workflow - rasterdataset - INFO - Reading population raster data from D:\GFM\inputs\exposure\ppp_2020_1km_Aggregated.tif
2026-08-04 18:11:15,367 - snakemake_workflow - rasterdataset - DEBUG - Clip to [23.000, 34.000, 27.000, 36.000] (epsg:4326))
2026-08-04 18:11:15,369 - snakemake_workflow - rasterdataset - DEBUG - Clip to [24.000, 35.000, 28.000, 39.000] (epsg:4326))
2026-08-04 18:11:15,985 - snakemake_workflow - rasterdataset - INFO - Reading population raster data from D:\GFM\inputs\exposure\ppp_2020_1km_Aggregated.tif
2026-08-04 18:11:16,007 - snakemake_workflow - rasterdataset - DEBUG - Clip to [87.000, 25.000, 90.000, 26.000] (epsg:4326))
2026-08-04 18:11:17,698 - snakemake_workflow - rasterdataset - INFO - Reading population raster data from D:\GFM\inputs\exposure\ppp_2020_1km_Aggregated.tif
2026-08-04 18:11:17,731 - snakemake_workflow - rasterdataset - DEBUG - Clip to [95.000, 2.000, 99.000, 6.000] (epsg:4326))
2026-08-04 18:11:17,847 - snakemake_workflow - rasterdataset - INFO - Reading population raster data from D:\GFM\inputs\exposure\ppp_2020_1km_Aggregated.tif
2026-08-04 18:11:18,124 - snakemake_workflow - rasterdataset - DEBUG - Clip to [128.000, 31.000, 132.000, 35.000] (epsg:4326))
2026-08-04 18:11:19,397 - snakemake_workflow - rasterdataset - INFO - Reading population raster data from D:\GFM\inputs\exposure\ppp_2020_1km_Aggregated.tif
2026-08-04 18:11:19,424 - snakemake_workflow - rasterdataset - DEBUG - Clip to [24.000, 39.000, 28.000, 41.000] (epsg:4326))
2026-08-04 18:11:21,122 - snakemake_workflow - rasterdataset - INFO - Reading population raster data from D:\GFM\inputs\exposure\ppp_2020_1km_Aggregated.tif
2026-08-04 18:11:21,182 - snakemake_workflow - rasterdataset - DEBUG - Clip to [117.000, 33.000, 121.000, 35.000] (epsg:4326))
2026-08-04 18:11:23,380 - snakemake_workflow - rasterdataset - INFO - Reading population raster data from D:\GFM\inputs\exposure\ppp_2020_1km_Aggregated.tif
2026-08-04 18:11:23,407 - snakemake_workflow - rasterdataset - DEBUG - Clip to [22.000, 39.000, 25.000, 41.000] (epsg:4326))
2026-08-04 18:11:24,350 - snakemake_workflow - rasterdataset - INFO - Reading population raster data from D:\GFM\inputs\exposure\ppp_2020_1km_Aggregated.tif
2026-08-04 18:11:24,375 - snakemake_workflow - rasterdataset - DEBUG - Clip to [-3.000, 52.000, 1.000, 54.000] (epsg:4326))
2026-08-04 18:11:25,258 - snakemake_workflow - rasterdataset - INFO - Reading population raster data from D:\GFM\inputs\exposure\ppp_2020_1km_Aggregated.tif
2026-08-04 18:11:25,331 - snakemake_workflow - rasterdataset - DEBUG - Clip to [102.000, 12.000, 106.000, 14.000] (epsg:4326))
2026-08-04 18:11:25,787 - snakemake_workflow - rasterdataset - INFO - Reading population raster data from D:\GFM\inputs\exposure\ppp_2020_1km_Aggregated.tif
2026-08-04 18:11:25,878 - snakemake_workflow - rasterdataset - DEBUG - Clip to [-6.000, 53.000, -2.000, 55.000] (epsg:4326))
2026-08-04 18:11:26,173 - snakemake_workflow - rasterdataset - INFO - Reading population raster data from D:\GFM\inputs\exposure\ppp_2020_1km_Aggregated.tif
2026-08-04 18:11:26,221 - snakemake_workflow - rasterdataset - DEBUG - Clip to [-3.000, 54.000, -1.000, 55.000] (epsg:4326))
2026-08-04 18:11:26,442 - snakemake_workflow - rasterdataset - INFO - Reading population raster data from D:\GFM\inputs\exposure\ppp_2020_1km_Aggregated.tif
2026-08-04 18:11:26,492 - snakemake_workflow - rasterdataset - DEBUG - Clip to [88.000, 21.000, 92.000, 25.000] (epsg:4326))
2026-08-04 18:11:27,636 - snakemake_workflow - rasterdataset - INFO - Reading population raster data from D:\GFM\inputs\exposure\ppp_2020_1km_Aggregated.tif
2026-08-04 18:11:27,653 - snakemake_workflow - rasterdataset - INFO - Reading population raster data from D:\GFM\inputs\exposure\ppp_2020_1km_Aggregated.tif
2026-08-04 18:11:27,683 - snakemake_workflow - rasterdataset - DEBUG - Clip to [-7.000, 52.000, -5.000, 56.000] (epsg:4326))
2026-08-04 18:11:27,683 - snakemake_workflow - rasterdataset - DEBUG - Clip to [24.000, 38.000, 28.000, 40.000] (epsg:4326))
2026-08-04 18:11:28,583 - snakemake_workflow - rasterdataset - INFO - Reading population raster data from D:\GFM\inputs\exposure\ppp_2020_1km_Aggregated.tif
2026-08-04 18:11:28,623 - snakemake_workflow - rasterdataset - DEBUG - Clip to [-3.000, 55.000, -1.000, 56.000] (epsg:4326))
2026-08-04 18:11:30,024 - snakemake_workflow - rasterdataset - INFO - Reading population raster data from D:\GFM\inputs\exposure\ppp_2020_1km_Aggregated.tif
2026-08-04 18:11:30,060 - snakemake_workflow - rasterdataset - DEBUG - Clip to [-6.000, 54.000, -2.000, 56.000] (epsg:4326))
2026-08-04 18:11:30,090 - snakemake_workflow - rasterdataset - INFO - Reading population raster data from D:\GFM\inputs\exposure\ppp_2020_1km_Aggregated.tif
2026-08-04 18:11:30,134 - snakemake_workflow - rasterdataset - DEBUG - Clip to [-7.000, 56.000, -5.000, 57.000] (epsg:4326))
2026-08-04 18:11:30,417 - snakemake_workflow - rasterdataset - INFO - Reading population raster data from D:\GFM\inputs\exposure\ppp_2020_1km_Aggregated.tif
2026-08-04 18:11:30,480 - snakemake_workflow - rasterdataset - DEBUG - Clip to [23.000, 35.000, 25.000, 39.000] (epsg:4326))
2026-08-04 18:11:30,890 - snakemake_workflow - rasterdataset - INFO - Reading population raster data from D:\GFM\inputs\exposure\ppp_2020_1km_Aggregated.tif
2026-08-04 18:11:31,006 - snakemake_workflow - rasterdataset - DEBUG - Clip to [105.000, 9.000, 107.000, 13.000] (epsg:4326))
2026-08-04 18:11:31,279 - snakemake_workflow - rasterdataset - INFO - Reading population raster data from D:\GFM\inputs\exposure\ppp_2020_1km_Aggregated.tif
2026-08-04 18:11:31,300 - snakemake_workflow - rasterdataset - INFO - Reading population raster data from D:\GFM\inputs\exposure\ppp_2020_1km_Aggregated.tif
2026-08-04 18:11:31,332 - snakemake_workflow - rasterdataset - DEBUG - Clip to [-8.000, 54.000, -6.000, 58.000] (epsg:4326))
2026-08-04 18:11:31,347 - snakemake_workflow - rasterdataset - DEBUG - Clip to [8.000, 52.000, 12.000, 56.000] (epsg:4326))
2026-08-04 18:11:31,555 - snakemake_workflow - rasterdataset - INFO - Reading population raster data from D:\GFM\inputs\exposure\ppp_2020_1km_Aggregated.tif
2026-08-04 18:11:31,601 - snakemake_workflow - rasterdataset - DEBUG - Clip to [-6.000, 56.000, -2.000, 58.000] (epsg:4326))
2026-08-04 18:11:32,655 - snakemake_workflow - rasterdataset - INFO - Reading population raster data from D:\GFM\inputs\exposure\ppp_2020_1km_Aggregated.tif
2026-08-04 18:11:32,703 - snakemake_workflow - rasterdataset - DEBUG - Clip to [-2.000, 53.000, 0.000, 55.000] (epsg:4326))
2026-08-04 18:11:33,591 - snakemake_workflow - rasterdataset - INFO - Reading population raster data from D:\GFM\inputs\exposure\ppp_2020_1km_Aggregated.tif
2026-08-04 18:11:33,639 - snakemake_workflow - rasterdataset - DEBUG - Clip to [11.000, 56.000, 15.000, 57.000] (epsg:4326))
2026-08-04 18:11:34,143 - snakemake_workflow - rasterdataset - INFO - Reading population raster data from D:\GFM\inputs\exposure\ppp_2020_1km_Aggregated.tif
2026-08-04 18:11:34,202 - snakemake_workflow - rasterdataset - DEBUG - Clip to [13.000, 52.000, 15.000, 56.000] (epsg:4326))
2026-08-04 18:11:34,641 - snakemake_workflow - rasterdataset - INFO - Reading population raster data from D:\GFM\inputs\exposure\ppp_2020_1km_Aggregated.tif
2026-08-04 18:11:34,681 - snakemake_workflow - rasterdataset - DEBUG - Clip to [-6.000, 55.000, -2.000, 57.000] (epsg:4326))
2026-08-04 18:11:35,825 - snakemake_workflow - rasterdataset - INFO - Reading population raster data from D:\GFM\inputs\exposure\ppp_2020_1km_Aggregated.tif
2026-08-04 18:11:35,882 - snakemake_workflow - rasterdataset - DEBUG - Clip to [-6.000, 57.000, -2.000, 59.000] (epsg:4326))
2026-08-04 18:11:35,954 - snakemake_workflow - rasterdataset - INFO - Reading population raster data from D:\GFM\inputs\exposure\ppp_2020_1km_Aggregated.tif
2026-08-04 18:11:36,073 - snakemake_workflow - rasterdataset - DEBUG - Clip to [39.000, 63.000, 43.000, 67.000] (epsg:4326))
2026-08-04 18:11:37,228 - snakemake_workflow - rasterdataset - INFO - Reading population raster data from D:\GFM\inputs\exposure\ppp_2020_1km_Aggregated.tif
2026-08-04 18:11:37,252 - snakemake_workflow - rasterdataset - INFO - Reading population raster data from D:\GFM\inputs\exposure\ppp_2020_1km_Aggregated.tif
2026-08-04 18:11:37,281 - snakemake_workflow - rasterdataset - INFO - Reading population raster data from D:\GFM\inputs\exposure\ppp_2020_1km_Aggregated.tif
2026-08-04 18:11:37,300 - snakemake_workflow - rasterdataset - DEBUG - Clip to [-7.000, 57.000, -5.000, 58.000] (epsg:4326))
2026-08-04 18:11:37,305 - snakemake_workflow - rasterdataset - DEBUG - Clip to [71.000, 70.000, 75.000, 72.000] (epsg:4326))
2026-08-04 18:11:37,378 - snakemake_workflow - rasterdataset - DEBUG - Clip to [12.000, 52.000, 14.000, 56.000] (epsg:4326))
  filter_and_shave_chunks: 200/3719 checked, 157 kept so far (150s elapsed)
2026-08-04 18:11:37,564 - snakemake_workflow - rasterdataset - INFO - Reading population raster data from D:\GFM\inputs\exposure\ppp_2020_1km_Aggregated.tif
2026-08-04 18:11:37,653 - snakemake_workflow - rasterdataset - DEBUG - Clip to [75.000, 67.000, 77.000, 71.000] (epsg:4326))
2026-08-04 18:11:38,058 - snakemake_workflow - rasterdataset - INFO - Reading population raster data from D:\GFM\inputs\exposure\ppp_2020_1km_Aggregated.tif
2026-08-04 18:11:38,119 - snakemake_workflow - rasterdataset - DEBUG - Clip to [77.000, 69.000, 79.000, 73.000] (epsg:4326))
2026-08-04 18:11:40,668 - snakemake_workflow - rasterdataset - INFO - Reading population raster data from D:\GFM\inputs\exposure\ppp_2020_1km_Aggregated.tif
2026-08-04 18:11:40,720 - snakemake_workflow - rasterdataset - DEBUG - Clip to [11.000, 58.000, 13.000, 59.000] (epsg:4326))
2026-08-04 18:11:41,185 - snakemake_workflow - rasterdataset - INFO - Reading population raster data from D:\GFM\inputs\exposure\ppp_2020_1km_Aggregated.tif
2026-08-04 18:11:41,227 - snakemake_workflow - rasterdataset - DEBUG - Clip to [-7.000, 58.000, -5.000, 59.000] (epsg:4326))
2026-08-04 18:11:42,298 - snakemake_workflow - rasterdataset - INFO - Reading population raster data from D:\GFM\inputs\exposure\ppp_2020_1km_Aggregated.tif
2026-08-04 18:11:42,337 - snakemake_workflow - rasterdataset - DEBUG - Clip to [8.000, 57.000, 12.000, 59.000] (epsg:4326))
2026-08-04 18:11:42,525 - snakemake_workflow - rasterdataset - INFO - Reading population raster data from D:\GFM\inputs\exposure\ppp_2020_1km_Aggregated.tif
2026-08-04 18:11:42,563 - snakemake_workflow - rasterdataset - DEBUG - Clip to [-8.000, 58.000, -5.000, 59.000] (epsg:4326))
2026-08-04 18:11:42,813 - snakemake_workflow - rasterdataset - INFO - Reading population raster data from D:\GFM\inputs\exposure\ppp_2020_1km_Aggregated.tif
2026-08-04 18:11:42,869 - snakemake_workflow - rasterdataset - DEBUG - Clip to [13.000, 56.000, 15.000, 57.000] (epsg:4326))
2026-08-04 18:11:43,435 - snakemake_workflow - rasterdataset - INFO - Reading population raster data from D:\GFM\inputs\exposure\ppp_2020_1km_Aggregated.tif
2026-08-04 18:11:43,448 - snakemake_workflow - rasterdataset - INFO - Reading population raster data from D:\GFM\inputs\exposure\ppp_2020_1km_Aggregated.tif
2026-08-04 18:11:43,478 - snakemake_workflow - rasterdataset - DEBUG - Clip to [21.000, 57.000, 25.000, 61.000] (epsg:4326))
2026-08-04 18:11:43,494 - snakemake_workflow - rasterdataset - DEBUG - Clip to [79.000, 66.000, 81.000, 70.000] (epsg:4326))
2026-08-04 18:11:45,875 - snakemake_workflow - rasterdataset - INFO - Reading population raster data from D:\GFM\inputs\exposure\ppp_2020_1km_Aggregated.tif
2026-08-04 18:11:45,900 - snakemake_workflow - rasterdataset - DEBUG - Clip to [8.000, 55.000, 12.000, 57.000] (epsg:4326))
2026-08-04 18:11:47,480 - snakemake_workflow - rasterdataset - INFO - Reading population raster data from D:\GFM\inputs\exposure\ppp_2020_1km_Aggregated.tif
2026-08-04 18:11:47,500 - snakemake_workflow - rasterdataset - DEBUG - Clip to [71.000, 66.000, 75.000, 68.000] (epsg:4326))
2026-08-04 18:11:49,019 - snakemake_workflow - rasterdataset - INFO - Reading population raster data from D:\GFM\inputs\exposure\ppp_2020_1km_Aggregated.tif
2026-08-04 18:11:49,045 - snakemake_workflow - rasterdataset - DEBUG - Clip to [11.000, 57.000, 13.000, 59.000] (epsg:4326))
2026-08-04 18:11:49,051 - snakemake_workflow - rasterdataset - INFO - Reading population raster data from D:\GFM\inputs\exposure\ppp_2020_1km_Aggregated.tif
2026-08-04 18:11:49,079 - snakemake_workflow - rasterdataset - DEBUG - Clip to [76.000, 66.000, 78.000, 68.000] (epsg:4326))
2026-08-04 18:11:49,799 - snakemake_workflow - rasterdataset - INFO - Reading population raster data from D:\GFM\inputs\exposure\ppp_2020_1km_Aggregated.tif
2026-08-04 18:11:49,833 - snakemake_workflow - rasterdataset - DEBUG - Clip to [76.000, 69.000, 78.000, 71.000] (epsg:4326))
2026-08-04 18:11:50,182 - snakemake_workflow - rasterdataset - INFO - Reading population raster data from D:\GFM\inputs\exposure\ppp_2020_1km_Aggregated.tif
2026-08-04 18:11:50,226 - snakemake_workflow - rasterdataset - DEBUG - Clip to [11.000, 52.000, 13.000, 56.000] (epsg:4326))
2026-08-04 18:11:50,622 - snakemake_workflow - rasterdataset - INFO - Reading population raster data from D:\GFM\inputs\exposure\ppp_2020_1km_Aggregated.tif
2026-08-04 18:11:50,660 - snakemake_workflow - rasterdataset - DEBUG - Clip to [81.000, 70.000, 83.000, 74.000] (epsg:4326))
2026-08-04 18:11:51,204 - snakemake_workflow - rasterdataset - INFO - Reading population raster data from D:\GFM\inputs\exposure\ppp_2020_1km_Aggregated.tif
2026-08-04 18:11:51,231 - snakemake_workflow - rasterdataset - DEBUG - Clip to [74.000, 71.000, 78.000, 73.000] (epsg:4326))
2026-08-04 18:11:51,976 - snakemake_workflow - rasterdataset - INFO - Reading population raster data from D:\GFM\inputs\exposure\ppp_2020_1km_Aggregated.tif
2026-08-04 18:11:52,000 - snakemake_workflow - rasterdataset - DEBUG - Clip to [8.000, 56.000, 12.000, 58.000] (epsg:4326))
2026-08-04 18:11:53,138 - snakemake_workflow - rasterdataset - INFO - Reading population raster data from D:\GFM\inputs\exposure\ppp_2020_1km_Aggregated.tif
2026-08-04 18:11:53,169 - snakemake_workflow - rasterdataset - DEBUG - Clip to [78.000, 66.000, 80.000, 70.000] (epsg:4326))
2026-08-04 18:11:53,280 - snakemake_workflow - rasterdataset - INFO - Reading population raster data from D:\GFM\inputs\exposure\ppp_2020_1km_Aggregated.tif
2026-08-04 18:11:53,304 - snakemake_workflow - rasterdataset - DEBUG - Clip to [99.000, 76.000, 103.000, 80.000] (epsg:4326))
2026-08-04 18:11:54,896 - snakemake_workflow - rasterdataset - INFO - Reading population raster data from D:\GFM\inputs\exposure\ppp_2020_1km_Aggregated.tif
2026-08-04 18:11:54,919 - snakemake_workflow - rasterdataset - DEBUG - Clip to [66.000, 68.000, 70.000, 72.000] (epsg:4326))
2026-08-04 18:11:55,254 - snakemake_workflow - rasterdataset - INFO - Reading population raster data from D:\GFM\inputs\exposure\ppp_2020_1km_Aggregated.tif
2026-08-04 18:11:55,384 - snakemake_workflow - rasterdataset - DEBUG - Clip to [78.000, 72.000, 80.000, 74.000] (epsg:4326))
2026-08-04 18:11:57,935 - snakemake_workflow - rasterdataset - INFO - Reading population raster data from D:\GFM\inputs\exposure\ppp_2020_1km_Aggregated.tif
2026-08-04 18:11:57,960 - snakemake_workflow - rasterdataset - DEBUG - Clip to [77.000, 66.000, 78.000, 70.000] (epsg:4326))
2026-08-04 18:11:58,457 - snakemake_workflow - rasterdataset - INFO - Reading population raster data from D:\GFM\inputs\exposure\ppp_2020_1km_Aggregated.tif
2026-08-04 18:11:58,487 - snakemake_workflow - rasterdataset - DEBUG - Clip to [80.000, 70.000, 82.000, 74.000] (epsg:4326))
2026-08-04 18:11:58,601 - snakemake_workflow - rasterdataset - INFO - Reading population raster data from D:\GFM\inputs\exposure\ppp_2020_1km_Aggregated.tif
2026-08-04 18:11:58,625 - snakemake_workflow - rasterdataset - DEBUG - Clip to [74.000, 67.000, 76.000, 71.000] (epsg:4326))
2026-08-04 18:11:59,769 - snakemake_workflow - rasterdataset - INFO - Reading population raster data from D:\GFM\inputs\exposure\ppp_2020_1km_Aggregated.tif
2026-08-04 18:11:59,798 - snakemake_workflow - rasterdataset - DEBUG - Clip to [79.000, 69.000, 80.000, 73.000] (epsg:4326))
2026-08-04 18:12:00,285 - snakemake_workflow - rasterdataset - INFO - Reading population raster data from D:\GFM\inputs\exposure\ppp_2020_1km_Aggregated.tif
2026-08-04 18:12:00,326 - snakemake_workflow - rasterdataset - DEBUG - Clip to [139.000, 73.000, 143.000, 75.000] (epsg:4326))
2026-08-04 18:12:00,497 - snakemake_workflow - rasterdataset - INFO - Reading population raster data from D:\GFM\inputs\exposure\ppp_2020_1km_Aggregated.tif
2026-08-04 18:12:00,677 - snakemake_workflow - rasterdataset - DEBUG - Clip to [81.000, 66.000, 83.000, 70.000] (epsg:4326))
2026-08-04 18:12:00,744 - snakemake_workflow - rasterdataset - INFO - Reading population raster data from D:\GFM\inputs\exposure\ppp_2020_1km_Aggregated.tif
2026-08-04 18:12:00,934 - snakemake_workflow - rasterdataset - DEBUG - Clip to [139.000, 75.000, 143.000, 77.000] (epsg:4326))
2026-08-04 18:12:02,764 - snakemake_workflow - rasterdataset - INFO - Reading population raster data from D:\GFM\inputs\exposure\ppp_2020_1km_Aggregated.tif
2026-08-04 18:12:02,788 - snakemake_workflow - rasterdataset - DEBUG - Clip to [74.000, 71.000, 76.000, 72.000] (epsg:4326))
2026-08-04 18:12:03,173 - snakemake_workflow - rasterdataset - INFO - Reading population raster data from D:\GFM\inputs\exposure\ppp_2020_1km_Aggregated.tif
2026-08-04 18:12:03,200 - snakemake_workflow - rasterdataset - DEBUG - Clip to [155.000, 67.000, 157.000, 71.000] (epsg:4326))
2026-08-04 18:12:03,412 - snakemake_workflow - rasterdataset - INFO - Reading population raster data from D:\GFM\inputs\exposure\ppp_2020_1km_Aggregated.tif
2026-08-04 18:12:03,432 - snakemake_workflow - rasterdataset - DEBUG - Clip to [46.000, 45.000, 50.000, 49.000] (epsg:4326))
2026-08-04 18:12:04,909 - snakemake_workflow - rasterdataset - INFO - Reading population raster data from D:\GFM\inputs\exposure\ppp_2020_1km_Aggregated.tif
2026-08-04 18:12:04,936 - snakemake_workflow - rasterdataset - DEBUG - Clip to [80.000, 66.000, 82.000, 70.000] (epsg:4326))
2026-08-04 18:12:08,232 - snakemake_workflow - rasterdataset - INFO - Reading population raster data from D:\GFM\inputs\exposure\ppp_2020_1km_Aggregated.tif
2026-08-04 18:12:08,257 - snakemake_workflow - rasterdataset - DEBUG - Clip to [45.000, 45.000, 47.000, 49.000] (epsg:4326))
2026-08-04 18:12:09,341 - snakemake_workflow - rasterdataset - INFO - Reading population raster data from D:\GFM\inputs\exposure\ppp_2020_1km_Aggregated.tif
2026-08-04 18:12:09,365 - snakemake_workflow - rasterdataset - DEBUG - Clip to [82.000, 68.000, 84.000, 72.000] (epsg:4326))
2026-08-04 18:12:09,456 - snakemake_workflow - rasterdataset - INFO - Reading population raster data from D:\GFM\inputs\exposure\ppp_2020_1km_Aggregated.tif
2026-08-04 18:12:09,490 - snakemake_workflow - rasterdataset - DEBUG - Clip to [142.000, 70.000, 144.000, 74.000] (epsg:4326))
2026-08-04 18:12:10,140 - snakemake_workflow - rasterdataset - INFO - Reading population raster data from D:\GFM\inputs\exposure\ppp_2020_1km_Aggregated.tif
2026-08-04 18:12:10,167 - snakemake_workflow - rasterdataset - DEBUG - Clip to [102.000, 76.000, 104.000, 80.000] (epsg:4326))
2026-08-04 18:12:10,633 - snakemake_workflow - rasterdataset - INFO - Reading population raster data from D:\GFM\inputs\exposure\ppp_2020_1km_Aggregated.tif
2026-08-04 18:12:10,659 - snakemake_workflow - rasterdataset - DEBUG - Clip to [142.000, 75.000, 145.000, 76.000] (epsg:4326))
2026-08-04 18:12:14,195 - snakemake_workflow - rasterdataset - INFO - Reading population raster data from D:\GFM\inputs\exposure\ppp_2020_1km_Aggregated.tif
2026-08-04 18:12:14,218 - snakemake_workflow - rasterdataset - DEBUG - Clip to [151.000, 67.000, 155.000, 71.000] (epsg:4326))
2026-08-04 18:12:16,082 - snakemake_workflow - rasterdataset - INFO - Reading population raster data from D:\GFM\inputs\exposure\ppp_2020_1km_Aggregated.tif
2026-08-04 18:12:16,131 - snakemake_workflow - rasterdataset - DEBUG - Clip to [103.000, 76.000, 105.000, 80.000] (epsg:4326))
2026-08-04 18:12:17,005 - snakemake_workflow - rasterdataset - INFO - Reading population raster data from D:\GFM\inputs\exposure\ppp_2020_1km_Aggregated.tif
2026-08-04 18:12:17,060 - snakemake_workflow - rasterdataset - DEBUG - Clip to [155.000, 70.000, 158.000, 72.000] (epsg:4326))
2026-08-04 18:12:18,174 - snakemake_workflow - rasterdataset - INFO - Reading population raster data from D:\GFM\inputs\exposure\ppp_2020_1km_Aggregated.tif
2026-08-04 18:12:18,229 - snakemake_workflow - rasterdataset - DEBUG - Clip to [64.000, 62.000, 68.000, 66.000] (epsg:4326))
2026-08-04 18:12:18,578 - snakemake_workflow - rasterdataset - INFO - Reading population raster data from D:\GFM\inputs\exposure\ppp_2020_1km_Aggregated.tif
2026-08-04 18:12:18,578 - snakemake_workflow - rasterdataset - INFO - Reading population raster data from D:\GFM\inputs\exposure\ppp_2020_1km_Aggregated.tif
2026-08-04 18:12:18,715 - snakemake_workflow - rasterdataset - DEBUG - Clip to [49.000, 49.000, 51.000, 50.000] (epsg:4326))
2026-08-04 18:12:18,719 - snakemake_workflow - rasterdataset - DEBUG - Clip to [83.000, 68.000, 85.000, 72.000] (epsg:4326))
2026-08-04 18:12:20,190 - snakemake_workflow - rasterdataset - INFO - Reading population raster data from D:\GFM\inputs\exposure\ppp_2020_1km_Aggregated.tif
2026-08-04 18:12:20,216 - snakemake_workflow - rasterdataset - DEBUG - Clip to [139.000, 74.000, 143.000, 76.000] (epsg:4326))
2026-08-04 18:12:21,633 - snakemake_workflow - rasterdataset - INFO - Reading population raster data from D:\GFM\inputs\exposure\ppp_2020_1km_Aggregated.tif
2026-08-04 18:12:21,686 - snakemake_workflow - rasterdataset - DEBUG - Clip to [50.000, 48.000, 53.000, 50.000] (epsg:4326))
2026-08-04 18:12:22,420 - snakemake_workflow - rasterdataset - INFO - Reading population raster data from D:\GFM\inputs\exposure\ppp_2020_1km_Aggregated.tif
2026-08-04 18:12:22,497 - snakemake_workflow - rasterdataset - DEBUG - Clip to [139.000, 70.000, 143.000, 74.000] (epsg:4326))
2026-08-04 18:12:22,653 - snakemake_workflow - rasterdataset - INFO - Reading population raster data from D:\GFM\inputs\exposure\ppp_2020_1km_Aggregated.tif
2026-08-04 18:12:22,721 - snakemake_workflow - rasterdataset - DEBUG - Clip to [157.000, 68.000, 159.000, 72.000] (epsg:4326))
2026-08-04 18:12:24,111 - snakemake_workflow - rasterdataset - INFO - Reading population raster data from D:\GFM\inputs\exposure\ppp_2020_1km_Aggregated.tif
2026-08-04 18:12:24,163 - snakemake_workflow - rasterdataset - DEBUG - Clip to [142.000, 73.000, 144.000, 75.000] (epsg:4326))
2026-08-04 18:12:25,446 - snakemake_workflow - rasterdataset - INFO - Reading population raster data from D:\GFM\inputs\exposure\ppp_2020_1km_Aggregated.tif
2026-08-04 18:12:25,492 - snakemake_workflow - rasterdataset - DEBUG - Clip to [-74.000, -55.000, -71.000, -52.000] (epsg:4326))
2026-08-04 18:12:26,131 - snakemake_workflow - rasterdataset - INFO - Reading population raster data from D:\GFM\inputs\exposure\ppp_2020_1km_Aggregated.tif
2026-08-04 18:12:26,250 - snakemake_workflow - rasterdataset - DEBUG - Clip to [50.000, 47.000, 54.000, 49.000] (epsg:4326))
2026-08-04 18:12:26,459 - snakemake_workflow - rasterdataset - INFO - Reading population raster data from D:\GFM\inputs\exposure\ppp_2020_1km_Aggregated.tif
2026-08-04 18:12:26,513 - snakemake_workflow - rasterdataset - DEBUG - Clip to [-76.000, -50.000, -73.000, -48.000] (epsg:4326))
2026-08-04 18:12:29,892 - snakemake_workflow - rasterdataset - INFO - Reading population raster data from D:\GFM\inputs\exposure\ppp_2020_1km_Aggregated.tif
2026-08-04 18:12:29,918 - snakemake_workflow - rasterdataset - DEBUG - Clip to [20.000, 77.000, 24.000, 81.000] (epsg:4326))
2026-08-04 18:12:32,892 - snakemake_workflow - rasterdataset - INFO - Reading population raster data from D:\GFM\inputs\exposure\ppp_2020_1km_Aggregated.tif
2026-08-04 18:12:32,925 - snakemake_workflow - rasterdataset - DEBUG - Clip to [50.000, 44.000, 54.000, 48.000] (epsg:4326))
2026-08-04 18:12:34,491 - snakemake_workflow - rasterdataset - INFO - Reading population raster data from D:\GFM\inputs\exposure\ppp_2020_1km_Aggregated.tif
2026-08-04 18:12:34,518 - snakemake_workflow - rasterdataset - DEBUG - Clip to [-52.000, -4.000, -49.000, -2.000] (epsg:4326))
2026-08-04 18:12:35,193 - snakemake_workflow - rasterdataset - INFO - Reading population raster data from D:\GFM\inputs\exposure\ppp_2020_1km_Aggregated.tif
2026-08-04 18:12:35,224 - snakemake_workflow - rasterdataset - DEBUG - Clip to [53.000, 44.000, 55.000, 48.000] (epsg:4326))
2026-08-04 18:12:36,861 - snakemake_workflow - rasterdataset - INFO - Reading population raster data from D:\GFM\inputs\exposure\ppp_2020_1km_Aggregated.tif
2026-08-04 18:12:36,905 - snakemake_workflow - rasterdataset - DEBUG - Clip to [-69.000, -56.000, -67.000, -53.000] (epsg:4326))
2026-08-04 18:12:38,002 - snakemake_workflow - rasterdataset - INFO - Reading population raster data from D:\GFM\inputs\exposure\ppp_2020_1km_Aggregated.tif
2026-08-04 18:12:38,042 - snakemake_workflow - rasterdataset - DEBUG - Clip to [-76.000, -49.000, -73.000, -47.000] (epsg:4326))
2026-08-04 18:12:39,566 - snakemake_workflow - rasterdataset - INFO - Reading population raster data from D:\GFM\inputs\exposure\ppp_2020_1km_Aggregated.tif
2026-08-04 18:12:39,603 - snakemake_workflow - rasterdataset - DEBUG - Clip to [154.000, 67.000, 156.000, 71.000] (epsg:4326))
2026-08-04 18:12:41,155 - snakemake_workflow - rasterdataset - INFO - Reading population raster data from D:\GFM\inputs\exposure\ppp_2020_1km_Aggregated.tif
2026-08-04 18:12:41,200 - snakemake_workflow - rasterdataset - DEBUG - Clip to [-50.000, -3.000, -48.000, 0.000] (epsg:4326))
2026-08-04 18:12:41,787 - snakemake_workflow - rasterdataset - INFO - Reading population raster data from D:\GFM\inputs\exposure\ppp_2020_1km_Aggregated.tif
2026-08-04 18:12:41,823 - snakemake_workflow - rasterdataset - DEBUG - Clip to [-49.000, -3.000, -47.000, 0.000] (epsg:4326))
2026-08-04 18:12:42,520 - snakemake_workflow - rasterdataset - INFO - Reading population raster data from D:\GFM\inputs\exposure\ppp_2020_1km_Aggregated.tif
2026-08-04 18:12:42,564 - snakemake_workflow - rasterdataset - DEBUG - Clip to [-76.000, -53.000, -73.000, -49.000] (epsg:4326))
2026-08-04 18:12:42,622 - snakemake_workflow - rasterdataset - INFO - Reading population raster data from D:\GFM\inputs\exposure\ppp_2020_1km_Aggregated.tif
2026-08-04 18:12:42,678 - snakemake_workflow - rasterdataset - DEBUG - Clip to [71.000, 67.000, 75.000, 71.000] (epsg:4326))
2026-08-04 18:12:42,694 - snakemake_workflow - rasterdataset - INFO - Reading population raster data from D:\GFM\inputs\exposure\ppp_2020_1km_Aggregated.tif
2026-08-04 18:12:42,743 - snakemake_workflow - rasterdataset - DEBUG - Clip to [-61.000, -5.000, -57.000, -2.000] (epsg:4326))
2026-08-04 18:12:42,919 - snakemake_workflow - rasterdataset - INFO - Reading population raster data from D:\GFM\inputs\exposure\ppp_2020_1km_Aggregated.tif
2026-08-04 18:12:43,058 - snakemake_workflow - rasterdataset - DEBUG - Clip to [46.000, 48.000, 50.000, 50.000] (epsg:4326))
2026-08-04 18:12:44,344 - snakemake_workflow - rasterdataset - INFO - Reading population raster data from D:\GFM\inputs\exposure\ppp_2020_1km_Aggregated.tif
2026-08-04 18:12:44,390 - snakemake_workflow - rasterdataset - DEBUG - Clip to [-74.000, -46.000, -72.000, -43.000] (epsg:4326))
2026-08-04 18:12:45,326 - snakemake_workflow - rasterdataset - INFO - Reading population raster data from D:\GFM\inputs\exposure\ppp_2020_1km_Aggregated.tif
2026-08-04 18:12:45,374 - snakemake_workflow - rasterdataset - DEBUG - Clip to [-73.000, 9.000, -70.000, 13.000] (epsg:4326))
2026-08-04 18:12:46,451 - snakemake_workflow - rasterdataset - INFO - Reading population raster data from D:\GFM\inputs\exposure\ppp_2020_1km_Aggregated.tif
2026-08-04 18:12:46,489 - snakemake_workflow - rasterdataset - DEBUG - Clip to [-52.000, -1.000, -49.000, 1.000] (epsg:4326))
2026-08-04 18:12:47,417 - snakemake_workflow - rasterdataset - INFO - Reading population raster data from D:\GFM\inputs\exposure\ppp_2020_1km_Aggregated.tif
2026-08-04 18:12:47,448 - snakemake_workflow - rasterdataset - DEBUG - Clip to [-52.000, 0.000, -49.000, 2.000] (epsg:4326))
2026-08-04 18:12:49,712 - snakemake_workflow - rasterdataset - INFO - Reading population raster data from D:\GFM\inputs\exposure\ppp_2020_1km_Aggregated.tif
2026-08-04 18:12:49,747 - snakemake_workflow - rasterdataset - DEBUG - Clip to [-76.000, 18.000, -72.000, 21.000] (epsg:4326))
2026-08-04 18:12:50,860 - snakemake_workflow - rasterdataset - INFO - Reading population raster data from D:\GFM\inputs\exposure\ppp_2020_1km_Aggregated.tif
2026-08-04 18:12:50,888 - snakemake_workflow - rasterdataset - DEBUG - Clip to [-83.000, 23.000, -80.000, 25.000] (epsg:4326))
2026-08-04 18:12:51,343 - snakemake_workflow - rasterdataset - INFO - Reading population raster data from D:\GFM\inputs\exposure\ppp_2020_1km_Aggregated.tif
2026-08-04 18:12:51,375 - snakemake_workflow - rasterdataset - DEBUG - Clip to [-75.000, -44.000, -72.000, -42.000] (epsg:4326))
2026-08-04 18:12:52,065 - snakemake_workflow - rasterdataset - INFO - Reading population raster data from D:\GFM\inputs\exposure\ppp_2020_1km_Aggregated.tif
2026-08-04 18:12:52,104 - snakemake_workflow - rasterdataset - DEBUG - Clip to [-53.000, -3.000, -49.000, 0.000] (epsg:4326))
2026-08-04 18:12:53,662 - snakemake_workflow - rasterdataset - INFO - Reading population raster data from D:\GFM\inputs\exposure\ppp_2020_1km_Aggregated.tif
2026-08-04 18:12:53,692 - snakemake_workflow - rasterdataset - DEBUG - Clip to [-76.000, -48.000, -73.000, -46.000] (epsg:4326))
2026-08-04 18:12:55,350 - snakemake_workflow - rasterdataset - INFO - Reading population raster data from D:\GFM\inputs\exposure\ppp_2020_1km_Aggregated.tif
2026-08-04 18:12:55,390 - snakemake_workflow - rasterdataset - DEBUG - Clip to [-75.000, -43.000, -72.000, -41.000] (epsg:4326))
2026-08-04 18:12:55,719 - snakemake_workflow - rasterdataset - INFO - Reading population raster data from D:\GFM\inputs\exposure\ppp_2020_1km_Aggregated.tif
2026-08-04 18:12:55,750 - snakemake_workflow - rasterdataset - INFO - Reading population raster data from D:\GFM\inputs\exposure\ppp_2020_1km_Aggregated.tif
2026-08-04 18:12:55,750 - snakemake_workflow - rasterdataset - DEBUG - Clip to [-116.000, 30.000, -113.000, 32.000] (epsg:4326))
2026-08-04 18:12:55,787 - snakemake_workflow - rasterdataset - DEBUG - Clip to [-81.000, 21.000, -79.000, 24.000] (epsg:4326))
2026-08-04 18:12:56,474 - snakemake_workflow - rasterdataset - INFO - Reading population raster data from D:\GFM\inputs\exposure\ppp_2020_1km_Aggregated.tif
2026-08-04 18:12:56,509 - snakemake_workflow - rasterdataset - DEBUG - Clip to [-81.000, 7.000, -77.000, 10.000] (epsg:4326))
2026-08-04 18:12:57,672 - snakemake_workflow - rasterdataset - INFO - Reading population raster data from D:\GFM\inputs\exposure\ppp_2020_1km_Aggregated.tif
2026-08-04 18:12:57,698 - snakemake_workflow - rasterdataset - DEBUG - Clip to [-67.000, 49.000, -64.000, 51.000] (epsg:4326))
2026-08-04 18:12:58,261 - snakemake_workflow - rasterdataset - INFO - Reading population raster data from D:\GFM\inputs\exposure\ppp_2020_1km_Aggregated.tif
2026-08-04 18:12:58,378 - snakemake_workflow - rasterdataset - DEBUG - Clip to [-76.000, -47.000, -73.000, -45.000] (epsg:4326))
2026-08-04 18:12:59,047 - snakemake_workflow - rasterdataset - INFO - Reading population raster data from D:\GFM\inputs\exposure\ppp_2020_1km_Aggregated.tif
2026-08-04 18:12:59,086 - snakemake_workflow - rasterdataset - DEBUG - Clip to [-64.000, 8.000, -60.000, 11.000] (epsg:4326))
2026-08-04 18:12:59,894 - snakemake_workflow - rasterdataset - INFO - Reading population raster data from D:\GFM\inputs\exposure\ppp_2020_1km_Aggregated.tif
2026-08-04 18:12:59,946 - snakemake_workflow - rasterdataset - DEBUG - Clip to [-78.000, 18.000, -75.000, 21.000] (epsg:4326))
2026-08-04 18:13:00,085 - snakemake_workflow - rasterdataset - INFO - Reading population raster data from D:\GFM\inputs\exposure\ppp_2020_1km_Aggregated.tif
2026-08-04 18:13:00,144 - snakemake_workflow - rasterdataset - DEBUG - Clip to [-67.000, 43.000, -64.000, 45.000] (epsg:4326))
2026-08-04 18:13:00,224 - snakemake_workflow - rasterdataset - INFO - Reading population raster data from D:\GFM\inputs\exposure\ppp_2020_1km_Aggregated.tif
2026-08-04 18:13:00,367 - snakemake_workflow - rasterdataset - DEBUG - Clip to [-125.000, 45.000, -122.000, 49.000] (epsg:4326))
2026-08-04 18:13:00,494 - snakemake_workflow - rasterdataset - INFO - Reading population raster data from D:\GFM\inputs\exposure\ppp_2020_1km_Aggregated.tif
2026-08-04 18:13:00,614 - snakemake_workflow - rasterdataset - DEBUG - Clip to [-83.000, 26.000, -80.000, 30.000] (epsg:4326))
2026-08-04 18:13:00,919 - snakemake_workflow - rasterdataset - INFO - Reading population raster data from D:\GFM\inputs\exposure\ppp_2020_1km_Aggregated.tif
2026-08-04 18:13:01,067 - snakemake_workflow - rasterdataset - DEBUG - Clip to [-62.000, -5.000, -60.000, -2.000] (epsg:4326))
2026-08-04 18:13:02,440 - snakemake_workflow - rasterdataset - INFO - Reading population raster data from D:\GFM\inputs\exposure\ppp_2020_1km_Aggregated.tif
2026-08-04 18:13:02,468 - snakemake_workflow - rasterdataset - DEBUG - Clip to [-62.000, 45.000, -60.000, 48.000] (epsg:4326))
2026-08-04 18:13:05,568 - snakemake_workflow - rasterdataset - INFO - Reading population raster data from D:\GFM\inputs\exposure\ppp_2020_1km_Aggregated.tif
2026-08-04 18:13:05,597 - snakemake_workflow - rasterdataset - DEBUG - Clip to [-76.000, -46.000, -73.000, -44.000] (epsg:4326))
2026-08-04 18:13:06,012 - snakemake_workflow - rasterdataset - INFO - Reading population raster data from D:\GFM\inputs\exposure\ppp_2020_1km_Aggregated.tif
2026-08-04 18:13:06,052 - snakemake_workflow - rasterdataset - DEBUG - Clip to [-78.000, 20.000, -75.000, 22.000] (epsg:4326))
2026-08-04 18:13:06,844 - snakemake_workflow - rasterdataset - INFO - Reading population raster data from D:\GFM\inputs\exposure\ppp_2020_1km_Aggregated.tif
2026-08-04 18:13:06,883 - snakemake_workflow - rasterdataset - DEBUG - Clip to [-67.000, 47.000, -64.000, 49.000] (epsg:4326))
2026-08-04 18:13:08,223 - snakemake_workflow - rasterdataset - INFO - Reading population raster data from D:\GFM\inputs\exposure\ppp_2020_1km_Aggregated.tif
2026-08-04 18:13:08,275 - snakemake_workflow - rasterdataset - DEBUG - Clip to [-61.000, 45.000, -59.000, 48.000] (epsg:4326))
2026-08-04 18:13:08,596 - snakemake_workflow - rasterdataset - INFO - Reading population raster data from D:\GFM\inputs\exposure\ppp_2020_1km_Aggregated.tif
2026-08-04 18:13:08,645 - snakemake_workflow - rasterdataset - DEBUG - Clip to [-130.000, 52.000, -128.000, 55.000] (epsg:4326))
2026-08-04 18:13:08,937 - snakemake_workflow - rasterdataset - INFO - Reading population raster data from D:\GFM\inputs\exposure\ppp_2020_1km_Aggregated.tif
2026-08-04 18:13:09,057 - snakemake_workflow - rasterdataset - DEBUG - Clip to [-78.000, 7.000, -76.000, 10.000] (epsg:4326))
2026-08-04 18:13:09,366 - snakemake_workflow - rasterdataset - INFO - Reading population raster data from D:\GFM\inputs\exposure\ppp_2020_1km_Aggregated.tif
2026-08-04 18:13:09,397 - snakemake_workflow - rasterdataset - DEBUG - Clip to [-84.000, 21.000, -80.000, 24.000] (epsg:4326))
2026-08-04 18:13:11,652 - snakemake_workflow - rasterdataset - INFO - Reading population raster data from D:\GFM\inputs\exposure\ppp_2020_1km_Aggregated.tif
2026-08-04 18:13:11,669 - snakemake_workflow - rasterdataset - INFO - Reading population raster data from D:\GFM\inputs\exposure\ppp_2020_1km_Aggregated.tif
2026-08-04 18:13:11,681 - snakemake_workflow - rasterdataset - DEBUG - Clip to [-59.000, 49.000, -55.000, 52.000] (epsg:4326))
2026-08-04 18:13:11,690 - snakemake_workflow - rasterdataset - DEBUG - Clip to [-73.000, 61.000, -71.000, 64.000] (epsg:4326))
2026-08-04 18:13:12,355 - snakemake_workflow - rasterdataset - INFO - Reading population raster data from D:\GFM\inputs\exposure\ppp_2020_1km_Aggregated.tif
2026-08-04 18:13:12,382 - snakemake_workflow - rasterdataset - DEBUG - Clip to [-67.000, 48.000, -64.000, 50.000] (epsg:4326))
2026-08-04 18:13:12,666 - snakemake_workflow - rasterdataset - INFO - Reading population raster data from D:\GFM\inputs\exposure\ppp_2020_1km_Aggregated.tif
2026-08-04 18:13:12,699 - snakemake_workflow - rasterdataset - DEBUG - Clip to [-83.000, 7.000, -80.000, 10.000] (epsg:4326))
2026-08-04 18:13:12,986 - snakemake_workflow - rasterdataset - INFO - Reading population raster data from D:\GFM\inputs\exposure\ppp_2020_1km_Aggregated.tif
2026-08-04 18:13:13,026 - snakemake_workflow - rasterdataset - DEBUG - Clip to [-125.000, 48.000, -122.000, 50.000] (epsg:4326))
2026-08-04 18:13:13,862 - snakemake_workflow - rasterdataset - INFO - Reading population raster data from D:\GFM\inputs\exposure\ppp_2020_1km_Aggregated.tif
2026-08-04 18:13:13,902 - snakemake_workflow - rasterdataset - DEBUG - Clip to [-80.000, 58.000, -77.000, 60.000] (epsg:4326))
2026-08-04 18:13:14,452 - snakemake_workflow - rasterdataset - INFO - Reading population raster data from D:\GFM\inputs\exposure\ppp_2020_1km_Aggregated.tif
2026-08-04 18:13:14,489 - snakemake_workflow - rasterdataset - DEBUG - Clip to [-134.000, 55.000, -131.000, 57.000] (epsg:4326))
2026-08-04 18:13:14,619 - snakemake_workflow - rasterdataset - INFO - Reading population raster data from D:\GFM\inputs\exposure\ppp_2020_1km_Aggregated.tif
2026-08-04 18:13:14,741 - snakemake_workflow - rasterdataset - DEBUG - Clip to [-78.000, 35.000, -75.000, 39.000] (epsg:4326))
2026-08-04 18:13:16,358 - snakemake_workflow - rasterdataset - INFO - Reading population raster data from D:\GFM\inputs\exposure\ppp_2020_1km_Aggregated.tif
2026-08-04 18:13:16,393 - snakemake_workflow - rasterdataset - DEBUG - Clip to [-91.000, 63.000, -87.000, 66.000] (epsg:4326))
2026-08-04 18:13:16,985 - snakemake_workflow - rasterdataset - INFO - Reading population raster data from D:\GFM\inputs\exposure\ppp_2020_1km_Aggregated.tif
2026-08-04 18:13:17,024 - snakemake_workflow - rasterdataset - DEBUG - Clip to [-128.000, 49.000, -124.000, 52.000] (epsg:4326))
2026-08-04 18:13:18,228 - snakemake_workflow - rasterdataset - INFO - Reading population raster data from D:\GFM\inputs\exposure\ppp_2020_1km_Aggregated.tif
2026-08-04 18:13:18,266 - snakemake_workflow - rasterdataset - DEBUG - Clip to [-64.000, 65.000, -62.000, 68.000] (epsg:4326))
2026-08-04 18:13:18,670 - snakemake_workflow - rasterdataset - INFO - Reading population raster data from D:\GFM\inputs\exposure\ppp_2020_1km_Aggregated.tif
2026-08-04 18:13:18,707 - snakemake_workflow - rasterdataset - DEBUG - Clip to [-158.000, 57.000, -154.000, 60.000] (epsg:4326))
2026-08-04 18:13:18,794 - snakemake_workflow - rasterdataset - INFO - Reading population raster data from D:\GFM\inputs\exposure\ppp_2020_1km_Aggregated.tif
2026-08-04 18:13:18,908 - snakemake_workflow - rasterdataset - DEBUG - Clip to [-82.000, 51.000, -78.000, 54.000] (epsg:4326))
2026-08-04 18:13:20,647 - snakemake_workflow - rasterdataset - INFO - Reading population raster data from D:\GFM\inputs\exposure\ppp_2020_1km_Aggregated.tif
2026-08-04 18:13:20,701 - snakemake_workflow - rasterdataset - DEBUG - Clip to [-67.000, 61.000, -64.000, 64.000] (epsg:4326))
2026-08-04 18:13:20,938 - snakemake_workflow - rasterdataset - INFO - Reading population raster data from D:\GFM\inputs\exposure\ppp_2020_1km_Aggregated.tif
2026-08-04 18:13:20,974 - snakemake_workflow - rasterdataset - DEBUG - Clip to [-72.000, 60.000, -69.000, 64.000] (epsg:4326))
2026-08-04 18:13:22,618 - snakemake_workflow - rasterdataset - INFO - Reading population raster data from D:\GFM\inputs\exposure\ppp_2020_1km_Aggregated.tif
2026-08-04 18:13:22,638 - snakemake_workflow - rasterdataset - DEBUG - Clip to [-155.000, 57.000, -153.000, 60.000] (epsg:4326))
2026-08-04 18:13:24,762 - snakemake_workflow - rasterdataset - INFO - Reading population raster data from D:\GFM\inputs\exposure\ppp_2020_1km_Aggregated.tif
2026-08-04 18:13:24,811 - snakemake_workflow - rasterdataset - DEBUG - Clip to [-79.000, 62.000, -76.000, 66.000] (epsg:4326))
2026-08-04 18:13:26,808 - snakemake_workflow - rasterdataset - INFO - Reading population raster data from D:\GFM\inputs\exposure\ppp_2020_1km_Aggregated.tif
2026-08-04 18:13:26,847 - snakemake_workflow - rasterdataset - DEBUG - Clip to [-134.000, 53.000, -132.000, 56.000] (epsg:4326))
2026-08-04 18:13:27,279 - snakemake_workflow - rasterdataset - INFO - Reading population raster data from D:\GFM\inputs\exposure\ppp_2020_1km_Aggregated.tif
2026-08-04 18:13:27,318 - snakemake_workflow - rasterdataset - DEBUG - Clip to [-101.000, 67.000, -98.000, 70.000] (epsg:4326))
2026-08-04 18:13:27,508 - snakemake_workflow - rasterdataset - INFO - Reading population raster data from D:\GFM\inputs\exposure\ppp_2020_1km_Aggregated.tif
2026-08-04 18:13:27,557 - snakemake_workflow - rasterdataset - DEBUG - Clip to [-154.000, 57.000, -152.000, 60.000] (epsg:4326))
2026-08-04 18:13:28,154 - snakemake_workflow - rasterdataset - INFO - Reading population raster data from D:\GFM\inputs\exposure\ppp_2020_1km_Aggregated.tif
2026-08-04 18:13:28,154 - snakemake_workflow - rasterdataset - INFO - Reading population raster data from D:\GFM\inputs\exposure\ppp_2020_1km_Aggregated.tif
2026-08-04 18:13:28,196 - snakemake_workflow - rasterdataset - INFO - Reading population raster data from D:\GFM\inputs\exposure\ppp_2020_1km_Aggregated.tif
2026-08-04 18:13:28,198 - snakemake_workflow - rasterdataset - DEBUG - Clip to [-163.000, 58.000, -159.000, 60.000] (epsg:4326))
2026-08-04 18:13:28,216 - snakemake_workflow - rasterdataset - DEBUG - Clip to [-87.000, 63.000, -86.000, 66.000] (epsg:4326))
2026-08-04 18:13:28,254 - snakemake_workflow - rasterdataset - INFO - Reading population raster data from D:\GFM\inputs\exposure\ppp_2020_1km_Aggregated.tif
2026-08-04 18:13:28,262 - snakemake_workflow - rasterdataset - DEBUG - Clip to [-99.000, 67.000, -95.000, 70.000] (epsg:4326))
2026-08-04 18:13:28,436 - snakemake_workflow - rasterdataset - DEBUG - Clip to [-150.000, 59.000, -146.000, 62.000] (epsg:4326))
2026-08-04 18:13:28,993 - snakemake_workflow - rasterdataset - INFO - Reading population raster data from D:\GFM\inputs\exposure\ppp_2020_1km_Aggregated.tif
2026-08-04 18:13:29,034 - snakemake_workflow - rasterdataset - DEBUG - Clip to [-78.000, 67.000, -74.000, 68.000] (epsg:4326))
2026-08-04 18:13:29,043 - snakemake_workflow - rasterdataset - INFO - Reading population raster data from D:\GFM\inputs\exposure\ppp_2020_1km_Aggregated.tif
2026-08-04 18:13:29,082 - snakemake_workflow - rasterdataset - DEBUG - Clip to [-77.000, 68.000, -74.000, 70.000] (epsg:4326))
2026-08-04 18:13:29,089 - snakemake_workflow - rasterdataset - INFO - Reading population raster data from D:\GFM\inputs\exposure\ppp_2020_1km_Aggregated.tif
2026-08-04 18:13:29,141 - snakemake_workflow - rasterdataset - DEBUG - Clip to [-107.000, 75.000, -105.000, 78.000] (epsg:4326))
2026-08-04 18:13:29,756 - snakemake_workflow - rasterdataset - INFO - Reading population raster data from D:\GFM\inputs\exposure\ppp_2020_1km_Aggregated.tif
2026-08-04 18:13:29,821 - snakemake_workflow - rasterdataset - INFO - Reading population raster data from D:\GFM\inputs\exposure\ppp_2020_1km_Aggregated.tif
2026-08-04 18:13:29,822 - snakemake_workflow - rasterdataset - DEBUG - Clip to [-101.000, 79.000, -98.000, 81.000] (epsg:4326))
2026-08-04 18:13:29,988 - snakemake_workflow - rasterdataset - DEBUG - Clip to [-123.000, 74.000, -120.000, 77.000] (epsg:4326))
2026-08-04 18:13:30,011 - snakemake_workflow - rasterdataset - INFO - Reading population raster data from D:\GFM\inputs\exposure\ppp_2020_1km_Aggregated.tif
2026-08-04 18:13:30,155 - snakemake_workflow - rasterdataset - DEBUG - Clip to [-159.000, 56.000, -156.000, 58.000] (epsg:4326))
2026-08-04 18:13:30,412 - snakemake_workflow - rasterdataset - INFO - Reading population raster data from D:\GFM\inputs\exposure\ppp_2020_1km_Aggregated.tif
2026-08-04 18:13:30,543 - snakemake_workflow - rasterdataset - DEBUG - Clip to [-73.000, 76.000, -70.000, 80.000] (epsg:4326))
2026-08-04 18:13:33,360 - snakemake_workflow - rasterdataset - INFO - Reading population raster data from D:\GFM\inputs\exposure\ppp_2020_1km_Aggregated.tif
2026-08-04 18:13:33,425 - snakemake_workflow - rasterdataset - DEBUG - Clip to [-79.000, 75.000, -78.000, 78.000] (epsg:4326))
2026-08-04 18:13:33,703 - snakemake_workflow - rasterdataset - INFO - Reading population raster data from D:\GFM\inputs\exposure\ppp_2020_1km_Aggregated.tif
2026-08-04 18:13:33,746 - snakemake_workflow - rasterdataset - DEBUG - Clip to [-70.000, 76.000, -68.000, 79.000] (epsg:4326))
2026-08-04 18:13:33,756 - snakemake_workflow - rasterdataset - INFO - Reading population raster data from D:\GFM\inputs\exposure\ppp_2020_1km_Aggregated.tif
2026-08-04 18:13:33,933 - snakemake_workflow - rasterdataset - INFO - Reading population raster data from D:\GFM\inputs\exposure\ppp_2020_1km_Aggregated.tif
2026-08-04 18:13:33,962 - snakemake_workflow - rasterdataset - DEBUG - Clip to [-84.000, 62.000, -80.000, 65.000] (epsg:4326))
2026-08-04 18:13:33,978 - snakemake_workflow - rasterdataset - DEBUG - Clip to [-109.000, 76.000, -105.000, 77.000] (epsg:4326))
2026-08-04 18:13:34,073 - snakemake_workflow - rasterdataset - INFO - Reading population raster data from D:\GFM\inputs\exposure\ppp_2020_1km_Aggregated.tif
2026-08-04 18:13:34,112 - snakemake_workflow - rasterdataset - DEBUG - Clip to [-109.000, 72.000, -106.000, 76.000] (epsg:4326))
2026-08-04 18:13:35,623 - snakemake_workflow - rasterdataset - INFO - Reading population raster data from D:\GFM\inputs\exposure\ppp_2020_1km_Aggregated.tif
2026-08-04 18:13:35,661 - snakemake_workflow - rasterdataset - DEBUG - Clip to [-167.000, 59.000, -165.000, 62.000] (epsg:4326))
2026-08-04 18:13:36,328 - snakemake_workflow - rasterdataset - INFO - Reading population raster data from D:\GFM\inputs\exposure\ppp_2020_1km_Aggregated.tif
2026-08-04 18:13:36,379 - snakemake_workflow - rasterdataset - DEBUG - Clip to [-118.000, 68.000, -116.000, 70.000] (epsg:4326))
2026-08-04 18:13:36,475 - snakemake_workflow - rasterdataset - INFO - Reading population raster data from D:\GFM\inputs\exposure\ppp_2020_1km_Aggregated.tif
2026-08-04 18:13:36,544 - snakemake_workflow - rasterdataset - DEBUG - Clip to [-166.000, 67.000, -163.000, 69.000] (epsg:4326))
2026-08-04 18:13:37,340 - snakemake_workflow - rasterdataset - INFO - Reading population raster data from D:\GFM\inputs\exposure\ppp_2020_1km_Aggregated.tif
2026-08-04 18:13:37,400 - snakemake_workflow - rasterdataset - DEBUG - Clip to [-152.000, 59.000, -149.000, 62.000] (epsg:4326))
2026-08-04 18:13:38,151 - snakemake_workflow - rasterdataset - INFO - Reading population raster data from D:\GFM\inputs\exposure\ppp_2020_1km_Aggregated.tif
2026-08-04 18:13:38,197 - snakemake_workflow - rasterdataset - DEBUG - Clip to [-70.000, 80.000, -68.000, 83.000] (epsg:4326))
2026-08-04 18:13:38,280 - snakemake_workflow - rasterdataset - INFO - Reading population raster data from D:\GFM\inputs\exposure\ppp_2020_1km_Aggregated.tif
2026-08-04 18:13:38,404 - snakemake_workflow - rasterdataset - DEBUG - Clip to [-73.000, 79.000, -70.000, 81.000] (epsg:4326))
2026-08-04 18:13:40,815 - snakemake_workflow - rasterdataset - INFO - Reading population raster data from D:\GFM\inputs\exposure\ppp_2020_1km_Aggregated.tif
2026-08-04 18:13:40,872 - snakemake_workflow - rasterdataset - DEBUG - Clip to [-161.000, 61.000, -159.000, 64.000] (epsg:4326))
2026-08-04 18:13:41,338 - snakemake_workflow - rasterdataset - INFO - Reading population raster data from D:\GFM\inputs\exposure\ppp_2020_1km_Aggregated.tif
2026-08-04 18:13:41,414 - snakemake_workflow - rasterdataset - DEBUG - Clip to [-96.000, 67.000, -94.000, 70.000] (epsg:4326))
2026-08-04 18:13:41,831 - snakemake_workflow - rasterdataset - INFO - Reading population raster data from D:\GFM\inputs\exposure\ppp_2020_1km_Aggregated.tif
2026-08-04 18:13:41,905 - snakemake_workflow - rasterdataset - DEBUG - Clip to [-65.000, 80.000, -63.000, 83.000] (epsg:4326))
2026-08-04 18:13:42,021 - snakemake_workflow - rasterdataset - INFO - Reading population raster data from D:\GFM\inputs\exposure\ppp_2020_1km_Aggregated.tif
2026-08-04 18:13:42,114 - snakemake_workflow - rasterdataset - DEBUG - Clip to [-71.000, 76.000, -69.000, 79.000] (epsg:4326))
2026-08-04 18:13:42,483 - snakemake_workflow - rasterdataset - INFO - Reading population raster data from D:\GFM\inputs\exposure\ppp_2020_1km_Aggregated.tif
2026-08-04 18:13:42,581 - snakemake_workflow - rasterdataset - DEBUG - Clip to [-136.000, 67.000, -132.000, 70.000] (epsg:4326))
2026-08-04 18:13:43,624 - snakemake_workflow - rasterdataset - INFO - Reading population raster data from D:\GFM\inputs\exposure\ppp_2020_1km_Aggregated.tif
2026-08-04 18:13:43,695 - snakemake_workflow - rasterdataset - DEBUG - Clip to [-167.000, 64.000, -165.000, 67.000] (epsg:4326))
2026-08-04 18:13:44,954 - snakemake_workflow - rasterdataset - INFO - Reading population raster data from D:\GFM\inputs\exposure\ppp_2020_1km_Aggregated.tif
2026-08-04 18:13:44,987 - snakemake_workflow - rasterdataset - INFO - Reading population raster data from D:\GFM\inputs\exposure\ppp_2020_1km_Aggregated.tif
2026-08-04 18:13:45,006 - snakemake_workflow - rasterdataset - DEBUG - Clip to [-54.000, 65.000, -51.000, 67.000] (epsg:4326))
2026-08-04 18:13:45,046 - snakemake_workflow - rasterdataset - DEBUG - Clip to [138.000, -9.000, 141.000, -6.000] (epsg:4326))
2026-08-04 18:13:46,018 - snakemake_workflow - rasterdataset - INFO - Reading population raster data from D:\GFM\inputs\exposure\ppp_2020_1km_Aggregated.tif
2026-08-04 18:13:46,078 - snakemake_workflow - rasterdataset - DEBUG - Clip to [125.000, -4.000, 128.000, -1.000] (epsg:4326))
2026-08-04 18:13:46,262 - snakemake_workflow - rasterdataset - INFO - Reading population raster data from D:\GFM\inputs\exposure\ppp_2020_1km_Aggregated.tif
2026-08-04 18:13:46,339 - snakemake_workflow - rasterdataset - DEBUG - Clip to [-56.000, 70.000, -53.000, 72.000] (epsg:4326))
2026-08-04 18:13:46,749 - snakemake_workflow - rasterdataset - INFO - Reading population raster data from D:\GFM\inputs\exposure\ppp_2020_1km_Aggregated.tif
2026-08-04 18:13:46,798 - snakemake_workflow - rasterdataset - DEBUG - Clip to [-159.000, 57.000, -157.000, 60.000] (epsg:4326))
2026-08-04 18:13:47,136 - snakemake_workflow - rasterdataset - INFO - Reading population raster data from D:\GFM\inputs\exposure\ppp_2020_1km_Aggregated.tif
2026-08-04 18:13:47,189 - snakemake_workflow - rasterdataset - DEBUG - Clip to [112.000, -9.000, 116.000, -6.000] (epsg:4326))
2026-08-04 18:13:50,281 - snakemake_workflow - rasterdataset - INFO - Reading population raster data from D:\GFM\inputs\exposure\ppp_2020_1km_Aggregated.tif
2026-08-04 18:13:50,313 - snakemake_workflow - rasterdataset - INFO - Reading population raster data from D:\GFM\inputs\exposure\ppp_2020_1km_Aggregated.tif
2026-08-04 18:13:50,316 - snakemake_workflow - rasterdataset - DEBUG - Clip to [-96.000, 80.000, -93.000, 82.000] (epsg:4326))
2026-08-04 18:13:50,436 - snakemake_workflow - rasterdataset - DEBUG - Clip to [115.000, 4.000, 119.000, 7.000] (epsg:4326))
2026-08-04 18:13:51,227 - snakemake_workflow - rasterdataset - INFO - Reading population raster data from D:\GFM\inputs\exposure\ppp_2020_1km_Aggregated.tif
2026-08-04 18:13:51,257 - snakemake_workflow - rasterdataset - DEBUG - Clip to [-56.000, 72.000, -52.000, 73.000] (epsg:4326))
2026-08-04 18:13:51,311 - snakemake_workflow - rasterdataset - INFO - Reading population raster data from D:\GFM\inputs\exposure\ppp_2020_1km_Aggregated.tif
2026-08-04 18:13:51,344 - snakemake_workflow - rasterdataset - DEBUG - Clip to [-29.000, 70.000, -27.000, 73.000] (epsg:4326))
2026-08-04 18:13:51,477 - snakemake_workflow - rasterdataset - INFO - Reading population raster data from D:\GFM\inputs\exposure\ppp_2020_1km_Aggregated.tif
2026-08-04 18:13:51,530 - snakemake_workflow - rasterdataset - DEBUG - Clip to [-23.000, 73.000, -20.000, 75.000] (epsg:4326))
2026-08-04 18:13:51,843 - snakemake_workflow - rasterdataset - INFO - Reading population raster data from D:\GFM\inputs\exposure\ppp_2020_1km_Aggregated.tif
2026-08-04 18:13:51,903 - snakemake_workflow - rasterdataset - DEBUG - Clip to [-25.000, 80.000, -22.000, 83.000] (epsg:4326))
2026-08-04 18:13:52,472 - snakemake_workflow - rasterdataset - INFO - Reading population raster data from D:\GFM\inputs\exposure\ppp_2020_1km_Aggregated.tif
2026-08-04 18:13:52,505 - snakemake_workflow - rasterdataset - DEBUG - Clip to [102.000, -6.000, 106.000, -3.000] (epsg:4326))
2026-08-04 18:13:53,241 - snakemake_workflow - rasterdataset - INFO - Reading population raster data from D:\GFM\inputs\exposure\ppp_2020_1km_Aggregated.tif
2026-08-04 18:13:53,360 - snakemake_workflow - rasterdataset - DEBUG - Clip to [151.000, -11.000, 153.000, -8.000] (epsg:4326))
2026-08-04 18:13:54,897 - snakemake_workflow - rasterdataset - INFO - Reading population raster data from D:\GFM\inputs\exposure\ppp_2020_1km_Aggregated.tif
2026-08-04 18:13:54,968 - snakemake_workflow - rasterdataset - DEBUG - Clip to [138.000, -7.000, 141.000, -5.000] (epsg:4326))
2026-08-04 18:13:55,375 - snakemake_workflow - rasterdataset - INFO - Reading population raster data from D:\GFM\inputs\exposure\ppp_2020_1km_Aggregated.tif
2026-08-04 18:13:55,461 - snakemake_workflow - rasterdataset - DEBUG - Clip to [-55.000, 69.000, -53.000, 71.000] (epsg:4326))
2026-08-04 18:13:55,757 - snakemake_workflow - rasterdataset - INFO - Reading population raster data from D:\GFM\inputs\exposure\ppp_2020_1km_Aggregated.tif
2026-08-04 18:13:55,805 - snakemake_workflow - rasterdataset - DEBUG - Clip to [103.000, -2.000, 107.000, -1.000] (epsg:4326))
2026-08-04 18:13:57,365 - snakemake_workflow - rasterdataset - INFO - Reading population raster data from D:\GFM\inputs\exposure\ppp_2020_1km_Aggregated.tif
2026-08-04 18:13:57,409 - snakemake_workflow - rasterdataset - DEBUG - Clip to [135.000, -36.000, 139.000, -33.000] (epsg:4326))
2026-08-04 18:13:58,364 - snakemake_workflow - rasterdataset - INFO - Reading population raster data from D:\GFM\inputs\exposure\ppp_2020_1km_Aggregated.tif
2026-08-04 18:13:58,486 - snakemake_workflow - rasterdataset - DEBUG - Clip to [120.000, 14.000, 123.000, 16.000] (epsg:4326))
2026-08-04 18:13:58,654 - snakemake_workflow - rasterdataset - INFO - Reading population raster data from D:\GFM\inputs\exposure\ppp_2020_1km_Aggregated.tif
2026-08-04 18:13:58,746 - snakemake_workflow - rasterdataset - DEBUG - Clip to [114.000, -5.000, 117.000, -1.000] (epsg:4326))
2026-08-04 18:13:58,890 - snakemake_workflow - rasterdataset - INFO - Reading population raster data from D:\GFM\inputs\exposure\ppp_2020_1km_Aggregated.tif
2026-08-04 18:13:59,011 - snakemake_workflow - rasterdataset - DEBUG - Clip to [-136.000, 66.000, -133.000, 68.000] (epsg:4326))
2026-08-04 18:14:00,070 - snakemake_workflow - rasterdataset - INFO - Reading population raster data from D:\GFM\inputs\exposure\ppp_2020_1km_Aggregated.tif
2026-08-04 18:14:00,105 - snakemake_workflow - rasterdataset - DEBUG - Clip to [106.000, 2.000, 109.000, 4.000] (epsg:4326))
2026-08-04 18:14:00,566 - snakemake_workflow - rasterdataset - INFO - Reading population raster data from D:\GFM\inputs\exposure\ppp_2020_1km_Aggregated.tif
2026-08-04 18:14:00,601 - snakemake_workflow - rasterdataset - DEBUG - Clip to [147.000, -11.000, 151.000, -8.000] (epsg:4326))
2026-08-04 18:14:01,831 - snakemake_workflow - rasterdataset - INFO - Reading population raster data from D:\GFM\inputs\exposure\ppp_2020_1km_Aggregated.tif
2026-08-04 18:14:01,865 - snakemake_workflow - rasterdataset - DEBUG - Clip to [105.000, -8.000, 109.000, -5.000] (epsg:4326))
2026-08-04 18:14:03,383 - snakemake_workflow - rasterdataset - INFO - Reading population raster data from D:\GFM\inputs\exposure\ppp_2020_1km_Aggregated.tif
2026-08-04 18:14:03,412 - snakemake_workflow - rasterdataset - DEBUG - Clip to [97.000, 1.000, 99.000, 2.000] (epsg:4326))
2026-08-04 18:14:03,855 - snakemake_workflow - rasterdataset - INFO - Reading population raster data from D:\GFM\inputs\exposure\ppp_2020_1km_Aggregated.tif
2026-08-04 18:14:03,921 - snakemake_workflow - rasterdataset - DEBUG - Clip to [104.000, -2.000, 106.000, 0.000] (epsg:4326))
2026-08-04 18:14:04,562 - snakemake_workflow - rasterdataset - INFO - Reading population raster data from D:\GFM\inputs\exposure\ppp_2020_1km_Aggregated.tif
2026-08-04 18:14:04,598 - snakemake_workflow - rasterdataset - DEBUG - Clip to [103.000, -4.000, 106.000, -2.000] (epsg:4326))
2026-08-04 18:14:04,645 - snakemake_workflow - rasterdataset - INFO - Reading population raster data from D:\GFM\inputs\exposure\ppp_2020_1km_Aggregated.tif
2026-08-04 18:14:04,686 - snakemake_workflow - rasterdataset - DEBUG - Clip to [101.000, 2.000, 104.000, 4.000] (epsg:4326))
2026-08-04 18:14:05,478 - snakemake_workflow - rasterdataset - INFO - Reading population raster data from D:\GFM\inputs\exposure\ppp_2020_1km_Aggregated.tif
2026-08-04 18:14:05,518 - snakemake_workflow - rasterdataset - DEBUG - Clip to [120.000, 16.000, 123.000, 18.000] (epsg:4326))
2026-08-04 18:14:05,850 - snakemake_workflow - rasterdataset - INFO - Reading population raster data from D:\GFM\inputs\exposure\ppp_2020_1km_Aggregated.tif
2026-08-04 18:14:05,909 - snakemake_workflow - rasterdataset - DEBUG - Clip to [102.000, -2.000, 104.000, 0.000] (epsg:4326))
2026-08-04 18:14:09,540 - snakemake_workflow - rasterdataset - INFO - Reading population raster data from D:\GFM\inputs\exposure\ppp_2020_1km_Aggregated.tif
2026-08-04 18:14:09,579 - snakemake_workflow - rasterdataset - INFO - Reading population raster data from D:\GFM\inputs\exposure\ppp_2020_1km_Aggregated.tif
2026-08-04 18:14:09,629 - snakemake_workflow - rasterdataset - DEBUG - Clip to [120.000, 0.000, 123.000, 2.000] (epsg:4326))
2026-08-04 18:14:09,651 - snakemake_workflow - rasterdataset - DEBUG - Clip to [106.000, 0.000, 110.000, 3.000] (epsg:4326))
2026-08-04 18:14:10,013 - snakemake_workflow - rasterdataset - INFO - Reading population raster data from D:\GFM\inputs\exposure\ppp_2020_1km_Aggregated.tif
2026-08-04 18:14:10,106 - snakemake_workflow - rasterdataset - DEBUG - Clip to [97.000, 8.000, 100.000, 12.000] (epsg:4326))
2026-08-04 18:14:10,530 - snakemake_workflow - rasterdataset - INFO - Reading population raster data from D:\GFM\inputs\exposure\ppp_2020_1km_Aggregated.tif
2026-08-04 18:14:10,682 - snakemake_workflow - rasterdataset - DEBUG - Clip to [112.000, -4.000, 115.000, -1.000] (epsg:4326))
2026-08-04 18:14:10,922 - snakemake_workflow - rasterdataset - INFO - Reading population raster data from D:\GFM\inputs\exposure\ppp_2020_1km_Aggregated.tif
2026-08-04 18:14:10,930 - snakemake_workflow - rasterdataset - INFO - Reading population raster data from D:\GFM\inputs\exposure\ppp_2020_1km_Aggregated.tif
2026-08-04 18:14:10,981 - snakemake_workflow - rasterdataset - DEBUG - Clip to [98.000, 1.000, 101.000, 4.000] (epsg:4326))
2026-08-04 18:14:10,988 - snakemake_workflow - rasterdataset - DEBUG - Clip to [97.000, -1.000, 100.000, 2.000] (epsg:4326))
2026-08-04 18:14:11,217 - snakemake_workflow - rasterdataset - INFO - Reading population raster data from D:\GFM\inputs\exposure\ppp_2020_1km_Aggregated.tif
2026-08-04 18:14:11,274 - snakemake_workflow - rasterdataset - DEBUG - Clip to [150.000, -11.000, 152.000, -8.000] (epsg:4326))
2026-08-04 18:14:11,634 - snakemake_workflow - rasterdataset - INFO - Reading population raster data from D:\GFM\inputs\exposure\ppp_2020_1km_Aggregated.tif
2026-08-04 18:14:11,677 - snakemake_workflow - rasterdataset - DEBUG - Clip to [116.000, 6.000, 119.000, 8.000] (epsg:4326))
2026-08-04 18:14:13,411 - snakemake_workflow - rasterdataset - INFO - Reading population raster data from D:\GFM\inputs\exposure\ppp_2020_1km_Aggregated.tif
2026-08-04 18:14:13,445 - snakemake_workflow - rasterdataset - DEBUG - Clip to [111.000, 21.000, 115.000, 24.000] (epsg:4326))
2026-08-04 18:14:13,635 - snakemake_workflow - rasterdataset - INFO - Reading population raster data from D:\GFM\inputs\exposure\ppp_2020_1km_Aggregated.tif
2026-08-04 18:14:13,752 - snakemake_workflow - rasterdataset - DEBUG - Clip to [115.000, 37.000, 117.000, 40.000] (epsg:4326))
2026-08-04 18:14:15,223 - snakemake_workflow - rasterdataset - INFO - Reading population raster data from D:\GFM\inputs\exposure\ppp_2020_1km_Aggregated.tif
2026-08-04 18:14:15,275 - snakemake_workflow - rasterdataset - DEBUG - Clip to [116.000, 7.000, 119.000, 9.000] (epsg:4326))
2026-08-04 18:14:16,541 - snakemake_workflow - rasterdataset - INFO - Reading population raster data from D:\GFM\inputs\exposure\ppp_2020_1km_Aggregated.tif
2026-08-04 18:14:16,567 - snakemake_workflow - rasterdataset - DEBUG - Clip to [120.000, 17.000, 123.000, 19.000] (epsg:4326))
2026-08-04 18:14:16,982 - snakemake_workflow - rasterdataset - INFO - Reading population raster data from D:\GFM\inputs\exposure\ppp_2020_1km_Aggregated.tif
2026-08-04 18:14:17,020 - snakemake_workflow - rasterdataset - DEBUG - Clip to [105.000, -4.000, 107.000, -2.000] (epsg:4326))
2026-08-04 18:14:17,937 - snakemake_workflow - rasterdataset - INFO - Reading population raster data from D:\GFM\inputs\exposure\ppp_2020_1km_Aggregated.tif
2026-08-04 18:14:17,976 - snakemake_workflow - rasterdataset - DEBUG - Clip to [124.000, 5.000, 127.000, 7.000] (epsg:4326))
2026-08-04 18:14:17,979 - snakemake_workflow - rasterdataset - INFO - Reading population raster data from D:\GFM\inputs\exposure\ppp_2020_1km_Aggregated.tif
2026-08-04 18:14:18,032 - snakemake_workflow - rasterdataset - DEBUG - Clip to [131.000, 32.000, 133.000, 35.000] (epsg:4326))
2026-08-04 18:14:18,590 - snakemake_workflow - rasterdataset - INFO - Reading population raster data from D:\GFM\inputs\exposure\ppp_2020_1km_Aggregated.tif
2026-08-04 18:14:18,636 - snakemake_workflow - rasterdataset - DEBUG - Clip to [120.000, 15.000, 123.000, 17.000] (epsg:4326))
2026-08-04 18:14:19,665 - snakemake_workflow - rasterdataset - INFO - Reading population raster data from D:\GFM\inputs\exposure\ppp_2020_1km_Aggregated.tif
2026-08-04 18:14:19,708 - snakemake_workflow - rasterdataset - DEBUG - Clip to [135.000, 33.000, 137.000, 36.000] (epsg:4326))
2026-08-04 18:14:20,285 - snakemake_workflow - rasterdataset - INFO - Reading population raster data from D:\GFM\inputs\exposure\ppp_2020_1km_Aggregated.tif
2026-08-04 18:14:20,340 - snakemake_workflow - rasterdataset - DEBUG - Clip to [70.000, 20.000, 74.000, 23.000] (epsg:4326))
2026-08-04 18:14:21,196 - snakemake_workflow - rasterdataset - INFO - Reading population raster data from D:\GFM\inputs\exposure\ppp_2020_1km_Aggregated.tif
2026-08-04 18:14:21,198 - snakemake_workflow - rasterdataset - INFO - Reading population raster data from D:\GFM\inputs\exposure\ppp_2020_1km_Aggregated.tif
2026-08-04 18:14:21,283 - snakemake_workflow - rasterdataset - DEBUG - Clip to [69.000, 23.000, 72.000, 25.000] (epsg:4326))
2026-08-04 18:14:21,313 - snakemake_workflow - rasterdataset - DEBUG - Clip to [125.000, 34.000, 128.000, 38.000] (epsg:4326))
2026-08-04 18:14:21,766 - snakemake_workflow - rasterdataset - INFO - Reading population raster data from D:\GFM\inputs\exposure\ppp_2020_1km_Aggregated.tif
2026-08-04 18:14:21,826 - snakemake_workflow - rasterdataset - DEBUG - Clip to [100.000, 12.000, 102.000, 15.000] (epsg:4326))
2026-08-04 18:14:23,259 - snakemake_workflow - rasterdataset - INFO - Reading population raster data from D:\GFM\inputs\exposure\ppp_2020_1km_Aggregated.tif
2026-08-04 18:14:23,324 - snakemake_workflow - rasterdataset - DEBUG - Clip to [55.000, 26.000, 58.000, 28.000] (epsg:4326))
2026-08-04 18:14:24,429 - snakemake_workflow - rasterdataset - INFO - Reading population raster data from D:\GFM\inputs\exposure\ppp_2020_1km_Aggregated.tif
2026-08-04 18:14:24,457 - snakemake_workflow - rasterdataset - DEBUG - Clip to [132.000, 32.000, 134.000, 35.000] (epsg:4326))
2026-08-04 18:14:25,733 - snakemake_workflow - rasterdataset - INFO - Reading population raster data from D:\GFM\inputs\exposure\ppp_2020_1km_Aggregated.tif
2026-08-04 18:14:25,773 - snakemake_workflow - rasterdataset - DEBUG - Clip to [139.000, 37.000, 142.000, 41.000] (epsg:4326))
2026-08-04 18:14:27,856 - snakemake_workflow - rasterdataset - INFO - Reading population raster data from D:\GFM\inputs\exposure\ppp_2020_1km_Aggregated.tif
2026-08-04 18:14:27,909 - snakemake_workflow - rasterdataset - DEBUG - Clip to [119.000, 32.000, 122.000, 33.000] (epsg:4326))
2026-08-04 18:14:28,451 - snakemake_workflow - rasterdataset - INFO - Reading population raster data from D:\GFM\inputs\exposure\ppp_2020_1km_Aggregated.tif
2026-08-04 18:14:28,484 - snakemake_workflow - rasterdataset - DEBUG - Clip to [133.000, 33.000, 136.000, 35.000] (epsg:4326))
2026-08-04 18:14:28,802 - snakemake_workflow - rasterdataset - INFO - Reading population raster data from D:\GFM\inputs\exposure\ppp_2020_1km_Aggregated.tif
2026-08-04 18:14:28,858 - snakemake_workflow - rasterdataset - DEBUG - Clip to [138.000, 53.000, 141.000, 55.000] (epsg:4326))
2026-08-04 18:14:29,384 - snakemake_workflow - rasterdataset - INFO - Reading population raster data from D:\GFM\inputs\exposure\ppp_2020_1km_Aggregated.tif
2026-08-04 18:14:29,417 - snakemake_workflow - rasterdataset - DEBUG - Clip to [120.000, 28.000, 123.000, 32.000] (epsg:4326))
2026-08-04 18:14:29,420 - snakemake_workflow - rasterdataset - INFO - Reading population raster data from D:\GFM\inputs\exposure\ppp_2020_1km_Aggregated.tif
2026-08-04 18:14:29,503 - snakemake_workflow - rasterdataset - DEBUG - Clip to [161.000, 56.000, 164.000, 59.000] (epsg:4326))
2026-08-04 18:14:32,303 - snakemake_workflow - rasterdataset - INFO - Reading population raster data from D:\GFM\inputs\exposure\ppp_2020_1km_Aggregated.tif
2026-08-04 18:14:32,308 - snakemake_workflow - rasterdataset - INFO - Reading population raster data from D:\GFM\inputs\exposure\ppp_2020_1km_Aggregated.tif
2026-08-04 18:14:32,335 - snakemake_workflow - rasterdataset - DEBUG - Clip to [132.000, 35.000, 136.000, 36.000] (epsg:4326))
2026-08-04 18:14:32,340 - snakemake_workflow - rasterdataset - DEBUG - Clip to [104.000, 8.000, 107.000, 10.000] (epsg:4326))
2026-08-04 18:14:33,206 - snakemake_workflow - rasterdataset - INFO - Reading population raster data from D:\GFM\inputs\exposure\ppp_2020_1km_Aggregated.tif
2026-08-04 18:14:33,252 - snakemake_workflow - rasterdataset - DEBUG - Clip to [125.000, 37.000, 128.000, 39.000] (epsg:4326))
2026-08-04 18:14:33,827 - snakemake_workflow - rasterdataset - INFO - Reading population raster data from D:\GFM\inputs\exposure\ppp_2020_1km_Aggregated.tif
2026-08-04 18:14:33,873 - snakemake_workflow - rasterdataset - DEBUG - Clip to [70.000, 22.000, 73.000, 24.000] (epsg:4326))
2026-08-04 18:14:34,777 - snakemake_workflow - rasterdataset - INFO - Reading population raster data from D:\GFM\inputs\exposure\ppp_2020_1km_Aggregated.tif
2026-08-04 18:14:34,826 - snakemake_workflow - rasterdataset - DEBUG - Clip to [68.000, 22.000, 70.000, 25.000] (epsg:4326))
2026-08-04 18:14:34,945 - snakemake_workflow - rasterdataset - INFO - Reading population raster data from D:\GFM\inputs\exposure\ppp_2020_1km_Aggregated.tif
2026-08-04 18:14:34,988 - snakemake_workflow - rasterdataset - DEBUG - Clip to [40.000, 14.000, 43.000, 16.000] (epsg:4326))
2026-08-04 18:14:36,909 - snakemake_workflow - rasterdataset - INFO - Reading population raster data from D:\GFM\inputs\exposure\ppp_2020_1km_Aggregated.tif
2026-08-04 18:14:36,937 - snakemake_workflow - rasterdataset - INFO - Reading population raster data from D:\GFM\inputs\exposure\ppp_2020_1km_Aggregated.tif
2026-08-04 18:14:36,949 - snakemake_workflow - rasterdataset - DEBUG - Clip to [139.000, 40.000, 142.000, 42.000] (epsg:4326))
2026-08-04 18:14:36,971 - snakemake_workflow - rasterdataset - DEBUG - Clip to [129.000, 30.000, 132.000, 32.000] (epsg:4326))
2026-08-04 18:14:37,161 - snakemake_workflow - rasterdataset - INFO - Reading population raster data from D:\GFM\inputs\exposure\ppp_2020_1km_Aggregated.tif
2026-08-04 18:14:37,193 - snakemake_workflow - rasterdataset - DEBUG - Clip to [69.000, 21.000, 71.000, 24.000] (epsg:4326))
2026-08-04 18:14:37,715 - snakemake_workflow - rasterdataset - INFO - Reading population raster data from D:\GFM\inputs\exposure\ppp_2020_1km_Aggregated.tif
2026-08-04 18:14:37,764 - snakemake_workflow - rasterdataset - DEBUG - Clip to [159.000, 59.000, 162.000, 62.000] (epsg:4326))
2026-08-04 18:14:38,302 - snakemake_workflow - rasterdataset - INFO - Reading population raster data from D:\GFM\inputs\exposure\ppp_2020_1km_Aggregated.tif
2026-08-04 18:14:38,350 - snakemake_workflow - rasterdataset - DEBUG - Clip to [116.000, 36.000, 119.000, 40.000] (epsg:4326))
2026-08-04 18:14:39,302 - snakemake_workflow - rasterdataset - INFO - Reading population raster data from D:\GFM\inputs\exposure\ppp_2020_1km_Aggregated.tif
2026-08-04 18:14:39,353 - snakemake_workflow - rasterdataset - DEBUG - Clip to [54.000, 24.000, 58.000, 27.000] (epsg:4326))
2026-08-04 18:14:39,760 - snakemake_workflow - rasterdataset - INFO - Reading population raster data from D:\GFM\inputs\exposure\ppp_2020_1km_Aggregated.tif
2026-08-04 18:14:39,897 - snakemake_workflow - rasterdataset - DEBUG - Clip to [138.000, 51.000, 142.000, 54.000] (epsg:4326))
2026-08-04 18:14:40,284 - snakemake_workflow - rasterdataset - INFO - Reading population raster data from D:\GFM\inputs\exposure\ppp_2020_1km_Aggregated.tif
2026-08-04 18:14:40,338 - snakemake_workflow - rasterdataset - DEBUG - Clip to [139.000, 41.000, 142.000, 43.000] (epsg:4326))
2026-08-04 18:14:40,477 - snakemake_workflow - rasterdataset - INFO - Reading population raster data from D:\GFM\inputs\exposure\ppp_2020_1km_Aggregated.tif
2026-08-04 18:14:40,527 - snakemake_workflow - rasterdataset - DEBUG - Clip to [40.000, 15.000, 43.000, 17.000] (epsg:4326))
2026-08-04 18:14:41,247 - snakemake_workflow - rasterdataset - INFO - Reading population raster data from D:\GFM\inputs\exposure\ppp_2020_1km_Aggregated.tif
2026-08-04 18:14:41,283 - snakemake_workflow - rasterdataset - DEBUG - Clip to [33.000, 26.000, 36.000, 30.000] (epsg:4326))
2026-08-04 18:14:41,609 - snakemake_workflow - rasterdataset - INFO - Reading population raster data from D:\GFM\inputs\exposure\ppp_2020_1km_Aggregated.tif
2026-08-04 18:14:41,785 - snakemake_workflow - rasterdataset - DEBUG - Clip to [119.000, 29.000, 121.000, 30.000] (epsg:4326))
2026-08-04 18:14:43,238 - snakemake_workflow - rasterdataset - INFO - Reading population raster data from D:\GFM\inputs\exposure\ppp_2020_1km_Aggregated.tif
  filter_and_shave_chunks: 400/3719 checked, 347 kept so far (336s elapsed)
2026-08-04 18:14:43,273 - snakemake_workflow - rasterdataset - DEBUG - Clip to [15.000, 38.000, 18.000, 42.000] (epsg:4326))
2026-08-04 18:14:43,960 - snakemake_workflow - rasterdataset - INFO - Reading population raster data from D:\GFM\inputs\exposure\ppp_2020_1km_Aggregated.tif
2026-08-04 18:14:43,988 - snakemake_workflow - rasterdataset - DEBUG - Clip to [-17.000, 15.000, -14.000, 19.000] (epsg:4326))
2026-08-04 18:14:44,093 - snakemake_workflow - rasterdataset - INFO - Reading population raster data from D:\GFM\inputs\exposure\ppp_2020_1km_Aggregated.tif
2026-08-04 18:14:44,184 - snakemake_workflow - rasterdataset - DEBUG - Clip to [39.000, 14.000, 41.000, 17.000] (epsg:4326))
2026-08-04 18:14:45,316 - snakemake_workflow - rasterdataset - INFO - Reading population raster data from D:\GFM\inputs\exposure\ppp_2020_1km_Aggregated.tif
2026-08-04 18:14:45,369 - snakemake_workflow - rasterdataset - DEBUG - Clip to [40.000, 12.000, 44.000, 15.000] (epsg:4326))
2026-08-04 18:14:47,484 - snakemake_workflow - rasterdataset - INFO - Reading population raster data from D:\GFM\inputs\exposure\ppp_2020_1km_Aggregated.tif
2026-08-04 18:14:47,533 - snakemake_workflow - rasterdataset - DEBUG - Clip to [176.000, 62.000, 180.000, 65.000] (epsg:4326))
2026-08-04 18:14:48,324 - snakemake_workflow - rasterdataset - INFO - Reading population raster data from D:\GFM\inputs\exposure\ppp_2020_1km_Aggregated.tif
2026-08-04 18:14:48,407 - snakemake_workflow - rasterdataset - DEBUG - Clip to [7.000, 52.000, 9.000, 55.000] (epsg:4326))
2026-08-04 18:14:48,764 - snakemake_workflow - rasterdataset - INFO - Reading population raster data from D:\GFM\inputs\exposure\ppp_2020_1km_Aggregated.tif
2026-08-04 18:14:48,947 - snakemake_workflow - rasterdataset - DEBUG - Clip to [6.000, 60.000, 8.000, 63.000] (epsg:4326))
2026-08-04 18:14:49,425 - snakemake_workflow - rasterdataset - INFO - Reading population raster data from D:\GFM\inputs\exposure\ppp_2020_1km_Aggregated.tif
2026-08-04 18:14:49,611 - snakemake_workflow - rasterdataset - DEBUG - Clip to [29.000, 59.000, 33.000, 62.000] (epsg:4326))
2026-08-04 18:14:51,614 - snakemake_workflow - rasterdataset - INFO - Reading population raster data from D:\GFM\inputs\exposure\ppp_2020_1km_Aggregated.tif
2026-08-04 18:14:51,776 - snakemake_workflow - rasterdataset - DEBUG - Clip to [30.000, 29.000, 34.000, 32.000] (epsg:4326))
2026-08-04 18:14:55,203 - snakemake_workflow - rasterdataset - INFO - Reading population raster data from D:\GFM\inputs\exposure\ppp_2020_1km_Aggregated.tif
2026-08-04 18:14:55,427 - snakemake_workflow - rasterdataset - INFO - Reading population raster data from D:\GFM\inputs\exposure\ppp_2020_1km_Aggregated.tif
2026-08-04 18:14:55,620 - snakemake_workflow - rasterdataset - DEBUG - Clip to [43.000, 64.000, 45.000, 67.000] (epsg:4326))
2026-08-04 18:14:55,732 - snakemake_workflow - rasterdataset - DEBUG - Clip to [15.000, 41.000, 18.000, 43.000] (epsg:4326))
2026-08-04 18:14:55,806 - snakemake_workflow - rasterdataset - INFO - Reading population raster data from D:\GFM\inputs\exposure\ppp_2020_1km_Aggregated.tif
2026-08-04 18:14:56,005 - snakemake_workflow - rasterdataset - DEBUG - Clip to [9.000, 58.000, 12.000, 60.000] (epsg:4326))
2026-08-04 18:14:57,234 - snakemake_workflow - rasterdataset - INFO - Reading population raster data from D:\GFM\inputs\exposure\ppp_2020_1km_Aggregated.tif
2026-08-04 18:14:57,389 - snakemake_workflow - rasterdataset - DEBUG - Clip to [16.000, 57.000, 20.000, 60.000] (epsg:4326))
2026-08-04 18:14:59,513 - snakemake_workflow - rasterdataset - INFO - Reading population raster data from D:\GFM\inputs\exposure\ppp_2020_1km_Aggregated.tif
2026-08-04 18:14:59,573 - snakemake_workflow - rasterdataset - DEBUG - Clip to [-17.000, 11.000, -14.000, 15.000] (epsg:4326))
2026-08-04 18:15:00,011 - snakemake_workflow - rasterdataset - INFO - Reading population raster data from D:\GFM\inputs\exposure\ppp_2020_1km_Aggregated.tif
2026-08-04 18:15:00,221 - snakemake_workflow - rasterdataset - DEBUG - Clip to [15.000, 42.000, 18.000, 44.000] (epsg:4326))
2026-08-04 18:15:04,691 - snakemake_workflow - rasterdataset - INFO - Reading population raster data from D:\GFM\inputs\exposure\ppp_2020_1km_Aggregated.tif
2026-08-04 18:15:05,036 - snakemake_workflow - rasterdataset - DEBUG - Clip to [14.000, 54.000, 16.000, 57.000] (epsg:4326))
2026-08-04 18:15:06,031 - snakemake_workflow - rasterdataset - INFO - Reading population raster data from D:\GFM\inputs\exposure\ppp_2020_1km_Aggregated.tif
2026-08-04 18:15:06,410 - snakemake_workflow - rasterdataset - DEBUG - Clip to [12.000, 40.000, 16.000, 43.000] (epsg:4326))
2026-08-04 18:15:07,126 - snakemake_workflow - rasterdataset - INFO - Reading population raster data from D:\GFM\inputs\exposure\ppp_2020_1km_Aggregated.tif
2026-08-04 18:15:07,126 - snakemake_workflow - rasterdataset - INFO - Reading population raster data from D:\GFM\inputs\exposure\ppp_2020_1km_Aggregated.tif
2026-08-04 18:15:07,265 - snakemake_workflow - rasterdataset - DEBUG - Clip to [43.000, 66.000, 45.000, 68.000] (epsg:4326))
2026-08-04 18:15:07,361 - snakemake_workflow - rasterdataset - DEBUG - Clip to [32.000, 34.000, 36.000, 37.000] (epsg:4326))
2026-08-04 18:15:08,497 - snakemake_workflow - rasterdataset - INFO - Reading population raster data from D:\GFM\inputs\exposure\ppp_2020_1km_Aggregated.tif
2026-08-04 18:15:08,646 - snakemake_workflow - rasterdataset - DEBUG - Clip to [34.000, 64.000, 38.000, 67.000] (epsg:4326))
2026-08-04 18:15:11,181 - snakemake_workflow - rasterdataset - INFO - Reading population raster data from D:\GFM\inputs\exposure\ppp_2020_1km_Aggregated.tif
2026-08-04 18:15:11,385 - snakemake_workflow - rasterdataset - INFO - Reading population raster data from D:\GFM\inputs\exposure\ppp_2020_1km_Aggregated.tif
2026-08-04 18:15:11,421 - snakemake_workflow - rasterdataset - DEBUG - Clip to [45.000, 64.000, 46.000, 68.000] (epsg:4326))
2026-08-04 18:15:11,494 - snakemake_workflow - rasterdataset - DEBUG - Clip to [4.000, 59.000, 7.000, 63.000] (epsg:4326))
2026-08-04 18:15:12,648 - snakemake_workflow - rasterdataset - INFO - Reading population raster data from D:\GFM\inputs\exposure\ppp_2020_1km_Aggregated.tif
2026-08-04 18:15:13,317 - snakemake_workflow - rasterdataset - DEBUG - Clip to [17.000, 59.000, 20.000, 61.000] (epsg:4326))
2026-08-04 18:15:16,293 - snakemake_workflow - rasterdataset - INFO - Reading population raster data from D:\GFM\inputs\exposure\ppp_2020_1km_Aggregated.tif
2026-08-04 18:15:16,496 - snakemake_workflow - rasterdataset - DEBUG - Clip to [45.000, 66.000, 47.000, 69.000] (epsg:4326))
2026-08-04 18:15:16,959 - snakemake_workflow - rasterdataset - INFO - Reading population raster data from D:\GFM\inputs\exposure\ppp_2020_1km_Aggregated.tif
2026-08-04 18:15:17,104 - snakemake_workflow - rasterdataset - DEBUG - Clip to [43.000, 67.000, 46.000, 69.000] (epsg:4326))
2026-08-04 18:15:17,449 - snakemake_workflow - rasterdataset - INFO - Reading population raster data from D:\GFM\inputs\exposure\ppp_2020_1km_Aggregated.tif
2026-08-04 18:15:17,624 - snakemake_workflow - rasterdataset - DEBUG - Clip to [-17.000, 18.000, -14.000, 20.000] (epsg:4326))
2026-08-04 18:15:18,904 - snakemake_workflow - rasterdataset - INFO - Reading population raster data from D:\GFM\inputs\exposure\ppp_2020_1km_Aggregated.tif
2026-08-04 18:15:19,053 - snakemake_workflow - rasterdataset - DEBUG - Clip to [5.000, 4.000, 9.000, 7.000] (epsg:4326))
2026-08-04 18:15:19,706 - snakemake_workflow - rasterdataset - INFO - Reading population raster data from D:\GFM\inputs\exposure\ppp_2020_1km_Aggregated.tif
2026-08-04 18:15:19,947 - snakemake_workflow - rasterdataset - DEBUG - Clip to [20.000, 37.000, 22.000, 40.000] (epsg:4326))
2026-08-04 18:15:21,176 - snakemake_workflow - rasterdataset - INFO - Reading population raster data from D:\GFM\inputs\exposure\ppp_2020_1km_Aggregated.tif
2026-08-04 18:15:21,563 - snakemake_workflow - rasterdataset - DEBUG - Clip to [70.000, 65.000, 74.000, 67.000] (epsg:4326))
2026-08-04 18:15:22,077 - snakemake_workflow - rasterdataset - INFO - Reading population raster data from D:\GFM\inputs\exposure\ppp_2020_1km_Aggregated.tif
2026-08-04 18:15:22,077 - snakemake_workflow - rasterdataset - INFO - Reading population raster data from D:\GFM\inputs\exposure\ppp_2020_1km_Aggregated.tif
2026-08-04 18:15:22,133 - snakemake_workflow - rasterdataset - DEBUG - Clip to [55.000, 73.000, 59.000, 76.000] (epsg:4326))
2026-08-04 18:15:22,142 - snakemake_workflow - rasterdataset - DEBUG - Clip to [-11.000, 51.000, -8.000, 55.000] (epsg:4326))
2026-08-04 18:15:23,991 - snakemake_workflow - rasterdataset - INFO - Reading population raster data from D:\GFM\inputs\exposure\ppp_2020_1km_Aggregated.tif
2026-08-04 18:15:24,282 - snakemake_workflow - rasterdataset - DEBUG - Clip to [87.000, 72.000, 89.000, 75.000] (epsg:4326))
2026-08-04 18:15:25,118 - snakemake_workflow - rasterdataset - INFO - Reading population raster data from D:\GFM\inputs\exposure\ppp_2020_1km_Aggregated.tif
2026-08-04 18:15:25,419 - snakemake_workflow - rasterdataset - DEBUG - Clip to [39.000, 66.000, 42.000, 68.000] (epsg:4326))
2026-08-04 18:15:27,205 - snakemake_workflow - rasterdataset - INFO - Reading population raster data from D:\GFM\inputs\exposure\ppp_2020_1km_Aggregated.tif
2026-08-04 18:15:27,366 - snakemake_workflow - rasterdataset - DEBUG - Clip to [96.000, 74.000, 100.000, 77.000] (epsg:4326))
2026-08-04 18:15:32,189 - snakemake_workflow - rasterdataset - INFO - Reading population raster data from D:\GFM\inputs\exposure\ppp_2020_1km_Aggregated.tif
2026-08-04 18:15:32,515 - snakemake_workflow - rasterdataset - DEBUG - Clip to [86.000, 74.000, 89.000, 76.000] (epsg:4326))
2026-08-04 18:15:32,819 - snakemake_workflow - rasterdataset - INFO - Reading population raster data from D:\GFM\inputs\exposure\ppp_2020_1km_Aggregated.tif
2026-08-04 18:15:32,963 - snakemake_workflow - rasterdataset - DEBUG - Clip to [42.000, 64.000, 44.000, 67.000] (epsg:4326))
2026-08-04 18:15:34,327 - snakemake_workflow - rasterdataset - INFO - Reading population raster data from D:\GFM\inputs\exposure\ppp_2020_1km_Aggregated.tif
2026-08-04 18:15:34,472 - snakemake_workflow - rasterdataset - DEBUG - Clip to [74.000, 72.000, 77.000, 74.000] (epsg:4326))
2026-08-04 18:15:35,371 - snakemake_workflow - rasterdataset - INFO - Reading population raster data from D:\GFM\inputs\exposure\ppp_2020_1km_Aggregated.tif
2026-08-04 18:15:35,371 - snakemake_workflow - rasterdataset - INFO - Reading population raster data from D:\GFM\inputs\exposure\ppp_2020_1km_Aggregated.tif
2026-08-04 18:15:35,447 - snakemake_workflow - rasterdataset - DEBUG - Clip to [93.000, 80.000, 97.000, 82.000] (epsg:4326))
2026-08-04 18:15:35,585 - snakemake_workflow - rasterdataset - DEBUG - Clip to [67.000, 65.000, 70.000, 68.000] (epsg:4326))
2026-08-04 18:15:36,326 - snakemake_workflow - rasterdataset - INFO - Reading population raster data from D:\GFM\inputs\exposure\ppp_2020_1km_Aggregated.tif
2026-08-04 18:15:36,563 - snakemake_workflow - rasterdataset - DEBUG - Clip to [104.000, 76.000, 106.000, 79.000] (epsg:4326))
2026-08-04 18:15:37,642 - snakemake_workflow - rasterdataset - INFO - Reading population raster data from D:\GFM\inputs\exposure\ppp_2020_1km_Aggregated.tif
2026-08-04 18:15:37,737 - snakemake_workflow - rasterdataset - DEBUG - Clip to [87.000, 71.000, 91.000, 73.000] (epsg:4326))
2026-08-04 18:15:38,397 - snakemake_workflow - rasterdataset - INFO - Reading population raster data from D:\GFM\inputs\exposure\ppp_2020_1km_Aggregated.tif
2026-08-04 18:15:38,463 - snakemake_workflow - rasterdataset - DEBUG - Clip to [111.000, 72.000, 113.000, 75.000] (epsg:4326))
2026-08-04 18:15:39,695 - snakemake_workflow - rasterdataset - INFO - Reading population raster data from D:\GFM\inputs\exposure\ppp_2020_1km_Aggregated.tif
2026-08-04 18:15:39,764 - snakemake_workflow - rasterdataset - DEBUG - Clip to [80.000, 64.000, 83.000, 67.000] (epsg:4326))
2026-08-04 18:15:41,594 - snakemake_workflow - rasterdataset - INFO - Reading population raster data from D:\GFM\inputs\exposure\ppp_2020_1km_Aggregated.tif
2026-08-04 18:15:41,764 - snakemake_workflow - rasterdataset - DEBUG - Clip to [95.000, 78.000, 99.000, 81.000] (epsg:4326))
2026-08-04 18:15:42,595 - snakemake_workflow - rasterdataset - INFO - Reading population raster data from D:\GFM\inputs\exposure\ppp_2020_1km_Aggregated.tif
2026-08-04 18:15:42,780 - snakemake_workflow - rasterdataset - DEBUG - Clip to [98.000, 79.000, 100.000, 81.000] (epsg:4326))
2026-08-04 18:15:42,956 - snakemake_workflow - rasterdataset - INFO - Reading population raster data from D:\GFM\inputs\exposure\ppp_2020_1km_Aggregated.tif
2026-08-04 18:15:43,132 - snakemake_workflow - rasterdataset - DEBUG - Clip to [105.000, 76.000, 107.000, 79.000] (epsg:4326))
2026-08-04 18:15:45,446 - snakemake_workflow - rasterdataset - INFO - Reading population raster data from D:\GFM\inputs\exposure\ppp_2020_1km_Aggregated.tif
2026-08-04 18:15:45,574 - snakemake_workflow - rasterdataset - DEBUG - Clip to [88.000, 72.000, 91.000, 74.000] (epsg:4326))
2026-08-04 18:15:45,858 - snakemake_workflow - rasterdataset - INFO - Reading population raster data from D:\GFM\inputs\exposure\ppp_2020_1km_Aggregated.tif
2026-08-04 18:15:46,134 - snakemake_workflow - rasterdataset - DEBUG - Clip to [112.000, 72.000, 114.000, 75.000] (epsg:4326))
2026-08-04 18:15:46,383 - snakemake_workflow - rasterdataset - INFO - Reading population raster data from D:\GFM\inputs\exposure\ppp_2020_1km_Aggregated.tif
2026-08-04 18:15:46,444 - snakemake_workflow - rasterdataset - DEBUG - Clip to [99.000, 71.000, 102.000, 75.000] (epsg:4326))
2026-08-04 18:15:48,133 - snakemake_workflow - rasterdataset - INFO - Reading population raster data from D:\GFM\inputs\exposure\ppp_2020_1km_Aggregated.tif
2026-08-04 18:15:48,295 - snakemake_workflow - rasterdataset - DEBUG - Clip to [106.000, 76.000, 108.000, 79.000] (epsg:4326))
2026-08-04 18:15:49,530 - snakemake_workflow - rasterdataset - INFO - Reading population raster data from D:\GFM\inputs\exposure\ppp_2020_1km_Aggregated.tif
2026-08-04 18:15:49,622 - snakemake_workflow - rasterdataset - DEBUG - Clip to [65.000, 65.000, 68.000, 67.000] (epsg:4326))
2026-08-04 18:15:50,237 - snakemake_workflow - rasterdataset - INFO - Reading population raster data from D:\GFM\inputs\exposure\ppp_2020_1km_Aggregated.tif
2026-08-04 18:15:50,678 - snakemake_workflow - rasterdataset - DEBUG - Clip to [137.000, 74.000, 140.000, 77.000] (epsg:4326))
2026-08-04 18:15:51,373 - snakemake_workflow - rasterdataset - INFO - Reading population raster data from D:\GFM\inputs\exposure\ppp_2020_1km_Aggregated.tif
2026-08-04 18:15:51,426 - snakemake_workflow - rasterdataset - DEBUG - Clip to [126.000, 71.000, 130.000, 74.000] (epsg:4326))
2026-08-04 18:15:51,483 - snakemake_workflow - rasterdataset - INFO - Reading population raster data from D:\GFM\inputs\exposure\ppp_2020_1km_Aggregated.tif
2026-08-04 18:15:51,644 - snakemake_workflow - rasterdataset - DEBUG - Clip to [100.000, 74.000, 101.000, 77.000] (epsg:4326))
2026-08-04 18:15:52,625 - snakemake_workflow - rasterdataset - INFO - Reading population raster data from D:\GFM\inputs\exposure\ppp_2020_1km_Aggregated.tif
2026-08-04 18:15:52,662 - snakemake_workflow - rasterdataset - DEBUG - Clip to [84.000, 72.000, 88.000, 75.000] (epsg:4326))
2026-08-04 18:15:52,831 - snakemake_workflow - rasterdataset - INFO - Reading population raster data from D:\GFM\inputs\exposure\ppp_2020_1km_Aggregated.tif
2026-08-04 18:15:53,019 - snakemake_workflow - rasterdataset - DEBUG - Clip to [108.000, 72.000, 112.000, 75.000] (epsg:4326))
2026-08-04 18:15:55,993 - snakemake_workflow - rasterdataset - INFO - Reading population raster data from D:\GFM\inputs\exposure\ppp_2020_1km_Aggregated.tif
2026-08-04 18:15:56,144 - snakemake_workflow - rasterdataset - DEBUG - Clip to [93.000, 79.000, 96.000, 81.000] (epsg:4326))
2026-08-04 18:15:57,766 - snakemake_workflow - rasterdataset - INFO - Reading population raster data from D:\GFM\inputs\exposure\ppp_2020_1km_Aggregated.tif
2026-08-04 18:15:58,012 - snakemake_workflow - rasterdataset - DEBUG - Clip to [146.000, 70.000, 148.000, 72.000] (epsg:4326))
2026-08-04 18:15:59,004 - snakemake_workflow - rasterdataset - INFO - Reading population raster data from D:\GFM\inputs\exposure\ppp_2020_1km_Aggregated.tif
2026-08-04 18:15:59,296 - snakemake_workflow - rasterdataset - DEBUG - Clip to [101.000, 74.000, 102.000, 77.000] (epsg:4326))
2026-08-04 18:16:00,435 - snakemake_workflow - rasterdataset - INFO - Reading population raster data from D:\GFM\inputs\exposure\ppp_2020_1km_Aggregated.tif
2026-08-04 18:16:00,723 - snakemake_workflow - rasterdataset - DEBUG - Clip to [151.000, 66.000, 154.000, 68.000] (epsg:4326))
2026-08-04 18:16:00,978 - snakemake_workflow - rasterdataset - INFO - Reading population raster data from D:\GFM\inputs\exposure\ppp_2020_1km_Aggregated.tif
2026-08-04 18:16:01,215 - snakemake_workflow - rasterdataset - DEBUG - Clip to [144.000, 70.000, 146.000, 73.000] (epsg:4326))
2026-08-04 18:16:02,878 - snakemake_workflow - rasterdataset - INFO - Reading population raster data from D:\GFM\inputs\exposure\ppp_2020_1km_Aggregated.tif
2026-08-04 18:16:03,110 - snakemake_workflow - rasterdataset - DEBUG - Clip to [160.000, 67.000, 163.000, 69.000] (epsg:4326))
2026-08-04 18:16:05,583 - snakemake_workflow - rasterdataset - INFO - Reading population raster data from D:\GFM\inputs\exposure\ppp_2020_1km_Aggregated.tif
2026-08-04 18:16:05,821 - snakemake_workflow - rasterdataset - INFO - Reading population raster data from D:\GFM\inputs\exposure\ppp_2020_1km_Aggregated.tif
2026-08-04 18:16:05,856 - snakemake_workflow - rasterdataset - DEBUG - Clip to [44.000, 46.000, 46.000, 49.000] (epsg:4326))
2026-08-04 18:16:06,224 - snakemake_workflow - rasterdataset - DEBUG - Clip to [145.000, 72.000, 149.000, 73.000] (epsg:4326))
2026-08-04 18:16:06,912 - snakemake_workflow - rasterdataset - INFO - Reading population raster data from D:\GFM\inputs\exposure\ppp_2020_1km_Aggregated.tif
2026-08-04 18:16:07,225 - snakemake_workflow - rasterdataset - DEBUG - Clip to [17.000, 77.000, 19.000, 80.000] (epsg:4326))
2026-08-04 18:16:08,724 - snakemake_workflow - rasterdataset - INFO - Reading population raster data from D:\GFM\inputs\exposure\ppp_2020_1km_Aggregated.tif
2026-08-04 18:16:08,878 - snakemake_workflow - rasterdataset - DEBUG - Clip to [143.000, 70.000, 145.000, 73.000] (epsg:4326))
2026-08-04 18:16:11,255 - snakemake_workflow - rasterdataset - INFO - Reading population raster data from D:\GFM\inputs\exposure\ppp_2020_1km_Aggregated.tif
2026-08-04 18:16:11,255 - snakemake_workflow - rasterdataset - INFO - Reading population raster data from D:\GFM\inputs\exposure\ppp_2020_1km_Aggregated.tif
2026-08-04 18:16:11,353 - snakemake_workflow - rasterdataset - DEBUG - Clip to [145.000, 70.000, 147.000, 73.000] (epsg:4326))
2026-08-04 18:16:11,405 - snakemake_workflow - rasterdataset - DEBUG - Clip to [158.000, 68.000, 160.000, 71.000] (epsg:4326))
2026-08-04 18:16:12,098 - snakemake_workflow - rasterdataset - INFO - Reading population raster data from D:\GFM\inputs\exposure\ppp_2020_1km_Aggregated.tif
2026-08-04 18:16:12,152 - snakemake_workflow - rasterdataset - DEBUG - Clip to [147.000, 70.000, 149.000, 73.000] (epsg:4326))
2026-08-04 18:16:12,477 - snakemake_workflow - rasterdataset - INFO - Reading population raster data from D:\GFM\inputs\exposure\ppp_2020_1km_Aggregated.tif
2026-08-04 18:16:12,730 - snakemake_workflow - rasterdataset - DEBUG - Clip to [162.000, 67.000, 163.000, 71.000] (epsg:4326))
2026-08-04 18:16:13,559 - snakemake_workflow - rasterdataset - INFO - Reading population raster data from D:\GFM\inputs\exposure\ppp_2020_1km_Aggregated.tif
2026-08-04 18:16:14,268 - snakemake_workflow - rasterdataset - DEBUG - Clip to [145.000, 68.000, 148.000, 71.000] (epsg:4326))
2026-08-04 18:16:14,758 - snakemake_workflow - rasterdataset - INFO - Reading population raster data from D:\GFM\inputs\exposure\ppp_2020_1km_Aggregated.tif
2026-08-04 18:16:14,837 - snakemake_workflow - rasterdataset - INFO - Reading population raster data from D:\GFM\inputs\exposure\ppp_2020_1km_Aggregated.tif
2026-08-04 18:16:14,837 - snakemake_workflow - rasterdataset - INFO - Reading population raster data from D:\GFM\inputs\exposure\ppp_2020_1km_Aggregated.tif
2026-08-04 18:16:15,095 - snakemake_workflow - rasterdataset - DEBUG - Clip to [16.000, 79.000, 19.000, 81.000] (epsg:4326))
2026-08-04 18:16:15,103 - snakemake_workflow - rasterdataset - DEBUG - Clip to [49.000, 49.000, 52.000, 51.000] (epsg:4326))
2026-08-04 18:16:15,285 - snakemake_workflow - rasterdataset - DEBUG - Clip to [-60.000, -36.000, -57.000, -33.000] (epsg:4326))
2026-08-04 18:16:15,671 - snakemake_workflow - rasterdataset - INFO - Reading population raster data from D:\GFM\inputs\exposure\ppp_2020_1km_Aggregated.tif
2026-08-04 18:16:15,822 - snakemake_workflow - rasterdataset - DEBUG - Clip to [173.000, -42.000, 177.000, -39.000] (epsg:4326))
2026-08-04 18:16:16,830 - snakemake_workflow - rasterdataset - INFO - Reading population raster data from D:\GFM\inputs\exposure\ppp_2020_1km_Aggregated.tif
2026-08-04 18:16:16,950 - snakemake_workflow - rasterdataset - DEBUG - Clip to [148.000, 70.000, 150.000, 73.000] (epsg:4326))
2026-08-04 18:16:21,092 - snakemake_workflow - rasterdataset - INFO - Reading population raster data from D:\GFM\inputs\exposure\ppp_2020_1km_Aggregated.tif
2026-08-04 18:16:21,551 - snakemake_workflow - rasterdataset - DEBUG - Clip to [18.000, 78.000, 21.000, 81.000] (epsg:4326))
2026-08-04 18:16:23,275 - snakemake_workflow - rasterdataset - INFO - Reading population raster data from D:\GFM\inputs\exposure\ppp_2020_1km_Aggregated.tif
2026-08-04 18:16:23,638 - snakemake_workflow - rasterdataset - DEBUG - Clip to [-86.000, 9.000, -83.000, 12.000] (epsg:4326))
2026-08-04 18:16:24,891 - snakemake_workflow - rasterdataset - INFO - Reading population raster data from D:\GFM\inputs\exposure\ppp_2020_1km_Aggregated.tif
2026-08-04 18:16:25,075 - snakemake_workflow - rasterdataset - DEBUG - Clip to [159.000, 68.000, 161.000, 71.000] (epsg:4326))
2026-08-04 18:16:25,889 - snakemake_workflow - rasterdataset - INFO - Reading population raster data from D:\GFM\inputs\exposure\ppp_2020_1km_Aggregated.tif
2026-08-04 18:16:25,972 - snakemake_workflow - rasterdataset - DEBUG - Clip to [15.000, 76.000, 18.000, 80.000] (epsg:4326))
2026-08-04 18:16:27,454 - snakemake_workflow - rasterdataset - INFO - Reading population raster data from D:\GFM\inputs\exposure\ppp_2020_1km_Aggregated.tif
2026-08-04 18:16:27,672 - snakemake_workflow - rasterdataset - DEBUG - Clip to [-96.000, 16.000, -93.000, 19.000] (epsg:4326))
2026-08-04 18:16:29,312 - snakemake_workflow - rasterdataset - INFO - Reading population raster data from D:\GFM\inputs\exposure\ppp_2020_1km_Aggregated.tif
2026-08-04 18:16:29,356 - snakemake_workflow - rasterdataset - DEBUG - Clip to [160.000, 68.000, 162.000, 71.000] (epsg:4326))
2026-08-04 18:16:29,547 - snakemake_workflow - rasterdataset - INFO - Reading population raster data from D:\GFM\inputs\exposure\ppp_2020_1km_Aggregated.tif
2026-08-04 18:16:29,550 - snakemake_workflow - rasterdataset - INFO - Reading population raster data from D:\GFM\inputs\exposure\ppp_2020_1km_Aggregated.tif
2026-08-04 18:16:29,699 - snakemake_workflow - rasterdataset - DEBUG - Clip to [-53.000, -32.000, -50.000, -29.000] (epsg:4326))
2026-08-04 18:16:29,722 - snakemake_workflow - rasterdataset - DEBUG - Clip to [-66.000, -43.000, -63.000, -40.000] (epsg:4326))
2026-08-04 18:16:30,025 - snakemake_workflow - rasterdataset - INFO - Reading population raster data from D:\GFM\inputs\exposure\ppp_2020_1km_Aggregated.tif
2026-08-04 18:16:30,422 - snakemake_workflow - rasterdataset - DEBUG - Clip to [45.000, 44.000, 48.000, 46.000] (epsg:4326))
2026-08-04 18:16:34,033 - snakemake_workflow - rasterdataset - INFO - Reading population raster data from D:\GFM\inputs\exposure\ppp_2020_1km_Aggregated.tif
2026-08-04 18:16:34,201 - snakemake_workflow - rasterdataset - INFO - Reading population raster data from D:\GFM\inputs\exposure\ppp_2020_1km_Aggregated.tif
2026-08-04 18:16:34,240 - snakemake_workflow - rasterdataset - DEBUG - Clip to [-80.000, 20.000, -78.000, 22.000] (epsg:4326))
2026-08-04 18:16:34,249 - snakemake_workflow - rasterdataset - DEBUG - Clip to [-55.000, 46.000, -52.000, 49.000] (epsg:4326))
2026-08-04 18:16:36,128 - snakemake_workflow - rasterdataset - INFO - Reading population raster data from D:\GFM\inputs\exposure\ppp_2020_1km_Aggregated.tif
2026-08-04 18:16:36,189 - snakemake_workflow - rasterdataset - DEBUG - Clip to [13.000, 77.000, 16.000, 80.000] (epsg:4326))
2026-08-04 18:16:39,305 - snakemake_workflow - rasterdataset - INFO - Reading population raster data from D:\GFM\inputs\exposure\ppp_2020_1km_Aggregated.tif
2026-08-04 18:16:39,364 - snakemake_workflow - rasterdataset - INFO - Reading population raster data from D:\GFM\inputs\exposure\ppp_2020_1km_Aggregated.tif
2026-08-04 18:16:39,364 - snakemake_workflow - rasterdataset - INFO - Reading population raster data from D:\GFM\inputs\exposure\ppp_2020_1km_Aggregated.tif
2026-08-04 18:16:39,480 - snakemake_workflow - rasterdataset - DEBUG - Clip to [-117.000, 30.000, -115.000, 32.000] (epsg:4326))
2026-08-04 18:16:39,481 - snakemake_workflow - rasterdataset - DEBUG - Clip to [-79.000, 20.000, -77.000, 23.000] (epsg:4326))
2026-08-04 18:16:39,481 - snakemake_workflow - rasterdataset - DEBUG - Clip to [-129.000, 50.000, -127.000, 52.000] (epsg:4326))
2026-08-04 18:16:40,354 - snakemake_workflow - rasterdataset - INFO - Reading population raster data from D:\GFM\inputs\exposure\ppp_2020_1km_Aggregated.tif
2026-08-04 18:16:40,473 - snakemake_workflow - rasterdataset - DEBUG - Clip to [-75.000, -54.000, -73.000, -52.000] (epsg:4326))
2026-08-04 18:16:44,394 - snakemake_workflow - rasterdataset - INFO - Reading population raster data from D:\GFM\inputs\exposure\ppp_2020_1km_Aggregated.tif
2026-08-04 18:16:44,394 - snakemake_workflow - rasterdataset - INFO - Reading population raster data from D:\GFM\inputs\exposure\ppp_2020_1km_Aggregated.tif
2026-08-04 18:16:44,510 - snakemake_workflow - rasterdataset - DEBUG - Clip to [-117.000, 32.000, -114.000, 33.000] (epsg:4326))
2026-08-04 18:16:44,551 - snakemake_workflow - rasterdataset - INFO - Reading population raster data from D:\GFM\inputs\exposure\ppp_2020_1km_Aggregated.tif
2026-08-04 18:16:44,580 - snakemake_workflow - rasterdataset - DEBUG - Clip to [-130.000, 52.000, -126.000, 53.000] (epsg:4326))
2026-08-04 18:16:44,681 - snakemake_workflow - rasterdataset - DEBUG - Clip to [-136.000, 57.000, -132.000, 58.000] (epsg:4326))
2026-08-04 18:16:44,812 - snakemake_workflow - rasterdataset - INFO - Reading population raster data from D:\GFM\inputs\exposure\ppp_2020_1km_Aggregated.tif
2026-08-04 18:16:44,923 - snakemake_workflow - rasterdataset - DEBUG - Clip to [-61.000, 53.000, -58.000, 56.000] (epsg:4326))
2026-08-04 18:16:45,807 - snakemake_workflow - rasterdataset - INFO - Reading population raster data from D:\GFM\inputs\exposure\ppp_2020_1km_Aggregated.tif
2026-08-04 18:16:45,807 - snakemake_workflow - rasterdataset - INFO - Reading population raster data from D:\GFM\inputs\exposure\ppp_2020_1km_Aggregated.tif
2026-08-04 18:16:45,859 - snakemake_workflow - rasterdataset - DEBUG - Clip to [-75.000, 66.000, -72.000, 69.000] (epsg:4326))
2026-08-04 18:16:45,863 - snakemake_workflow - rasterdataset - DEBUG - Clip to [-79.000, 24.000, -76.000, 27.000] (epsg:4326))
2026-08-04 18:16:46,062 - snakemake_workflow - rasterdataset - INFO - Reading population raster data from D:\GFM\inputs\exposure\ppp_2020_1km_Aggregated.tif
2026-08-04 18:16:46,381 - snakemake_workflow - rasterdataset - DEBUG - Clip to [-74.000, -53.000, -72.000, -51.000] (epsg:4326))
2026-08-04 18:16:46,440 - snakemake_workflow - rasterdataset - INFO - Reading population raster data from D:\GFM\inputs\exposure\ppp_2020_1km_Aggregated.tif
2026-08-04 18:16:46,760 - snakemake_workflow - rasterdataset - DEBUG - Clip to [-154.000, 59.000, -151.000, 61.000] (epsg:4326))
2026-08-04 18:16:48,083 - snakemake_workflow - rasterdataset - INFO - Reading population raster data from D:\GFM\inputs\exposure\ppp_2020_1km_Aggregated.tif
2026-08-04 18:16:48,358 - snakemake_workflow - rasterdataset - DEBUG - Clip to [-124.000, 37.000, -121.000, 40.000] (epsg:4326))
2026-08-04 18:16:48,623 - snakemake_workflow - rasterdataset - INFO - Reading population raster data from D:\GFM\inputs\exposure\ppp_2020_1km_Aggregated.tif
2026-08-04 18:16:48,893 - snakemake_workflow - rasterdataset - INFO - Reading population raster data from D:\GFM\inputs\exposure\ppp_2020_1km_Aggregated.tif
2026-08-04 18:16:48,930 - snakemake_workflow - rasterdataset - DEBUG - Clip to [-71.000, 58.000, -68.000, 61.000] (epsg:4326))
2026-08-04 18:16:49,072 - snakemake_workflow - rasterdataset - DEBUG - Clip to [-136.000, 56.000, -134.000, 58.000] (epsg:4326))
2026-08-04 18:16:50,312 - snakemake_workflow - rasterdataset - INFO - Reading population raster data from D:\GFM\inputs\exposure\ppp_2020_1km_Aggregated.tif
2026-08-04 18:16:50,542 - snakemake_workflow - rasterdataset - DEBUG - Clip to [-109.000, 66.000, -106.000, 69.000] (epsg:4326))
2026-08-04 18:16:51,627 - snakemake_workflow - rasterdataset - INFO - Reading population raster data from D:\GFM\inputs\exposure\ppp_2020_1km_Aggregated.tif
2026-08-04 18:16:51,797 - snakemake_workflow - rasterdataset - DEBUG - Clip to [-136.000, 58.000, -133.000, 59.000] (epsg:4326))
2026-08-04 18:16:53,200 - snakemake_workflow - rasterdataset - INFO - Reading population raster data from D:\GFM\inputs\exposure\ppp_2020_1km_Aggregated.tif
2026-08-04 18:16:53,315 - snakemake_workflow - rasterdataset - DEBUG - Clip to [-153.000, 58.000, -151.000, 60.000] (epsg:4326))
2026-08-04 18:16:54,766 - snakemake_workflow - rasterdataset - INFO - Reading population raster data from D:\GFM\inputs\exposure\ppp_2020_1km_Aggregated.tif
2026-08-04 18:16:54,800 - snakemake_workflow - rasterdataset - DEBUG - Clip to [-126.000, 48.000, -124.000, 50.000] (epsg:4326))
2026-08-04 18:16:54,940 - snakemake_workflow - rasterdataset - INFO - Reading population raster data from D:\GFM\inputs\exposure\ppp_2020_1km_Aggregated.tif
2026-08-04 18:16:55,162 - snakemake_workflow - rasterdataset - DEBUG - Clip to [141.000, -14.000, 144.000, -11.000] (epsg:4326))
2026-08-04 18:16:55,299 - snakemake_workflow - rasterdataset - INFO - Reading population raster data from D:\GFM\inputs\exposure\ppp_2020_1km_Aggregated.tif
2026-08-04 18:16:55,387 - snakemake_workflow - rasterdataset - DEBUG - Clip to [-70.000, 68.000, -67.000, 71.000] (epsg:4326))
2026-08-04 18:16:56,198 - snakemake_workflow - rasterdataset - INFO - Reading population raster data from D:\GFM\inputs\exposure\ppp_2020_1km_Aggregated.tif
2026-08-04 18:16:56,346 - snakemake_workflow - rasterdataset - DEBUG - Clip to [-162.000, 54.000, -159.000, 57.000] (epsg:4326))
2026-08-04 18:16:58,274 - snakemake_workflow - rasterdataset - INFO - Reading population raster data from D:\GFM\inputs\exposure\ppp_2020_1km_Aggregated.tif
2026-08-04 18:16:58,306 - snakemake_workflow - rasterdataset - DEBUG - Clip to [115.000, -2.000, 118.000, 1.000] (epsg:4326))
2026-08-04 18:16:58,426 - snakemake_workflow - rasterdataset - INFO - Reading population raster data from D:\GFM\inputs\exposure\ppp_2020_1km_Aggregated.tif
2026-08-04 18:16:58,665 - snakemake_workflow - rasterdataset - DEBUG - Clip to [-135.000, 55.000, -133.000, 57.000] (epsg:4326))
2026-08-04 18:16:59,521 - snakemake_workflow - rasterdataset - INFO - Reading population raster data from D:\GFM\inputs\exposure\ppp_2020_1km_Aggregated.tif
2026-08-04 18:16:59,686 - snakemake_workflow - rasterdataset - DEBUG - Clip to [-125.000, 49.000, -123.000, 51.000] (epsg:4326))
2026-08-04 18:17:02,401 - snakemake_workflow - rasterdataset - INFO - Reading population raster data from D:\GFM\inputs\exposure\ppp_2020_1km_Aggregated.tif
2026-08-04 18:17:02,574 - snakemake_workflow - rasterdataset - DEBUG - Clip to [-127.000, 69.000, -124.000, 72.000] (epsg:4326))
2026-08-04 18:17:02,734 - snakemake_workflow - rasterdataset - INFO - Reading population raster data from D:\GFM\inputs\exposure\ppp_2020_1km_Aggregated.tif
2026-08-04 18:17:02,903 - snakemake_workflow - rasterdataset - DEBUG - Clip to [99.000, 8.000, 101.000, 10.000] (epsg:4326))
2026-08-04 18:17:03,329 - snakemake_workflow - rasterdataset - INFO - Reading population raster data from D:\GFM\inputs\exposure\ppp_2020_1km_Aggregated.tif
2026-08-04 18:17:03,577 - snakemake_workflow - rasterdataset - DEBUG - Clip to [135.000, 36.000, 138.000, 37.000] (epsg:4326))
2026-08-04 18:17:04,562 - snakemake_workflow - rasterdataset - INFO - Reading population raster data from D:\GFM\inputs\exposure\ppp_2020_1km_Aggregated.tif
2026-08-04 18:17:04,658 - snakemake_workflow - rasterdataset - DEBUG - Clip to [129.000, -9.000, 132.000, -6.000] (epsg:4326))
2026-08-04 18:17:04,975 - snakemake_workflow - rasterdataset - INFO - Reading population raster data from D:\GFM\inputs\exposure\ppp_2020_1km_Aggregated.tif
2026-08-04 18:17:05,118 - snakemake_workflow - rasterdataset - DEBUG - Clip to [8.000, 42.000, 11.000, 45.000] (epsg:4326))
2026-08-04 18:17:05,731 - snakemake_workflow - rasterdataset - INFO - Reading population raster data from D:\GFM\inputs\exposure\ppp_2020_1km_Aggregated.tif
2026-08-04 18:17:05,957 - snakemake_workflow - rasterdataset - DEBUG - Clip to [13.000, 66.000, 15.000, 68.000] (epsg:4326))
2026-08-04 18:17:06,607 - snakemake_workflow - rasterdataset - INFO - Reading population raster data from D:\GFM\inputs\exposure\ppp_2020_1km_Aggregated.tif
2026-08-04 18:17:06,812 - snakemake_workflow - rasterdataset - DEBUG - Clip to [136.000, 53.000, 139.000, 56.000] (epsg:4326))
2026-08-04 18:17:07,182 - snakemake_workflow - rasterdataset - INFO - Reading population raster data from D:\GFM\inputs\exposure\ppp_2020_1km_Aggregated.tif
2026-08-04 18:17:07,373 - snakemake_workflow - rasterdataset - DEBUG - Clip to [94.000, 16.000, 97.000, 19.000] (epsg:4326))
2026-08-04 18:17:08,573 - snakemake_workflow - rasterdataset - INFO - Reading population raster data from D:\GFM\inputs\exposure\ppp_2020_1km_Aggregated.tif
2026-08-04 18:17:08,612 - snakemake_workflow - rasterdataset - DEBUG - Clip to [146.000, -42.000, 149.000, -39.000] (epsg:4326))
2026-08-04 18:17:11,354 - snakemake_workflow - rasterdataset - INFO - Reading population raster data from D:\GFM\inputs\exposure\ppp_2020_1km_Aggregated.tif
2026-08-04 18:17:11,429 - snakemake_workflow - rasterdataset - DEBUG - Clip to [12.000, 68.000, 16.000, 69.000] (epsg:4326))
2026-08-04 18:17:11,699 - snakemake_workflow - rasterdataset - INFO - Reading population raster data from D:\GFM\inputs\exposure\ppp_2020_1km_Aggregated.tif
2026-08-04 18:17:11,808 - snakemake_workflow - rasterdataset - INFO - Reading population raster data from D:\GFM\inputs\exposure\ppp_2020_1km_Aggregated.tif
2026-08-04 18:17:11,986 - snakemake_workflow - rasterdataset - DEBUG - Clip to [-68.000, 75.000, -65.000, 78.000] (epsg:4326))
2026-08-04 18:17:11,986 - snakemake_workflow - rasterdataset - DEBUG - Clip to [151.000, -12.000, 154.000, -11.000] (epsg:4326))
2026-08-04 18:17:13,461 - snakemake_workflow - rasterdataset - INFO - Reading population raster data from D:\GFM\inputs\exposure\ppp_2020_1km_Aggregated.tif
2026-08-04 18:17:13,637 - snakemake_workflow - rasterdataset - DEBUG - Clip to [33.000, 44.000, 36.000, 47.000] (epsg:4326))
2026-08-04 18:17:14,208 - snakemake_workflow - rasterdataset - INFO - Reading population raster data from D:\GFM\inputs\exposure\ppp_2020_1km_Aggregated.tif
2026-08-04 18:17:14,302 - snakemake_workflow - rasterdataset - DEBUG - Clip to [152.000, -11.000, 154.000, -9.000] (epsg:4326))
2026-08-04 18:17:14,454 - snakemake_workflow - rasterdataset - INFO - Reading population raster data from D:\GFM\inputs\exposure\ppp_2020_1km_Aggregated.tif
2026-08-04 18:17:14,581 - snakemake_workflow - rasterdataset - DEBUG - Clip to [45.000, 30.000, 48.000, 33.000] (epsg:4326))
2026-08-04 18:17:15,969 - snakemake_workflow - rasterdataset - INFO - Reading population raster data from D:\GFM\inputs\exposure\ppp_2020_1km_Aggregated.tif
2026-08-04 18:17:16,068 - snakemake_workflow - rasterdataset - DEBUG - Clip to [48.000, 67.000, 51.000, 70.000] (epsg:4326))
2026-08-04 18:17:16,775 - snakemake_workflow - rasterdataset - INFO - Reading population raster data from D:\GFM\inputs\exposure\ppp_2020_1km_Aggregated.tif
2026-08-04 18:17:16,901 - snakemake_workflow - rasterdataset - DEBUG - Clip to [158.000, -10.000, 161.000, -7.000] (epsg:4326))
2026-08-04 18:17:17,215 - snakemake_workflow - rasterdataset - INFO - Reading population raster data from D:\GFM\inputs\exposure\ppp_2020_1km_Aggregated.tif
2026-08-04 18:17:17,318 - snakemake_workflow - rasterdataset - DEBUG - Clip to [69.000, 71.000, 72.000, 74.000] (epsg:4326))
2026-08-04 18:17:19,172 - snakemake_workflow - rasterdataset - INFO - Reading population raster data from D:\GFM\inputs\exposure\ppp_2020_1km_Aggregated.tif
2026-08-04 18:17:19,212 - snakemake_workflow - rasterdataset - DEBUG - Clip to [115.000, 28.000, 118.000, 31.000] (epsg:4326))
2026-08-04 18:17:19,853 - snakemake_workflow - rasterdataset - INFO - Reading population raster data from D:\GFM\inputs\exposure\ppp_2020_1km_Aggregated.tif
2026-08-04 18:17:20,148 - snakemake_workflow - rasterdataset - DEBUG - Clip to [139.000, -19.000, 142.000, -16.000] (epsg:4326))
2026-08-04 18:17:24,624 - snakemake_workflow - rasterdataset - INFO - Reading population raster data from D:\GFM\inputs\exposure\ppp_2020_1km_Aggregated.tif
2026-08-04 18:17:24,909 - snakemake_workflow - rasterdataset - DEBUG - Clip to [4.000, 51.000, 7.000, 54.000] (epsg:4326))
2026-08-04 18:17:27,324 - snakemake_workflow - rasterdataset - INFO - Reading population raster data from D:\GFM\inputs\exposure\ppp_2020_1km_Aggregated.tif
2026-08-04 18:17:27,473 - snakemake_workflow - rasterdataset - DEBUG - Clip to [98.000, 7.000, 101.000, 9.000] (epsg:4326))
2026-08-04 18:17:29,076 - snakemake_workflow - rasterdataset - INFO - Reading population raster data from D:\GFM\inputs\exposure\ppp_2020_1km_Aggregated.tif
2026-08-04 18:17:29,130 - snakemake_workflow - rasterdataset - DEBUG - Clip to [10.000, 35.000, 13.000, 38.000] (epsg:4326))
2026-08-04 18:17:29,906 - snakemake_workflow - rasterdataset - INFO - Reading population raster data from D:\GFM\inputs\exposure\ppp_2020_1km_Aggregated.tif
2026-08-04 18:17:30,158 - snakemake_workflow - rasterdataset - DEBUG - Clip to [58.000, 68.000, 61.000, 71.000] (epsg:4326))
2026-08-04 18:17:31,511 - snakemake_workflow - rasterdataset - INFO - Reading population raster data from D:\GFM\inputs\exposure\ppp_2020_1km_Aggregated.tif
2026-08-04 18:17:31,538 - snakemake_workflow - rasterdataset - DEBUG - Clip to [104.000, 72.000, 107.000, 75.000] (epsg:4326))
2026-08-04 18:17:32,408 - snakemake_workflow - rasterdataset - INFO - Reading population raster data from D:\GFM\inputs\exposure\ppp_2020_1km_Aggregated.tif
2026-08-04 18:17:32,444 - snakemake_workflow - rasterdataset - DEBUG - Clip to [-147.000, -17.000, -144.000, -14.000] (epsg:4326))
2026-08-04 18:17:34,510 - snakemake_workflow - rasterdataset - INFO - Reading population raster data from D:\GFM\inputs\exposure\ppp_2020_1km_Aggregated.tif
2026-08-04 18:17:34,542 - snakemake_workflow - rasterdataset - DEBUG - Clip to [136.000, 34.000, 138.000, 36.000] (epsg:4326))
2026-08-04 18:17:35,579 - snakemake_workflow - rasterdataset - INFO - Reading population raster data from D:\GFM\inputs\exposure\ppp_2020_1km_Aggregated.tif
2026-08-04 18:17:35,618 - snakemake_workflow - rasterdataset - DEBUG - Clip to [-45.000, -24.000, -41.000, -22.000] (epsg:4326))
2026-08-04 18:17:36,112 - snakemake_workflow - rasterdataset - INFO - Reading population raster data from D:\GFM\inputs\exposure\ppp_2020_1km_Aggregated.tif
2026-08-04 18:17:36,266 - snakemake_workflow - rasterdataset - DEBUG - Clip to [11.000, 65.000, 14.000, 68.000] (epsg:4326))
2026-08-04 18:17:36,919 - snakemake_workflow - rasterdataset - INFO - Reading population raster data from D:\GFM\inputs\exposure\ppp_2020_1km_Aggregated.tif
2026-08-04 18:17:36,954 - snakemake_workflow - rasterdataset - DEBUG - Clip to [-40.000, -15.000, -38.000, -13.000] (epsg:4326))
2026-08-04 18:17:38,494 - snakemake_workflow - rasterdataset - INFO - Reading population raster data from D:\GFM\inputs\exposure\ppp_2020_1km_Aggregated.tif
2026-08-04 18:17:38,897 - snakemake_workflow - rasterdataset - INFO - Reading population raster data from D:\GFM\inputs\exposure\ppp_2020_1km_Aggregated.tif
2026-08-04 18:17:39,038 - snakemake_workflow - rasterdataset - DEBUG - Clip to [177.000, -19.000, 180.000, -16.000] (epsg:4326))
2026-08-04 18:17:39,057 - snakemake_workflow - rasterdataset - DEBUG - Clip to [-70.000, -52.000, -68.000, -50.000] (epsg:4326))
2026-08-04 18:17:41,270 - snakemake_workflow - rasterdataset - INFO - Reading population raster data from D:\GFM\inputs\exposure\ppp_2020_1km_Aggregated.tif
2026-08-04 18:17:41,270 - snakemake_workflow - rasterdataset - INFO - Reading population raster data from D:\GFM\inputs\exposure\ppp_2020_1km_Aggregated.tif
2026-08-04 18:17:41,333 - snakemake_workflow - rasterdataset - DEBUG - Clip to [-64.000, -42.000, -62.000, -38.000] (epsg:4326))
2026-08-04 18:17:41,366 - snakemake_workflow - rasterdataset - DEBUG - Clip to [-46.000, -5.000, -44.000, -3.000] (epsg:4326))
2026-08-04 18:17:42,024 - snakemake_workflow - rasterdataset - INFO - Reading population raster data from D:\GFM\inputs\exposure\ppp_2020_1km_Aggregated.tif
2026-08-04 18:17:42,103 - snakemake_workflow - rasterdataset - DEBUG - Clip to [-24.000, 64.000, -21.000, 67.000] (epsg:4326))
2026-08-04 18:17:42,608 - snakemake_workflow - rasterdataset - INFO - Reading population raster data from D:\GFM\inputs\exposure\ppp_2020_1km_Aggregated.tif
2026-08-04 18:17:42,728 - snakemake_workflow - rasterdataset - DEBUG - Clip to [-43.000, -4.000, -39.000, -2.000] (epsg:4326))
2026-08-04 18:17:43,443 - snakemake_workflow - rasterdataset - INFO - Reading population raster data from D:\GFM\inputs\exposure\ppp_2020_1km_Aggregated.tif
2026-08-04 18:17:43,645 - snakemake_workflow - rasterdataset - DEBUG - Clip to [-59.000, -37.000, -57.000, -35.000] (epsg:4326))
2026-08-04 18:17:46,237 - snakemake_workflow - rasterdataset - INFO - Reading population raster data from D:\GFM\inputs\exposure\ppp_2020_1km_Aggregated.tif
2026-08-04 18:17:46,504 - snakemake_workflow - rasterdataset - DEBUG - Clip to [-46.000, -3.000, -44.000, -1.000] (epsg:4326))
2026-08-04 18:17:46,904 - snakemake_workflow - rasterdataset - INFO - Reading population raster data from D:\GFM\inputs\exposure\ppp_2020_1km_Aggregated.tif
2026-08-04 18:17:47,150 - snakemake_workflow - rasterdataset - DEBUG - Clip to [-54.000, -3.000, -52.000, -1.000] (epsg:4326))
2026-08-04 18:17:50,304 - snakemake_workflow - rasterdataset - INFO - Reading population raster data from D:\GFM\inputs\exposure\ppp_2020_1km_Aggregated.tif
2026-08-04 18:17:50,558 - snakemake_workflow - rasterdataset - DEBUG - Clip to [-60.000, -34.000, -58.000, -32.000] (epsg:4326))
2026-08-04 18:17:52,288 - snakemake_workflow - rasterdataset - INFO - Reading population raster data from D:\GFM\inputs\exposure\ppp_2020_1km_Aggregated.tif
2026-08-04 18:17:52,288 - snakemake_workflow - rasterdataset - INFO - Reading population raster data from D:\GFM\inputs\exposure\ppp_2020_1km_Aggregated.tif
2026-08-04 18:17:52,374 - snakemake_workflow - rasterdataset - DEBUG - Clip to [-66.000, -44.000, -64.000, -42.000] (epsg:4326))
2026-08-04 18:17:52,376 - snakemake_workflow - rasterdataset - DEBUG - Clip to [-68.000, -56.000, -66.000, -54.000] (epsg:4326))
2026-08-04 18:17:53,132 - snakemake_workflow - rasterdataset - INFO - Reading population raster data from D:\GFM\inputs\exposure\ppp_2020_1km_Aggregated.tif
2026-08-04 18:17:53,147 - snakemake_workflow - rasterdataset - INFO - Reading population raster data from D:\GFM\inputs\exposure\ppp_2020_1km_Aggregated.tif
2026-08-04 18:17:53,317 - snakemake_workflow - rasterdataset - DEBUG - Clip to [-70.000, -51.000, -68.000, -49.000] (epsg:4326))
2026-08-04 18:17:53,332 - snakemake_workflow - rasterdataset - DEBUG - Clip to [-57.000, -3.000, -53.000, -1.000] (epsg:4326))
2026-08-04 18:17:54,201 - snakemake_workflow - rasterdataset - INFO - Reading population raster data from D:\GFM\inputs\exposure\ppp_2020_1km_Aggregated.tif
2026-08-04 18:17:54,333 - snakemake_workflow - rasterdataset - DEBUG - Clip to [-143.000, -19.000, -140.000, -16.000] (epsg:4326))
2026-08-04 18:17:56,174 - snakemake_workflow - rasterdataset - INFO - Reading population raster data from D:\GFM\inputs\exposure\ppp_2020_1km_Aggregated.tif
2026-08-04 18:17:56,212 - snakemake_workflow - rasterdataset - INFO - Reading population raster data from D:\GFM\inputs\exposure\ppp_2020_1km_Aggregated.tif
2026-08-04 18:17:56,307 - snakemake_workflow - rasterdataset - INFO - Reading population raster data from D:\GFM\inputs\exposure\ppp_2020_1km_Aggregated.tif
2026-08-04 18:17:56,340 - snakemake_workflow - rasterdataset - DEBUG - Clip to [-48.000, -2.000, -46.000, 0.000] (epsg:4326))
2026-08-04 18:17:56,369 - snakemake_workflow - rasterdataset - DEBUG - Clip to [-40.000, -18.000, -38.000, -14.000] (epsg:4326))
2026-08-04 18:17:56,405 - snakemake_workflow - rasterdataset - DEBUG - Clip to [-70.000, -53.000, -68.000, -51.000] (epsg:4326))
2026-08-04 18:17:57,634 - snakemake_workflow - rasterdataset - INFO - Reading population raster data from D:\GFM\inputs\exposure\ppp_2020_1km_Aggregated.tif
2026-08-04 18:17:57,931 - snakemake_workflow - rasterdataset - DEBUG - Clip to [-46.000, -4.000, -42.000, -2.000] (epsg:4326))
2026-08-04 18:18:00,841 - snakemake_workflow - rasterdataset - INFO - Reading population raster data from D:\GFM\inputs\exposure\ppp_2020_1km_Aggregated.tif
2026-08-04 18:18:00,869 - snakemake_workflow - rasterdataset - INFO - Reading population raster data from D:\GFM\inputs\exposure\ppp_2020_1km_Aggregated.tif
2026-08-04 18:18:01,085 - snakemake_workflow - rasterdataset - DEBUG - Clip to [-74.000, 8.000, -71.000, 10.000] (epsg:4326))
2026-08-04 18:18:01,149 - snakemake_workflow - rasterdataset - DEBUG - Clip to [-64.000, -5.000, -61.000, -3.000] (epsg:4326))
2026-08-04 18:18:02,180 - snakemake_workflow - rasterdataset - INFO - Reading population raster data from D:\GFM\inputs\exposure\ppp_2020_1km_Aggregated.tif
2026-08-04 18:18:02,423 - snakemake_workflow - rasterdataset - DEBUG - Clip to [-85.000, 11.000, -83.000, 13.000] (epsg:4326))
2026-08-04 18:18:03,068 - snakemake_workflow - rasterdataset - INFO - Reading population raster data from D:\GFM\inputs\exposure\ppp_2020_1km_Aggregated.tif
2026-08-04 18:18:03,229 - snakemake_workflow - rasterdataset - DEBUG - Clip to [-52.000, 1.000, -50.000, 3.000] (epsg:4326))
2026-08-04 18:18:04,671 - snakemake_workflow - rasterdataset - INFO - Reading population raster data from D:\GFM\inputs\exposure\ppp_2020_1km_Aggregated.tif
2026-08-04 18:18:05,064 - snakemake_workflow - rasterdataset - DEBUG - Clip to [-68.000, 17.000, -66.000, 19.000] (epsg:4326))
2026-08-04 18:18:07,630 - snakemake_workflow - rasterdataset - INFO - Reading population raster data from D:\GFM\inputs\exposure\ppp_2020_1km_Aggregated.tif
2026-08-04 18:18:07,874 - snakemake_workflow - rasterdataset - DEBUG - Clip to [-67.000, 17.000, -63.000, 19.000] (epsg:4326))
2026-08-04 18:18:08,772 - snakemake_workflow - rasterdataset - INFO - Reading population raster data from D:\GFM\inputs\exposure\ppp_2020_1km_Aggregated.tif
2026-08-04 18:18:08,773 - snakemake_workflow - rasterdataset - INFO - Reading population raster data from D:\GFM\inputs\exposure\ppp_2020_1km_Aggregated.tif
2026-08-04 18:18:08,992 - snakemake_workflow - rasterdataset - INFO - Reading population raster data from D:\GFM\inputs\exposure\ppp_2020_1km_Aggregated.tif
2026-08-04 18:18:09,026 - snakemake_workflow - rasterdataset - DEBUG - Clip to [-78.000, 17.000, -76.000, 19.000] (epsg:4326))
2026-08-04 18:18:09,035 - snakemake_workflow - rasterdataset - DEBUG - Clip to [-77.000, 8.000, -73.000, 10.000] (epsg:4326))
2026-08-04 18:18:09,212 - snakemake_workflow - rasterdataset - DEBUG - Clip to [-58.000, -4.000, -55.000, -3.000] (epsg:4326))
2026-08-04 18:18:09,539 - snakemake_workflow - rasterdataset - INFO - Reading population raster data from D:\GFM\inputs\exposure\ppp_2020_1km_Aggregated.tif
2026-08-04 18:18:09,618 - snakemake_workflow - rasterdataset - DEBUG - Clip to [-64.000, 17.000, -62.000, 19.000] (epsg:4326))
2026-08-04 18:18:10,709 - snakemake_workflow - rasterdataset - INFO - Reading population raster data from D:\GFM\inputs\exposure\ppp_2020_1km_Aggregated.tif
2026-08-04 18:18:10,893 - snakemake_workflow - rasterdataset - DEBUG - Clip to [-62.000, 10.000, -60.000, 12.000] (epsg:4326))
2026-08-04 18:18:12,374 - snakemake_workflow - rasterdataset - INFO - Reading population raster data from D:\GFM\inputs\exposure\ppp_2020_1km_Aggregated.tif
2026-08-04 18:18:12,515 - snakemake_workflow - rasterdataset - INFO - Reading population raster data from D:\GFM\inputs\exposure\ppp_2020_1km_Aggregated.tif
2026-08-04 18:18:12,699 - snakemake_workflow - rasterdataset - DEBUG - Clip to [-72.000, 18.000, -68.000, 20.000] (epsg:4326))
2026-08-04 18:18:12,809 - snakemake_workflow - rasterdataset - DEBUG - Clip to [-78.000, 3.000, -76.000, 5.000] (epsg:4326))
2026-08-04 18:18:13,100 - snakemake_workflow - rasterdataset - INFO - Reading population raster data from D:\GFM\inputs\exposure\ppp_2020_1km_Aggregated.tif
2026-08-04 18:18:13,115 - snakemake_workflow - rasterdataset - INFO - Reading population raster data from D:\GFM\inputs\exposure\ppp_2020_1km_Aggregated.tif
2026-08-04 18:18:13,177 - snakemake_workflow - rasterdataset - DEBUG - Clip to [-74.000, 21.000, -72.000, 23.000] (epsg:4326))
2026-08-04 18:18:13,184 - snakemake_workflow - rasterdataset - DEBUG - Clip to [-85.000, 21.000, -83.000, 23.000] (epsg:4326))
2026-08-04 18:18:13,937 - snakemake_workflow - rasterdataset - INFO - Reading population raster data from D:\GFM\inputs\exposure\ppp_2020_1km_Aggregated.tif
2026-08-04 18:18:13,970 - snakemake_workflow - rasterdataset - DEBUG - Clip to [-71.000, 11.000, -69.000, 13.000] (epsg:4326))
2026-08-04 18:18:17,129 - snakemake_workflow - rasterdataset - INFO - Reading population raster data from D:\GFM\inputs\exposure\ppp_2020_1km_Aggregated.tif
2026-08-04 18:18:17,129 - snakemake_workflow - rasterdataset - INFO - Reading population raster data from D:\GFM\inputs\exposure\ppp_2020_1km_Aggregated.tif
2026-08-04 18:18:17,278 - snakemake_workflow - rasterdataset - INFO - Reading population raster data from D:\GFM\inputs\exposure\ppp_2020_1km_Aggregated.tif
2026-08-04 18:18:17,303 - snakemake_workflow - rasterdataset - DEBUG - Clip to [-89.000, 17.000, -87.000, 21.000] (epsg:4326))
2026-08-04 18:18:17,313 - snakemake_workflow - rasterdataset - DEBUG - Clip to [-78.000, 4.000, -76.000, 8.000] (epsg:4326))
2026-08-04 18:18:17,321 - snakemake_workflow - rasterdataset - DEBUG - Clip to [-85.000, 12.000, -83.000, 14.000] (epsg:4326))
2026-08-04 18:18:17,731 - snakemake_workflow - rasterdataset - INFO - Reading population raster data from D:\GFM\inputs\exposure\ppp_2020_1km_Aggregated.tif
2026-08-04 18:18:17,931 - snakemake_workflow - rasterdataset - INFO - Reading population raster data from D:\GFM\inputs\exposure\ppp_2020_1km_Aggregated.tif
2026-08-04 18:18:18,045 - snakemake_workflow - rasterdataset - DEBUG - Clip to [-70.000, 11.000, -68.000, 13.000] (epsg:4326))
2026-08-04 18:18:18,068 - snakemake_workflow - rasterdataset - DEBUG - Clip to [-89.000, 20.000, -87.000, 22.000] (epsg:4326))
2026-08-04 18:18:20,459 - snakemake_workflow - rasterdataset - INFO - Reading population raster data from D:\GFM\inputs\exposure\ppp_2020_1km_Aggregated.tif
2026-08-04 18:18:20,657 - snakemake_workflow - rasterdataset - DEBUG - Clip to [-74.000, 20.000, -72.000, 22.000] (epsg:4326))
2026-08-04 18:18:20,948 - snakemake_workflow - rasterdataset - INFO - Reading population raster data from D:\GFM\inputs\exposure\ppp_2020_1km_Aggregated.tif
2026-08-04 18:18:21,109 - snakemake_workflow - rasterdataset - DEBUG - Clip to [-88.000, 20.000, -86.000, 22.000] (epsg:4326))
2026-08-04 18:18:21,636 - snakemake_workflow - rasterdataset - INFO - Reading population raster data from D:\GFM\inputs\exposure\ppp_2020_1km_Aggregated.tif
2026-08-04 18:18:21,785 - snakemake_workflow - rasterdataset - DEBUG - Clip to [-93.000, 17.000, -91.000, 19.000] (epsg:4326))
2026-08-04 18:18:23,211 - snakemake_workflow - rasterdataset - INFO - Reading population raster data from D:\GFM\inputs\exposure\ppp_2020_1km_Aggregated.tif
2026-08-04 18:18:23,424 - snakemake_workflow - rasterdataset - DEBUG - Clip to [-83.000, 31.000, -81.000, 33.000] (epsg:4326))
2026-08-04 18:18:24,037 - snakemake_workflow - rasterdataset - INFO - Reading population raster data from D:\GFM\inputs\exposure\ppp_2020_1km_Aggregated.tif
2026-08-04 18:18:24,310 - snakemake_workflow - rasterdataset - DEBUG - Clip to [-82.000, 24.000, -80.000, 27.000] (epsg:4326))
2026-08-04 18:18:24,791 - snakemake_workflow - rasterdataset - INFO - Reading population raster data from D:\GFM\inputs\exposure\ppp_2020_1km_Aggregated.tif
2026-08-04 18:18:24,977 - snakemake_workflow - rasterdataset - INFO - Reading population raster data from D:\GFM\inputs\exposure\ppp_2020_1km_Aggregated.tif
2026-08-04 18:18:25,029 - snakemake_workflow - rasterdataset - DEBUG - Clip to [-91.000, 29.000, -88.000, 31.000] (epsg:4326))
2026-08-04 18:18:25,096 - snakemake_workflow - rasterdataset - DEBUG - Clip to [-79.000, 26.000, -77.000, 28.000] (epsg:4326))
2026-08-04 18:18:26,367 - snakemake_workflow - rasterdataset - INFO - Reading population raster data from D:\GFM\inputs\exposure\ppp_2020_1km_Aggregated.tif
2026-08-04 18:18:26,410 - snakemake_workflow - rasterdataset - DEBUG - Clip to [-78.000, 23.000, -74.000, 25.000] (epsg:4326))
2026-08-04 18:18:26,920 - snakemake_workflow - rasterdataset - INFO - Reading population raster data from D:\GFM\inputs\exposure\ppp_2020_1km_Aggregated.tif
2026-08-04 18:18:27,015 - snakemake_workflow - rasterdataset - DEBUG - Clip to [-84.000, 8.000, -82.000, 10.000] (epsg:4326))
2026-08-04 18:18:28,146 - snakemake_workflow - rasterdataset - INFO - Reading population raster data from D:\GFM\inputs\exposure\ppp_2020_1km_Aggregated.tif
2026-08-04 18:18:28,217 - snakemake_workflow - rasterdataset - DEBUG - Clip to [-83.000, 29.000, -81.000, 31.000] (epsg:4326))
2026-08-04 18:18:30,372 - snakemake_workflow - rasterdataset - INFO - Reading population raster data from D:\GFM\inputs\exposure\ppp_2020_1km_Aggregated.tif
2026-08-04 18:18:30,444 - snakemake_workflow - rasterdataset - DEBUG - Clip to [-80.000, 25.000, -78.000, 27.000] (epsg:4326))
2026-08-04 18:18:30,666 - snakemake_workflow - rasterdataset - INFO - Reading population raster data from D:\GFM\inputs\exposure\ppp_2020_1km_Aggregated.tif
2026-08-04 18:18:31,093 - snakemake_workflow - rasterdataset - DEBUG - Clip to [-94.000, 29.000, -90.000, 31.000] (epsg:4326))
2026-08-04 18:18:32,734 - snakemake_workflow - rasterdataset - INFO - Reading population raster data from D:\GFM\inputs\exposure\ppp_2020_1km_Aggregated.tif
2026-08-04 18:18:32,989 - snakemake_workflow - rasterdataset - DEBUG - Clip to [-99.000, 26.000, -97.000, 28.000] (epsg:4326))
2026-08-04 18:18:33,659 - snakemake_workflow - rasterdataset - INFO - Reading population raster data from D:\GFM\inputs\exposure\ppp_2020_1km_Aggregated.tif
2026-08-04 18:18:33,659 - snakemake_workflow - rasterdataset - INFO - Reading population raster data from D:\GFM\inputs\exposure\ppp_2020_1km_Aggregated.tif
2026-08-04 18:18:33,810 - snakemake_workflow - rasterdataset - DEBUG - Clip to [-94.000, 17.000, -92.000, 19.000] (epsg:4326))
2026-08-04 18:18:33,811 - snakemake_workflow - rasterdataset - DEBUG - Clip to [-91.000, 20.000, -88.000, 22.000] (epsg:4326))
2026-08-04 18:18:34,591 - snakemake_workflow - rasterdataset - INFO - Reading population raster data from D:\GFM\inputs\exposure\ppp_2020_1km_Aggregated.tif
2026-08-04 18:18:35,342 - snakemake_workflow - rasterdataset - INFO - Reading population raster data from D:\GFM\inputs\exposure\ppp_2020_1km_Aggregated.tif
2026-08-04 18:18:35,367 - snakemake_workflow - rasterdataset - DEBUG - Clip to [-83.000, 30.000, -81.000, 32.000] (epsg:4326))
2026-08-04 18:18:35,765 - snakemake_workflow - rasterdataset - INFO - Reading population raster data from D:\GFM\inputs\exposure\ppp_2020_1km_Aggregated.tif
2026-08-04 18:18:35,931 - snakemake_workflow - rasterdataset - DEBUG - Clip to [-111.000, 22.000, -109.000, 25.000] (epsg:4326))
2026-08-04 18:18:36,185 - snakemake_workflow - rasterdataset - DEBUG - Clip to [-95.000, 29.000, -93.000, 31.000] (epsg:4326))
2026-08-04 18:18:36,903 - snakemake_workflow - rasterdataset - INFO - Reading population raster data from D:\GFM\inputs\exposure\ppp_2020_1km_Aggregated.tif
2026-08-04 18:18:37,133 - snakemake_workflow - rasterdataset - DEBUG - Clip to [-86.000, 29.000, -82.000, 31.000] (epsg:4326))
2026-08-04 18:18:37,320 - snakemake_workflow - rasterdataset - INFO - Reading population raster data from D:\GFM\inputs\exposure\ppp_2020_1km_Aggregated.tif
2026-08-04 18:18:37,770 - snakemake_workflow - rasterdataset - DEBUG - Clip to [-74.000, 41.000, -70.000, 43.000] (epsg:4326))
2026-08-04 18:18:38,576 - snakemake_workflow - rasterdataset - INFO - Reading population raster data from D:\GFM\inputs\exposure\ppp_2020_1km_Aggregated.tif
2026-08-04 18:18:38,713 - snakemake_workflow - rasterdataset - DEBUG - Clip to [-78.000, 34.000, -76.000, 36.000] (epsg:4326))
2026-08-04 18:18:39,568 - snakemake_workflow - rasterdataset - INFO - Reading population raster data from D:\GFM\inputs\exposure\ppp_2020_1km_Aggregated.tif
2026-08-04 18:18:39,743 - snakemake_workflow - rasterdataset - INFO - Reading population raster data from D:\GFM\inputs\exposure\ppp_2020_1km_Aggregated.tif
2026-08-04 18:18:39,767 - snakemake_workflow - rasterdataset - DEBUG - Clip to [-99.000, 24.000, -97.000, 26.000] (epsg:4326))
2026-08-04 18:18:40,211 - snakemake_workflow - rasterdataset - DEBUG - Clip to [-69.000, 48.000, -66.000, 50.000] (epsg:4326))
2026-08-04 18:18:41,026 - snakemake_workflow - rasterdataset - INFO - Reading population raster data from D:\GFM\inputs\exposure\ppp_2020_1km_Aggregated.tif
2026-08-04 18:18:41,148 - snakemake_workflow - rasterdataset - DEBUG - Clip to [-93.000, 30.000, -91.000, 33.000] (epsg:4326))
2026-08-04 18:18:42,653 - snakemake_workflow - rasterdataset - INFO - Reading population raster data from D:\GFM\inputs\exposure\ppp_2020_1km_Aggregated.tif
2026-08-04 18:18:42,843 - snakemake_workflow - rasterdataset - DEBUG - Clip to [-113.000, 24.000, -111.000, 27.000] (epsg:4326))
2026-08-04 18:18:45,291 - snakemake_workflow - rasterdataset - INFO - Reading population raster data from D:\GFM\inputs\exposure\ppp_2020_1km_Aggregated.tif
2026-08-04 18:18:45,490 - snakemake_workflow - rasterdataset - DEBUG - Clip to [-99.000, 25.000, -97.000, 27.000] (epsg:4326))
2026-08-04 18:18:46,057 - snakemake_workflow - rasterdataset - INFO - Reading population raster data from D:\GFM\inputs\exposure\ppp_2020_1km_Aggregated.tif
2026-08-04 18:18:46,280 - snakemake_workflow - rasterdataset - DEBUG - Clip to [-77.000, 38.000, -75.000, 40.000] (epsg:4326))
2026-08-04 18:18:47,348 - snakemake_workflow - rasterdataset - INFO - Reading population raster data from D:\GFM\inputs\exposure\ppp_2020_1km_Aggregated.tif
2026-08-04 18:18:47,496 - snakemake_workflow - rasterdataset - INFO - Reading population raster data from D:\GFM\inputs\exposure\ppp_2020_1km_Aggregated.tif
2026-08-04 18:18:47,603 - snakemake_workflow - rasterdataset - DEBUG - Clip to [-63.000, 49.000, -61.000, 51.000] (epsg:4326))
2026-08-04 18:18:47,608 - snakemake_workflow - rasterdataset - DEBUG - Clip to [-57.000, 51.000, -55.000, 53.000] (epsg:4326))
2026-08-04 18:18:47,971 - snakemake_workflow - rasterdataset - INFO - Reading population raster data from D:\GFM\inputs\exposure\ppp_2020_1km_Aggregated.tif
2026-08-04 18:18:48,165 - snakemake_workflow - rasterdataset - DEBUG - Clip to [-65.000, 49.000, -63.000, 51.000] (epsg:4326))
2026-08-04 18:18:49,274 - snakemake_workflow - rasterdataset - INFO - Reading population raster data from D:\GFM\inputs\exposure\ppp_2020_1km_Aggregated.tif
2026-08-04 18:18:49,319 - snakemake_workflow - rasterdataset - DEBUG - Clip to [-109.000, 24.000, -107.000, 26.000] (epsg:4326))
2026-08-04 18:18:49,788 - snakemake_workflow - rasterdataset - INFO - Reading population raster data from D:\GFM\inputs\exposure\ppp_2020_1km_Aggregated.tif
2026-08-04 18:18:49,867 - snakemake_workflow - rasterdataset - INFO - Reading population raster data from D:\GFM\inputs\exposure\ppp_2020_1km_Aggregated.tif
2026-08-04 18:18:50,050 - snakemake_workflow - rasterdataset - DEBUG - Clip to [-117.000, 32.000, -115.000, 34.000] (epsg:4326))
2026-08-04 18:18:50,055 - snakemake_workflow - rasterdataset - DEBUG - Clip to [-99.000, 21.000, -97.000, 25.000] (epsg:4326))
2026-08-04 18:18:52,888 - snakemake_workflow - rasterdataset - INFO - Reading population raster data from D:\GFM\inputs\exposure\ppp_2020_1km_Aggregated.tif
2026-08-04 18:18:52,889 - snakemake_workflow - rasterdataset - INFO - Reading population raster data from D:\GFM\inputs\exposure\ppp_2020_1km_Aggregated.tif
2026-08-04 18:18:53,030 - snakemake_workflow - rasterdataset - DEBUG - Clip to [-64.000, 49.000, -62.000, 51.000] (epsg:4326))
2026-08-04 18:18:53,031 - snakemake_workflow - rasterdataset - INFO - Reading population raster data from D:\GFM\inputs\exposure\ppp_2020_1km_Aggregated.tif
2026-08-04 18:18:53,058 - snakemake_workflow - rasterdataset - DEBUG - Clip to [-59.000, 47.000, -57.000, 50.000] (epsg:4326))
2026-08-04 18:18:53,078 - snakemake_workflow - rasterdataset - DEBUG - Clip to [-55.000, 48.000, -53.000, 50.000] (epsg:4326))
2026-08-04 18:18:53,199 - snakemake_workflow - rasterdataset - INFO - Reading population raster data from D:\GFM\inputs\exposure\ppp_2020_1km_Aggregated.tif
2026-08-04 18:18:53,606 - snakemake_workflow - rasterdataset - DEBUG - Clip to [-112.000, 24.000, -108.000, 26.000] (epsg:4326))
2026-08-04 18:18:54,292 - snakemake_workflow - rasterdataset - INFO - Reading population raster data from D:\GFM\inputs\exposure\ppp_2020_1km_Aggregated.tif
2026-08-04 18:18:54,392 - snakemake_workflow - rasterdataset - INFO - Reading population raster data from D:\GFM\inputs\exposure\ppp_2020_1km_Aggregated.tif
2026-08-04 18:18:54,571 - snakemake_workflow - rasterdataset - INFO - Reading population raster data from D:\GFM\inputs\exposure\ppp_2020_1km_Aggregated.tif
2026-08-04 18:18:54,592 - snakemake_workflow - rasterdataset - DEBUG - Clip to [-119.000, 32.000, -116.000, 34.000] (epsg:4326))
2026-08-04 18:18:54,594 - snakemake_workflow - rasterdataset - DEBUG - Clip to [-123.000, 36.000, -121.000, 38.000] (epsg:4326))
2026-08-04 18:18:54,708 - snakemake_workflow - rasterdataset - DEBUG - Clip to [-112.000, 27.000, -110.000, 29.000] (epsg:4326))
2026-08-04 18:18:57,389 - snakemake_workflow - rasterdataset - INFO - Reading population raster data from D:\GFM\inputs\exposure\ppp_2020_1km_Aggregated.tif
2026-08-04 18:18:57,493 - snakemake_workflow - rasterdataset - DEBUG - Clip to [-59.000, 53.000, -57.000, 55.000] (epsg:4326))
2026-08-04 18:18:58,111 - snakemake_workflow - rasterdataset - INFO - Reading population raster data from D:\GFM\inputs\exposure\ppp_2020_1km_Aggregated.tif
2026-08-04 18:18:58,300 - snakemake_workflow - rasterdataset - INFO - Reading population raster data from D:\GFM\inputs\exposure\ppp_2020_1km_Aggregated.tif
2026-08-04 18:18:58,337 - snakemake_workflow - rasterdataset - DEBUG - Clip to [-70.000, 62.000, -67.000, 64.000] (epsg:4326))
2026-08-04 18:18:58,352 - snakemake_workflow - rasterdataset - DEBUG - Clip to [-57.000, 52.000, -55.000, 54.000] (epsg:4326))
2026-08-04 18:18:58,582 - snakemake_workflow - rasterdataset - INFO - Reading population raster data from D:\GFM\inputs\exposure\ppp_2020_1km_Aggregated.tif
2026-08-04 18:18:58,635 - snakemake_workflow - rasterdataset - DEBUG - Clip to [-79.000, 59.000, -77.000, 62.000] (epsg:4326))
2026-08-04 18:18:58,722 - snakemake_workflow - rasterdataset - INFO - Reading population raster data from D:\GFM\inputs\exposure\ppp_2020_1km_Aggregated.tif
2026-08-04 18:18:58,800 - snakemake_workflow - rasterdataset - INFO - Reading population raster data from D:\GFM\inputs\exposure\ppp_2020_1km_Aggregated.tif
2026-08-04 18:18:58,963 - snakemake_workflow - rasterdataset - DEBUG - Clip to [-68.000, 44.000, -66.000, 46.000] (epsg:4326))
2026-08-04 18:18:58,963 - snakemake_workflow - rasterdataset - DEBUG - Clip to [-76.000, 64.000, -74.000, 66.000] (epsg:4326))
2026-08-04 18:18:59,248 - snakemake_workflow - rasterdataset - INFO - Reading population raster data from D:\GFM\inputs\exposure\ppp_2020_1km_Aggregated.tif
2026-08-04 18:18:59,343 - snakemake_workflow - rasterdataset - DEBUG - Clip to [-81.000, 61.000, -78.000, 63.000] (epsg:4326))
2026-08-04 18:18:59,542 - snakemake_workflow - rasterdataset - INFO - Reading population raster data from D:\GFM\inputs\exposure\ppp_2020_1km_Aggregated.tif
2026-08-04 18:18:59,711 - snakemake_workflow - rasterdataset - DEBUG - Clip to [-139.000, 58.000, -135.000, 60.000] (epsg:4326))
2026-08-04 18:19:00,526 - snakemake_workflow - rasterdataset - INFO - Reading population raster data from D:\GFM\inputs\exposure\ppp_2020_1km_Aggregated.tif
2026-08-04 18:19:00,590 - snakemake_workflow - rasterdataset - DEBUG - Clip to [-60.000, 50.000, -58.000, 52.000] (epsg:4326))
2026-08-04 18:19:01,179 - snakemake_workflow - rasterdataset - INFO - Reading population raster data from D:\GFM\inputs\exposure\ppp_2020_1km_Aggregated.tif
2026-08-04 18:19:01,360 - snakemake_workflow - rasterdataset - DEBUG - Clip to [-125.000, 43.000, -123.000, 46.000] (epsg:4326))
2026-08-04 18:19:01,782 - snakemake_workflow - rasterdataset - INFO - Reading population raster data from D:\GFM\inputs\exposure\ppp_2020_1km_Aggregated.tif
2026-08-04 18:19:02,050 - snakemake_workflow - rasterdataset - DEBUG - Clip to [-130.000, 53.000, -127.000, 54.000] (epsg:4326))
2026-08-04 18:19:03,548 - snakemake_workflow - rasterdataset - INFO - Reading population raster data from D:\GFM\inputs\exposure\ppp_2020_1km_Aggregated.tif
2026-08-04 18:19:03,765 - snakemake_workflow - rasterdataset - DEBUG - Clip to [-80.000, 53.000, -78.000, 55.000] (epsg:4326))
2026-08-04 18:19:04,516 - snakemake_workflow - rasterdataset - INFO - Reading population raster data from D:\GFM\inputs\exposure\ppp_2020_1km_Aggregated.tif
2026-08-04 18:19:04,529 - snakemake_workflow - rasterdataset - INFO - Reading population raster data from D:\GFM\inputs\exposure\ppp_2020_1km_Aggregated.tif
2026-08-04 18:19:04,552 - snakemake_workflow - rasterdataset - DEBUG - Clip to [-74.000, 62.000, -72.000, 64.000] (epsg:4326))
2026-08-04 18:19:04,766 - snakemake_workflow - rasterdataset - INFO - Reading population raster data from D:\GFM\inputs\exposure\ppp_2020_1km_Aggregated.tif
2026-08-04 18:19:04,793 - snakemake_workflow - rasterdataset - DEBUG - Clip to [-57.000, 46.000, -54.000, 48.000] (epsg:4326))
2026-08-04 18:19:04,839 - snakemake_workflow - rasterdataset - INFO - Reading population raster data from D:\GFM\inputs\exposure\ppp_2020_1km_Aggregated.tif
2026-08-04 18:19:04,851 - snakemake_workflow - rasterdataset - DEBUG - Clip to [-69.000, 65.000, -67.000, 67.000] (epsg:4326))
2026-08-04 18:19:04,996 - snakemake_workflow - rasterdataset - DEBUG - Clip to [-63.000, 66.000, -61.000, 68.000] (epsg:4326))
2026-08-04 18:19:05,085 - snakemake_workflow - rasterdataset - INFO - Reading population raster data from D:\GFM\inputs\exposure\ppp_2020_1km_Aggregated.tif
2026-08-04 18:19:05,146 - snakemake_workflow - rasterdataset - INFO - Reading population raster data from D:\GFM\inputs\exposure\ppp_2020_1km_Aggregated.tif
2026-08-04 18:19:05,168 - snakemake_workflow - rasterdataset - INFO - Reading population raster data from D:\GFM\inputs\exposure\ppp_2020_1km_Aggregated.tif
2026-08-04 18:19:05,376 - snakemake_workflow - rasterdataset - DEBUG - Clip to [-137.000, 57.000, -135.000, 59.000] (epsg:4326))
2026-08-04 18:19:05,414 - snakemake_workflow - rasterdataset - DEBUG - Clip to [-67.000, 58.000, -63.000, 60.000] (epsg:4326))
2026-08-04 18:19:05,418 - snakemake_workflow - rasterdataset - DEBUG - Clip to [-68.000, 68.000, -66.000, 70.000] (epsg:4326))
2026-08-04 18:19:05,644 - snakemake_workflow - rasterdataset - INFO - Reading population raster data from D:\GFM\inputs\exposure\ppp_2020_1km_Aggregated.tif
2026-08-04 18:19:05,771 - snakemake_workflow - rasterdataset - DEBUG - Clip to [-77.000, 64.000, -75.000, 66.000] (epsg:4326))
2026-08-04 18:19:05,992 - snakemake_workflow - rasterdataset - INFO - Reading population raster data from D:\GFM\inputs\exposure\ppp_2020_1km_Aggregated.tif
2026-08-04 18:19:06,082 - snakemake_workflow - rasterdataset - DEBUG - Clip to [-75.000, 64.000, -73.000, 66.000] (epsg:4326))
2026-08-04 18:19:06,220 - snakemake_workflow - rasterdataset - INFO - Reading population raster data from D:\GFM\inputs\exposure\ppp_2020_1km_Aggregated.tif
2026-08-04 18:19:06,220 - snakemake_workflow - rasterdataset - INFO - Reading population raster data from D:\GFM\inputs\exposure\ppp_2020_1km_Aggregated.tif
2026-08-04 18:19:06,414 - snakemake_workflow - rasterdataset - DEBUG - Clip to [-85.000, 65.000, -83.000, 67.000] (epsg:4326))
2026-08-04 18:19:06,420 - snakemake_workflow - rasterdataset - DEBUG - Clip to [-84.000, 69.000, -81.000, 71.000] (epsg:4326))
2026-08-04 18:19:06,748 - snakemake_workflow - rasterdataset - INFO - Reading population raster data from D:\GFM\inputs\exposure\ppp_2020_1km_Aggregated.tif
2026-08-04 18:19:06,909 - snakemake_workflow - rasterdataset - DEBUG - Clip to [-94.000, 62.000, -90.000, 64.000] (epsg:4326))
2026-08-04 18:19:07,848 - snakemake_workflow - rasterdataset - INFO - Reading population raster data from D:\GFM\inputs\exposure\ppp_2020_1km_Aggregated.tif
2026-08-04 18:19:08,013 - snakemake_workflow - rasterdataset - INFO - Reading population raster data from D:\GFM\inputs\exposure\ppp_2020_1km_Aggregated.tif
2026-08-04 18:19:08,015 - snakemake_workflow - rasterdataset - DEBUG - Clip to [-94.000, 70.000, -92.000, 72.000] (epsg:4326))
2026-08-04 18:19:08,226 - snakemake_workflow - rasterdataset - DEBUG - Clip to [-81.000, 55.000, -79.000, 57.000] (epsg:4326))
2026-08-04 18:19:08,430 - snakemake_workflow - rasterdataset - INFO - Reading population raster data from D:\GFM\inputs\exposure\ppp_2020_1km_Aggregated.tif
2026-08-04 18:19:08,546 - snakemake_workflow - rasterdataset - DEBUG - Clip to [-97.000, 69.000, -95.000, 72.000] (epsg:4326))
2026-08-04 18:19:08,996 - snakemake_workflow - rasterdataset - INFO - Reading population raster data from D:\GFM\inputs\exposure\ppp_2020_1km_Aggregated.tif
2026-08-04 18:19:09,179 - snakemake_workflow - rasterdataset - DEBUG - Clip to [-95.000, 72.000, -92.000, 73.000] (epsg:4326))
2026-08-04 18:19:09,188 - snakemake_workflow - rasterdataset - INFO - Reading population raster data from D:\GFM\inputs\exposure\ppp_2020_1km_Aggregated.tif
2026-08-04 18:19:09,262 - snakemake_workflow - rasterdataset - DEBUG - Clip to [-160.000, 58.000, -158.000, 60.000] (epsg:4326))
2026-08-04 18:19:10,516 - snakemake_workflow - rasterdataset - INFO - Reading population raster data from D:\GFM\inputs\exposure\ppp_2020_1km_Aggregated.tif
2026-08-04 18:19:10,643 - snakemake_workflow - rasterdataset - DEBUG - Clip to [-155.000, 56.000, -153.000, 58.000] (epsg:4326))
2026-08-04 18:19:10,851 - snakemake_workflow - rasterdataset - INFO - Reading population raster data from D:\GFM\inputs\exposure\ppp_2020_1km_Aggregated.tif
2026-08-04 18:19:10,921 - snakemake_workflow - rasterdataset - DEBUG - Clip to [-160.000, 55.000, -158.000, 57.000] (epsg:4326))
2026-08-04 18:19:11,998 - snakemake_workflow - rasterdataset - INFO - Reading population raster data from D:\GFM\inputs\exposure\ppp_2020_1km_Aggregated.tif
2026-08-04 18:19:12,430 - snakemake_workflow - rasterdataset - DEBUG - Clip to [-71.000, 69.000, -69.000, 71.000] (epsg:4326))
2026-08-04 18:19:12,582 - snakemake_workflow - rasterdataset - INFO - Reading population raster data from D:\GFM\inputs\exposure\ppp_2020_1km_Aggregated.tif
2026-08-04 18:19:12,689 - snakemake_workflow - rasterdataset - DEBUG - Clip to [-83.000, 52.000, -81.000, 54.000] (epsg:4326))
2026-08-04 18:19:12,923 - snakemake_workflow - rasterdataset - INFO - Reading population raster data from D:\GFM\inputs\exposure\ppp_2020_1km_Aggregated.tif
2026-08-04 18:19:13,047 - snakemake_workflow - rasterdataset - INFO - Reading population raster data from D:\GFM\inputs\exposure\ppp_2020_1km_Aggregated.tif
2026-08-04 18:19:13,080 - snakemake_workflow - rasterdataset - DEBUG - Clip to [-66.000, 59.000, -64.000, 62.000] (epsg:4326))
2026-08-04 18:19:13,134 - snakemake_workflow - rasterdataset - INFO - Reading population raster data from D:\GFM\inputs\exposure\ppp_2020_1km_Aggregated.tif
2026-08-04 18:19:13,163 - snakemake_workflow - rasterdataset - DEBUG - Clip to [-77.000, 71.000, -74.000, 73.000] (epsg:4326))
2026-08-04 18:19:13,172 - snakemake_workflow - rasterdataset - DEBUG - Clip to [-160.000, 62.000, -158.000, 64.000] (epsg:4326))
2026-08-04 18:19:13,583 - snakemake_workflow - rasterdataset - INFO - Reading population raster data from D:\GFM\inputs\exposure\ppp_2020_1km_Aggregated.tif
2026-08-04 18:19:13,690 - snakemake_workflow - rasterdataset - DEBUG - Clip to [-94.000, 69.000, -90.000, 71.000] (epsg:4326))
2026-08-04 18:19:13,996 - snakemake_workflow - rasterdataset - INFO - Reading population raster data from D:\GFM\inputs\exposure\ppp_2020_1km_Aggregated.tif
2026-08-04 18:19:14,301 - snakemake_workflow - rasterdataset - DEBUG - Clip to [-92.000, 79.000, -90.000, 81.000] (epsg:4326))
2026-08-04 18:19:14,955 - snakemake_workflow - rasterdataset - INFO - Reading population raster data from D:\GFM\inputs\exposure\ppp_2020_1km_Aggregated.tif
2026-08-04 18:19:15,057 - snakemake_workflow - rasterdataset - INFO - Reading population raster data from D:\GFM\inputs\exposure\ppp_2020_1km_Aggregated.tif
2026-08-04 18:19:15,334 - snakemake_workflow - rasterdataset - DEBUG - Clip to [-168.000, 59.000, -166.000, 61.000] (epsg:4326))
2026-08-04 18:19:15,339 - snakemake_workflow - rasterdataset - DEBUG - Clip to [-107.000, 68.000, -104.000, 70.000] (epsg:4326))
2026-08-04 18:19:17,713 - snakemake_workflow - rasterdataset - INFO - Reading population raster data from D:\GFM\inputs\exposure\ppp_2020_1km_Aggregated.tif
2026-08-04 18:19:17,895 - snakemake_workflow - rasterdataset - INFO - Reading population raster data from D:\GFM\inputs\exposure\ppp_2020_1km_Aggregated.tif
2026-08-04 18:19:17,919 - snakemake_workflow - rasterdataset - DEBUG - Clip to [-107.000, 72.000, -105.000, 74.000] (epsg:4326))
2026-08-04 18:19:17,972 - snakemake_workflow - rasterdataset - DEBUG - Clip to [-74.000, 70.000, -70.000, 72.000] (epsg:4326))
2026-08-04 18:19:18,195 - snakemake_workflow - rasterdataset - INFO - Reading population raster data from D:\GFM\inputs\exposure\ppp_2020_1km_Aggregated.tif
2026-08-04 18:19:18,410 - snakemake_workflow - rasterdataset - DEBUG - Clip to [-83.000, 66.000, -81.000, 70.000] (epsg:4326))
2026-08-04 18:19:18,756 - snakemake_workflow - rasterdataset - INFO - Reading population raster data from D:\GFM\inputs\exposure\ppp_2020_1km_Aggregated.tif
2026-08-04 18:19:18,956 - snakemake_workflow - rasterdataset - INFO - Reading population raster data from D:\GFM\inputs\exposure\ppp_2020_1km_Aggregated.tif
2026-08-04 18:19:19,098 - snakemake_workflow - rasterdataset - DEBUG - Clip to [-81.000, 76.000, -77.000, 77.000] (epsg:4326))
2026-08-04 18:19:19,102 - snakemake_workflow - rasterdataset - DEBUG - Clip to [-94.000, 78.000, -92.000, 80.000] (epsg:4326))
2026-08-04 18:19:19,264 - snakemake_workflow - rasterdataset - INFO - Reading population raster data from D:\GFM\inputs\exposure\ppp_2020_1km_Aggregated.tif
2026-08-04 18:19:19,363 - snakemake_workflow - rasterdataset - DEBUG - Clip to [-92.000, 78.000, -90.000, 80.000] (epsg:4326))
2026-08-04 18:19:21,895 - snakemake_workflow - rasterdataset - INFO - Reading population raster data from D:\GFM\inputs\exposure\ppp_2020_1km_Aggregated.tif
2026-08-04 18:19:21,895 - snakemake_workflow - rasterdataset - INFO - Reading population raster data from D:\GFM\inputs\exposure\ppp_2020_1km_Aggregated.tif
2026-08-04 18:19:22,015 - snakemake_workflow - rasterdataset - DEBUG - Clip to [-164.000, 54.000, -161.000, 56.000] (epsg:4326))
2026-08-04 18:19:22,024 - snakemake_workflow - rasterdataset - DEBUG - Clip to [-109.000, 71.000, -107.000, 73.000] (epsg:4326))
2026-08-04 18:19:22,197 - snakemake_workflow - rasterdataset - INFO - Reading population raster data from D:\GFM\inputs\exposure\ppp_2020_1km_Aggregated.tif
2026-08-04 18:19:22,271 - snakemake_workflow - rasterdataset - DEBUG - Clip to [-92.000, 80.000, -89.000, 82.000] (epsg:4326))
2026-08-04 18:19:22,418 - snakemake_workflow - rasterdataset - INFO - Reading population raster data from D:\GFM\inputs\exposure\ppp_2020_1km_Aggregated.tif
2026-08-04 18:19:22,440 - snakemake_workflow - rasterdataset - INFO - Reading population raster data from D:\GFM\inputs\exposure\ppp_2020_1km_Aggregated.tif
2026-08-04 18:19:22,568 - snakemake_workflow - rasterdataset - DEBUG - Clip to [-108.000, 68.000, -106.000, 70.000] (epsg:4326))
2026-08-04 18:19:22,575 - snakemake_workflow - rasterdataset - DEBUG - Clip to [-76.000, 78.000, -74.000, 80.000] (epsg:4326))
2026-08-04 18:19:22,733 - snakemake_workflow - rasterdataset - INFO - Reading population raster data from D:\GFM\inputs\exposure\ppp_2020_1km_Aggregated.tif
2026-08-04 18:19:22,903 - snakemake_workflow - rasterdataset - DEBUG - Clip to [-106.000, 72.000, -104.000, 74.000] (epsg:4326))
2026-08-04 18:19:23,044 - snakemake_workflow - rasterdataset - INFO - Reading population raster data from D:\GFM\inputs\exposure\ppp_2020_1km_Aggregated.tif
2026-08-04 18:19:23,166 - snakemake_workflow - rasterdataset - INFO - Reading population raster data from D:\GFM\inputs\exposure\ppp_2020_1km_Aggregated.tif
2026-08-04 18:19:23,268 - snakemake_workflow - rasterdataset - DEBUG - Clip to [-103.000, 72.000, -100.000, 74.000] (epsg:4326))
2026-08-04 18:19:23,273 - snakemake_workflow - rasterdataset - DEBUG - Clip to [-95.000, 68.000, -92.000, 70.000] (epsg:4326))
2026-08-04 18:19:23,479 - snakemake_workflow - rasterdataset - INFO - Reading population raster data from D:\GFM\inputs\exposure\ppp_2020_1km_Aggregated.tif
2026-08-04 18:19:23,530 - snakemake_workflow - rasterdataset - DEBUG - Clip to [-93.000, 56.000, -89.000, 58.000] (epsg:4326))
2026-08-04 18:19:23,540 - snakemake_workflow - rasterdataset - INFO - Reading population raster data from D:\GFM\inputs\exposure\ppp_2020_1km_Aggregated.tif
2026-08-04 18:19:23,682 - snakemake_workflow - rasterdataset - DEBUG - Clip to [-160.000, 66.000, -158.000, 68.000] (epsg:4326))
2026-08-04 18:19:24,482 - snakemake_workflow - rasterdataset - INFO - Reading population raster data from D:\GFM\inputs\exposure\ppp_2020_1km_Aggregated.tif
2026-08-04 18:19:24,532 - snakemake_workflow - rasterdataset - DEBUG - Clip to [-121.000, 71.000, -119.000, 73.000] (epsg:4326))
2026-08-04 18:19:25,030 - snakemake_workflow - rasterdataset - INFO - Reading population raster data from D:\GFM\inputs\exposure\ppp_2020_1km_Aggregated.tif
2026-08-04 18:19:25,064 - snakemake_workflow - rasterdataset - INFO - Reading population raster data from D:\GFM\inputs\exposure\ppp_2020_1km_Aggregated.tif
2026-08-04 18:19:25,128 - snakemake_workflow - rasterdataset - DEBUG - Clip to [-90.000, 80.000, -88.000, 82.000] (epsg:4326))
2026-08-04 18:19:25,171 - snakemake_workflow - rasterdataset - DEBUG - Clip to [-171.000, 65.000, -169.000, 67.000] (epsg:4326))
2026-08-04 18:19:25,931 - snakemake_workflow - rasterdataset - INFO - Reading population raster data from D:\GFM\inputs\exposure\ppp_2020_1km_Aggregated.tif
2026-08-04 18:19:25,969 - snakemake_workflow - rasterdataset - DEBUG - Clip to [-114.000, 67.000, -111.000, 69.000] (epsg:4326))
2026-08-04 18:19:26,243 - snakemake_workflow - rasterdataset - INFO - Reading population raster data from D:\GFM\inputs\exposure\ppp_2020_1km_Aggregated.tif
2026-08-04 18:19:26,419 - snakemake_workflow - rasterdataset - DEBUG - Clip to [-126.000, 71.000, -124.000, 73.000] (epsg:4326))
2026-08-04 18:19:26,548 - snakemake_workflow - rasterdataset - INFO - Reading population raster data from D:\GFM\inputs\exposure\ppp_2020_1km_Aggregated.tif
2026-08-04 18:19:26,594 - snakemake_workflow - rasterdataset - DEBUG - Clip to [-75.000, 78.000, -73.000, 80.000] (epsg:4326))
2026-08-04 18:19:27,118 - snakemake_workflow - rasterdataset - INFO - Reading population raster data from D:\GFM\inputs\exposure\ppp_2020_1km_Aggregated.tif
2026-08-04 18:19:27,163 - snakemake_workflow - rasterdataset - DEBUG - Clip to [-112.000, 67.000, -108.000, 69.000] (epsg:4326))
2026-08-04 18:19:27,468 - snakemake_workflow - rasterdataset - INFO - Reading population raster data from D:\GFM\inputs\exposure\ppp_2020_1km_Aggregated.tif
2026-08-04 18:19:27,533 - snakemake_workflow - rasterdataset - DEBUG - Clip to [-161.000, 66.000, -159.000, 68.000] (epsg:4326))
2026-08-04 18:19:27,670 - snakemake_workflow - rasterdataset - INFO - Reading population raster data from D:\GFM\inputs\exposure\ppp_2020_1km_Aggregated.tif
2026-08-04 18:19:27,965 - snakemake_workflow - rasterdataset - DEBUG - Clip to [-174.000, 65.000, -170.000, 67.000] (epsg:4326))
2026-08-04 18:19:28,238 - snakemake_workflow - rasterdataset - INFO - Reading population raster data from D:\GFM\inputs\exposure\ppp_2020_1km_Aggregated.tif
2026-08-04 18:19:28,364 - snakemake_workflow - rasterdataset - DEBUG - Clip to [-158.000, 70.000, -154.000, 72.000] (epsg:4326))
2026-08-04 18:19:28,492 - snakemake_workflow - rasterdataset - INFO - Reading population raster data from D:\GFM\inputs\exposure\ppp_2020_1km_Aggregated.tif
2026-08-04 18:19:28,657 - snakemake_workflow - rasterdataset - DEBUG - Clip to [-176.000, 66.000, -173.000, 68.000] (epsg:4326))
2026-08-04 18:19:28,759 - snakemake_workflow - rasterdataset - INFO - Reading population raster data from D:\GFM\inputs\exposure\ppp_2020_1km_Aggregated.tif
2026-08-04 18:19:29,113 - snakemake_workflow - rasterdataset - DEBUG - Clip to [-62.000, 81.000, -60.000, 83.000] (epsg:4326))
2026-08-04 18:19:30,922 - snakemake_workflow - rasterdataset - INFO - Reading population raster data from D:\GFM\inputs\exposure\ppp_2020_1km_Aggregated.tif
2026-08-04 18:19:31,017 - snakemake_workflow - rasterdataset - INFO - Reading population raster data from D:\GFM\inputs\exposure\ppp_2020_1km_Aggregated.tif
2026-08-04 18:19:31,045 - snakemake_workflow - rasterdataset - DEBUG - Clip to [-131.000, 69.000, -127.000, 71.000] (epsg:4326))
2026-08-04 18:19:31,342 - snakemake_workflow - rasterdataset - DEBUG - Clip to [-77.000, 81.000, -75.000, 83.000] (epsg:4326))
2026-08-04 18:19:31,716 - snakemake_workflow - rasterdataset - INFO - Reading population raster data from D:\GFM\inputs\exposure\ppp_2020_1km_Aggregated.tif
2026-08-04 18:19:31,762 - snakemake_workflow - rasterdataset - DEBUG - Clip to [-132.000, 69.000, -130.000, 71.000] (epsg:4326))
2026-08-04 18:19:31,994 - snakemake_workflow - rasterdataset - INFO - Reading population raster data from D:\GFM\inputs\exposure\ppp_2020_1km_Aggregated.tif
2026-08-04 18:19:32,252 - snakemake_workflow - rasterdataset - DEBUG - Clip to [-138.000, 68.000, -135.000, 70.000] (epsg:4326))
2026-08-04 18:19:32,630 - snakemake_workflow - rasterdataset - INFO - Reading population raster data from D:\GFM\inputs\exposure\ppp_2020_1km_Aggregated.tif
2026-08-04 18:19:32,868 - snakemake_workflow - rasterdataset - DEBUG - Clip to [-61.000, 81.000, -59.000, 83.000] (epsg:4326))
2026-08-04 18:19:32,933 - snakemake_workflow - rasterdataset - INFO - Reading population raster data from D:\GFM\inputs\exposure\ppp_2020_1km_Aggregated.tif
2026-08-04 18:19:33,123 - snakemake_workflow - rasterdataset - DEBUG - Clip to [-60.000, 81.000, -58.000, 83.000] (epsg:4326))
2026-08-04 18:19:33,333 - snakemake_workflow - rasterdataset - INFO - Reading population raster data from D:\GFM\inputs\exposure\ppp_2020_1km_Aggregated.tif
2026-08-04 18:19:33,443 - snakemake_workflow - rasterdataset - DEBUG - Clip to [-59.000, 81.000, -57.000, 83.000] (epsg:4326))
2026-08-04 18:19:33,590 - snakemake_workflow - rasterdataset - INFO - Reading population raster data from D:\GFM\inputs\exposure\ppp_2020_1km_Aggregated.tif
2026-08-04 18:19:33,871 - snakemake_workflow - rasterdataset - DEBUG - Clip to [-55.000, 81.000, -51.000, 83.000] (epsg:4326))
2026-08-04 18:19:34,230 - snakemake_workflow - rasterdataset - INFO - Reading population raster data from D:\GFM\inputs\exposure\ppp_2020_1km_Aggregated.tif
2026-08-04 18:19:34,233 - snakemake_workflow - rasterdataset - INFO - Reading population raster data from D:\GFM\inputs\exposure\ppp_2020_1km_Aggregated.tif
2026-08-04 18:19:34,351 - snakemake_workflow - rasterdataset - DEBUG - Clip to [-53.000, 64.000, -51.000, 66.000] (epsg:4326))
2026-08-04 18:19:34,481 - snakemake_workflow - rasterdataset - DEBUG - Clip to [-52.000, 81.000, -50.000, 83.000] (epsg:4326))
2026-08-04 18:19:34,600 - snakemake_workflow - rasterdataset - INFO - Reading population raster data from D:\GFM\inputs\exposure\ppp_2020_1km_Aggregated.tif
2026-08-04 18:19:34,661 - snakemake_workflow - rasterdataset - DEBUG - Clip to [-56.000, 72.000, -54.000, 74.000] (epsg:4326))
2026-08-04 18:19:35,427 - snakemake_workflow - rasterdataset - INFO - Reading population raster data from D:\GFM\inputs\exposure\ppp_2020_1km_Aggregated.tif
2026-08-04 18:19:35,726 - snakemake_workflow - rasterdataset - DEBUG - Clip to [-174.000, 64.000, -172.000, 66.000] (epsg:4326))
2026-08-04 18:19:36,285 - snakemake_workflow - rasterdataset - INFO - Reading population raster data from D:\GFM\inputs\exposure\ppp_2020_1km_Aggregated.tif
2026-08-04 18:19:36,321 - snakemake_workflow - rasterdataset - DEBUG - Clip to [-71.000, 81.000, -68.000, 82.000] (epsg:4326))
2026-08-04 18:19:37,045 - snakemake_workflow - rasterdataset - INFO - Reading population raster data from D:\GFM\inputs\exposure\ppp_2020_1km_Aggregated.tif
2026-08-04 18:19:37,262 - snakemake_workflow - rasterdataset - DEBUG - Clip to [-18.000, 80.000, -16.000, 82.000] (epsg:4326))
2026-08-04 18:19:37,323 - snakemake_workflow - rasterdataset - INFO - Reading population raster data from D:\GFM\inputs\exposure\ppp_2020_1km_Aggregated.tif
2026-08-04 18:19:37,477 - snakemake_workflow - rasterdataset - DEBUG - Clip to [-29.000, 81.000, -25.000, 83.000] (epsg:4326))
2026-08-04 18:19:37,553 - snakemake_workflow - rasterdataset - INFO - Reading population raster data from D:\GFM\inputs\exposure\ppp_2020_1km_Aggregated.tif
2026-08-04 18:19:37,717 - snakemake_workflow - rasterdataset - DEBUG - Clip to [-17.000, 80.000, -15.000, 82.000] (epsg:4326))
2026-08-04 18:19:37,731 - snakemake_workflow - rasterdataset - INFO - Reading population raster data from D:\GFM\inputs\exposure\ppp_2020_1km_Aggregated.tif
2026-08-04 18:19:37,819 - snakemake_workflow - rasterdataset - DEBUG - Clip to [-33.000, 81.000, -29.000, 83.000] (epsg:4326))
2026-08-04 18:19:37,901 - snakemake_workflow - rasterdataset - INFO - Reading population raster data from D:\GFM\inputs\exposure\ppp_2020_1km_Aggregated.tif
2026-08-04 18:19:37,902 - snakemake_workflow - rasterdataset - INFO - Reading population raster data from D:\GFM\inputs\exposure\ppp_2020_1km_Aggregated.tif
2026-08-04 18:19:37,992 - snakemake_workflow - rasterdataset - DEBUG - Clip to [-66.000, 75.000, -64.000, 77.000] (epsg:4326))
2026-08-04 18:19:37,994 - snakemake_workflow - rasterdataset - DEBUG - Clip to [-16.000, 80.000, -14.000, 82.000] (epsg:4326))
2026-08-04 18:19:38,076 - snakemake_workflow - rasterdataset - INFO - Reading population raster data from D:\GFM\inputs\exposure\ppp_2020_1km_Aggregated.tif
2026-08-04 18:19:38,134 - snakemake_workflow - rasterdataset - DEBUG - Clip to [-15.000, 80.000, -13.000, 82.000] (epsg:4326))
2026-08-04 18:19:38,296 - snakemake_workflow - rasterdataset - INFO - Reading population raster data from D:\GFM\inputs\exposure\ppp_2020_1km_Aggregated.tif
2026-08-04 18:19:38,427 - snakemake_workflow - rasterdataset - DEBUG - Clip to [123.000, -18.000, 125.000, -14.000] (epsg:4326))
2026-08-04 18:19:38,602 - snakemake_workflow - rasterdataset - INFO - Reading population raster data from D:\GFM\inputs\exposure\ppp_2020_1km_Aggregated.tif
2026-08-04 18:19:38,691 - snakemake_workflow - rasterdataset - DEBUG - Clip to [-48.000, 81.000, -44.000, 83.000] (epsg:4326))
2026-08-04 18:19:38,758 - snakemake_workflow - rasterdataset - INFO - Reading population raster data from D:\GFM\inputs\exposure\ppp_2020_1km_Aggregated.tif
2026-08-04 18:19:38,761 - snakemake_workflow - rasterdataset - INFO - Reading population raster data from D:\GFM\inputs\exposure\ppp_2020_1km_Aggregated.tif
2026-08-04 18:19:38,779 - snakemake_workflow - rasterdataset - INFO - Reading population raster data from D:\GFM\inputs\exposure\ppp_2020_1km_Aggregated.tif
2026-08-04 18:19:38,841 - snakemake_workflow - rasterdataset - DEBUG - Clip to [130.000, -13.000, 134.000, -11.000] (epsg:4326))
2026-08-04 18:19:38,841 - snakemake_workflow - rasterdataset - DEBUG - Clip to [113.000, -23.000, 115.000, -21.000] (epsg:4326))
2026-08-04 18:19:38,866 - snakemake_workflow - rasterdataset - DEBUG - Clip to [-174.000, 66.000, -172.000, 68.000] (epsg:4326))
2026-08-04 18:19:39,112 - snakemake_workflow - rasterdataset - INFO - Reading population raster data from D:\GFM\inputs\exposure\ppp_2020_1km_Aggregated.tif
2026-08-04 18:19:39,194 - snakemake_workflow - rasterdataset - DEBUG - Clip to [-49.000, 60.000, -45.000, 62.000] (epsg:4326))
2026-08-04 18:19:39,815 - snakemake_workflow - rasterdataset - INFO - Reading population raster data from D:\GFM\inputs\exposure\ppp_2020_1km_Aggregated.tif
2026-08-04 18:19:39,862 - snakemake_workflow - rasterdataset - DEBUG - Clip to [138.000, -18.000, 140.000, -16.000] (epsg:4326))
2026-08-04 18:19:40,774 - snakemake_workflow - rasterdataset - INFO - Reading population raster data from D:\GFM\inputs\exposure\ppp_2020_1km_Aggregated.tif
2026-08-04 18:19:40,974 - snakemake_workflow - rasterdataset - DEBUG - Clip to [-64.000, 81.000, -62.000, 83.000] (epsg:4326))
2026-08-04 18:19:41,054 - snakemake_workflow - rasterdataset - INFO - Reading population raster data from D:\GFM\inputs\exposure\ppp_2020_1km_Aggregated.tif
2026-08-04 18:19:41,366 - snakemake_workflow - rasterdataset - DEBUG - Clip to [137.000, -9.000, 139.000, -7.000] (epsg:4326))
2026-08-04 18:19:43,039 - snakemake_workflow - rasterdataset - INFO - Reading population raster data from D:\GFM\inputs\exposure\ppp_2020_1km_Aggregated.tif
2026-08-04 18:19:43,093 - snakemake_workflow - rasterdataset - DEBUG - Clip to [134.000, -13.000, 136.000, -11.000] (epsg:4326))
2026-08-04 18:19:44,531 - snakemake_workflow - rasterdataset - INFO - Reading population raster data from D:\GFM\inputs\exposure\ppp_2020_1km_Aggregated.tif
2026-08-04 18:19:44,531 - snakemake_workflow - rasterdataset - INFO - Reading population raster data from D:\GFM\inputs\exposure\ppp_2020_1km_Aggregated.tif
2026-08-04 18:19:44,700 - snakemake_workflow - rasterdataset - DEBUG - Clip to [-63.000, 81.000, -61.000, 83.000] (epsg:4326))
2026-08-04 18:19:44,700 - snakemake_workflow - rasterdataset - DEBUG - Clip to [119.000, -35.000, 123.000, -33.000] (epsg:4326))
2026-08-04 18:19:45,515 - snakemake_workflow - rasterdataset - INFO - Reading population raster data from D:\GFM\inputs\exposure\ppp_2020_1km_Aggregated.tif
2026-08-04 18:19:45,552 - snakemake_workflow - rasterdataset - DEBUG - Clip to [146.000, -10.000, 148.000, -6.000] (epsg:4326))
2026-08-04 18:19:45,621 - snakemake_workflow - rasterdataset - INFO - Reading population raster data from D:\GFM\inputs\exposure\ppp_2020_1km_Aggregated.tif
2026-08-04 18:19:45,658 - snakemake_workflow - rasterdataset - DEBUG - Clip to [127.000, -16.000, 131.000, -14.000] (epsg:4326))
2026-08-04 18:19:45,783 - snakemake_workflow - rasterdataset - INFO - Reading population raster data from D:\GFM\inputs\exposure\ppp_2020_1km_Aggregated.tif
2026-08-04 18:19:45,855 - snakemake_workflow - rasterdataset - DEBUG - Clip to [136.000, -3.000, 138.000, -1.000] (epsg:4326))
2026-08-04 18:19:46,189 - snakemake_workflow - rasterdataset - INFO - Reading population raster data from D:\GFM\inputs\exposure\ppp_2020_1km_Aggregated.tif
2026-08-04 18:19:46,218 - snakemake_workflow - rasterdataset - DEBUG - Clip to [135.000, -13.000, 137.000, -11.000] (epsg:4326))
2026-08-04 18:19:47,098 - snakemake_workflow - rasterdataset - INFO - Reading population raster data from D:\GFM\inputs\exposure\ppp_2020_1km_Aggregated.tif
2026-08-04 18:19:47,132 - snakemake_workflow - rasterdataset - DEBUG - Clip to [-39.000, 65.000, -35.000, 67.000] (epsg:4326))
2026-08-04 18:19:47,184 - snakemake_workflow - rasterdataset - INFO - Reading population raster data from D:\GFM\inputs\exposure\ppp_2020_1km_Aggregated.tif
2026-08-04 18:19:47,287 - snakemake_workflow - rasterdataset - DEBUG - Clip to [113.000, -26.000, 115.000, -22.000] (epsg:4326))
2026-08-04 18:19:48,260 - snakemake_workflow - rasterdataset - INFO - Reading population raster data from D:\GFM\inputs\exposure\ppp_2020_1km_Aggregated.tif
2026-08-04 18:19:48,309 - snakemake_workflow - rasterdataset - DEBUG - Clip to [135.000, -16.000, 137.000, -12.000] (epsg:4326))
2026-08-04 18:19:49,378 - snakemake_workflow - rasterdataset - INFO - Reading population raster data from D:\GFM\inputs\exposure\ppp_2020_1km_Aggregated.tif
2026-08-04 18:19:49,429 - snakemake_workflow - rasterdataset - DEBUG - Clip to [131.000, -7.000, 133.000, -5.000] (epsg:4326))
2026-08-04 18:19:49,928 - snakemake_workflow - rasterdataset - INFO - Reading population raster data from D:\GFM\inputs\exposure\ppp_2020_1km_Aggregated.tif
2026-08-04 18:19:49,993 - snakemake_workflow - rasterdataset - DEBUG - Clip to [122.000, -35.000, 124.000, -33.000] (epsg:4326))
2026-08-04 18:19:51,591 - snakemake_workflow - rasterdataset - INFO - Reading population raster data from D:\GFM\inputs\exposure\ppp_2020_1km_Aggregated.tif
2026-08-04 18:19:51,722 - snakemake_workflow - rasterdataset - DEBUG - Clip to [146.000, -7.000, 148.000, -5.000] (epsg:4326))
2026-08-04 18:19:52,152 - snakemake_workflow - rasterdataset - INFO - Reading population raster data from D:\GFM\inputs\exposure\ppp_2020_1km_Aggregated.tif
2026-08-04 18:19:52,162 - snakemake_workflow - rasterdataset - INFO - Reading population raster data from D:\GFM\inputs\exposure\ppp_2020_1km_Aggregated.tif
2026-08-04 18:19:52,231 - snakemake_workflow - rasterdataset - DEBUG - Clip to [137.000, -3.000, 139.000, -1.000] (epsg:4326))
2026-08-04 18:19:52,233 - snakemake_workflow - rasterdataset - DEBUG - Clip to [134.000, -35.000, 136.000, -33.000] (epsg:4326))
2026-08-04 18:19:52,392 - snakemake_workflow - rasterdataset - INFO - Reading population raster data from D:\GFM\inputs\exposure\ppp_2020_1km_Aggregated.tif
2026-08-04 18:19:52,454 - snakemake_workflow - rasterdataset - DEBUG - Clip to [142.000, -12.000, 144.000, -10.000] (epsg:4326))
2026-08-04 18:19:53,077 - snakemake_workflow - rasterdataset - INFO - Reading population raster data from D:\GFM\inputs\exposure\ppp_2020_1km_Aggregated.tif
2026-08-04 18:19:53,133 - snakemake_workflow - rasterdataset - DEBUG - Clip to [133.000, -13.000, 135.000, -11.000] (epsg:4326))
2026-08-04 18:19:53,786 - snakemake_workflow - rasterdataset - INFO - Reading population raster data from D:\GFM\inputs\exposure\ppp_2020_1km_Aggregated.tif
2026-08-04 18:19:53,898 - snakemake_workflow - rasterdataset - DEBUG - Clip to [-19.000, 74.000, -17.000, 76.000] (epsg:4326))
2026-08-04 18:19:53,956 - snakemake_workflow - rasterdataset - INFO - Reading population raster data from D:\GFM\inputs\exposure\ppp_2020_1km_Aggregated.tif
2026-08-04 18:19:54,018 - snakemake_workflow - rasterdataset - DEBUG - Clip to [138.000, -3.000, 140.000, -1.000] (epsg:4326))
2026-08-04 18:19:54,228 - snakemake_workflow - rasterdataset - INFO - Reading population raster data from D:\GFM\inputs\exposure\ppp_2020_1km_Aggregated.tif
2026-08-04 18:19:54,270 - snakemake_workflow - rasterdataset - INFO - Reading population raster data from D:\GFM\inputs\exposure\ppp_2020_1km_Aggregated.tif
2026-08-04 18:19:54,279 - snakemake_workflow - rasterdataset - DEBUG - Clip to [125.000, -9.000, 129.000, -7.000] (epsg:4326))
2026-08-04 18:19:54,347 - snakemake_workflow - rasterdataset - DEBUG - Clip to [147.000, -7.000, 150.000, -5.000] (epsg:4326))
2026-08-04 18:19:54,866 - snakemake_workflow - rasterdataset - INFO - Reading population raster data from D:\GFM\inputs\exposure\ppp_2020_1km_Aggregated.tif
2026-08-04 18:19:54,972 - snakemake_workflow - rasterdataset - INFO - Reading population raster data from D:\GFM\inputs\exposure\ppp_2020_1km_Aggregated.tif
2026-08-04 18:19:55,017 - snakemake_workflow - rasterdataset - DEBUG - Clip to [150.000, -7.000, 152.000, -5.000] (epsg:4326))
2026-08-04 18:19:55,060 - snakemake_workflow - rasterdataset - DEBUG - Clip to [149.000, -7.000, 151.000, -5.000] (epsg:4326))
2026-08-04 18:19:55,077 - snakemake_workflow - rasterdataset - INFO - Reading population raster data from D:\GFM\inputs\exposure\ppp_2020_1km_Aggregated.tif
2026-08-04 18:19:55,144 - snakemake_workflow - rasterdataset - DEBUG - Clip to [152.000, -5.000, 155.000, -3.000] (epsg:4326))
2026-08-04 18:19:55,224 - snakemake_workflow - rasterdataset - INFO - Reading population raster data from D:\GFM\inputs\exposure\ppp_2020_1km_Aggregated.tif
2026-08-04 18:19:55,307 - snakemake_workflow - rasterdataset - DEBUG - Clip to [113.000, -29.000, 115.000, -25.000] (epsg:4326))
2026-08-04 18:19:56,373 - snakemake_workflow - rasterdataset - INFO - Reading population raster data from D:\GFM\inputs\exposure\ppp_2020_1km_Aggregated.tif
2026-08-04 18:19:56,424 - snakemake_workflow - rasterdataset - DEBUG - Clip to [152.000, -28.000, 154.000, -24.000] (epsg:4326))
2026-08-04 18:19:57,533 - snakemake_workflow - rasterdataset - INFO - Reading population raster data from D:\GFM\inputs\exposure\ppp_2020_1km_Aggregated.tif
2026-08-04 18:19:57,596 - snakemake_workflow - rasterdataset - INFO - Reading population raster data from D:\GFM\inputs\exposure\ppp_2020_1km_Aggregated.tif
2026-08-04 18:19:57,630 - snakemake_workflow - rasterdataset - DEBUG - Clip to [118.000, -7.000, 120.000, -5.000] (epsg:4326))
2026-08-04 18:19:57,665 - snakemake_workflow - rasterdataset - DEBUG - Clip to [141.000, -5.000, 145.000, -3.000] (epsg:4326))
2026-08-04 18:19:57,768 - snakemake_workflow - rasterdataset - INFO - Reading population raster data from D:\GFM\inputs\exposure\ppp_2020_1km_Aggregated.tif
2026-08-04 18:19:57,853 - snakemake_workflow - rasterdataset - DEBUG - Clip to [146.000, -3.000, 148.000, -1.000] (epsg:4326))
2026-08-04 18:19:58,888 - snakemake_workflow - rasterdataset - INFO - Reading population raster data from D:\GFM\inputs\exposure\ppp_2020_1km_Aggregated.tif
2026-08-04 18:19:58,971 - snakemake_workflow - rasterdataset - DEBUG - Clip to [118.000, -4.000, 120.000, -2.000] (epsg:4326))
2026-08-04 18:19:59,665 - snakemake_workflow - rasterdataset - INFO - Reading population raster data from D:\GFM\inputs\exposure\ppp_2020_1km_Aggregated.tif
2026-08-04 18:19:59,715 - snakemake_workflow - rasterdataset - DEBUG - Clip to [138.000, -36.000, 140.000, -34.000] (epsg:4326))
2026-08-04 18:20:00,306 - snakemake_workflow - rasterdataset - INFO - Reading population raster data from D:\GFM\inputs\exposure\ppp_2020_1km_Aggregated.tif
2026-08-04 18:20:00,382 - snakemake_workflow - rasterdataset - DEBUG - Clip to [108.000, -8.000, 110.000, -6.000] (epsg:4326))
2026-08-04 18:20:00,468 - snakemake_workflow - rasterdataset - INFO - Reading population raster data from D:\GFM\inputs\exposure\ppp_2020_1km_Aggregated.tif
2026-08-04 18:20:00,483 - snakemake_workflow - rasterdataset - INFO - Reading population raster data from D:\GFM\inputs\exposure\ppp_2020_1km_Aggregated.tif
2026-08-04 18:20:00,525 - snakemake_workflow - rasterdataset - DEBUG - Clip to [116.000, -10.000, 118.000, -8.000] (epsg:4326))
2026-08-04 18:20:00,548 - snakemake_workflow - rasterdataset - DEBUG - Clip to [123.000, -10.000, 127.000, -8.000] (epsg:4326))
2026-08-04 18:20:01,925 - snakemake_workflow - rasterdataset - INFO - Reading population raster data from D:\GFM\inputs\exposure\ppp_2020_1km_Aggregated.tif
2026-08-04 18:20:01,995 - snakemake_workflow - rasterdataset - DEBUG - Clip to [127.000, 1.000, 129.000, 3.000] (epsg:4326))
2026-08-04 18:20:02,219 - snakemake_workflow - rasterdataset - INFO - Reading population raster data from D:\GFM\inputs\exposure\ppp_2020_1km_Aggregated.tif
2026-08-04 18:20:02,279 - snakemake_workflow - rasterdataset - DEBUG - Clip to [136.000, -37.000, 138.000, -35.000] (epsg:4326))
2026-08-04 18:20:02,998 - snakemake_workflow - rasterdataset - INFO - Reading population raster data from D:\GFM\inputs\exposure\ppp_2020_1km_Aggregated.tif
2026-08-04 18:20:03,064 - snakemake_workflow - rasterdataset - DEBUG - Clip to [151.000, -6.000, 153.000, -2.000] (epsg:4326))
2026-08-04 18:20:03,452 - snakemake_workflow - rasterdataset - INFO - Reading population raster data from D:\GFM\inputs\exposure\ppp_2020_1km_Aggregated.tif
2026-08-04 18:20:03,510 - snakemake_workflow - rasterdataset - DEBUG - Clip to [110.000, -4.000, 113.000, -2.000] (epsg:4326))
2026-08-04 18:20:03,710 - snakemake_workflow - rasterdataset - INFO - Reading population raster data from D:\GFM\inputs\exposure\ppp_2020_1km_Aggregated.tif
2026-08-04 18:20:03,772 - snakemake_workflow - rasterdataset - DEBUG - Clip to [125.000, 3.000, 127.000, 6.000] (epsg:4326))
2026-08-04 18:20:04,245 - snakemake_workflow - rasterdataset - INFO - Reading population raster data from D:\GFM\inputs\exposure\ppp_2020_1km_Aggregated.tif
2026-08-04 18:20:04,312 - snakemake_workflow - rasterdataset - DEBUG - Clip to [123.000, -3.000, 126.000, -1.000] (epsg:4326))
2026-08-04 18:20:04,767 - snakemake_workflow - rasterdataset - INFO - Reading population raster data from D:\GFM\inputs\exposure\ppp_2020_1km_Aggregated.tif
2026-08-04 18:20:04,894 - snakemake_workflow - rasterdataset - INFO - Reading population raster data from D:\GFM\inputs\exposure\ppp_2020_1km_Aggregated.tif
2026-08-04 18:20:04,896 - snakemake_workflow - rasterdataset - DEBUG - Clip to [137.000, -34.000, 139.000, -32.000] (epsg:4326))
2026-08-04 18:20:04,941 - snakemake_workflow - rasterdataset - DEBUG - Clip to [120.000, -9.000, 122.000, -6.000] (epsg:4326))
2026-08-04 18:20:05,346 - snakemake_workflow - rasterdataset - INFO - Reading population raster data from D:\GFM\inputs\exposure\ppp_2020_1km_Aggregated.tif
2026-08-04 18:20:05,393 - snakemake_workflow - rasterdataset - DEBUG - Clip to [147.000, -3.000, 151.000, -1.000] (epsg:4326))
2026-08-04 18:20:07,677 - snakemake_workflow - rasterdataset - INFO - Reading population raster data from D:\GFM\inputs\exposure\ppp_2020_1km_Aggregated.tif
2026-08-04 18:20:07,736 - snakemake_workflow - rasterdataset - DEBUG - Clip to [116.000, 2.000, 118.000, 5.000] (epsg:4326))
2026-08-04 18:20:07,846 - snakemake_workflow - rasterdataset - INFO - Reading population raster data from D:\GFM\inputs\exposure\ppp_2020_1km_Aggregated.tif
2026-08-04 18:20:07,904 - snakemake_workflow - rasterdataset - INFO - Reading population raster data from D:\GFM\inputs\exposure\ppp_2020_1km_Aggregated.tif
2026-08-04 18:20:08,226 - snakemake_workflow - rasterdataset - DEBUG - Clip to [144.000, -39.000, 148.000, -37.000] (epsg:4326))
2026-08-04 18:20:08,259 - snakemake_workflow - rasterdataset - DEBUG - Clip to [127.000, 0.000, 129.000, 2.000] (epsg:4326))
2026-08-04 18:20:09,278 - snakemake_workflow - rasterdataset - INFO - Reading population raster data from D:\GFM\inputs\exposure\ppp_2020_1km_Aggregated.tif
2026-08-04 18:20:09,342 - snakemake_workflow - rasterdataset - INFO - Reading population raster data from D:\GFM\inputs\exposure\ppp_2020_1km_Aggregated.tif
2026-08-04 18:20:09,374 - snakemake_workflow - rasterdataset - DEBUG - Clip to [121.000, 6.000, 123.000, 8.000] (epsg:4326))
2026-08-04 18:20:09,391 - snakemake_workflow - rasterdataset - DEBUG - Clip to [114.000, 4.000, 116.000, 6.000] (epsg:4326))
2026-08-04 18:20:09,656 - snakemake_workflow - rasterdataset - INFO - Reading population raster data from D:\GFM\inputs\exposure\ppp_2020_1km_Aggregated.tif
2026-08-04 18:20:09,708 - snakemake_workflow - rasterdataset - DEBUG - Clip to [160.000, -10.000, 162.000, -8.000] (epsg:4326))
2026-08-04 18:20:10,693 - snakemake_workflow - rasterdataset - INFO - Reading population raster data from D:\GFM\inputs\exposure\ppp_2020_1km_Aggregated.tif
2026-08-04 18:20:10,756 - snakemake_workflow - rasterdataset - DEBUG - Clip to [117.000, -10.000, 121.000, -8.000] (epsg:4326))
2026-08-04 18:20:10,916 - snakemake_workflow - rasterdataset - INFO - Reading population raster data from D:\GFM\inputs\exposure\ppp_2020_1km_Aggregated.tif
2026-08-04 18:20:11,040 - snakemake_workflow - rasterdataset - DEBUG - Clip to [101.000, -5.000, 103.000, -3.000] (epsg:4326))
2026-08-04 18:20:12,707 - snakemake_workflow - rasterdataset - INFO - Reading population raster data from D:\GFM\inputs\exposure\ppp_2020_1km_Aggregated.tif
2026-08-04 18:20:12,762 - snakemake_workflow - rasterdataset - DEBUG - Clip to [118.000, 9.000, 120.000, 11.000] (epsg:4326))
2026-08-04 18:20:12,857 - snakemake_workflow - rasterdataset - INFO - Reading population raster data from D:\GFM\inputs\exposure\ppp_2020_1km_Aggregated.tif
2026-08-04 18:20:12,986 - snakemake_workflow - rasterdataset - DEBUG - Clip to [119.000, 4.000, 121.000, 6.000] (epsg:4326))
2026-08-04 18:20:13,212 - snakemake_workflow - rasterdataset - INFO - Reading population raster data from D:\GFM\inputs\exposure\ppp_2020_1km_Aggregated.tif
2026-08-04 18:20:13,273 - snakemake_workflow - rasterdataset - DEBUG - Clip to [109.000, -8.000, 111.000, -6.000] (epsg:4326))
2026-08-04 18:20:14,276 - snakemake_workflow - rasterdataset - INFO - Reading population raster data from D:\GFM\inputs\exposure\ppp_2020_1km_Aggregated.tif
2026-08-04 18:20:14,301 - snakemake_workflow - rasterdataset - INFO - Reading population raster data from D:\GFM\inputs\exposure\ppp_2020_1km_Aggregated.tif
2026-08-04 18:20:14,324 - snakemake_workflow - rasterdataset - DEBUG - Clip to [107.000, -4.000, 109.000, -2.000] (epsg:4326))
2026-08-04 18:20:14,346 - snakemake_workflow - rasterdataset - DEBUG - Clip to [161.000, -10.000, 163.000, -8.000] (epsg:4326))
2026-08-04 18:20:15,184 - snakemake_workflow - rasterdataset - INFO - Reading population raster data from D:\GFM\inputs\exposure\ppp_2020_1km_Aggregated.tif
2026-08-04 18:20:15,240 - snakemake_workflow - rasterdataset - DEBUG - Clip to [156.000, -9.000, 159.000, -7.000] (epsg:4326))
2026-08-04 18:20:15,778 - snakemake_workflow - rasterdataset - INFO - Reading population raster data from D:\GFM\inputs\exposure\ppp_2020_1km_Aggregated.tif
2026-08-04 18:20:15,831 - snakemake_workflow - rasterdataset - DEBUG - Clip to [110.000, 0.000, 112.000, 2.000] (epsg:4326))
2026-08-04 18:20:15,856 - snakemake_workflow - rasterdataset - INFO - Reading population raster data from D:\GFM\inputs\exposure\ppp_2020_1km_Aggregated.tif
2026-08-04 18:20:15,964 - snakemake_workflow - rasterdataset - DEBUG - Clip to [100.000, 3.000, 102.000, 5.000] (epsg:4326))
2026-08-04 18:20:15,981 - snakemake_workflow - rasterdataset - INFO - Reading population raster data from D:\GFM\inputs\exposure\ppp_2020_1km_Aggregated.tif
2026-08-04 18:20:16,041 - snakemake_workflow - rasterdataset - INFO - Reading population raster data from D:\GFM\inputs\exposure\ppp_2020_1km_Aggregated.tif
2026-08-04 18:20:16,076 - snakemake_workflow - rasterdataset - DEBUG - Clip to [121.000, 18.000, 123.000, 20.000] (epsg:4326))
2026-08-04 18:20:16,128 - snakemake_workflow - rasterdataset - DEBUG - Clip to [111.000, 0.000, 113.000, 2.000] (epsg:4326))
2026-08-04 18:20:16,159 - snakemake_workflow - rasterdataset - INFO - Reading population raster data from D:\GFM\inputs\exposure\ppp_2020_1km_Aggregated.tif
2026-08-04 18:20:16,214 - snakemake_workflow - rasterdataset - DEBUG - Clip to [109.000, -2.000, 111.000, 2.000] (epsg:4326))
2026-08-04 18:20:17,652 - snakemake_workflow - rasterdataset - INFO - Reading population raster data from D:\GFM\inputs\exposure\ppp_2020_1km_Aggregated.tif
2026-08-04 18:20:17,689 - snakemake_workflow - rasterdataset - DEBUG - Clip to [107.000, 3.000, 109.000, 5.000] (epsg:4326))
2026-08-04 18:20:19,480 - snakemake_workflow - rasterdataset - INFO - Reading population raster data from D:\GFM\inputs\exposure\ppp_2020_1km_Aggregated.tif
2026-08-04 18:20:19,521 - snakemake_workflow - rasterdataset - DEBUG - Clip to [121.000, 19.000, 123.000, 21.000] (epsg:4326))
2026-08-04 18:20:19,834 - snakemake_workflow - rasterdataset - INFO - Reading population raster data from D:\GFM\inputs\exposure\ppp_2020_1km_Aggregated.tif
2026-08-04 18:20:19,869 - snakemake_workflow - rasterdataset - DEBUG - Clip to [119.000, 15.000, 121.000, 17.000] (epsg:4326))
2026-08-04 18:20:19,902 - snakemake_workflow - rasterdataset - INFO - Reading population raster data from D:\GFM\inputs\exposure\ppp_2020_1km_Aggregated.tif
2026-08-04 18:20:20,117 - snakemake_workflow - rasterdataset - DEBUG - Clip to [117.000, 9.000, 121.000, 10.000] (epsg:4326))
2026-08-04 18:20:20,765 - snakemake_workflow - rasterdataset - INFO - Reading population raster data from D:\GFM\inputs\exposure\ppp_2020_1km_Aggregated.tif
2026-08-04 18:20:20,766 - snakemake_workflow - rasterdataset - INFO - Reading population raster data from D:\GFM\inputs\exposure\ppp_2020_1km_Aggregated.tif
2026-08-04 18:20:20,799 - snakemake_workflow - rasterdataset - DEBUG - Clip to [106.000, -4.000, 108.000, -2.000] (epsg:4326))
2026-08-04 18:20:20,808 - snakemake_workflow - rasterdataset - DEBUG - Clip to [105.000, 2.000, 107.000, 4.000] (epsg:4326))
2026-08-04 18:20:20,870 - snakemake_workflow - rasterdataset - INFO - Reading population raster data from D:\GFM\inputs\exposure\ppp_2020_1km_Aggregated.tif
2026-08-04 18:20:20,945 - snakemake_workflow - rasterdataset - DEBUG - Clip to [118.000, 4.000, 120.000, 6.000] (epsg:4326))
2026-08-04 18:20:21,011 - snakemake_workflow - rasterdataset - INFO - Reading population raster data from D:\GFM\inputs\exposure\ppp_2020_1km_Aggregated.tif
2026-08-04 18:20:21,090 - snakemake_workflow - rasterdataset - DEBUG - Clip to [-92.000, -2.000, -89.000, 1.000] (epsg:4326))
2026-08-04 18:20:21,381 - snakemake_workflow - rasterdataset - INFO - Reading population raster data from D:\GFM\inputs\exposure\ppp_2020_1km_Aggregated.tif
2026-08-04 18:20:21,525 - snakemake_workflow - rasterdataset - DEBUG - Clip to [99.000, 6.000, 101.000, 8.000] (epsg:4326))
2026-08-04 18:20:22,122 - snakemake_workflow - rasterdataset - INFO - Reading population raster data from D:\GFM\inputs\exposure\ppp_2020_1km_Aggregated.tif
2026-08-04 18:20:22,169 - snakemake_workflow - rasterdataset - DEBUG - Clip to [121.000, 24.000, 125.000, 26.000] (epsg:4326))
2026-08-04 18:20:22,701 - snakemake_workflow - rasterdataset - INFO - Reading population raster data from D:\GFM\inputs\exposure\ppp_2020_1km_Aggregated.tif
2026-08-04 18:20:22,745 - snakemake_workflow - rasterdataset - DEBUG - Clip to [94.000, 15.000, 96.000, 17.000] (epsg:4326))
2026-08-04 18:20:23,333 - snakemake_workflow - rasterdataset - INFO - Reading population raster data from D:\GFM\inputs\exposure\ppp_2020_1km_Aggregated.tif
2026-08-04 18:20:23,379 - snakemake_workflow - rasterdataset - DEBUG - Clip to [147.000, -44.000, 149.000, -41.000] (epsg:4326))
2026-08-04 18:20:23,441 - snakemake_workflow - rasterdataset - INFO - Reading population raster data from D:\GFM\inputs\exposure\ppp_2020_1km_Aggregated.tif
2026-08-04 18:20:23,589 - snakemake_workflow - rasterdataset - DEBUG - Clip to [98.000, -2.000, 100.000, 0.000] (epsg:4326))
2026-08-04 18:20:23,668 - snakemake_workflow - rasterdataset - INFO - Reading population raster data from D:\GFM\inputs\exposure\ppp_2020_1km_Aggregated.tif
2026-08-04 18:20:23,777 - snakemake_workflow - rasterdataset - INFO - Reading population raster data from D:\GFM\inputs\exposure\ppp_2020_1km_Aggregated.tif
2026-08-04 18:20:23,813 - snakemake_workflow - rasterdataset - DEBUG - Clip to [100.000, 4.000, 102.000, 6.000] (epsg:4326))
2026-08-04 18:20:24,011 - snakemake_workflow - rasterdataset - DEBUG - Clip to [144.000, -42.000, 147.000, -40.000] (epsg:4326))
2026-08-04 18:20:26,175 - snakemake_workflow - rasterdataset - INFO - Reading population raster data from D:\GFM\inputs\exposure\ppp_2020_1km_Aggregated.tif
2026-08-04 18:20:26,210 - snakemake_workflow - rasterdataset - DEBUG - Clip to [120.000, 21.000, 122.000, 25.000] (epsg:4326))
2026-08-04 18:20:26,675 - snakemake_workflow - rasterdataset - INFO - Reading population raster data from D:\GFM\inputs\exposure\ppp_2020_1km_Aggregated.tif
2026-08-04 18:20:26,703 - snakemake_workflow - rasterdataset - DEBUG - Clip to [100.000, 5.000, 102.000, 7.000] (epsg:4326))
2026-08-04 18:20:27,079 - snakemake_workflow - rasterdataset - INFO - Reading population raster data from D:\GFM\inputs\exposure\ppp_2020_1km_Aggregated.tif
2026-08-04 18:20:27,112 - snakemake_workflow - rasterdataset - DEBUG - Clip to [119.000, 34.000, 121.000, 36.000] (epsg:4326))
2026-08-04 18:20:27,798 - snakemake_workflow - rasterdataset - INFO - Reading population raster data from D:\GFM\inputs\exposure\ppp_2020_1km_Aggregated.tif
2026-08-04 18:20:27,848 - snakemake_workflow - rasterdataset - DEBUG - Clip to [120.000, 27.000, 122.000, 29.000] (epsg:4326))
2026-08-04 18:20:28,024 - snakemake_workflow - rasterdataset - INFO - Reading population raster data from D:\GFM\inputs\exposure\ppp_2020_1km_Aggregated.tif
2026-08-04 18:20:28,049 - snakemake_workflow - rasterdataset - INFO - Reading population raster data from D:\GFM\inputs\exposure\ppp_2020_1km_Aggregated.tif
2026-08-04 18:20:28,080 - snakemake_workflow - rasterdataset - DEBUG - Clip to [97.000, 15.000, 99.000, 17.000] (epsg:4326))
2026-08-04 18:20:28,116 - snakemake_workflow - rasterdataset - DEBUG - Clip to [-53.000, -33.000, -51.000, -31.000] (epsg:4326))
2026-08-04 18:20:28,871 - snakemake_workflow - rasterdataset - INFO - Reading population raster data from D:\GFM\inputs\exposure\ppp_2020_1km_Aggregated.tif
2026-08-04 18:20:28,903 - snakemake_workflow - rasterdataset - DEBUG - Clip to [119.000, 36.000, 121.000, 38.000] (epsg:4326))
2026-08-04 18:20:29,012 - snakemake_workflow - rasterdataset - INFO - Reading population raster data from D:\GFM\inputs\exposure\ppp_2020_1km_Aggregated.tif
2026-08-04 18:20:29,112 - snakemake_workflow - rasterdataset - INFO - Reading population raster data from D:\GFM\inputs\exposure\ppp_2020_1km_Aggregated.tif
2026-08-04 18:20:29,148 - snakemake_workflow - rasterdataset - DEBUG - Clip to [121.000, 36.000, 123.000, 38.000] (epsg:4326))
2026-08-04 18:20:29,327 - snakemake_workflow - rasterdataset - DEBUG - Clip to [124.000, 37.000, 126.000, 39.000] (epsg:4326))
2026-08-04 18:20:31,810 - snakemake_workflow - rasterdataset - INFO - Reading population raster data from D:\GFM\inputs\exposure\ppp_2020_1km_Aggregated.tif
2026-08-04 18:20:31,840 - snakemake_workflow - rasterdataset - DEBUG - Clip to [105.000, 18.000, 107.000, 22.000] (epsg:4326))
2026-08-04 18:20:32,225 - snakemake_workflow - rasterdataset - INFO - Reading population raster data from D:\GFM\inputs\exposure\ppp_2020_1km_Aggregated.tif
2026-08-04 18:20:32,315 - snakemake_workflow - rasterdataset - DEBUG - Clip to [96.000, 16.000, 99.000, 18.000] (epsg:4326))
2026-08-04 18:20:32,356 - snakemake_workflow - rasterdataset - INFO - Reading population raster data from D:\GFM\inputs\exposure\ppp_2020_1km_Aggregated.tif
2026-08-04 18:20:32,501 - snakemake_workflow - rasterdataset - DEBUG - Clip to [128.000, 34.000, 130.000, 36.000] (epsg:4326))
  filter_and_shave_chunks: 600/3719 checked, 546 kept so far (685s elapsed)
  filter_and_shave_chunks: 800/3719 checked, 710 kept so far (685s elapsed)
2026-08-04 18:20:32,585 - snakemake_workflow - rasterdataset - INFO - Reading population raster data from D:\GFM\inputs\exposure\ppp_2020_1km_Aggregated.tif
2026-08-04 18:20:32,675 - snakemake_workflow - rasterdataset - DEBUG - Clip to [136.000, 36.000, 138.000, 38.000] (epsg:4326))
2026-08-04 18:20:32,820 - snakemake_workflow - rasterdataset - INFO - Reading population raster data from D:\GFM\inputs\exposure\ppp_2020_1km_Aggregated.tif
2026-08-04 18:20:32,923 - snakemake_workflow - rasterdataset - INFO - Reading population raster data from D:\GFM\inputs\exposure\ppp_2020_1km_Aggregated.tif
2026-08-04 18:20:33,039 - snakemake_workflow - rasterdataset - DEBUG - Clip to [94.000, 18.000, 96.000, 20.000] (epsg:4326))
2026-08-04 18:20:33,047 - snakemake_workflow - rasterdataset - DEBUG - Clip to [89.000, 25.000, 91.000, 27.000] (epsg:4326))
2026-08-04 18:20:33,170 - snakemake_workflow - rasterdataset - INFO - Reading population raster data from D:\GFM\inputs\exposure\ppp_2020_1km_Aggregated.tif
2026-08-04 18:20:33,294 - snakemake_workflow - rasterdataset - DEBUG - Clip to [127.000, 37.000, 129.000, 39.000] (epsg:4326))
2026-08-04 18:20:34,345 - snakemake_workflow - rasterdataset - INFO - Reading population raster data from D:\GFM\inputs\exposure\ppp_2020_1km_Aggregated.tif
2026-08-04 18:20:34,377 - snakemake_workflow - rasterdataset - DEBUG - Clip to [91.000, 21.000, 93.000, 23.000] (epsg:4326))
2026-08-04 18:20:36,877 - snakemake_workflow - rasterdataset - INFO - Reading population raster data from D:\GFM\inputs\exposure\ppp_2020_1km_Aggregated.tif
2026-08-04 18:20:36,919 - snakemake_workflow - rasterdataset - DEBUG - Clip to [138.000, 34.000, 140.000, 36.000] (epsg:4326))
2026-08-04 18:20:37,283 - snakemake_workflow - rasterdataset - INFO - Reading population raster data from D:\GFM\inputs\exposure\ppp_2020_1km_Aggregated.tif
2026-08-04 18:20:37,307 - snakemake_workflow - rasterdataset - DEBUG - Clip to [79.000, 12.000, 81.000, 16.000] (epsg:4326))
2026-08-04 18:20:37,577 - snakemake_workflow - rasterdataset - INFO - Reading population raster data from D:\GFM\inputs\exposure\ppp_2020_1km_Aggregated.tif
2026-08-04 18:20:37,747 - snakemake_workflow - rasterdataset - DEBUG - Clip to [127.000, 35.000, 130.000, 36.000] (epsg:4326))
2026-08-04 18:20:38,487 - snakemake_workflow - rasterdataset - INFO - Reading population raster data from D:\GFM\inputs\exposure\ppp_2020_1km_Aggregated.tif
2026-08-04 18:20:38,517 - snakemake_workflow - rasterdataset - INFO - Reading population raster data from D:\GFM\inputs\exposure\ppp_2020_1km_Aggregated.tif
2026-08-04 18:20:38,527 - snakemake_workflow - rasterdataset - DEBUG - Clip to [109.000, 18.000, 111.000, 22.000] (epsg:4326))
2026-08-04 18:20:38,632 - snakemake_workflow - rasterdataset - DEBUG - Clip to [114.000, 22.000, 117.000, 24.000] (epsg:4326))
2026-08-04 18:20:39,348 - snakemake_workflow - rasterdataset - INFO - Reading population raster data from D:\GFM\inputs\exposure\ppp_2020_1km_Aggregated.tif
2026-08-04 18:20:39,376 - snakemake_workflow - rasterdataset - DEBUG - Clip to [91.000, 24.000, 93.000, 26.000] (epsg:4326))
2026-08-04 18:20:39,597 - snakemake_workflow - rasterdataset - INFO - Reading population raster data from D:\GFM\inputs\exposure\ppp_2020_1km_Aggregated.tif
2026-08-04 18:20:39,646 - snakemake_workflow - rasterdataset - DEBUG - Clip to [127.000, 38.000, 129.000, 41.000] (epsg:4326))
2026-08-04 18:20:39,684 - snakemake_workflow - rasterdataset - INFO - Reading population raster data from D:\GFM\inputs\exposure\ppp_2020_1km_Aggregated.tif
2026-08-04 18:20:39,839 - snakemake_workflow - rasterdataset - DEBUG - Clip to [108.000, 14.000, 110.000, 16.000] (epsg:4326))
2026-08-04 18:20:41,024 - snakemake_workflow - rasterdataset - INFO - Reading population raster data from D:\GFM\inputs\exposure\ppp_2020_1km_Aggregated.tif
2026-08-04 18:20:41,060 - snakemake_workflow - rasterdataset - DEBUG - Clip to [139.000, 35.000, 141.000, 38.000] (epsg:4326))
2026-08-04 18:20:41,986 - snakemake_workflow - rasterdataset - INFO - Reading population raster data from D:\GFM\inputs\exposure\ppp_2020_1km_Aggregated.tif
2026-08-04 18:20:42,014 - snakemake_workflow - rasterdataset - DEBUG - Clip to [119.000, 35.000, 121.000, 37.000] (epsg:4326))
2026-08-04 18:20:42,907 - snakemake_workflow - rasterdataset - INFO - Reading population raster data from D:\GFM\inputs\exposure\ppp_2020_1km_Aggregated.tif
2026-08-04 18:20:42,943 - snakemake_workflow - rasterdataset - DEBUG - Clip to [108.000, 11.000, 110.000, 15.000] (epsg:4326))
2026-08-04 18:20:43,606 - snakemake_workflow - rasterdataset - INFO - Reading population raster data from D:\GFM\inputs\exposure\ppp_2020_1km_Aggregated.tif
2026-08-04 18:20:43,644 - snakemake_workflow - rasterdataset - DEBUG - Clip to [140.000, 42.000, 142.000, 44.000] (epsg:4326))
2026-08-04 18:20:43,940 - snakemake_workflow - rasterdataset - INFO - Reading population raster data from D:\GFM\inputs\exposure\ppp_2020_1km_Aggregated.tif
2026-08-04 18:20:43,980 - snakemake_workflow - rasterdataset - DEBUG - Clip to [120.000, 36.000, 122.000, 38.000] (epsg:4326))
2026-08-04 18:20:44,587 - snakemake_workflow - rasterdataset - INFO - Reading population raster data from D:\GFM\inputs\exposure\ppp_2020_1km_Aggregated.tif
2026-08-04 18:20:44,652 - snakemake_workflow - rasterdataset - DEBUG - Clip to [121.000, 39.000, 125.000, 41.000] (epsg:4326))
2026-08-04 18:20:45,465 - snakemake_workflow - rasterdataset - INFO - Reading population raster data from D:\GFM\inputs\exposure\ppp_2020_1km_Aggregated.tif
2026-08-04 18:20:45,506 - snakemake_workflow - rasterdataset - DEBUG - Clip to [68.000, 24.000, 70.000, 26.000] (epsg:4326))
2026-08-04 18:20:45,909 - snakemake_workflow - rasterdataset - INFO - Reading population raster data from D:\GFM\inputs\exposure\ppp_2020_1km_Aggregated.tif
2026-08-04 18:20:46,079 - snakemake_workflow - rasterdataset - DEBUG - Clip to [132.000, 35.000, 134.000, 37.000] (epsg:4326))
2026-08-04 18:20:46,271 - snakemake_workflow - rasterdataset - INFO - Reading population raster data from D:\GFM\inputs\exposure\ppp_2020_1km_Aggregated.tif
2026-08-04 18:20:46,323 - snakemake_workflow - rasterdataset - DEBUG - Clip to [135.000, 54.000, 137.000, 56.000] (epsg:4326))
2026-08-04 18:20:47,126 - snakemake_workflow - rasterdataset - INFO - Reading population raster data from D:\GFM\inputs\exposure\ppp_2020_1km_Aggregated.tif
2026-08-04 18:20:47,169 - snakemake_workflow - rasterdataset - DEBUG - Clip to [138.000, 37.000, 140.000, 39.000] (epsg:4326))
2026-08-04 18:20:47,828 - snakemake_workflow - rasterdataset - INFO - Reading population raster data from D:\GFM\inputs\exposure\ppp_2020_1km_Aggregated.tif
2026-08-04 18:20:47,870 - snakemake_workflow - rasterdataset - DEBUG - Clip to [72.000, 18.000, 74.000, 21.000] (epsg:4326))
2026-08-04 18:20:48,601 - snakemake_workflow - rasterdataset - INFO - Reading population raster data from D:\GFM\inputs\exposure\ppp_2020_1km_Aggregated.tif
2026-08-04 18:20:48,658 - snakemake_workflow - rasterdataset - DEBUG - Clip to [161.000, 54.000, 163.000, 57.000] (epsg:4326))
2026-08-04 18:20:49,496 - snakemake_workflow - rasterdataset - INFO - Reading population raster data from D:\GFM\inputs\exposure\ppp_2020_1km_Aggregated.tif
2026-08-04 18:20:49,544 - snakemake_workflow - rasterdataset - DEBUG - Clip to [137.000, 34.000, 139.000, 36.000] (epsg:4326))
2026-08-04 18:20:49,701 - snakemake_workflow - rasterdataset - INFO - Reading population raster data from D:\GFM\inputs\exposure\ppp_2020_1km_Aggregated.tif
2026-08-04 18:20:49,758 - snakemake_workflow - rasterdataset - DEBUG - Clip to [165.000, 59.000, 167.000, 61.000] (epsg:4326))
2026-08-04 18:20:50,210 - snakemake_workflow - rasterdataset - INFO - Reading population raster data from D:\GFM\inputs\exposure\ppp_2020_1km_Aggregated.tif
2026-08-04 18:20:50,272 - snakemake_workflow - rasterdataset - DEBUG - Clip to [56.000, 23.000, 58.000, 25.000] (epsg:4326))
2026-08-04 18:20:50,919 - snakemake_workflow - rasterdataset - INFO - Reading population raster data from D:\GFM\inputs\exposure\ppp_2020_1km_Aggregated.tif
2026-08-04 18:20:50,959 - snakemake_workflow - rasterdataset - DEBUG - Clip to [172.000, 64.000, 176.000, 66.000] (epsg:4326))
2026-08-04 18:20:51,325 - snakemake_workflow - rasterdataset - INFO - Reading population raster data from D:\GFM\inputs\exposure\ppp_2020_1km_Aggregated.tif
2026-08-04 18:20:51,363 - snakemake_workflow - rasterdataset - DEBUG - Clip to [67.000, 23.000, 69.000, 25.000] (epsg:4326))
2026-08-04 18:20:52,381 - snakemake_workflow - rasterdataset - INFO - Reading population raster data from D:\GFM\inputs\exposure\ppp_2020_1km_Aggregated.tif
2026-08-04 18:20:52,434 - snakemake_workflow - rasterdataset - DEBUG - Clip to [38.000, -9.000, 40.000, -5.000] (epsg:4326))
2026-08-04 18:20:53,730 - snakemake_workflow - rasterdataset - INFO - Reading population raster data from D:\GFM\inputs\exposure\ppp_2020_1km_Aggregated.tif
2026-08-04 18:20:53,773 - snakemake_workflow - rasterdataset - DEBUG - Clip to [42.000, 11.000, 44.000, 13.000] (epsg:4326))
2026-08-04 18:20:53,904 - snakemake_workflow - rasterdataset - INFO - Reading population raster data from D:\GFM\inputs\exposure\ppp_2020_1km_Aggregated.tif
2026-08-04 18:20:54,090 - snakemake_workflow - rasterdataset - DEBUG - Clip to [51.000, 23.000, 55.000, 25.000] (epsg:4326))
2026-08-04 18:20:54,228 - snakemake_workflow - rasterdataset - INFO - Reading population raster data from D:\GFM\inputs\exposure\ppp_2020_1km_Aggregated.tif
2026-08-04 18:20:54,332 - snakemake_workflow - rasterdataset - DEBUG - Clip to [27.000, 41.000, 29.000, 44.000] (epsg:4326))
2026-08-04 18:20:54,442 - snakemake_workflow - rasterdataset - INFO - Reading population raster data from D:\GFM\inputs\exposure\ppp_2020_1km_Aggregated.tif
2026-08-04 18:20:54,587 - snakemake_workflow - rasterdataset - DEBUG - Clip to [44.000, 31.000, 46.000, 33.000] (epsg:4326))
2026-08-04 18:20:55,363 - snakemake_workflow - rasterdataset - INFO - Reading population raster data from D:\GFM\inputs\exposure\ppp_2020_1km_Aggregated.tif
2026-08-04 18:20:55,407 - snakemake_workflow - rasterdataset - DEBUG - Clip to [141.000, 44.000, 143.000, 48.000] (epsg:4326))
2026-08-04 18:20:55,523 - snakemake_workflow - rasterdataset - INFO - Reading population raster data from D:\GFM\inputs\exposure\ppp_2020_1km_Aggregated.tif
2026-08-04 18:20:55,660 - snakemake_workflow - rasterdataset - DEBUG - Clip to [68.000, 25.000, 70.000, 27.000] (epsg:4326))
2026-08-04 18:20:58,038 - snakemake_workflow - rasterdataset - INFO - Reading population raster data from D:\GFM\inputs\exposure\ppp_2020_1km_Aggregated.tif
2026-08-04 18:20:58,078 - snakemake_workflow - rasterdataset - DEBUG - Clip to [41.000, 16.000, 43.000, 18.000] (epsg:4326))
2026-08-04 18:20:59,021 - snakemake_workflow - rasterdataset - INFO - Reading population raster data from D:\GFM\inputs\exposure\ppp_2020_1km_Aggregated.tif
2026-08-04 18:20:59,081 - snakemake_workflow - rasterdataset - DEBUG - Clip to [137.000, 55.000, 139.000, 57.000] (epsg:4326))
2026-08-04 18:21:00,098 - snakemake_workflow - rasterdataset - INFO - Reading population raster data from D:\GFM\inputs\exposure\ppp_2020_1km_Aggregated.tif
2026-08-04 18:21:00,121 - snakemake_workflow - rasterdataset - DEBUG - Clip to [163.000, 61.000, 165.000, 63.000] (epsg:4326))
2026-08-04 18:21:00,630 - snakemake_workflow - rasterdataset - INFO - Reading population raster data from D:\GFM\inputs\exposure\ppp_2020_1km_Aggregated.tif
2026-08-04 18:21:00,666 - snakemake_workflow - rasterdataset - DEBUG - Clip to [28.000, 40.000, 30.000, 42.000] (epsg:4326))
2026-08-04 18:21:01,459 - snakemake_workflow - rasterdataset - INFO - Reading population raster data from D:\GFM\inputs\exposure\ppp_2020_1km_Aggregated.tif
2026-08-04 18:21:01,497 - snakemake_workflow - rasterdataset - DEBUG - Clip to [27.000, 36.000, 29.000, 38.000] (epsg:4326))
2026-08-04 18:21:02,040 - snakemake_workflow - rasterdataset - INFO - Reading population raster data from D:\GFM\inputs\exposure\ppp_2020_1km_Aggregated.tif
2026-08-04 18:21:02,079 - snakemake_workflow - rasterdataset - DEBUG - Clip to [170.000, 64.000, 173.000, 66.000] (epsg:4326))
2026-08-04 18:21:02,329 - snakemake_workflow - rasterdataset - INFO - Reading population raster data from D:\GFM\inputs\exposure\ppp_2020_1km_Aggregated.tif
2026-08-04 18:21:02,378 - snakemake_workflow - rasterdataset - DEBUG - Clip to [175.000, 64.000, 178.000, 66.000] (epsg:4326))
2026-08-04 18:21:02,574 - snakemake_workflow - rasterdataset - INFO - Reading population raster data from D:\GFM\inputs\exposure\ppp_2020_1km_Aggregated.tif
2026-08-04 18:21:02,611 - snakemake_workflow - rasterdataset - DEBUG - Clip to [12.000, 37.000, 15.000, 39.000] (epsg:4326))
2026-08-04 18:21:02,966 - snakemake_workflow - rasterdataset - INFO - Reading population raster data from D:\GFM\inputs\exposure\ppp_2020_1km_Aggregated.tif
2026-08-04 18:21:03,013 - snakemake_workflow - rasterdataset - DEBUG - Clip to [47.000, 30.000, 50.000, 32.000] (epsg:4326))
2026-08-04 18:21:03,857 - snakemake_workflow - rasterdataset - INFO - Reading population raster data from D:\GFM\inputs\exposure\ppp_2020_1km_Aggregated.tif
2026-08-04 18:21:03,889 - snakemake_workflow - rasterdataset - DEBUG - Clip to [15.000, 37.000, 17.000, 39.000] (epsg:4326))
2026-08-04 18:21:03,942 - snakemake_workflow - rasterdataset - INFO - Reading population raster data from D:\GFM\inputs\exposure\ppp_2020_1km_Aggregated.tif
2026-08-04 18:21:03,942 - snakemake_workflow - rasterdataset - INFO - Reading population raster data from D:\GFM\inputs\exposure\ppp_2020_1km_Aggregated.tif
2026-08-04 18:21:04,066 - snakemake_workflow - rasterdataset - DEBUG - Clip to [141.000, 47.000, 143.000, 49.000] (epsg:4326))
2026-08-04 18:21:04,077 - snakemake_workflow - rasterdataset - DEBUG - Clip to [164.000, 59.000, 166.000, 61.000] (epsg:4326))
2026-08-04 18:21:05,173 - snakemake_workflow - rasterdataset - INFO - Reading population raster data from D:\GFM\inputs\exposure\ppp_2020_1km_Aggregated.tif
2026-08-04 18:21:05,207 - snakemake_workflow - rasterdataset - DEBUG - Clip to [27.000, 40.000, 29.000, 42.000] (epsg:4326))
2026-08-04 18:21:06,092 - snakemake_workflow - rasterdataset - INFO - Reading population raster data from D:\GFM\inputs\exposure\ppp_2020_1km_Aggregated.tif
2026-08-04 18:21:06,123 - snakemake_workflow - rasterdataset - DEBUG - Clip to [8.000, 37.000, 10.000, 40.000] (epsg:4326))
2026-08-04 18:21:06,683 - snakemake_workflow - rasterdataset - INFO - Reading population raster data from D:\GFM\inputs\exposure\ppp_2020_1km_Aggregated.tif
2026-08-04 18:21:06,713 - snakemake_workflow - rasterdataset - DEBUG - Clip to [11.000, 44.000, 15.000, 46.000] (epsg:4326))
2026-08-04 18:21:07,284 - snakemake_workflow - rasterdataset - INFO - Reading population raster data from D:\GFM\inputs\exposure\ppp_2020_1km_Aggregated.tif
2026-08-04 18:21:07,318 - snakemake_workflow - rasterdataset - DEBUG - Clip to [17.000, 39.000, 20.000, 41.000] (epsg:4326))
2026-08-04 18:21:07,487 - snakemake_workflow - rasterdataset - INFO - Reading population raster data from D:\GFM\inputs\exposure\ppp_2020_1km_Aggregated.tif
2026-08-04 18:21:07,645 - snakemake_workflow - rasterdataset - DEBUG - Clip to [10.000, 33.000, 12.000, 36.000] (epsg:4326))
2026-08-04 18:21:08,068 - snakemake_workflow - rasterdataset - INFO - Reading population raster data from D:\GFM\inputs\exposure\ppp_2020_1km_Aggregated.tif
2026-08-04 18:21:08,103 - snakemake_workflow - rasterdataset - DEBUG - Clip to [6.000, 36.000, 10.000, 38.000] (epsg:4326))
2026-08-04 18:21:08,416 - snakemake_workflow - rasterdataset - INFO - Reading population raster data from D:\GFM\inputs\exposure\ppp_2020_1km_Aggregated.tif
2026-08-04 18:21:08,445 - snakemake_workflow - rasterdataset - DEBUG - Clip to [32.000, 28.000, 34.000, 30.000] (epsg:4326))
2026-08-04 18:21:09,693 - snakemake_workflow - rasterdataset - INFO - Reading population raster data from D:\GFM\inputs\exposure\ppp_2020_1km_Aggregated.tif
2026-08-04 18:21:09,759 - snakemake_workflow - rasterdataset - DEBUG - Clip to [-7.000, 36.000, -5.000, 38.000] (epsg:4326))
2026-08-04 18:21:11,061 - snakemake_workflow - rasterdataset - INFO - Reading population raster data from D:\GFM\inputs\exposure\ppp_2020_1km_Aggregated.tif
2026-08-04 18:21:11,113 - snakemake_workflow - rasterdataset - DEBUG - Clip to [36.000, 45.000, 38.000, 47.000] (epsg:4326))
2026-08-04 18:21:12,109 - snakemake_workflow - rasterdataset - INFO - Reading population raster data from D:\GFM\inputs\exposure\ppp_2020_1km_Aggregated.tif
2026-08-04 18:21:12,158 - snakemake_workflow - rasterdataset - DEBUG - Clip to [34.000, -22.000, 36.000, -18.000] (epsg:4326))
2026-08-04 18:21:12,630 - snakemake_workflow - rasterdataset - INFO - Reading population raster data from D:\GFM\inputs\exposure\ppp_2020_1km_Aggregated.tif
2026-08-04 18:21:12,810 - snakemake_workflow - rasterdataset - DEBUG - Clip to [28.000, 30.000, 31.000, 32.000] (epsg:4326))
2026-08-04 18:21:13,767 - snakemake_workflow - rasterdataset - INFO - Reading population raster data from D:\GFM\inputs\exposure\ppp_2020_1km_Aggregated.tif
2026-08-04 18:21:13,822 - snakemake_workflow - rasterdataset - DEBUG - Clip to [37.000, 44.000, 39.000, 45.000] (epsg:4326))
2026-08-04 18:21:14,013 - snakemake_workflow - rasterdataset - INFO - Reading population raster data from D:\GFM\inputs\exposure\ppp_2020_1km_Aggregated.tif
2026-08-04 18:21:14,064 - snakemake_workflow - rasterdataset - DEBUG - Clip to [-2.000, 46.000, 0.000, 48.000] (epsg:4326))
2026-08-04 18:21:14,440 - snakemake_workflow - rasterdataset - INFO - Reading population raster data from D:\GFM\inputs\exposure\ppp_2020_1km_Aggregated.tif
2026-08-04 18:21:14,489 - snakemake_workflow - rasterdataset - DEBUG - Clip to [35.000, 45.000, 37.000, 47.000] (epsg:4326))
2026-08-04 18:21:14,587 - snakemake_workflow - rasterdataset - INFO - Reading population raster data from D:\GFM\inputs\exposure\ppp_2020_1km_Aggregated.tif
2026-08-04 18:21:14,733 - snakemake_workflow - rasterdataset - DEBUG - Clip to [12.000, 42.000, 14.000, 44.000] (epsg:4326))
2026-08-04 18:21:15,819 - snakemake_workflow - rasterdataset - INFO - Reading population raster data from D:\GFM\inputs\exposure\ppp_2020_1km_Aggregated.tif
2026-08-04 18:21:15,898 - snakemake_workflow - rasterdataset - DEBUG - Clip to [37.000, 46.000, 39.000, 48.000] (epsg:4326))
2026-08-04 18:21:16,198 - snakemake_workflow - rasterdataset - INFO - Reading population raster data from D:\GFM\inputs\exposure\ppp_2020_1km_Aggregated.tif
2026-08-04 18:21:16,267 - snakemake_workflow - rasterdataset - DEBUG - Clip to [37.000, 40.000, 41.000, 42.000] (epsg:4326))
2026-08-04 18:21:17,380 - snakemake_workflow - rasterdataset - INFO - Reading population raster data from D:\GFM\inputs\exposure\ppp_2020_1km_Aggregated.tif
2026-08-04 18:21:17,435 - snakemake_workflow - rasterdataset - DEBUG - Clip to [32.000, 45.000, 34.000, 47.000] (epsg:4326))
2026-08-04 18:21:17,881 - snakemake_workflow - rasterdataset - INFO - Reading population raster data from D:\GFM\inputs\exposure\ppp_2020_1km_Aggregated.tif
2026-08-04 18:21:17,953 - snakemake_workflow - rasterdataset - DEBUG - Clip to [-4.000, 35.000, -2.000, 37.000] (epsg:4326))
2026-08-04 18:21:18,431 - snakemake_workflow - rasterdataset - INFO - Reading population raster data from D:\GFM\inputs\exposure\ppp_2020_1km_Aggregated.tif
2026-08-04 18:21:18,488 - snakemake_workflow - rasterdataset - DEBUG - Clip to [11.000, 41.000, 13.000, 43.000] (epsg:4326))
2026-08-04 18:21:19,697 - snakemake_workflow - rasterdataset - INFO - Reading population raster data from D:\GFM\inputs\exposure\ppp_2020_1km_Aggregated.tif
2026-08-04 18:21:19,741 - snakemake_workflow - rasterdataset - DEBUG - Clip to [-3.000, 46.000, -1.000, 49.000] (epsg:4326))
2026-08-04 18:21:19,819 - snakemake_workflow - rasterdataset - INFO - Reading population raster data from D:\GFM\inputs\exposure\ppp_2020_1km_Aggregated.tif
2026-08-04 18:21:19,955 - snakemake_workflow - rasterdataset - DEBUG - Clip to [-15.000, 15.000, -13.000, 17.000] (epsg:4326))
2026-08-04 18:21:20,136 - snakemake_workflow - rasterdataset - INFO - Reading population raster data from D:\GFM\inputs\exposure\ppp_2020_1km_Aggregated.tif
2026-08-04 18:21:20,449 - snakemake_workflow - rasterdataset - DEBUG - Clip to [22.000, -35.000, 26.000, -33.000] (epsg:4326))
2026-08-04 18:21:21,331 - snakemake_workflow - rasterdataset - INFO - Reading population raster data from D:\GFM\inputs\exposure\ppp_2020_1km_Aggregated.tif
2026-08-04 18:21:21,375 - snakemake_workflow - rasterdataset - DEBUG - Clip to [12.000, 43.000, 14.000, 45.000] (epsg:4326))
2026-08-04 18:21:21,567 - snakemake_workflow - rasterdataset - INFO - Reading population raster data from D:\GFM\inputs\exposure\ppp_2020_1km_Aggregated.tif
2026-08-04 18:21:21,622 - snakemake_workflow - rasterdataset - INFO - Reading population raster data from D:\GFM\inputs\exposure\ppp_2020_1km_Aggregated.tif
2026-08-04 18:21:21,660 - snakemake_workflow - rasterdataset - DEBUG - Clip to [2.000, 50.000, 4.000, 52.000] (epsg:4326))
2026-08-04 18:21:21,667 - snakemake_workflow - rasterdataset - INFO - Reading population raster data from D:\GFM\inputs\exposure\ppp_2020_1km_Aggregated.tif
2026-08-04 18:21:21,673 - snakemake_workflow - rasterdataset - DEBUG - Clip to [-7.000, 35.000, -3.000, 37.000] (epsg:4326))
2026-08-04 18:21:21,739 - snakemake_workflow - rasterdataset - DEBUG - Clip to [-9.000, 36.000, -6.000, 38.000] (epsg:4326))
2026-08-04 18:21:22,642 - snakemake_workflow - rasterdataset - INFO - Reading population raster data from D:\GFM\inputs\exposure\ppp_2020_1km_Aggregated.tif
2026-08-04 18:21:22,700 - snakemake_workflow - rasterdataset - DEBUG - Clip to [-3.000, 35.000, -1.000, 37.000] (epsg:4326))
2026-08-04 18:21:22,823 - snakemake_workflow - rasterdataset - INFO - Reading population raster data from D:\GFM\inputs\exposure\ppp_2020_1km_Aggregated.tif
2026-08-04 18:21:22,872 - snakemake_workflow - rasterdataset - DEBUG - Clip to [8.000, 39.000, 10.000, 43.000] (epsg:4326))
2026-08-04 18:21:24,112 - snakemake_workflow - rasterdataset - INFO - Reading population raster data from D:\GFM\inputs\exposure\ppp_2020_1km_Aggregated.tif
2026-08-04 18:21:24,171 - snakemake_workflow - rasterdataset - DEBUG - Clip to [-16.000, 10.000, -14.000, 12.000] (epsg:4326))
2026-08-04 18:21:24,434 - snakemake_workflow - rasterdataset - INFO - Reading population raster data from D:\GFM\inputs\exposure\ppp_2020_1km_Aggregated.tif
2026-08-04 18:21:24,472 - snakemake_workflow - rasterdataset - INFO - Reading population raster data from D:\GFM\inputs\exposure\ppp_2020_1km_Aggregated.tif
2026-08-04 18:21:24,479 - snakemake_workflow - rasterdataset - DEBUG - Clip to [37.000, 45.000, 39.000, 47.000] (epsg:4326))
2026-08-04 18:21:24,524 - snakemake_workflow - rasterdataset - DEBUG - Clip to [-5.000, 47.000, -2.000, 49.000] (epsg:4326))
2026-08-04 18:21:25,067 - snakemake_workflow - rasterdataset - INFO - Reading population raster data from D:\GFM\inputs\exposure\ppp_2020_1km_Aggregated.tif
2026-08-04 18:21:25,112 - snakemake_workflow - rasterdataset - DEBUG - Clip to [-9.000, 51.000, -7.000, 53.000] (epsg:4326))
2026-08-04 18:21:25,373 - snakemake_workflow - rasterdataset - INFO - Reading population raster data from D:\GFM\inputs\exposure\ppp_2020_1km_Aggregated.tif
2026-08-04 18:21:25,416 - snakemake_workflow - rasterdataset - DEBUG - Clip to [4.000, 50.000, 6.000, 52.000] (epsg:4326))
2026-08-04 18:21:25,699 - snakemake_workflow - rasterdataset - INFO - Reading population raster data from D:\GFM\inputs\exposure\ppp_2020_1km_Aggregated.tif
2026-08-04 18:21:25,735 - snakemake_workflow - rasterdataset - DEBUG - Clip to [-7.000, 34.000, -5.000, 36.000] (epsg:4326))
2026-08-04 18:21:26,737 - snakemake_workflow - rasterdataset - INFO - Reading population raster data from D:\GFM\inputs\exposure\ppp_2020_1km_Aggregated.tif
2026-08-04 18:21:26,780 - snakemake_workflow - rasterdataset - DEBUG - Clip to [-2.000, 43.000, 0.000, 47.000] (epsg:4326))
2026-08-04 18:21:26,928 - snakemake_workflow - rasterdataset - INFO - Reading population raster data from D:\GFM\inputs\exposure\ppp_2020_1km_Aggregated.tif
2026-08-04 18:21:27,065 - snakemake_workflow - rasterdataset - DEBUG - Clip to [15.000, 58.000, 17.000, 60.000] (epsg:4326))
2026-08-04 18:21:28,394 - snakemake_workflow - rasterdataset - INFO - Reading population raster data from D:\GFM\inputs\exposure\ppp_2020_1km_Aggregated.tif
2026-08-04 18:21:28,422 - snakemake_workflow - rasterdataset - DEBUG - Clip to [24.000, 59.000, 26.000, 61.000] (epsg:4326))
2026-08-04 18:21:28,495 - snakemake_workflow - rasterdataset - INFO - Reading population raster data from D:\GFM\inputs\exposure\ppp_2020_1km_Aggregated.tif
2026-08-04 18:21:28,588 - snakemake_workflow - rasterdataset - INFO - Reading population raster data from D:\GFM\inputs\exposure\ppp_2020_1km_Aggregated.tif
2026-08-04 18:21:28,686 - snakemake_workflow - rasterdataset - INFO - Reading population raster data from D:\GFM\inputs\exposure\ppp_2020_1km_Aggregated.tif
2026-08-04 18:21:28,700 - snakemake_workflow - rasterdataset - DEBUG - Clip to [-14.000, 15.000, -12.000, 17.000] (epsg:4326))
2026-08-04 18:21:28,753 - snakemake_workflow - rasterdataset - DEBUG - Clip to [11.000, 64.000, 13.000, 66.000] (epsg:4326))
2026-08-04 18:21:28,763 - snakemake_workflow - rasterdataset - DEBUG - Clip to [-9.000, 55.000, -5.000, 56.000] (epsg:4326))
2026-08-04 18:21:29,038 - snakemake_workflow - rasterdataset - INFO - Reading population raster data from D:\GFM\inputs\exposure\ppp_2020_1km_Aggregated.tif
2026-08-04 18:21:29,063 - snakemake_workflow - rasterdataset - DEBUG - Clip to [-18.000, 14.000, -16.000, 16.000] (epsg:4326))
2026-08-04 18:21:29,625 - snakemake_workflow - rasterdataset - INFO - Reading population raster data from D:\GFM\inputs\exposure\ppp_2020_1km_Aggregated.tif
2026-08-04 18:21:29,643 - snakemake_workflow - rasterdataset - DEBUG - Clip to [-4.000, 58.000, -2.000, 60.000] (epsg:4326))
2026-08-04 18:21:30,733 - snakemake_workflow - rasterdataset - INFO - Reading population raster data from D:\GFM\inputs\exposure\ppp_2020_1km_Aggregated.tif
2026-08-04 18:21:30,759 - snakemake_workflow - rasterdataset - DEBUG - Clip to [1.000, 50.000, 3.000, 52.000] (epsg:4326))
2026-08-04 18:21:32,032 - snakemake_workflow - rasterdataset - INFO - Reading population raster data from D:\GFM\inputs\exposure\ppp_2020_1km_Aggregated.tif
2026-08-04 18:21:32,053 - snakemake_workflow - rasterdataset - DEBUG - Clip to [19.000, 59.000, 21.000, 61.000] (epsg:4326))
2026-08-04 18:21:32,542 - snakemake_workflow - rasterdataset - INFO - Reading population raster data from D:\GFM\inputs\exposure\ppp_2020_1km_Aggregated.tif
2026-08-04 18:21:32,568 - snakemake_workflow - rasterdataset - DEBUG - Clip to [1.000, 50.000, 5.000, 51.000] (epsg:4326))
2026-08-04 18:21:32,885 - snakemake_workflow - rasterdataset - INFO - Reading population raster data from D:\GFM\inputs\exposure\ppp_2020_1km_Aggregated.tif
2026-08-04 18:21:32,914 - snakemake_workflow - rasterdataset - DEBUG - Clip to [9.000, 2.000, 11.000, 4.000] (epsg:4326))
2026-08-04 18:21:32,952 - snakemake_workflow - rasterdataset - INFO - Reading population raster data from D:\GFM\inputs\exposure\ppp_2020_1km_Aggregated.tif
2026-08-04 18:21:33,056 - snakemake_workflow - rasterdataset - DEBUG - Clip to [7.000, 57.000, 9.000, 59.000] (epsg:4326))
2026-08-04 18:21:33,243 - snakemake_workflow - rasterdataset - INFO - Reading population raster data from D:\GFM\inputs\exposure\ppp_2020_1km_Aggregated.tif
2026-08-04 18:21:33,387 - snakemake_workflow - rasterdataset - INFO - Reading population raster data from D:\GFM\inputs\exposure\ppp_2020_1km_Aggregated.tif
2026-08-04 18:21:33,409 - snakemake_workflow - rasterdataset - DEBUG - Clip to [9.000, -3.000, 11.000, 1.000] (epsg:4326))
2026-08-04 18:21:33,417 - snakemake_workflow - rasterdataset - DEBUG - Clip to [30.000, 58.000, 32.000, 60.000] (epsg:4326))
2026-08-04 18:21:33,537 - snakemake_workflow - rasterdataset - INFO - Reading population raster data from D:\GFM\inputs\exposure\ppp_2020_1km_Aggregated.tif
2026-08-04 18:21:33,597 - snakemake_workflow - rasterdataset - INFO - Reading population raster data from D:\GFM\inputs\exposure\ppp_2020_1km_Aggregated.tif
2026-08-04 18:21:33,710 - snakemake_workflow - rasterdataset - DEBUG - Clip to [23.000, 70.000, 27.000, 72.000] (epsg:4326))
2026-08-04 18:21:33,788 - snakemake_workflow - rasterdataset - DEBUG - Clip to [36.000, 63.000, 39.000, 65.000] (epsg:4326))
2026-08-04 18:21:33,882 - snakemake_workflow - rasterdataset - INFO - Reading population raster data from D:\GFM\inputs\exposure\ppp_2020_1km_Aggregated.tif
2026-08-04 18:21:33,989 - snakemake_workflow - rasterdataset - DEBUG - Clip to [26.000, 59.000, 28.000, 61.000] (epsg:4326))
2026-08-04 18:21:36,308 - snakemake_workflow - rasterdataset - INFO - Reading population raster data from D:\GFM\inputs\exposure\ppp_2020_1km_Aggregated.tif
2026-08-04 18:21:36,332 - snakemake_workflow - rasterdataset - DEBUG - Clip to [23.000, 56.000, 25.000, 58.000] (epsg:4326))
2026-08-04 18:21:36,485 - snakemake_workflow - rasterdataset - INFO - Reading population raster data from D:\GFM\inputs\exposure\ppp_2020_1km_Aggregated.tif
2026-08-04 18:21:36,623 - snakemake_workflow - rasterdataset - INFO - Reading population raster data from D:\GFM\inputs\exposure\ppp_2020_1km_Aggregated.tif
2026-08-04 18:21:36,635 - snakemake_workflow - rasterdataset - DEBUG - Clip to [5.000, 58.000, 7.000, 60.000] (epsg:4326))
2026-08-04 18:21:36,905 - snakemake_workflow - rasterdataset - DEBUG - Clip to [8.000, 3.000, 11.000, 5.000] (epsg:4326))
2026-08-04 18:21:37,363 - snakemake_workflow - rasterdataset - INFO - Reading population raster data from D:\GFM\inputs\exposure\ppp_2020_1km_Aggregated.tif
2026-08-04 18:21:37,387 - snakemake_workflow - rasterdataset - DEBUG - Clip to [18.000, 69.000, 22.000, 71.000] (epsg:4326))
2026-08-04 18:21:38,432 - snakemake_workflow - rasterdataset - INFO - Reading population raster data from D:\GFM\inputs\exposure\ppp_2020_1km_Aggregated.tif
2026-08-04 18:21:38,457 - snakemake_workflow - rasterdataset - DEBUG - Clip to [9.000, 1.000, 11.000, 3.000] (epsg:4326))
2026-08-04 18:21:40,114 - snakemake_workflow - rasterdataset - INFO - Reading population raster data from D:\GFM\inputs\exposure\ppp_2020_1km_Aggregated.tif
2026-08-04 18:21:40,148 - snakemake_workflow - rasterdataset - DEBUG - Clip to [4.000, 5.000, 6.000, 7.000] (epsg:4326))
2026-08-04 18:21:40,225 - snakemake_workflow - rasterdataset - INFO - Reading population raster data from D:\GFM\inputs\exposure\ppp_2020_1km_Aggregated.tif
2026-08-04 18:21:40,352 - snakemake_workflow - rasterdataset - INFO - Reading population raster data from D:\GFM\inputs\exposure\ppp_2020_1km_Aggregated.tif
2026-08-04 18:21:40,445 - snakemake_workflow - rasterdataset - DEBUG - Clip to [27.000, 59.000, 30.000, 61.000] (epsg:4326))
2026-08-04 18:21:40,546 - snakemake_workflow - rasterdataset - DEBUG - Clip to [26.000, 70.000, 28.000, 72.000] (epsg:4326))
2026-08-04 18:21:40,962 - snakemake_workflow - rasterdataset - INFO - Reading population raster data from D:\GFM\inputs\exposure\ppp_2020_1km_Aggregated.tif
2026-08-04 18:21:41,022 - snakemake_workflow - rasterdataset - DEBUG - Clip to [38.000, 63.000, 40.000, 65.000] (epsg:4326))
2026-08-04 18:21:41,444 - snakemake_workflow - rasterdataset - INFO - Reading population raster data from D:\GFM\inputs\exposure\ppp_2020_1km_Aggregated.tif
2026-08-04 18:21:41,483 - snakemake_workflow - rasterdataset - DEBUG - Clip to [50.000, 67.000, 52.000, 69.000] (epsg:4326))
2026-08-04 18:21:41,573 - snakemake_workflow - rasterdataset - INFO - Reading population raster data from D:\GFM\inputs\exposure\ppp_2020_1km_Aggregated.tif
2026-08-04 18:21:41,732 - snakemake_workflow - rasterdataset - DEBUG - Clip to [14.000, 67.000, 16.000, 69.000] (epsg:4326))
2026-08-04 18:21:42,566 - snakemake_workflow - rasterdataset - INFO - Reading population raster data from D:\GFM\inputs\exposure\ppp_2020_1km_Aggregated.tif
2026-08-04 18:21:42,592 - snakemake_workflow - rasterdataset - INFO - Reading population raster data from D:\GFM\inputs\exposure\ppp_2020_1km_Aggregated.tif
2026-08-04 18:21:42,601 - snakemake_workflow - rasterdataset - DEBUG - Clip to [25.000, 59.000, 27.000, 61.000] (epsg:4326))
2026-08-04 18:21:42,628 - snakemake_workflow - rasterdataset - DEBUG - Clip to [27.000, 70.000, 29.000, 72.000] (epsg:4326))
2026-08-04 18:21:43,911 - snakemake_workflow - rasterdataset - INFO - Reading population raster data from D:\GFM\inputs\exposure\ppp_2020_1km_Aggregated.tif
2026-08-04 18:21:43,945 - snakemake_workflow - rasterdataset - DEBUG - Clip to [9.000, 0.000, 11.000, 2.000] (epsg:4326))
2026-08-04 18:21:44,005 - snakemake_workflow - rasterdataset - INFO - Reading population raster data from D:\GFM\inputs\exposure\ppp_2020_1km_Aggregated.tif
2026-08-04 18:21:44,047 - snakemake_workflow - rasterdataset - DEBUG - Clip to [46.000, 66.000, 48.000, 68.000] (epsg:4326))
2026-08-04 18:21:44,587 - snakemake_workflow - rasterdataset - INFO - Reading population raster data from D:\GFM\inputs\exposure\ppp_2020_1km_Aggregated.tif
2026-08-04 18:21:44,644 - snakemake_workflow - rasterdataset - DEBUG - Clip to [53.000, 67.000, 55.000, 69.000] (epsg:4326))
2026-08-04 18:21:44,950 - snakemake_workflow - rasterdataset - INFO - Reading population raster data from D:\GFM\inputs\exposure\ppp_2020_1km_Aggregated.tif
2026-08-04 18:21:44,991 - snakemake_workflow - rasterdataset - DEBUG - Clip to [32.000, 66.000, 34.000, 70.000] (epsg:4326))
2026-08-04 18:21:44,997 - snakemake_workflow - rasterdataset - INFO - Reading population raster data from D:\GFM\inputs\exposure\ppp_2020_1km_Aggregated.tif
2026-08-04 18:21:45,145 - snakemake_workflow - rasterdataset - INFO - Reading population raster data from D:\GFM\inputs\exposure\ppp_2020_1km_Aggregated.tif
2026-08-04 18:21:45,165 - snakemake_workflow - rasterdataset - DEBUG - Clip to [21.000, 69.000, 23.000, 71.000] (epsg:4326))
2026-08-04 18:21:45,527 - snakemake_workflow - rasterdataset - DEBUG - Clip to [61.000, 68.000, 63.000, 70.000] (epsg:4326))
2026-08-04 18:21:45,776 - snakemake_workflow - rasterdataset - INFO - Reading population raster data from D:\GFM\inputs\exposure\ppp_2020_1km_Aggregated.tif
2026-08-04 18:21:45,884 - snakemake_workflow - rasterdataset - DEBUG - Clip to [64.000, 68.000, 67.000, 70.000] (epsg:4326))
2026-08-04 18:21:46,944 - snakemake_workflow - rasterdataset - INFO - Reading population raster data from D:\GFM\inputs\exposure\ppp_2020_1km_Aggregated.tif
2026-08-04 18:21:46,967 - snakemake_workflow - rasterdataset - DEBUG - Clip to [15.000, 67.000, 17.000, 69.000] (epsg:4326))
2026-08-04 18:21:47,098 - snakemake_workflow - rasterdataset - INFO - Reading population raster data from D:\GFM\inputs\exposure\ppp_2020_1km_Aggregated.tif
2026-08-04 18:21:47,128 - snakemake_workflow - rasterdataset - DEBUG - Clip to [51.000, 67.000, 53.000, 69.000] (epsg:4326))
2026-08-04 18:21:47,547 - snakemake_workflow - rasterdataset - INFO - Reading population raster data from D:\GFM\inputs\exposure\ppp_2020_1km_Aggregated.tif
2026-08-04 18:21:47,575 - snakemake_workflow - rasterdataset - DEBUG - Clip to [22.000, 69.000, 24.000, 71.000] (epsg:4326))
2026-08-04 18:21:49,204 - snakemake_workflow - rasterdataset - INFO - Reading population raster data from D:\GFM\inputs\exposure\ppp_2020_1km_Aggregated.tif
2026-08-04 18:21:49,249 - snakemake_workflow - rasterdataset - DEBUG - Clip to [45.000, 66.000, 49.000, 67.000] (epsg:4326))
2026-08-04 18:21:49,462 - snakemake_workflow - rasterdataset - INFO - Reading population raster data from D:\GFM\inputs\exposure\ppp_2020_1km_Aggregated.tif
2026-08-04 18:21:49,475 - snakemake_workflow - rasterdataset - INFO - Reading population raster data from D:\GFM\inputs\exposure\ppp_2020_1km_Aggregated.tif
2026-08-04 18:21:49,501 - snakemake_workflow - rasterdataset - DEBUG - Clip to [68.000, 71.000, 70.000, 73.000] (epsg:4326))
2026-08-04 18:21:49,512 - snakemake_workflow - rasterdataset - DEBUG - Clip to [66.000, 61.000, 68.000, 63.000] (epsg:4326))
2026-08-04 18:21:49,947 - snakemake_workflow - rasterdataset - INFO - Reading population raster data from D:\GFM\inputs\exposure\ppp_2020_1km_Aggregated.tif
2026-08-04 18:21:49,970 - snakemake_workflow - rasterdataset - DEBUG - Clip to [62.000, 68.000, 64.000, 70.000] (epsg:4326))
2026-08-04 18:21:50,635 - snakemake_workflow - rasterdataset - INFO - Reading population raster data from D:\GFM\inputs\exposure\ppp_2020_1km_Aggregated.tif
2026-08-04 18:21:50,668 - snakemake_workflow - rasterdataset - DEBUG - Clip to [60.000, 68.000, 62.000, 70.000] (epsg:4326))
2026-08-04 18:21:50,796 - snakemake_workflow - rasterdataset - INFO - Reading population raster data from D:\GFM\inputs\exposure\ppp_2020_1km_Aggregated.tif
2026-08-04 18:21:50,834 - snakemake_workflow - rasterdataset - DEBUG - Clip to [51.000, 65.000, 53.000, 68.000] (epsg:4326))
2026-08-04 18:21:52,047 - snakemake_workflow - rasterdataset - INFO - Reading population raster data from D:\GFM\inputs\exposure\ppp_2020_1km_Aggregated.tif
2026-08-04 18:21:52,075 - snakemake_workflow - rasterdataset - DEBUG - Clip to [58.000, 74.000, 60.000, 76.000] (epsg:4326))
2026-08-04 18:21:52,295 - snakemake_workflow - rasterdataset - INFO - Reading population raster data from D:\GFM\inputs\exposure\ppp_2020_1km_Aggregated.tif
2026-08-04 18:21:52,438 - snakemake_workflow - rasterdataset - DEBUG - Clip to [54.000, 73.000, 56.000, 75.000] (epsg:4326))
2026-08-04 18:21:52,781 - snakemake_workflow - rasterdataset - INFO - Reading population raster data from D:\GFM\inputs\exposure\ppp_2020_1km_Aggregated.tif
2026-08-04 18:21:52,920 - snakemake_workflow - rasterdataset - DEBUG - Clip to [63.000, 62.000, 65.000, 64.000] (epsg:4326))
2026-08-04 18:21:53,387 - snakemake_workflow - rasterdataset - INFO - Reading population raster data from D:\GFM\inputs\exposure\ppp_2020_1km_Aggregated.tif
2026-08-04 18:21:53,412 - snakemake_workflow - rasterdataset - DEBUG - Clip to [55.000, 70.000, 57.000, 74.000] (epsg:4326))
2026-08-04 18:21:53,996 - snakemake_workflow - rasterdataset - INFO - Reading population raster data from D:\GFM\inputs\exposure\ppp_2020_1km_Aggregated.tif
2026-08-04 18:21:54,031 - snakemake_workflow - rasterdataset - DEBUG - Clip to [82.000, 71.000, 86.000, 72.000] (epsg:4326))
2026-08-04 18:21:54,654 - snakemake_workflow - rasterdataset - INFO - Reading population raster data from D:\GFM\inputs\exposure\ppp_2020_1km_Aggregated.tif
2026-08-04 18:21:54,806 - snakemake_workflow - rasterdataset - DEBUG - Clip to [63.000, 75.000, 65.000, 77.000] (epsg:4326))
2026-08-04 18:21:54,920 - snakemake_workflow - rasterdataset - INFO - Reading population raster data from D:\GFM\inputs\exposure\ppp_2020_1km_Aggregated.tif
2026-08-04 18:21:55,054 - snakemake_workflow - rasterdataset - DEBUG - Clip to [69.000, 68.000, 72.000, 70.000] (epsg:4326))
2026-08-04 18:21:56,239 - snakemake_workflow - rasterdataset - INFO - Reading population raster data from D:\GFM\inputs\exposure\ppp_2020_1km_Aggregated.tif
2026-08-04 18:21:56,258 - snakemake_workflow - rasterdataset - INFO - Reading population raster data from D:\GFM\inputs\exposure\ppp_2020_1km_Aggregated.tif
2026-08-04 18:21:56,296 - snakemake_workflow - rasterdataset - DEBUG - Clip to [59.000, 74.000, 61.000, 76.000] (epsg:4326))
2026-08-04 18:21:56,301 - snakemake_workflow - rasterdataset - DEBUG - Clip to [63.000, 68.000, 65.000, 70.000] (epsg:4326))
2026-08-04 18:21:56,373 - snakemake_workflow - rasterdataset - INFO - Reading population raster data from D:\GFM\inputs\exposure\ppp_2020_1km_Aggregated.tif
2026-08-04 18:21:56,410 - snakemake_workflow - rasterdataset - DEBUG - Clip to [52.000, 67.000, 54.000, 69.000] (epsg:4326))
2026-08-04 18:21:57,187 - snakemake_workflow - rasterdataset - INFO - Reading population raster data from D:\GFM\inputs\exposure\ppp_2020_1km_Aggregated.tif
2026-08-04 18:21:57,229 - snakemake_workflow - rasterdataset - DEBUG - Clip to [65.000, 75.000, 67.000, 77.000] (epsg:4326))
2026-08-04 18:21:57,764 - snakemake_workflow - rasterdataset - INFO - Reading population raster data from D:\GFM\inputs\exposure\ppp_2020_1km_Aggregated.tif
2026-08-04 18:21:57,820 - snakemake_workflow - rasterdataset - DEBUG - Clip to [71.000, 71.000, 73.000, 73.000] (epsg:4326))
2026-08-04 18:21:57,965 - snakemake_workflow - rasterdataset - INFO - Reading population raster data from D:\GFM\inputs\exposure\ppp_2020_1km_Aggregated.tif
2026-08-04 18:21:58,008 - snakemake_workflow - rasterdataset - DEBUG - Clip to [93.000, 72.000, 95.000, 74.000] (epsg:4326))
2026-08-04 18:21:58,126 - snakemake_workflow - rasterdataset - INFO - Reading population raster data from D:\GFM\inputs\exposure\ppp_2020_1km_Aggregated.tif
2026-08-04 18:21:58,198 - snakemake_workflow - rasterdataset - INFO - Reading population raster data from D:\GFM\inputs\exposure\ppp_2020_1km_Aggregated.tif
2026-08-04 18:21:58,224 - snakemake_workflow - rasterdataset - DEBUG - Clip to [90.000, 72.000, 92.000, 74.000] (epsg:4326))
2026-08-04 18:21:58,242 - snakemake_workflow - rasterdataset - DEBUG - Clip to [95.000, 72.000, 97.000, 74.000] (epsg:4326))
2026-08-04 18:21:58,297 - snakemake_workflow - rasterdataset - INFO - Reading population raster data from D:\GFM\inputs\exposure\ppp_2020_1km_Aggregated.tif
2026-08-04 18:21:58,386 - snakemake_workflow - rasterdataset - DEBUG - Clip to [59.000, 75.000, 63.000, 77.000] (epsg:4326))
2026-08-04 18:21:59,512 - snakemake_workflow - rasterdataset - INFO - Reading population raster data from D:\GFM\inputs\exposure\ppp_2020_1km_Aggregated.tif
2026-08-04 18:21:59,539 - snakemake_workflow - rasterdataset - DEBUG - Clip to [52.000, 70.000, 56.000, 72.000] (epsg:4326))
2026-08-04 18:21:59,718 - snakemake_workflow - rasterdataset - INFO - Reading population raster data from D:\GFM\inputs\exposure\ppp_2020_1km_Aggregated.tif
2026-08-04 18:21:59,835 - snakemake_workflow - rasterdataset - DEBUG - Clip to [77.000, 65.000, 79.000, 67.000] (epsg:4326))
2026-08-04 18:22:02,356 - snakemake_workflow - rasterdataset - INFO - Reading population raster data from D:\GFM\inputs\exposure\ppp_2020_1km_Aggregated.tif
2026-08-04 18:22:02,384 - snakemake_workflow - rasterdataset - DEBUG - Clip to [64.000, 75.000, 66.000, 77.000] (epsg:4326))
2026-08-04 18:22:02,470 - snakemake_workflow - rasterdataset - INFO - Reading population raster data from D:\GFM\inputs\exposure\ppp_2020_1km_Aggregated.tif
2026-08-04 18:22:02,494 - snakemake_workflow - rasterdataset - DEBUG - Clip to [91.000, 75.000, 95.000, 77.000] (epsg:4326))
2026-08-04 18:22:02,665 - snakemake_workflow - rasterdataset - INFO - Reading population raster data from D:\GFM\inputs\exposure\ppp_2020_1km_Aggregated.tif
2026-08-04 18:22:02,691 - snakemake_workflow - rasterdataset - DEBUG - Clip to [95.000, 77.000, 97.000, 79.000] (epsg:4326))
2026-08-04 18:22:03,162 - snakemake_workflow - rasterdataset - INFO - Reading population raster data from D:\GFM\inputs\exposure\ppp_2020_1km_Aggregated.tif
2026-08-04 18:22:03,196 - snakemake_workflow - rasterdataset - DEBUG - Clip to [91.000, 72.000, 93.000, 74.000] (epsg:4326))
2026-08-04 18:22:03,235 - snakemake_workflow - rasterdataset - INFO - Reading population raster data from D:\GFM\inputs\exposure\ppp_2020_1km_Aggregated.tif
2026-08-04 18:22:03,268 - snakemake_workflow - rasterdataset - DEBUG - Clip to [90.000, 79.000, 92.000, 81.000] (epsg:4326))
2026-08-04 18:22:03,645 - snakemake_workflow - rasterdataset - INFO - Reading population raster data from D:\GFM\inputs\exposure\ppp_2020_1km_Aggregated.tif
2026-08-04 18:22:03,672 - snakemake_workflow - rasterdataset - DEBUG - Clip to [106.000, 72.000, 109.000, 74.000] (epsg:4326))
2026-08-04 18:22:04,212 - snakemake_workflow - rasterdataset - INFO - Reading population raster data from D:\GFM\inputs\exposure\ppp_2020_1km_Aggregated.tif
2026-08-04 18:22:04,234 - snakemake_workflow - rasterdataset - DEBUG - Clip to [62.000, 75.000, 64.000, 77.000] (epsg:4326))
2026-08-04 18:22:05,217 - snakemake_workflow - rasterdataset - INFO - Reading population raster data from D:\GFM\inputs\exposure\ppp_2020_1km_Aggregated.tif
2026-08-04 18:22:05,258 - snakemake_workflow - rasterdataset - DEBUG - Clip to [69.000, 65.000, 71.000, 67.000] (epsg:4326))
2026-08-04 18:22:05,429 - snakemake_workflow - rasterdataset - INFO - Reading population raster data from D:\GFM\inputs\exposure\ppp_2020_1km_Aggregated.tif
2026-08-04 18:22:05,467 - snakemake_workflow - rasterdataset - DEBUG - Clip to [82.000, 73.000, 84.000, 75.000] (epsg:4326))
2026-08-04 18:22:05,557 - snakemake_workflow - rasterdataset - INFO - Reading population raster data from D:\GFM\inputs\exposure\ppp_2020_1km_Aggregated.tif
2026-08-04 18:22:05,587 - snakemake_workflow - rasterdataset - DEBUG - Clip to [112.000, 75.000, 114.000, 77.000] (epsg:4326))
2026-08-04 18:22:05,910 - snakemake_workflow - rasterdataset - INFO - Reading population raster data from D:\GFM\inputs\exposure\ppp_2020_1km_Aggregated.tif
2026-08-04 18:22:05,934 - snakemake_workflow - rasterdataset - DEBUG - Clip to [96.000, 73.000, 98.000, 75.000] (epsg:4326))
2026-08-04 18:22:06,121 - snakemake_workflow - rasterdataset - INFO - Reading population raster data from D:\GFM\inputs\exposure\ppp_2020_1km_Aggregated.tif
2026-08-04 18:22:06,153 - snakemake_workflow - rasterdataset - DEBUG - Clip to [92.000, 72.000, 94.000, 74.000] (epsg:4326))
2026-08-04 18:22:06,174 - snakemake_workflow - rasterdataset - INFO - Reading population raster data from D:\GFM\inputs\exposure\ppp_2020_1km_Aggregated.tif
2026-08-04 18:22:06,201 - snakemake_workflow - rasterdataset - DEBUG - Clip to [101.000, 71.000, 103.000, 73.000] (epsg:4326))
2026-08-04 18:22:07,245 - snakemake_workflow - rasterdataset - INFO - Reading population raster data from D:\GFM\inputs\exposure\ppp_2020_1km_Aggregated.tif
2026-08-04 18:22:07,274 - snakemake_workflow - rasterdataset - DEBUG - Clip to [126.000, 70.000, 128.000, 72.000] (epsg:4326))
2026-08-04 18:22:08,388 - snakemake_workflow - rasterdataset - INFO - Reading population raster data from D:\GFM\inputs\exposure\ppp_2020_1km_Aggregated.tif
2026-08-04 18:22:08,407 - snakemake_workflow - rasterdataset - DEBUG - Clip to [135.000, 74.000, 138.000, 76.000] (epsg:4326))
2026-08-04 18:22:08,761 - snakemake_workflow - rasterdataset - INFO - Reading population raster data from D:\GFM\inputs\exposure\ppp_2020_1km_Aggregated.tif
2026-08-04 18:22:08,858 - snakemake_workflow - rasterdataset - INFO - Reading population raster data from D:\GFM\inputs\exposure\ppp_2020_1km_Aggregated.tif
2026-08-04 18:22:08,872 - snakemake_workflow - rasterdataset - DEBUG - Clip to [91.000, 79.000, 94.000, 81.000] (epsg:4326))
2026-08-04 18:22:08,994 - snakemake_workflow - rasterdataset - DEBUG - Clip to [94.000, 72.000, 96.000, 74.000] (epsg:4326))
2026-08-04 18:22:09,772 - snakemake_workflow - rasterdataset - INFO - Reading population raster data from D:\GFM\inputs\exposure\ppp_2020_1km_Aggregated.tif
2026-08-04 18:22:09,807 - snakemake_workflow - rasterdataset - DEBUG - Clip to [114.000, 72.000, 116.000, 74.000] (epsg:4326))
2026-08-04 18:22:10,110 - snakemake_workflow - rasterdataset - INFO - Reading population raster data from D:\GFM\inputs\exposure\ppp_2020_1km_Aggregated.tif
2026-08-04 18:22:10,110 - snakemake_workflow - rasterdataset - INFO - Reading population raster data from D:\GFM\inputs\exposure\ppp_2020_1km_Aggregated.tif
2026-08-04 18:22:10,135 - snakemake_workflow - rasterdataset - DEBUG - Clip to [94.000, 75.000, 97.000, 77.000] (epsg:4326))
2026-08-04 18:22:10,145 - snakemake_workflow - rasterdataset - DEBUG - Clip to [107.000, 76.000, 109.000, 78.000] (epsg:4326))
2026-08-04 18:22:10,298 - snakemake_workflow - rasterdataset - INFO - Reading population raster data from D:\GFM\inputs\exposure\ppp_2020_1km_Aggregated.tif
2026-08-04 18:22:10,359 - snakemake_workflow - rasterdataset - DEBUG - Clip to [151.000, 70.000, 153.000, 72.000] (epsg:4326))
2026-08-04 18:22:10,604 - snakemake_workflow - rasterdataset - INFO - Reading population raster data from D:\GFM\inputs\exposure\ppp_2020_1km_Aggregated.tif
2026-08-04 18:22:10,628 - snakemake_workflow - rasterdataset - DEBUG - Clip to [102.000, 71.000, 104.000, 73.000] (epsg:4326))
2026-08-04 18:22:11,266 - snakemake_workflow - rasterdataset - INFO - Reading population raster data from D:\GFM\inputs\exposure\ppp_2020_1km_Aggregated.tif
2026-08-04 18:22:11,303 - snakemake_workflow - rasterdataset - DEBUG - Clip to [129.000, 70.000, 133.000, 72.000] (epsg:4326))
2026-08-04 18:22:12,900 - snakemake_workflow - rasterdataset - INFO - Reading population raster data from D:\GFM\inputs\exposure\ppp_2020_1km_Aggregated.tif
2026-08-04 18:22:12,923 - snakemake_workflow - rasterdataset - DEBUG - Clip to [-21.000, 65.000, -19.000, 67.000] (epsg:4326))
2026-08-04 18:22:13,454 - snakemake_workflow - rasterdataset - INFO - Reading population raster data from D:\GFM\inputs\exposure\ppp_2020_1km_Aggregated.tif
2026-08-04 18:22:13,478 - snakemake_workflow - rasterdataset - DEBUG - Clip to [112.000, 74.000, 114.000, 76.000] (epsg:4326))
2026-08-04 18:22:13,608 - snakemake_workflow - rasterdataset - INFO - Reading population raster data from D:\GFM\inputs\exposure\ppp_2020_1km_Aggregated.tif
2026-08-04 18:22:13,646 - snakemake_workflow - rasterdataset - DEBUG - Clip to [103.000, 74.000, 105.000, 76.000] (epsg:4326))
2026-08-04 18:22:14,029 - snakemake_workflow - rasterdataset - INFO - Reading population raster data from D:\GFM\inputs\exposure\ppp_2020_1km_Aggregated.tif
2026-08-04 18:22:14,156 - snakemake_workflow - rasterdataset - INFO - Reading population raster data from D:\GFM\inputs\exposure\ppp_2020_1km_Aggregated.tif
2026-08-04 18:22:14,174 - snakemake_workflow - rasterdataset - DEBUG - Clip to [149.000, 70.000, 151.000, 72.000] (epsg:4326))
2026-08-04 18:22:14,184 - snakemake_workflow - rasterdataset - DEBUG - Clip to [-23.000, 63.000, -21.000, 65.000] (epsg:4326))
2026-08-04 18:22:14,458 - snakemake_workflow - rasterdataset - INFO - Reading population raster data from D:\GFM\inputs\exposure\ppp_2020_1km_Aggregated.tif
2026-08-04 18:22:14,483 - snakemake_workflow - rasterdataset - DEBUG - Clip to [115.000, 72.000, 117.000, 74.000] (epsg:4326))
  filter_and_shave_chunks: 1000/3719 checked, 910 kept so far (787s elapsed)
2026-08-04 18:22:14,632 - snakemake_workflow - rasterdataset - INFO - Reading population raster data from D:\GFM\inputs\exposure\ppp_2020_1km_Aggregated.tif
2026-08-04 18:22:14,658 - snakemake_workflow - rasterdataset - DEBUG - Clip to [173.000, -43.000, 175.000, -41.000] (epsg:4326))
2026-08-04 18:22:15,887 - snakemake_workflow - rasterdataset - INFO - Reading population raster data from D:\GFM\inputs\exposure\ppp_2020_1km_Aggregated.tif
2026-08-04 18:22:15,930 - snakemake_workflow - rasterdataset - DEBUG - Clip to [113.000, 72.000, 115.000, 74.000] (epsg:4326))
2026-08-04 18:22:16,313 - snakemake_workflow - rasterdataset - INFO - Reading population raster data from D:\GFM\inputs\exposure\ppp_2020_1km_Aggregated.tif
2026-08-04 18:22:16,359 - snakemake_workflow - rasterdataset - DEBUG - Clip to [-20.000, 65.000, -18.000, 67.000] (epsg:4326))
2026-08-04 18:22:16,574 - snakemake_workflow - rasterdataset - INFO - Reading population raster data from D:\GFM\inputs\exposure\ppp_2020_1km_Aggregated.tif
2026-08-04 18:22:16,617 - snakemake_workflow - rasterdataset - DEBUG - Clip to [122.000, 72.000, 126.000, 74.000] (epsg:4326))
2026-08-04 18:22:17,255 - snakemake_workflow - rasterdataset - INFO - Reading population raster data from D:\GFM\inputs\exposure\ppp_2020_1km_Aggregated.tif
2026-08-04 18:22:17,277 - snakemake_workflow - rasterdataset - DEBUG - Clip to [-140.000, -22.000, -138.000, -18.000] (epsg:4326))
2026-08-04 18:22:18,007 - snakemake_workflow - rasterdataset - INFO - Reading population raster data from D:\GFM\inputs\exposure\ppp_2020_1km_Aggregated.tif
2026-08-04 18:22:18,039 - snakemake_workflow - rasterdataset - DEBUG - Clip to [172.000, -42.000, 174.000, -40.000] (epsg:4326))
2026-08-04 18:22:18,503 - snakemake_workflow - rasterdataset - INFO - Reading population raster data from D:\GFM\inputs\exposure\ppp_2020_1km_Aggregated.tif
2026-08-04 18:22:18,528 - snakemake_workflow - rasterdataset - DEBUG - Clip to [164.000, -22.000, 168.000, -20.000] (epsg:4326))
2026-08-04 18:22:18,727 - snakemake_workflow - rasterdataset - INFO - Reading population raster data from D:\GFM\inputs\exposure\ppp_2020_1km_Aggregated.tif
2026-08-04 18:22:18,912 - snakemake_workflow - rasterdataset - INFO - Reading population raster data from D:\GFM\inputs\exposure\ppp_2020_1km_Aggregated.tif
2026-08-04 18:22:18,912 - snakemake_workflow - rasterdataset - INFO - Reading population raster data from D:\GFM\inputs\exposure\ppp_2020_1km_Aggregated.tif
2026-08-04 18:22:18,930 - snakemake_workflow - rasterdataset - DEBUG - Clip to [-22.000, 65.000, -20.000, 67.000] (epsg:4326))
2026-08-04 18:22:19,068 - snakemake_workflow - rasterdataset - DEBUG - Clip to [-19.000, 65.000, -17.000, 67.000] (epsg:4326))
2026-08-04 18:22:19,071 - snakemake_workflow - rasterdataset - DEBUG - Clip to [147.000, 74.000, 151.000, 76.000] (epsg:4326))
2026-08-04 18:22:19,262 - snakemake_workflow - rasterdataset - INFO - Reading population raster data from D:\GFM\inputs\exposure\ppp_2020_1km_Aggregated.tif
2026-08-04 18:22:19,324 - snakemake_workflow - rasterdataset - DEBUG - Clip to [132.000, 70.000, 134.000, 72.000] (epsg:4326))
2026-08-04 18:22:20,570 - snakemake_workflow - rasterdataset - INFO - Reading population raster data from D:\GFM\inputs\exposure\ppp_2020_1km_Aggregated.tif
2026-08-04 18:22:20,608 - snakemake_workflow - rasterdataset - DEBUG - Clip to [49.000, -17.000, 51.000, -13.000] (epsg:4326))
2026-08-04 18:22:21,312 - snakemake_workflow - rasterdataset - INFO - Reading population raster data from D:\GFM\inputs\exposure\ppp_2020_1km_Aggregated.tif
2026-08-04 18:22:21,353 - snakemake_workflow - rasterdataset - DEBUG - Clip to [-62.000, -53.000, -58.000, -51.000] (epsg:4326))
2026-08-04 18:22:21,462 - snakemake_workflow - rasterdataset - INFO - Reading population raster data from D:\GFM\inputs\exposure\ppp_2020_1km_Aggregated.tif
2026-08-04 18:22:21,514 - snakemake_workflow - rasterdataset - DEBUG - Clip to [-142.000, -20.000, -139.000, -18.000] (epsg:4326))
2026-08-04 18:22:21,570 - snakemake_workflow - rasterdataset - INFO - Reading population raster data from D:\GFM\inputs\exposure\ppp_2020_1km_Aggregated.tif
2026-08-04 18:22:21,570 - snakemake_workflow - rasterdataset - INFO - Reading population raster data from D:\GFM\inputs\exposure\ppp_2020_1km_Aggregated.tif
2026-08-04 18:22:21,642 - snakemake_workflow - rasterdataset - DEBUG - Clip to [-25.000, 64.000, -23.000, 66.000] (epsg:4326))
2026-08-04 18:22:21,644 - snakemake_workflow - rasterdataset - DEBUG - Clip to [135.000, 70.000, 139.000, 72.000] (epsg:4326))
2026-08-04 18:22:23,839 - snakemake_workflow - rasterdataset - INFO - Reading population raster data from D:\GFM\inputs\exposure\ppp_2020_1km_Aggregated.tif
2026-08-04 18:22:23,866 - snakemake_workflow - rasterdataset - DEBUG - Clip to [-146.000, -18.000, -142.000, -16.000] (epsg:4326))
2026-08-04 18:22:24,637 - snakemake_workflow - rasterdataset - INFO - Reading population raster data from D:\GFM\inputs\exposure\ppp_2020_1km_Aggregated.tif
2026-08-04 18:22:24,662 - snakemake_workflow - rasterdataset - DEBUG - Clip to [177.000, -20.000, 179.000, -18.000] (epsg:4326))
2026-08-04 18:22:25,148 - snakemake_workflow - rasterdataset - INFO - Reading population raster data from D:\GFM\inputs\exposure\ppp_2020_1km_Aggregated.tif
2026-08-04 18:22:25,184 - snakemake_workflow - rasterdataset - DEBUG - Clip to [165.000, 8.000, 167.000, 12.000] (epsg:4326))
2026-08-04 18:22:25,223 - snakemake_workflow - rasterdataset - INFO - Reading population raster data from D:\GFM\inputs\exposure\ppp_2020_1km_Aggregated.tif
2026-08-04 18:22:25,318 - snakemake_workflow - rasterdataset - DEBUG - Clip to [54.000, 45.000, 56.000, 47.000] (epsg:4326))
2026-08-04 18:22:25,571 - snakemake_workflow - rasterdataset - INFO - Reading population raster data from D:\GFM\inputs\exposure\ppp_2020_1km_Aggregated.tif
2026-08-04 18:22:25,672 - snakemake_workflow - rasterdataset - DEBUG - Clip to [148.000, 71.000, 152.000, 72.000] (epsg:4326))
2026-08-04 18:22:26,557 - snakemake_workflow - rasterdataset - INFO - Reading population raster data from D:\GFM\inputs\exposure\ppp_2020_1km_Aggregated.tif
2026-08-04 18:22:26,583 - snakemake_workflow - rasterdataset - DEBUG - Clip to [72.000, 2.000, 74.000, 6.000] (epsg:4326))
2026-08-04 18:22:27,509 - snakemake_workflow - rasterdataset - INFO - Reading population raster data from D:\GFM\inputs\exposure\ppp_2020_1km_Aggregated.tif
2026-08-04 18:22:27,541 - snakemake_workflow - rasterdataset - DEBUG - Clip to [47.000, -15.000, 50.000, -13.000] (epsg:4326))
2026-08-04 18:22:28,269 - snakemake_workflow - rasterdataset - INFO - Reading population raster data from D:\GFM\inputs\exposure\ppp_2020_1km_Aggregated.tif
2026-08-04 18:22:28,314 - snakemake_workflow - rasterdataset - DEBUG - Clip to [24.000, 79.000, 26.000, 81.000] (epsg:4326))
2026-08-04 18:22:28,775 - snakemake_workflow - rasterdataset - INFO - Reading population raster data from D:\GFM\inputs\exposure\ppp_2020_1km_Aggregated.tif
2026-08-04 18:22:28,813 - snakemake_workflow - rasterdataset - DEBUG - Clip to [57.000, 80.000, 59.000, 82.000] (epsg:4326))
2026-08-04 18:22:29,085 - snakemake_workflow - rasterdataset - INFO - Reading population raster data from D:\GFM\inputs\exposure\ppp_2020_1km_Aggregated.tif
2026-08-04 18:22:29,194 - snakemake_workflow - rasterdataset - DEBUG - Clip to [-149.000, -16.000, -146.000, -14.000] (epsg:4326))
2026-08-04 18:22:29,266 - snakemake_workflow - rasterdataset - INFO - Reading population raster data from D:\GFM\inputs\exposure\ppp_2020_1km_Aggregated.tif
2026-08-04 18:22:29,427 - snakemake_workflow - rasterdataset - DEBUG - Clip to [53.000, 36.000, 55.000, 40.000] (epsg:4326))
2026-08-04 18:22:30,429 - snakemake_workflow - rasterdataset - INFO - Reading population raster data from D:\GFM\inputs\exposure\ppp_2020_1km_Aggregated.tif
2026-08-04 18:22:30,452 - snakemake_workflow - rasterdataset - DEBUG - Clip to [10.000, 78.000, 14.000, 80.000] (epsg:4326))
2026-08-04 18:22:31,346 - snakemake_workflow - rasterdataset - INFO - Reading population raster data from D:\GFM\inputs\exposure\ppp_2020_1km_Aggregated.tif
2026-08-04 18:22:31,385 - snakemake_workflow - rasterdataset - DEBUG - Clip to [72.000, 5.000, 74.000, 7.000] (epsg:4326))
2026-08-04 18:22:31,422 - snakemake_workflow - rasterdataset - INFO - Reading population raster data from D:\GFM\inputs\exposure\ppp_2020_1km_Aggregated.tif
2026-08-04 18:22:31,463 - snakemake_workflow - rasterdataset - DEBUG - Clip to [25.000, 79.000, 27.000, 81.000] (epsg:4326))
2026-08-04 18:22:31,580 - snakemake_workflow - rasterdataset - INFO - Reading population raster data from D:\GFM\inputs\exposure\ppp_2020_1km_Aggregated.tif
2026-08-04 18:22:31,695 - snakemake_workflow - rasterdataset - DEBUG - Clip to [61.000, 80.000, 63.000, 82.000] (epsg:4326))
2026-08-04 18:22:32,155 - snakemake_workflow - rasterdataset - INFO - Reading population raster data from D:\GFM\inputs\exposure\ppp_2020_1km_Aggregated.tif
2026-08-04 18:22:32,202 - snakemake_workflow - rasterdataset - DEBUG - Clip to [58.000, 80.000, 60.000, 82.000] (epsg:4326))
2026-08-04 18:22:32,285 - snakemake_workflow - rasterdataset - INFO - Reading population raster data from D:\GFM\inputs\exposure\ppp_2020_1km_Aggregated.tif
2026-08-04 18:22:32,326 - snakemake_workflow - rasterdataset - DEBUG - Clip to [-42.000, -23.000, -40.000, -20.000] (epsg:4326))
2026-08-04 18:22:32,626 - snakemake_workflow - rasterdataset - INFO - Reading population raster data from D:\GFM\inputs\exposure\ppp_2020_1km_Aggregated.tif
2026-08-04 18:22:32,660 - snakemake_workflow - rasterdataset - DEBUG - Clip to [-69.000, -51.000, -67.000, -49.000] (epsg:4326))
2026-08-04 18:22:32,752 - snakemake_workflow - rasterdataset - INFO - Reading population raster data from D:\GFM\inputs\exposure\ppp_2020_1km_Aggregated.tif
2026-08-04 18:22:32,890 - snakemake_workflow - rasterdataset - DEBUG - Clip to [-76.000, 9.000, -74.000, 11.000] (epsg:4326))
2026-08-04 18:22:33,338 - snakemake_workflow - rasterdataset - INFO - Reading population raster data from D:\GFM\inputs\exposure\ppp_2020_1km_Aggregated.tif
2026-08-04 18:22:33,367 - snakemake_workflow - rasterdataset - DEBUG - Clip to [26.000, 79.000, 28.000, 81.000] (epsg:4326))
2026-08-04 18:22:33,874 - snakemake_workflow - rasterdataset - INFO - Reading population raster data from D:\GFM\inputs\exposure\ppp_2020_1km_Aggregated.tif
2026-08-04 18:22:33,916 - snakemake_workflow - rasterdataset - DEBUG - Clip to [62.000, 80.000, 64.000, 82.000] (epsg:4326))
2026-08-04 18:22:34,030 - snakemake_workflow - rasterdataset - INFO - Reading population raster data from D:\GFM\inputs\exposure\ppp_2020_1km_Aggregated.tif
2026-08-04 18:22:34,145 - snakemake_workflow - rasterdataset - DEBUG - Clip to [59.000, 80.000, 61.000, 82.000] (epsg:4326))
2026-08-04 18:22:34,705 - snakemake_workflow - rasterdataset - INFO - Reading population raster data from D:\GFM\inputs\exposure\ppp_2020_1km_Aggregated.tif
2026-08-04 18:22:34,729 - snakemake_workflow - rasterdataset - DEBUG - Clip to [54.000, 80.000, 58.000, 82.000] (epsg:4326))
2026-08-04 18:22:35,338 - snakemake_workflow - rasterdataset - INFO - Reading population raster data from D:\GFM\inputs\exposure\ppp_2020_1km_Aggregated.tif
2026-08-04 18:22:35,370 - snakemake_workflow - rasterdataset - DEBUG - Clip to [-59.000, 4.000, -56.000, 6.000] (epsg:4326))
2026-08-04 18:22:35,683 - snakemake_workflow - rasterdataset - INFO - Reading population raster data from D:\GFM\inputs\exposure\ppp_2020_1km_Aggregated.tif
2026-08-04 18:22:35,809 - snakemake_workflow - rasterdataset - DEBUG - Clip to [63.000, 80.000, 65.000, 82.000] (epsg:4326))
2026-08-04 18:22:36,216 - snakemake_workflow - rasterdataset - INFO - Reading population raster data from D:\GFM\inputs\exposure\ppp_2020_1km_Aggregated.tif
2026-08-04 18:22:36,255 - snakemake_workflow - rasterdataset - DEBUG - Clip to [60.000, 80.000, 62.000, 82.000] (epsg:4326))
2026-08-04 18:22:36,922 - snakemake_workflow - rasterdataset - INFO - Reading population raster data from D:\GFM\inputs\exposure\ppp_2020_1km_Aggregated.tif
2026-08-04 18:22:36,947 - snakemake_workflow - rasterdataset - INFO - Reading population raster data from D:\GFM\inputs\exposure\ppp_2020_1km_Aggregated.tif
2026-08-04 18:22:36,971 - snakemake_workflow - rasterdataset - DEBUG - Clip to [-61.000, -34.000, -59.000, -32.000] (epsg:4326))
2026-08-04 18:22:36,994 - snakemake_workflow - rasterdataset - DEBUG - Clip to [50.000, 43.000, 52.000, 45.000] (epsg:4326))
2026-08-04 18:22:37,132 - snakemake_workflow - rasterdataset - INFO - Reading population raster data from D:\GFM\inputs\exposure\ppp_2020_1km_Aggregated.tif
2026-08-04 18:22:37,145 - snakemake_workflow - rasterdataset - INFO - Reading population raster data from D:\GFM\inputs\exposure\ppp_2020_1km_Aggregated.tif
2026-08-04 18:22:37,189 - snakemake_workflow - rasterdataset - DEBUG - Clip to [-82.000, -3.000, -79.000, -1.000] (epsg:4326))
2026-08-04 18:22:37,200 - snakemake_workflow - rasterdataset - DEBUG - Clip to [21.000, 76.000, 23.000, 78.000] (epsg:4326))
2026-08-04 18:22:37,309 - snakemake_workflow - rasterdataset - INFO - Reading population raster data from D:\GFM\inputs\exposure\ppp_2020_1km_Aggregated.tif
2026-08-04 18:22:37,402 - snakemake_workflow - rasterdataset - DEBUG - Clip to [-75.000, 23.000, -73.000, 24.000] (epsg:4326))
2026-08-04 18:22:37,648 - snakemake_workflow - rasterdataset - INFO - Reading population raster data from D:\GFM\inputs\exposure\ppp_2020_1km_Aggregated.tif
2026-08-04 18:22:37,672 - snakemake_workflow - rasterdataset - DEBUG - Clip to [64.000, 80.000, 66.000, 82.000] (epsg:4326))
2026-08-04 18:22:38,771 - snakemake_workflow - rasterdataset - INFO - Reading population raster data from D:\GFM\inputs\exposure\ppp_2020_1km_Aggregated.tif
2026-08-04 18:22:38,797 - snakemake_workflow - rasterdataset - DEBUG - Clip to [-82.000, -7.000, -80.000, -4.000] (epsg:4326))
2026-08-04 18:22:39,161 - snakemake_workflow - rasterdataset - INFO - Reading population raster data from D:\GFM\inputs\exposure\ppp_2020_1km_Aggregated.tif
2026-08-04 18:22:39,192 - snakemake_workflow - rasterdataset - DEBUG - Clip to [-80.000, 33.000, -77.000, 35.000] (epsg:4326))
2026-08-04 18:22:39,532 - snakemake_workflow - rasterdataset - INFO - Reading population raster data from D:\GFM\inputs\exposure\ppp_2020_1km_Aggregated.tif
2026-08-04 18:22:39,877 - snakemake_workflow - rasterdataset - DEBUG - Clip to [-75.000, 40.000, -72.000, 41.000] (epsg:4326))
2026-08-04 18:22:40,306 - snakemake_workflow - rasterdataset - INFO - Reading population raster data from D:\GFM\inputs\exposure\ppp_2020_1km_Aggregated.tif
2026-08-04 18:22:40,326 - snakemake_workflow - rasterdataset - DEBUG - Clip to [23.000, 79.000, 25.000, 81.000] (epsg:4326))
2026-08-04 18:22:40,766 - snakemake_workflow - rasterdataset - INFO - Reading population raster data from D:\GFM\inputs\exposure\ppp_2020_1km_Aggregated.tif
2026-08-04 18:22:40,793 - snakemake_workflow - rasterdataset - DEBUG - Clip to [46.000, 43.000, 48.000, 45.000] (epsg:4326))
2026-08-04 18:22:41,823 - snakemake_workflow - rasterdataset - INFO - Reading population raster data from D:\GFM\inputs\exposure\ppp_2020_1km_Aggregated.tif
2026-08-04 18:22:41,845 - snakemake_workflow - rasterdataset - DEBUG - Clip to [-59.000, 5.000, -57.000, 7.000] (epsg:4326))
2026-08-04 18:22:42,131 - snakemake_workflow - rasterdataset - INFO - Reading population raster data from D:\GFM\inputs\exposure\ppp_2020_1km_Aggregated.tif
2026-08-04 18:22:42,160 - snakemake_workflow - rasterdataset - DEBUG - Clip to [-63.000, -40.000, -61.000, -38.000] (epsg:4326))
2026-08-04 18:22:42,349 - snakemake_workflow - rasterdataset - INFO - Reading population raster data from D:\GFM\inputs\exposure\ppp_2020_1km_Aggregated.tif
2026-08-04 18:22:42,506 - snakemake_workflow - rasterdataset - DEBUG - Clip to [-76.000, 64.000, -72.000, 65.000] (epsg:4326))
2026-08-04 18:22:42,634 - snakemake_workflow - rasterdataset - INFO - Reading population raster data from D:\GFM\inputs\exposure\ppp_2020_1km_Aggregated.tif
2026-08-04 18:22:42,653 - snakemake_workflow - rasterdataset - DEBUG - Clip to [-83.000, 53.000, -81.000, 55.000] (epsg:4326))
2026-08-04 18:22:42,658 - snakemake_workflow - rasterdataset - INFO - Reading population raster data from D:\GFM\inputs\exposure\ppp_2020_1km_Aggregated.tif
2026-08-04 18:22:42,680 - snakemake_workflow - rasterdataset - DEBUG - Clip to [-94.000, 61.000, -92.000, 63.000] (epsg:4326))
2026-08-04 18:22:43,317 - snakemake_workflow - rasterdataset - INFO - Reading population raster data from D:\GFM\inputs\exposure\ppp_2020_1km_Aggregated.tif
2026-08-04 18:22:43,339 - snakemake_workflow - rasterdataset - DEBUG - Clip to [-81.000, -4.000, -79.000, -2.000] (epsg:4326))
2026-08-04 18:22:44,058 - snakemake_workflow - rasterdataset - INFO - Reading population raster data from D:\GFM\inputs\exposure\ppp_2020_1km_Aggregated.tif
2026-08-04 18:22:44,077 - snakemake_workflow - rasterdataset - DEBUG - Clip to [-75.000, 41.000, -73.000, 42.000] (epsg:4326))
2026-08-04 18:22:44,573 - snakemake_workflow - rasterdataset - INFO - Reading population raster data from D:\GFM\inputs\exposure\ppp_2020_1km_Aggregated.tif
2026-08-04 18:22:44,605 - snakemake_workflow - rasterdataset - DEBUG - Clip to [-82.000, 31.000, -80.000, 33.000] (epsg:4326))
2026-08-04 18:22:44,647 - snakemake_workflow - rasterdataset - INFO - Reading population raster data from D:\GFM\inputs\exposure\ppp_2020_1km_Aggregated.tif
2026-08-04 18:22:44,737 - snakemake_workflow - rasterdataset - DEBUG - Clip to [-69.000, 10.000, -66.000, 12.000] (epsg:4326))
2026-08-04 18:22:45,676 - snakemake_workflow - rasterdataset - INFO - Reading population raster data from D:\GFM\inputs\exposure\ppp_2020_1km_Aggregated.tif
2026-08-04 18:22:45,704 - snakemake_workflow - rasterdataset - DEBUG - Clip to [-76.000, 22.000, -73.000, 23.000] (epsg:4326))
2026-08-04 18:22:46,681 - snakemake_workflow - rasterdataset - INFO - Reading population raster data from D:\GFM\inputs\exposure\ppp_2020_1km_Aggregated.tif
2026-08-04 18:22:46,701 - snakemake_workflow - rasterdataset - DEBUG - Clip to [-62.000, 75.000, -59.000, 77.000] (epsg:4326))
2026-08-04 18:22:47,049 - snakemake_workflow - rasterdataset - INFO - Reading population raster data from D:\GFM\inputs\exposure\ppp_2020_1km_Aggregated.tif
2026-08-04 18:22:47,256 - snakemake_workflow - rasterdataset - INFO - Reading population raster data from D:\GFM\inputs\exposure\ppp_2020_1km_Aggregated.tif
2026-08-04 18:22:47,278 - snakemake_workflow - rasterdataset - INFO - Reading population raster data from D:\GFM\inputs\exposure\ppp_2020_1km_Aggregated.tif
2026-08-04 18:22:47,281 - snakemake_workflow - rasterdataset - DEBUG - Clip to [-36.000, -9.000, -34.000, -6.000] (epsg:4326))
2026-08-04 18:22:47,289 - snakemake_workflow - rasterdataset - DEBUG - Clip to [-58.000, 73.000, -55.000, 75.000] (epsg:4326))
2026-08-04 18:22:47,325 - snakemake_workflow - rasterdataset - INFO - Reading population raster data from D:\GFM\inputs\exposure\ppp_2020_1km_Aggregated.tif
2026-08-04 18:22:47,341 - snakemake_workflow - rasterdataset - DEBUG - Clip to [-121.000, 33.000, -118.000, 35.000] (epsg:4326))
2026-08-04 18:22:47,405 - snakemake_workflow - rasterdataset - DEBUG - Clip to [-62.000, 80.000, -60.000, 82.000] (epsg:4326))
2026-08-04 18:22:47,583 - snakemake_workflow - rasterdataset - INFO - Reading population raster data from D:\GFM\inputs\exposure\ppp_2020_1km_Aggregated.tif
2026-08-04 18:22:47,679 - snakemake_workflow - rasterdataset - DEBUG - Clip to [-107.000, 21.000, -105.000, 24.000] (epsg:4326))
2026-08-04 18:22:47,777 - snakemake_workflow - rasterdataset - INFO - Reading population raster data from D:\GFM\inputs\exposure\ppp_2020_1km_Aggregated.tif
2026-08-04 18:22:47,997 - snakemake_workflow - rasterdataset - DEBUG - Clip to [-51.000, 62.000, -49.000, 64.000] (epsg:4326))
2026-08-04 18:22:48,727 - snakemake_workflow - rasterdataset - INFO - Reading population raster data from D:\GFM\inputs\exposure\ppp_2020_1km_Aggregated.tif
2026-08-04 18:22:48,762 - snakemake_workflow - rasterdataset - DEBUG - Clip to [-41.000, 64.000, -39.000, 66.000] (epsg:4326))
2026-08-04 18:22:48,839 - snakemake_workflow - rasterdataset - INFO - Reading population raster data from D:\GFM\inputs\exposure\ppp_2020_1km_Aggregated.tif
2026-08-04 18:22:48,865 - snakemake_workflow - rasterdataset - DEBUG - Clip to [122.000, -18.000, 124.000, -16.000] (epsg:4326))
2026-08-04 18:22:49,932 - snakemake_workflow - rasterdataset - INFO - Reading population raster data from D:\GFM\inputs\exposure\ppp_2020_1km_Aggregated.tif
2026-08-04 18:22:49,956 - snakemake_workflow - rasterdataset - DEBUG - Clip to [-89.000, 30.000, -87.000, 33.000] (epsg:4326))
2026-08-04 18:22:50,124 - snakemake_workflow - rasterdataset - INFO - Reading population raster data from D:\GFM\inputs\exposure\ppp_2020_1km_Aggregated.tif
2026-08-04 18:22:50,365 - snakemake_workflow - rasterdataset - DEBUG - Clip to [118.000, -21.000, 121.000, -19.000] (epsg:4326))
2026-08-04 18:22:51,598 - snakemake_workflow - rasterdataset - INFO - Reading population raster data from D:\GFM\inputs\exposure\ppp_2020_1km_Aggregated.tif
2026-08-04 18:22:51,626 - snakemake_workflow - rasterdataset - DEBUG - Clip to [-46.000, 59.000, -43.000, 61.000] (epsg:4326))
2026-08-04 18:22:51,863 - snakemake_workflow - rasterdataset - INFO - Reading population raster data from D:\GFM\inputs\exposure\ppp_2020_1km_Aggregated.tif
2026-08-04 18:22:51,890 - snakemake_workflow - rasterdataset - DEBUG - Clip to [-57.000, 72.000, -55.000, 74.000] (epsg:4326))
2026-08-04 18:22:52,006 - snakemake_workflow - rasterdataset - INFO - Reading population raster data from D:\GFM\inputs\exposure\ppp_2020_1km_Aggregated.tif
2026-08-04 18:22:52,039 - snakemake_workflow - rasterdataset - DEBUG - Clip to [-60.000, 47.000, -58.000, 49.000] (epsg:4326))
2026-08-04 18:22:53,015 - snakemake_workflow - rasterdataset - INFO - Reading population raster data from D:\GFM\inputs\exposure\ppp_2020_1km_Aggregated.tif
2026-08-04 18:22:53,047 - snakemake_workflow - rasterdataset - INFO - Reading population raster data from D:\GFM\inputs\exposure\ppp_2020_1km_Aggregated.tif
2026-08-04 18:22:53,062 - snakemake_workflow - rasterdataset - DEBUG - Clip to [124.000, -16.000, 126.000, -14.000] (epsg:4326))
2026-08-04 18:22:53,085 - snakemake_workflow - rasterdataset - DEBUG - Clip to [145.000, -19.000, 147.000, -16.000] (epsg:4326))
2026-08-04 18:22:53,572 - snakemake_workflow - rasterdataset - INFO - Reading population raster data from D:\GFM\inputs\exposure\ppp_2020_1km_Aggregated.tif
2026-08-04 18:22:53,631 - snakemake_workflow - rasterdataset - DEBUG - Clip to [-76.000, 38.000, -74.000, 40.000] (epsg:4326))
2026-08-04 18:22:54,057 - snakemake_workflow - rasterdataset - INFO - Reading population raster data from D:\GFM\inputs\exposure\ppp_2020_1km_Aggregated.tif
2026-08-04 18:22:54,094 - snakemake_workflow - rasterdataset - DEBUG - Clip to [-52.000, 63.000, -49.000, 65.000] (epsg:4326))
2026-08-04 18:22:55,240 - snakemake_workflow - rasterdataset - INFO - Reading population raster data from D:\GFM\inputs\exposure\ppp_2020_1km_Aggregated.tif
2026-08-04 18:22:55,268 - snakemake_workflow - rasterdataset - DEBUG - Clip to [129.000, -15.000, 131.000, -13.000] (epsg:4326))
2026-08-04 18:22:55,342 - snakemake_workflow - rasterdataset - INFO - Reading population raster data from D:\GFM\inputs\exposure\ppp_2020_1km_Aggregated.tif
2026-08-04 18:22:55,446 - snakemake_workflow - rasterdataset - DEBUG - Clip to [152.000, -32.000, 154.000, -29.000] (epsg:4326))
2026-08-04 18:22:56,409 - snakemake_workflow - rasterdataset - INFO - Reading population raster data from D:\GFM\inputs\exposure\ppp_2020_1km_Aggregated.tif
2026-08-04 18:22:56,428 - snakemake_workflow - rasterdataset - INFO - Reading population raster data from D:\GFM\inputs\exposure\ppp_2020_1km_Aggregated.tif
2026-08-04 18:22:56,438 - snakemake_workflow - rasterdataset - DEBUG - Clip to [125.000, -15.000, 128.000, -13.000] (epsg:4326))
2026-08-04 18:22:56,466 - snakemake_workflow - rasterdataset - DEBUG - Clip to [-44.000, 60.000, -42.000, 63.000] (epsg:4326))
2026-08-04 18:22:56,472 - snakemake_workflow - rasterdataset - INFO - Reading population raster data from D:\GFM\inputs\exposure\ppp_2020_1km_Aggregated.tif
2026-08-04 18:22:56,512 - snakemake_workflow - rasterdataset - DEBUG - Clip to [-42.000, 63.000, -40.000, 66.000] (epsg:4326))
2026-08-04 18:22:56,518 - snakemake_workflow - rasterdataset - INFO - Reading population raster data from D:\GFM\inputs\exposure\ppp_2020_1km_Aggregated.tif
2026-08-04 18:22:56,551 - snakemake_workflow - rasterdataset - DEBUG - Clip to [119.000, -11.000, 121.000, -9.000] (epsg:4326))
2026-08-04 18:22:56,915 - snakemake_workflow - rasterdataset - INFO - Reading population raster data from D:\GFM\inputs\exposure\ppp_2020_1km_Aggregated.tif
2026-08-04 18:22:56,943 - snakemake_workflow - rasterdataset - DEBUG - Clip to [-76.000, 39.000, -74.000, 41.000] (epsg:4326))
2026-08-04 18:22:57,131 - snakemake_workflow - rasterdataset - INFO - Reading population raster data from D:\GFM\inputs\exposure\ppp_2020_1km_Aggregated.tif
2026-08-04 18:22:57,162 - snakemake_workflow - rasterdataset - DEBUG - Clip to [161.000, -11.000, 163.000, -9.000] (epsg:4326))
2026-08-04 18:22:57,778 - snakemake_workflow - rasterdataset - INFO - Reading population raster data from D:\GFM\inputs\exposure\ppp_2020_1km_Aggregated.tif
2026-08-04 18:22:57,817 - snakemake_workflow - rasterdataset - DEBUG - Clip to [126.000, -33.000, 129.000, -31.000] (epsg:4326))
2026-08-04 18:22:57,992 - snakemake_workflow - rasterdataset - INFO - Reading population raster data from D:\GFM\inputs\exposure\ppp_2020_1km_Aggregated.tif
2026-08-04 18:22:58,084 - snakemake_workflow - rasterdataset - INFO - Reading population raster data from D:\GFM\inputs\exposure\ppp_2020_1km_Aggregated.tif
2026-08-04 18:22:58,104 - snakemake_workflow - rasterdataset - DEBUG - Clip to [119.000, 23.000, 121.000, 25.000] (epsg:4326))
2026-08-04 18:22:58,124 - snakemake_workflow - rasterdataset - DEBUG - Clip to [117.000, 0.000, 119.000, 3.000] (epsg:4326))
2026-08-04 18:22:58,391 - snakemake_workflow - rasterdataset - INFO - Reading population raster data from D:\GFM\inputs\exposure\ppp_2020_1km_Aggregated.tif
2026-08-04 18:22:58,416 - snakemake_workflow - rasterdataset - DEBUG - Clip to [132.000, -12.000, 134.000, -10.000] (epsg:4326))
2026-08-04 18:22:58,560 - snakemake_workflow - rasterdataset - INFO - Reading population raster data from D:\GFM\inputs\exposure\ppp_2020_1km_Aggregated.tif
2026-08-04 18:22:58,600 - snakemake_workflow - rasterdataset - DEBUG - Clip to [108.000, 18.000, 110.000, 20.000] (epsg:4326))
2026-08-04 18:22:58,964 - snakemake_workflow - rasterdataset - INFO - Reading population raster data from D:\GFM\inputs\exposure\ppp_2020_1km_Aggregated.tif
2026-08-04 18:22:58,991 - snakemake_workflow - rasterdataset - DEBUG - Clip to [111.000, 1.000, 113.000, 3.000] (epsg:4326))
2026-08-04 18:22:59,468 - snakemake_workflow - rasterdataset - INFO - Reading population raster data from D:\GFM\inputs\exposure\ppp_2020_1km_Aggregated.tif
2026-08-04 18:22:59,525 - snakemake_workflow - rasterdataset - DEBUG - Clip to [78.000, 8.000, 81.000, 10.000] (epsg:4326))
2026-08-04 18:22:59,687 - snakemake_workflow - rasterdataset - INFO - Reading population raster data from D:\GFM\inputs\exposure\ppp_2020_1km_Aggregated.tif
2026-08-04 18:22:59,688 - snakemake_workflow - rasterdataset - INFO - Reading population raster data from D:\GFM\inputs\exposure\ppp_2020_1km_Aggregated.tif
2026-08-04 18:22:59,814 - snakemake_workflow - rasterdataset - DEBUG - Clip to [118.000, 24.000, 120.000, 27.000] (epsg:4326))
2026-08-04 18:22:59,814 - snakemake_workflow - rasterdataset - DEBUG - Clip to [126.000, 0.000, 128.000, 2.000] (epsg:4326))
2026-08-04 18:23:00,722 - snakemake_workflow - rasterdataset - INFO - Reading population raster data from D:\GFM\inputs\exposure\ppp_2020_1km_Aggregated.tif
2026-08-04 18:23:00,750 - snakemake_workflow - rasterdataset - DEBUG - Clip to [120.000, 37.000, 122.000, 39.000] (epsg:4326))
2026-08-04 18:23:00,869 - snakemake_workflow - rasterdataset - INFO - Reading population raster data from D:\GFM\inputs\exposure\ppp_2020_1km_Aggregated.tif
2026-08-04 18:23:00,907 - snakemake_workflow - rasterdataset - DEBUG - Clip to [116.000, -36.000, 119.000, -34.000] (epsg:4326))
2026-08-04 18:23:01,330 - snakemake_workflow - rasterdataset - INFO - Reading population raster data from D:\GFM\inputs\exposure\ppp_2020_1km_Aggregated.tif
2026-08-04 18:23:01,364 - snakemake_workflow - rasterdataset - DEBUG - Clip to [123.000, -11.000, 125.000, -9.000] (epsg:4326))
2026-08-04 18:23:01,773 - snakemake_workflow - rasterdataset - INFO - Reading population raster data from D:\GFM\inputs\exposure\ppp_2020_1km_Aggregated.tif
2026-08-04 18:23:01,808 - snakemake_workflow - rasterdataset - DEBUG - Clip to [99.000, -3.000, 101.000, 0.000] (epsg:4326))
2026-08-04 18:23:02,487 - snakemake_workflow - rasterdataset - INFO - Reading population raster data from D:\GFM\inputs\exposure\ppp_2020_1km_Aggregated.tif
2026-08-04 18:23:02,512 - snakemake_workflow - rasterdataset - DEBUG - Clip to [145.000, -9.000, 147.000, -7.000] (epsg:4326))
2026-08-04 18:23:02,596 - snakemake_workflow - rasterdataset - INFO - Reading population raster data from D:\GFM\inputs\exposure\ppp_2020_1km_Aggregated.tif
2026-08-04 18:23:02,689 - snakemake_workflow - rasterdataset - INFO - Reading population raster data from D:\GFM\inputs\exposure\ppp_2020_1km_Aggregated.tif
2026-08-04 18:23:02,714 - snakemake_workflow - rasterdataset - DEBUG - Clip to [121.000, 40.000, 123.000, 42.000] (epsg:4326))
2026-08-04 18:23:02,718 - snakemake_workflow - rasterdataset - DEBUG - Clip to [155.000, -8.000, 158.000, -6.000] (epsg:4326))
2026-08-04 18:23:03,103 - snakemake_workflow - rasterdataset - INFO - Reading population raster data from D:\GFM\inputs\exposure\ppp_2020_1km_Aggregated.tif
2026-08-04 18:23:03,137 - snakemake_workflow - rasterdataset - DEBUG - Clip to [117.000, -9.000, 119.000, -7.000] (epsg:4326))
2026-08-04 18:23:04,497 - snakemake_workflow - rasterdataset - INFO - Reading population raster data from D:\GFM\inputs\exposure\ppp_2020_1km_Aggregated.tif
2026-08-04 18:23:04,518 - snakemake_workflow - rasterdataset - DEBUG - Clip to [145.000, 43.000, 147.000, 45.000] (epsg:4326))
2026-08-04 18:23:04,788 - snakemake_workflow - rasterdataset - INFO - Reading population raster data from D:\GFM\inputs\exposure\ppp_2020_1km_Aggregated.tif
2026-08-04 18:23:04,788 - snakemake_workflow - rasterdataset - INFO - Reading population raster data from D:\GFM\inputs\exposure\ppp_2020_1km_Aggregated.tif
2026-08-04 18:23:04,903 - snakemake_workflow - rasterdataset - DEBUG - Clip to [47.000, 29.000, 49.000, 31.000] (epsg:4326))
2026-08-04 18:23:04,903 - snakemake_workflow - rasterdataset - DEBUG - Clip to [142.000, 46.000, 144.000, 48.000] (epsg:4326))
2026-08-04 18:23:05,313 - snakemake_workflow - rasterdataset - INFO - Reading population raster data from D:\GFM\inputs\exposure\ppp_2020_1km_Aggregated.tif
2026-08-04 18:23:05,344 - snakemake_workflow - rasterdataset - DEBUG - Clip to [101.000, 5.000, 103.000, 7.000] (epsg:4326))
2026-08-04 18:23:05,407 - snakemake_workflow - rasterdataset - INFO - Reading population raster data from D:\GFM\inputs\exposure\ppp_2020_1km_Aggregated.tif
2026-08-04 18:23:05,431 - snakemake_workflow - rasterdataset - DEBUG - Clip to [93.000, 18.000, 95.000, 20.000] (epsg:4326))
2026-08-04 18:23:05,756 - snakemake_workflow - rasterdataset - INFO - Reading population raster data from D:\GFM\inputs\exposure\ppp_2020_1km_Aggregated.tif
2026-08-04 18:23:05,780 - snakemake_workflow - rasterdataset - DEBUG - Clip to [124.000, 39.000, 126.000, 40.000] (epsg:4326))
2026-08-04 18:23:05,784 - snakemake_workflow - rasterdataset - INFO - Reading population raster data from D:\GFM\inputs\exposure\ppp_2020_1km_Aggregated.tif
2026-08-04 18:23:05,807 - snakemake_workflow - rasterdataset - DEBUG - Clip to [141.000, -4.000, 143.000, -2.000] (epsg:4326))
2026-08-04 18:23:06,235 - snakemake_workflow - rasterdataset - INFO - Reading population raster data from D:\GFM\inputs\exposure\ppp_2020_1km_Aggregated.tif
2026-08-04 18:23:06,270 - snakemake_workflow - rasterdataset - DEBUG - Clip to [143.000, -41.000, 145.000, -38.000] (epsg:4326))
2026-08-04 18:23:06,674 - snakemake_workflow - rasterdataset - INFO - Reading population raster data from D:\GFM\inputs\exposure\ppp_2020_1km_Aggregated.tif
2026-08-04 18:23:06,708 - snakemake_workflow - rasterdataset - DEBUG - Clip to [144.000, 42.000, 146.000, 45.000] (epsg:4326))
2026-08-04 18:23:07,022 - snakemake_workflow - rasterdataset - INFO - Reading population raster data from D:\GFM\inputs\exposure\ppp_2020_1km_Aggregated.tif
2026-08-04 18:23:07,059 - snakemake_workflow - rasterdataset - DEBUG - Clip to [19.000, 30.000, 21.000, 33.000] (epsg:4326))
2026-08-04 18:23:07,317 - snakemake_workflow - rasterdataset - INFO - Reading population raster data from D:\GFM\inputs\exposure\ppp_2020_1km_Aggregated.tif
2026-08-04 18:23:07,317 - snakemake_workflow - rasterdataset - INFO - Reading population raster data from D:\GFM\inputs\exposure\ppp_2020_1km_Aggregated.tif
2026-08-04 18:23:07,451 - snakemake_workflow - rasterdataset - DEBUG - Clip to [33.000, 41.000, 36.000, 43.000] (epsg:4326))
2026-08-04 18:23:07,451 - snakemake_workflow - rasterdataset - DEBUG - Clip to [44.000, 32.000, 46.000, 34.000] (epsg:4326))
2026-08-04 18:23:07,796 - snakemake_workflow - rasterdataset - INFO - Reading population raster data from D:\GFM\inputs\exposure\ppp_2020_1km_Aggregated.tif
2026-08-04 18:23:07,839 - snakemake_workflow - rasterdataset - DEBUG - Clip to [40.000, 41.000, 42.000, 44.000] (epsg:4326))
2026-08-04 18:23:07,878 - snakemake_workflow - rasterdataset - INFO - Reading population raster data from D:\GFM\inputs\exposure\ppp_2020_1km_Aggregated.tif
2026-08-04 18:23:07,966 - snakemake_workflow - rasterdataset - DEBUG - Clip to [106.000, 20.000, 108.000, 22.000] (epsg:4326))
2026-08-04 18:23:08,114 - snakemake_workflow - rasterdataset - INFO - Reading population raster data from D:\GFM\inputs\exposure\ppp_2020_1km_Aggregated.tif
2026-08-04 18:23:08,147 - snakemake_workflow - rasterdataset - DEBUG - Clip to [50.000, 24.000, 53.000, 26.000] (epsg:4326))
2026-08-04 18:23:09,661 - snakemake_workflow - rasterdataset - INFO - Reading population raster data from D:\GFM\inputs\exposure\ppp_2020_1km_Aggregated.tif
2026-08-04 18:23:09,700 - snakemake_workflow - rasterdataset - DEBUG - Clip to [43.000, 32.000, 45.000, 34.000] (epsg:4326))
2026-08-04 18:23:09,785 - snakemake_workflow - rasterdataset - INFO - Reading population raster data from D:\GFM\inputs\exposure\ppp_2020_1km_Aggregated.tif
2026-08-04 18:23:09,879 - snakemake_workflow - rasterdataset - DEBUG - Clip to [13.000, -12.000, 15.000, -9.000] (epsg:4326))
2026-08-04 18:23:10,092 - snakemake_workflow - rasterdataset - INFO - Reading population raster data from D:\GFM\inputs\exposure\ppp_2020_1km_Aggregated.tif
2026-08-04 18:23:10,339 - snakemake_workflow - rasterdataset - DEBUG - Clip to [142.000, 49.000, 144.000, 52.000] (epsg:4326))
2026-08-04 18:23:10,669 - snakemake_workflow - rasterdataset - INFO - Reading population raster data from D:\GFM\inputs\exposure\ppp_2020_1km_Aggregated.tif
2026-08-04 18:23:10,686 - snakemake_workflow - rasterdataset - DEBUG - Clip to [9.000, 63.000, 12.000, 65.000] (epsg:4326))
2026-08-04 18:23:11,157 - snakemake_workflow - rasterdataset - INFO - Reading population raster data from D:\GFM\inputs\exposure\ppp_2020_1km_Aggregated.tif
2026-08-04 18:23:11,250 - snakemake_workflow - rasterdataset - DEBUG - Clip to [2.000, 41.000, 4.000, 44.000] (epsg:4326))
2026-08-04 18:23:11,791 - snakemake_workflow - rasterdataset - INFO - Reading population raster data from D:\GFM\inputs\exposure\ppp_2020_1km_Aggregated.tif
2026-08-04 18:23:11,791 - snakemake_workflow - rasterdataset - INFO - Reading population raster data from D:\GFM\inputs\exposure\ppp_2020_1km_Aggregated.tif
2026-08-04 18:23:11,828 - snakemake_workflow - rasterdataset - DEBUG - Clip to [38.000, 46.000, 40.000, 48.000] (epsg:4326))
2026-08-04 18:23:11,832 - snakemake_workflow - rasterdataset - DEBUG - Clip to [41.000, -2.000, 43.000, 1.000] (epsg:4326))
2026-08-04 18:23:12,048 - snakemake_workflow - rasterdataset - INFO - Reading population raster data from D:\GFM\inputs\exposure\ppp_2020_1km_Aggregated.tif
2026-08-04 18:23:12,155 - snakemake_workflow - rasterdataset - DEBUG - Clip to [50.000, 25.000, 52.000, 27.000] (epsg:4326))
2026-08-04 18:23:12,219 - snakemake_workflow - rasterdataset - INFO - Reading population raster data from D:\GFM\inputs\exposure\ppp_2020_1km_Aggregated.tif
2026-08-04 18:23:12,446 - snakemake_workflow - rasterdataset - DEBUG - Clip to [9.000, 33.000, 11.000, 35.000] (epsg:4326))
2026-08-04 18:23:14,139 - snakemake_workflow - rasterdataset - INFO - Reading population raster data from D:\GFM\inputs\exposure\ppp_2020_1km_Aggregated.tif
2026-08-04 18:23:14,174 - snakemake_workflow - rasterdataset - DEBUG - Clip to [49.000, 25.000, 51.000, 27.000] (epsg:4326))
2026-08-04 18:23:14,596 - snakemake_workflow - rasterdataset - INFO - Reading population raster data from D:\GFM\inputs\exposure\ppp_2020_1km_Aggregated.tif
2026-08-04 18:23:14,618 - snakemake_workflow - rasterdataset - DEBUG - Clip to [14.000, 36.000, 16.000, 38.000] (epsg:4326))
2026-08-04 18:23:14,720 - snakemake_workflow - rasterdataset - INFO - Reading population raster data from D:\GFM\inputs\exposure\ppp_2020_1km_Aggregated.tif
2026-08-04 18:23:14,749 - snakemake_workflow - rasterdataset - DEBUG - Clip to [17.000, -34.000, 19.000, -31.000] (epsg:4326))
2026-08-04 18:23:15,144 - snakemake_workflow - rasterdataset - INFO - Reading population raster data from D:\GFM\inputs\exposure\ppp_2020_1km_Aggregated.tif
2026-08-04 18:23:15,336 - snakemake_workflow - rasterdataset - DEBUG - Clip to [12.000, -8.000, 14.000, -5.000] (epsg:4326))
2026-08-04 18:23:15,546 - snakemake_workflow - rasterdataset - INFO - Reading population raster data from D:\GFM\inputs\exposure\ppp_2020_1km_Aggregated.tif
2026-08-04 18:23:15,568 - snakemake_workflow - rasterdataset - DEBUG - Clip to [20.000, 63.000, 22.000, 65.000] (epsg:4326))
2026-08-04 18:23:16,409 - snakemake_workflow - rasterdataset - INFO - Reading population raster data from D:\GFM\inputs\exposure\ppp_2020_1km_Aggregated.tif
2026-08-04 18:23:16,442 - snakemake_workflow - rasterdataset - DEBUG - Clip to [16.000, 68.000, 18.000, 70.000] (epsg:4326))
2026-08-04 18:23:16,710 - snakemake_workflow - rasterdataset - INFO - Reading population raster data from D:\GFM\inputs\exposure\ppp_2020_1km_Aggregated.tif
2026-08-04 18:23:16,736 - snakemake_workflow - rasterdataset - DEBUG - Clip to [32.000, -26.000, 35.000, -24.000] (epsg:4326))
2026-08-04 18:23:16,849 - snakemake_workflow - rasterdataset - INFO - Reading population raster data from D:\GFM\inputs\exposure\ppp_2020_1km_Aggregated.tif
2026-08-04 18:23:16,943 - snakemake_workflow - rasterdataset - INFO - Reading population raster data from D:\GFM\inputs\exposure\ppp_2020_1km_Aggregated.tif
2026-08-04 18:23:17,040 - snakemake_workflow - rasterdataset - DEBUG - Clip to [-1.000, 38.000, 2.000, 40.000] (epsg:4326))
2026-08-04 18:23:17,041 - snakemake_workflow - rasterdataset - DEBUG - Clip to [10.000, 64.000, 12.000, 66.000] (epsg:4326))
2026-08-04 18:23:18,211 - snakemake_workflow - rasterdataset - INFO - Reading population raster data from D:\GFM\inputs\exposure\ppp_2020_1km_Aggregated.tif
2026-08-04 18:23:18,251 - snakemake_workflow - rasterdataset - DEBUG - Clip to [82.000, 74.000, 84.000, 76.000] (epsg:4326))
2026-08-04 18:23:18,729 - snakemake_workflow - rasterdataset - INFO - Reading population raster data from D:\GFM\inputs\exposure\ppp_2020_1km_Aggregated.tif
2026-08-04 18:23:18,782 - snakemake_workflow - rasterdataset - DEBUG - Clip to [8.000, -2.000, 10.000, 0.000] (epsg:4326))
2026-08-04 18:23:19,558 - snakemake_workflow - rasterdataset - INFO - Reading population raster data from D:\GFM\inputs\exposure\ppp_2020_1km_Aggregated.tif
2026-08-04 18:23:19,601 - snakemake_workflow - rasterdataset - DEBUG - Clip to [29.000, 69.000, 32.000, 71.000] (epsg:4326))
2026-08-04 18:23:20,194 - snakemake_workflow - rasterdataset - INFO - Reading population raster data from D:\GFM\inputs\exposure\ppp_2020_1km_Aggregated.tif
2026-08-04 18:23:20,320 - snakemake_workflow - rasterdataset - DEBUG - Clip to [-14.000, 7.000, -12.000, 10.000] (epsg:4326))
2026-08-04 18:23:20,725 - snakemake_workflow - rasterdataset - INFO - Reading population raster data from D:\GFM\inputs\exposure\ppp_2020_1km_Aggregated.tif
2026-08-04 18:23:20,762 - snakemake_workflow - rasterdataset - DEBUG - Clip to [8.000, 3.000, 10.000, 4.000] (epsg:4326))
2026-08-04 18:23:21,058 - snakemake_workflow - rasterdataset - INFO - Reading population raster data from D:\GFM\inputs\exposure\ppp_2020_1km_Aggregated.tif
2026-08-04 18:23:21,096 - snakemake_workflow - rasterdataset - DEBUG - Clip to [20.000, 54.000, 22.000, 57.000] (epsg:4326))
2026-08-04 18:23:21,329 - snakemake_workflow - rasterdataset - INFO - Reading population raster data from D:\GFM\inputs\exposure\ppp_2020_1km_Aggregated.tif
2026-08-04 18:23:21,329 - snakemake_workflow - rasterdataset - INFO - Reading population raster data from D:\GFM\inputs\exposure\ppp_2020_1km_Aggregated.tif
2026-08-04 18:23:21,411 - snakemake_workflow - rasterdataset - INFO - Reading population raster data from D:\GFM\inputs\exposure\ppp_2020_1km_Aggregated.tif
2026-08-04 18:23:21,427 - snakemake_workflow - rasterdataset - DEBUG - Clip to [20.000, 62.000, 23.000, 64.000] (epsg:4326))
2026-08-04 18:23:21,783 - snakemake_workflow - rasterdataset - DEBUG - Clip to [23.000, 64.000, 26.000, 66.000] (epsg:4326))
2026-08-04 18:23:21,790 - snakemake_workflow - rasterdataset - DEBUG - Clip to [88.000, 75.000, 90.000, 78.000] (epsg:4326))
2026-08-04 18:23:21,980 - snakemake_workflow - rasterdataset - INFO - Reading population raster data from D:\GFM\inputs\exposure\ppp_2020_1km_Aggregated.tif
2026-08-04 18:23:22,008 - snakemake_workflow - rasterdataset - INFO - Reading population raster data from D:\GFM\inputs\exposure\ppp_2020_1km_Aggregated.tif
2026-08-04 18:23:22,024 - snakemake_workflow - rasterdataset - DEBUG - Clip to [-1.000, 39.000, 1.000, 41.000] (epsg:4326))
2026-08-04 18:23:22,094 - snakemake_workflow - rasterdataset - DEBUG - Clip to [113.000, 71.000, 115.000, 73.000] (epsg:4326))
2026-08-04 18:23:24,164 - snakemake_workflow - rasterdataset - INFO - Reading population raster data from D:\GFM\inputs\exposure\ppp_2020_1km_Aggregated.tif
2026-08-04 18:23:24,213 - snakemake_workflow - rasterdataset - DEBUG - Clip to [148.000, 75.000, 150.000, 77.000] (epsg:4326))
2026-08-04 18:23:24,481 - snakemake_workflow - rasterdataset - INFO - Reading population raster data from D:\GFM\inputs\exposure\ppp_2020_1km_Aggregated.tif
2026-08-04 18:23:24,522 - snakemake_workflow - rasterdataset - DEBUG - Clip to [115.000, 73.000, 117.000, 75.000] (epsg:4326))
2026-08-04 18:23:25,029 - snakemake_workflow - rasterdataset - INFO - Reading population raster data from D:\GFM\inputs\exposure\ppp_2020_1km_Aggregated.tif
2026-08-04 18:23:25,070 - snakemake_workflow - rasterdataset - DEBUG - Clip to [176.000, -40.000, 178.000, -37.000] (epsg:4326))
2026-08-04 18:23:25,357 - snakemake_workflow - rasterdataset - INFO - Reading population raster data from D:\GFM\inputs\exposure\ppp_2020_1km_Aggregated.tif
2026-08-04 18:23:25,437 - snakemake_workflow - rasterdataset - DEBUG - Clip to [52.000, 71.000, 54.000, 73.000] (epsg:4326))
2026-08-04 18:23:25,933 - snakemake_workflow - rasterdataset - INFO - Reading population raster data from D:\GFM\inputs\exposure\ppp_2020_1km_Aggregated.tif
2026-08-04 18:23:25,979 - snakemake_workflow - rasterdataset - DEBUG - Clip to [21.000, 54.000, 23.000, 56.000] (epsg:4326))
2026-08-04 18:23:26,084 - snakemake_workflow - rasterdataset - INFO - Reading population raster data from D:\GFM\inputs\exposure\ppp_2020_1km_Aggregated.tif
2026-08-04 18:23:26,136 - snakemake_workflow - rasterdataset - DEBUG - Clip to [169.000, 68.000, 172.000, 70.000] (epsg:4326))
2026-08-04 18:23:26,325 - snakemake_workflow - rasterdataset - INFO - Reading population raster data from D:\GFM\inputs\exposure\ppp_2020_1km_Aggregated.tif
2026-08-04 18:23:26,406 - snakemake_workflow - rasterdataset - DEBUG - Clip to [48.000, -14.000, 50.000, -12.000] (epsg:4326))
2026-08-04 18:23:26,478 - snakemake_workflow - rasterdataset - INFO - Reading population raster data from D:\GFM\inputs\exposure\ppp_2020_1km_Aggregated.tif
2026-08-04 18:23:26,530 - snakemake_workflow - rasterdataset - DEBUG - Clip to [121.000, 71.000, 124.000, 73.000] (epsg:4326))
2026-08-04 18:23:26,590 - snakemake_workflow - rasterdataset - INFO - Reading population raster data from D:\GFM\inputs\exposure\ppp_2020_1km_Aggregated.tif
2026-08-04 18:23:26,644 - snakemake_workflow - rasterdataset - DEBUG - Clip to [91.000, 76.000, 93.000, 78.000] (epsg:4326))
2026-08-04 18:23:27,719 - snakemake_workflow - rasterdataset - INFO - Reading population raster data from D:\GFM\inputs\exposure\ppp_2020_1km_Aggregated.tif
2026-08-04 18:23:27,774 - snakemake_workflow - rasterdataset - DEBUG - Clip to [15.000, 68.000, 17.000, 70.000] (epsg:4326))
2026-08-04 18:23:27,879 - snakemake_workflow - rasterdataset - INFO - Reading population raster data from D:\GFM\inputs\exposure\ppp_2020_1km_Aggregated.tif
2026-08-04 18:23:27,926 - snakemake_workflow - rasterdataset - DEBUG - Clip to [51.000, 71.000, 53.000, 73.000] (epsg:4326))
2026-08-04 18:23:28,365 - snakemake_workflow - rasterdataset - INFO - Reading population raster data from D:\GFM\inputs\exposure\ppp_2020_1km_Aggregated.tif
2026-08-04 18:23:28,422 - snakemake_workflow - rasterdataset - DEBUG - Clip to [167.000, -17.000, 169.000, -14.000] (epsg:4326))
2026-08-04 18:23:28,811 - snakemake_workflow - rasterdataset - INFO - Reading population raster data from D:\GFM\inputs\exposure\ppp_2020_1km_Aggregated.tif
2026-08-04 18:23:28,887 - snakemake_workflow - rasterdataset - DEBUG - Clip to [166.000, -23.000, 168.000, -21.000] (epsg:4326))
2026-08-04 18:23:29,096 - snakemake_workflow - rasterdataset - INFO - Reading population raster data from D:\GFM\inputs\exposure\ppp_2020_1km_Aggregated.tif
2026-08-04 18:23:29,168 - snakemake_workflow - rasterdataset - DEBUG - Clip to [90.000, 80.000, 92.000, 82.000] (epsg:4326))
2026-08-04 18:23:29,766 - snakemake_workflow - rasterdataset - INFO - Reading population raster data from D:\GFM\inputs\exposure\ppp_2020_1km_Aggregated.tif
2026-08-04 18:23:29,838 - snakemake_workflow - rasterdataset - DEBUG - Clip to [174.000, -38.000, 177.000, -36.000] (epsg:4326))
2026-08-04 18:23:30,056 - snakemake_workflow - rasterdataset - INFO - Reading population raster data from D:\GFM\inputs\exposure\ppp_2020_1km_Aggregated.tif
2026-08-04 18:23:30,099 - snakemake_workflow - rasterdataset - DEBUG - Clip to [166.000, 8.000, 168.000, 10.000] (epsg:4326))
2026-08-04 18:23:30,252 - snakemake_workflow - rasterdataset - INFO - Reading population raster data from D:\GFM\inputs\exposure\ppp_2020_1km_Aggregated.tif
2026-08-04 18:23:30,297 - snakemake_workflow - rasterdataset - DEBUG - Clip to [58.000, 79.000, 60.000, 81.000] (epsg:4326))
2026-08-04 18:23:30,710 - snakemake_workflow - rasterdataset - INFO - Reading population raster data from D:\GFM\inputs\exposure\ppp_2020_1km_Aggregated.tif
2026-08-04 18:23:30,755 - snakemake_workflow - rasterdataset - DEBUG - Clip to [167.000, -23.000, 169.000, -21.000] (epsg:4326))
2026-08-04 18:23:30,889 - snakemake_workflow - rasterdataset - INFO - Reading population raster data from D:\GFM\inputs\exposure\ppp_2020_1km_Aggregated.tif
2026-08-04 18:23:30,935 - snakemake_workflow - rasterdataset - DEBUG - Clip to [135.000, 73.000, 137.000, 75.000] (epsg:4326))
2026-08-04 18:23:30,951 - snakemake_workflow - rasterdataset - INFO - Reading population raster data from D:\GFM\inputs\exposure\ppp_2020_1km_Aggregated.tif
2026-08-04 18:23:30,995 - snakemake_workflow - rasterdataset - DEBUG - Clip to [-49.000, -25.000, -45.000, -24.000] (epsg:4326))
2026-08-04 18:23:31,369 - snakemake_workflow - rasterdataset - INFO - Reading population raster data from D:\GFM\inputs\exposure\ppp_2020_1km_Aggregated.tif
2026-08-04 18:23:31,429 - snakemake_workflow - rasterdataset - DEBUG - Clip to [170.000, 69.000, 172.000, 71.000] (epsg:4326))
2026-08-04 18:23:31,907 - snakemake_workflow - rasterdataset - INFO - Reading population raster data from D:\GFM\inputs\exposure\ppp_2020_1km_Aggregated.tif
2026-08-04 18:23:32,112 - snakemake_workflow - rasterdataset - DEBUG - Clip to [177.000, 51.000, 180.000, 53.000] (epsg:4326))
2026-08-04 18:23:32,348 - snakemake_workflow - rasterdataset - INFO - Reading population raster data from D:\GFM\inputs\exposure\ppp_2020_1km_Aggregated.tif
2026-08-04 18:23:32,435 - snakemake_workflow - rasterdataset - DEBUG - Clip to [166.000, -16.000, 168.000, -14.000] (epsg:4326))
2026-08-04 18:23:32,557 - snakemake_workflow - rasterdataset - INFO - Reading population raster data from D:\GFM\inputs\exposure\ppp_2020_1km_Aggregated.tif
2026-08-04 18:23:32,733 - snakemake_workflow - rasterdataset - INFO - Reading population raster data from D:\GFM\inputs\exposure\ppp_2020_1km_Aggregated.tif
2026-08-04 18:23:32,765 - snakemake_workflow - rasterdataset - DEBUG - Clip to [-49.000, -28.000, -48.000, -24.000] (epsg:4326))
2026-08-04 18:23:32,785 - snakemake_workflow - rasterdataset - DEBUG - Clip to [-176.000, -22.000, -174.000, -19.000] (epsg:4326))
2026-08-04 18:23:33,065 - snakemake_workflow - rasterdataset - INFO - Reading population raster data from D:\GFM\inputs\exposure\ppp_2020_1km_Aggregated.tif
2026-08-04 18:23:33,108 - snakemake_workflow - rasterdataset - DEBUG - Clip to [-54.000, -34.000, -52.000, -32.000] (epsg:4326))
2026-08-04 18:23:33,830 - snakemake_workflow - rasterdataset - INFO - Reading population raster data from D:\GFM\inputs\exposure\ppp_2020_1km_Aggregated.tif
2026-08-04 18:23:33,946 - snakemake_workflow - rasterdataset - DEBUG - Clip to [177.000, -39.000, 179.000, -37.000] (epsg:4326))
2026-08-04 18:23:34,056 - snakemake_workflow - rasterdataset - INFO - Reading population raster data from D:\GFM\inputs\exposure\ppp_2020_1km_Aggregated.tif
2026-08-04 18:23:34,291 - snakemake_workflow - rasterdataset - INFO - Reading population raster data from D:\GFM\inputs\exposure\ppp_2020_1km_Aggregated.tif
2026-08-04 18:23:34,343 - snakemake_workflow - rasterdataset - DEBUG - Clip to [-47.000, -25.000, -45.000, -23.000] (epsg:4326))
2026-08-04 18:23:34,386 - snakemake_workflow - rasterdataset - DEBUG - Clip to [178.000, 69.000, 180.000, 72.000] (epsg:4326))
2026-08-04 18:23:34,588 - snakemake_workflow - rasterdataset - INFO - Reading population raster data from D:\GFM\inputs\exposure\ppp_2020_1km_Aggregated.tif
2026-08-04 18:23:34,702 - snakemake_workflow - rasterdataset - DEBUG - Clip to [166.000, -15.000, 168.000, -13.000] (epsg:4326))
2026-08-04 18:23:35,992 - snakemake_workflow - rasterdataset - INFO - Reading population raster data from D:\GFM\inputs\exposure\ppp_2020_1km_Aggregated.tif
2026-08-04 18:23:36,119 - snakemake_workflow - rasterdataset - DEBUG - Clip to [-49.000, -29.000, -48.000, -25.000] (epsg:4326))
2026-08-04 18:23:36,220 - snakemake_workflow - rasterdataset - INFO - Reading population raster data from D:\GFM\inputs\exposure\ppp_2020_1km_Aggregated.tif
2026-08-04 18:23:36,293 - snakemake_workflow - rasterdataset - INFO - Reading population raster data from D:\GFM\inputs\exposure\ppp_2020_1km_Aggregated.tif
2026-08-04 18:23:36,349 - snakemake_workflow - rasterdataset - DEBUG - Clip to [173.000, -37.000, 176.000, -35.000] (epsg:4326))
2026-08-04 18:23:36,366 - snakemake_workflow - rasterdataset - DEBUG - Clip to [-41.000, -21.000, -40.000, -19.000] (epsg:4326))
2026-08-04 18:23:36,437 - snakemake_workflow - rasterdataset - INFO - Reading population raster data from D:\GFM\inputs\exposure\ppp_2020_1km_Aggregated.tif
2026-08-04 18:23:36,563 - snakemake_workflow - rasterdataset - DEBUG - Clip to [-58.000, -35.000, -54.000, -34.000] (epsg:4326))
2026-08-04 18:23:36,850 - snakemake_workflow - rasterdataset - INFO - Reading population raster data from D:\GFM\inputs\exposure\ppp_2020_1km_Aggregated.tif
2026-08-04 18:23:36,934 - snakemake_workflow - rasterdataset - DEBUG - Clip to [92.000, 11.000, 94.000, 14.000] (epsg:4326))
2026-08-04 18:23:37,094 - snakemake_workflow - rasterdataset - INFO - Reading population raster data from D:\GFM\inputs\exposure\ppp_2020_1km_Aggregated.tif
2026-08-04 18:23:37,285 - snakemake_workflow - rasterdataset - DEBUG - Clip to [-51.000, -30.000, -49.000, -29.000] (epsg:4326))
2026-08-04 18:23:37,889 - snakemake_workflow - rasterdataset - INFO - Reading population raster data from D:\GFM\inputs\exposure\ppp_2020_1km_Aggregated.tif
2026-08-04 18:23:37,979 - snakemake_workflow - rasterdataset - INFO - Reading population raster data from D:\GFM\inputs\exposure\ppp_2020_1km_Aggregated.tif
2026-08-04 18:23:38,174 - snakemake_workflow - rasterdataset - DEBUG - Clip to [-49.000, -26.000, -47.000, -24.000] (epsg:4326))
2026-08-04 18:23:38,459 - snakemake_workflow - rasterdataset - DEBUG - Clip to [-55.000, -35.000, -53.000, -33.000] (epsg:4326))
2026-08-04 18:23:39,810 - snakemake_workflow - rasterdataset - INFO - Reading population raster data from D:\GFM\inputs\exposure\ppp_2020_1km_Aggregated.tif
2026-08-04 18:23:39,883 - snakemake_workflow - rasterdataset - DEBUG - Clip to [-58.000, -38.000, -56.000, -36.000] (epsg:4326))
2026-08-04 18:23:39,996 - snakemake_workflow - rasterdataset - INFO - Reading population raster data from D:\GFM\inputs\exposure\ppp_2020_1km_Aggregated.tif
2026-08-04 18:23:40,294 - snakemake_workflow - rasterdataset - INFO - Reading population raster data from D:\GFM\inputs\exposure\ppp_2020_1km_Aggregated.tif
2026-08-04 18:23:40,363 - snakemake_workflow - rasterdataset - INFO - Reading population raster data from D:\GFM\inputs\exposure\ppp_2020_1km_Aggregated.tif
2026-08-04 18:23:40,397 - snakemake_workflow - rasterdataset - DEBUG - Clip to [-53.000, -34.000, -52.000, -31.000] (epsg:4326))
2026-08-04 18:23:40,543 - snakemake_workflow - rasterdataset - DEBUG - Clip to [-41.000, -20.000, -39.000, -18.000] (epsg:4326))
2026-08-04 18:23:40,546 - snakemake_workflow - rasterdataset - DEBUG - Clip to [-39.000, -15.000, -38.000, -12.000] (epsg:4326))
2026-08-04 18:23:41,380 - snakemake_workflow - rasterdataset - INFO - Reading population raster data from D:\GFM\inputs\exposure\ppp_2020_1km_Aggregated.tif
2026-08-04 18:23:41,623 - snakemake_workflow - rasterdataset - DEBUG - Clip to [-36.000, -10.000, -35.000, -8.000] (epsg:4326))
2026-08-04 18:23:41,873 - snakemake_workflow - rasterdataset - INFO - Reading population raster data from D:\GFM\inputs\exposure\ppp_2020_1km_Aggregated.tif
2026-08-04 18:23:42,025 - snakemake_workflow - rasterdataset - INFO - Reading population raster data from D:\GFM\inputs\exposure\ppp_2020_1km_Aggregated.tif
2026-08-04 18:23:42,042 - snakemake_workflow - rasterdataset - DEBUG - Clip to [-41.000, -21.000, -40.000, -18.000] (epsg:4326))
2026-08-04 18:23:42,177 - snakemake_workflow - rasterdataset - DEBUG - Clip to [-68.000, -47.000, -66.000, -45.000] (epsg:4326))
2026-08-04 18:23:42,772 - snakemake_workflow - rasterdataset - INFO - Reading population raster data from D:\GFM\inputs\exposure\ppp_2020_1km_Aggregated.tif
2026-08-04 18:23:42,978 - snakemake_workflow - rasterdataset - DEBUG - Clip to [-67.000, -46.000, -65.000, -44.000] (epsg:4326))
2026-08-04 18:23:43,056 - snakemake_workflow - rasterdataset - INFO - Reading population raster data from D:\GFM\inputs\exposure\ppp_2020_1km_Aggregated.tif
2026-08-04 18:23:43,242 - snakemake_workflow - rasterdataset - DEBUG - Clip to [-69.000, -55.000, -65.000, -54.000] (epsg:4326))
2026-08-04 18:23:43,737 - snakemake_workflow - rasterdataset - INFO - Reading population raster data from D:\GFM\inputs\exposure\ppp_2020_1km_Aggregated.tif
2026-08-04 18:23:44,088 - snakemake_workflow - rasterdataset - INFO - Reading population raster data from D:\GFM\inputs\exposure\ppp_2020_1km_Aggregated.tif
2026-08-04 18:23:44,106 - snakemake_workflow - rasterdataset - DEBUG - Clip to [-38.000, -13.000, -37.000, -9.000] (epsg:4326))
2026-08-04 18:23:44,226 - snakemake_workflow - rasterdataset - INFO - Reading population raster data from D:\GFM\inputs\exposure\ppp_2020_1km_Aggregated.tif
2026-08-04 18:23:44,418 - snakemake_workflow - rasterdataset - DEBUG - Clip to [-58.000, -39.000, -57.000, -35.000] (epsg:4326))
2026-08-04 18:23:44,582 - snakemake_workflow - rasterdataset - DEBUG - Clip to [-59.000, -34.000, -58.000, -31.000] (epsg:4326))
2026-08-04 18:23:45,055 - snakemake_workflow - rasterdataset - INFO - Reading population raster data from D:\GFM\inputs\exposure\ppp_2020_1km_Aggregated.tif
2026-08-04 18:23:45,282 - snakemake_workflow - rasterdataset - DEBUG - Clip to [-67.000, -49.000, -65.000, -47.000] (epsg:4326))
2026-08-04 18:23:46,647 - snakemake_workflow - rasterdataset - INFO - Reading population raster data from D:\GFM\inputs\exposure\ppp_2020_1km_Aggregated.tif
2026-08-04 18:23:46,917 - snakemake_workflow - rasterdataset - DEBUG - Clip to [-36.000, -7.000, -35.000, -5.000] (epsg:4326))
2026-08-04 18:23:47,583 - snakemake_workflow - rasterdataset - INFO - Reading population raster data from D:\GFM\inputs\exposure\ppp_2020_1km_Aggregated.tif
2026-08-04 18:23:47,810 - snakemake_workflow - rasterdataset - DEBUG - Clip to [-62.000, -39.000, -58.000, -38.000] (epsg:4326))
2026-08-04 18:23:47,938 - snakemake_workflow - rasterdataset - INFO - Reading population raster data from D:\GFM\inputs\exposure\ppp_2020_1km_Aggregated.tif
2026-08-04 18:23:48,230 - snakemake_workflow - rasterdataset - INFO - Reading population raster data from D:\GFM\inputs\exposure\ppp_2020_1km_Aggregated.tif
2026-08-04 18:23:48,255 - snakemake_workflow - rasterdataset - DEBUG - Clip to [-68.000, -55.000, -64.000, -54.000] (epsg:4326))
2026-08-04 18:23:48,383 - snakemake_workflow - rasterdataset - DEBUG - Clip to [-67.000, -49.000, -66.000, -45.000] (epsg:4326))
2026-08-04 18:23:48,420 - snakemake_workflow - rasterdataset - INFO - Reading population raster data from D:\GFM\inputs\exposure\ppp_2020_1km_Aggregated.tif
2026-08-04 18:23:48,422 - snakemake_workflow - rasterdataset - INFO - Reading population raster data from D:\GFM\inputs\exposure\ppp_2020_1km_Aggregated.tif
2026-08-04 18:23:48,552 - snakemake_workflow - rasterdataset - DEBUG - Clip to [-38.000, -11.000, -36.000, -9.000] (epsg:4326))
2026-08-04 18:23:48,634 - snakemake_workflow - rasterdataset - DEBUG - Clip to [-65.000, -39.000, -61.000, -38.000] (epsg:4326))
2026-08-04 18:23:49,123 - snakemake_workflow - rasterdataset - INFO - Reading population raster data from D:\GFM\inputs\exposure\ppp_2020_1km_Aggregated.tif
2026-08-04 18:23:49,366 - snakemake_workflow - rasterdataset - DEBUG - Clip to [-38.000, -6.000, -36.000, -4.000] (epsg:4326))
2026-08-04 18:23:49,514 - snakemake_workflow - rasterdataset - INFO - Reading population raster data from D:\GFM\inputs\exposure\ppp_2020_1km_Aggregated.tif
2026-08-04 18:23:49,685 - snakemake_workflow - rasterdataset - DEBUG - Clip to [-52.000, 1.000, -51.000, 5.000] (epsg:4326))
2026-08-04 18:23:50,161 - snakemake_workflow - rasterdataset - INFO - Reading population raster data from D:\GFM\inputs\exposure\ppp_2020_1km_Aggregated.tif
2026-08-04 18:23:50,331 - snakemake_workflow - rasterdataset - DEBUG - Clip to [-67.000, -55.000, -63.000, -54.000] (epsg:4326))
2026-08-04 18:23:51,188 - snakemake_workflow - rasterdataset - INFO - Reading population raster data from D:\GFM\inputs\exposure\ppp_2020_1km_Aggregated.tif
2026-08-04 18:23:51,278 - snakemake_workflow - rasterdataset - INFO - Reading population raster data from D:\GFM\inputs\exposure\ppp_2020_1km_Aggregated.tif
2026-08-04 18:23:51,280 - snakemake_workflow - rasterdataset - INFO - Reading population raster data from D:\GFM\inputs\exposure\ppp_2020_1km_Aggregated.tif
2026-08-04 18:23:51,414 - snakemake_workflow - rasterdataset - DEBUG - Clip to [-66.000, -46.000, -65.000, -42.000] (epsg:4326))
2026-08-04 18:23:51,468 - snakemake_workflow - rasterdataset - INFO - Reading population raster data from D:\GFM\inputs\exposure\ppp_2020_1km_Aggregated.tif
2026-08-04 18:23:51,488 - snakemake_workflow - rasterdataset - DEBUG - Clip to [-61.000, -33.000, -60.000, -30.000] (epsg:4326))
2026-08-04 18:23:51,488 - snakemake_workflow - rasterdataset - DEBUG - Clip to [-56.000, 5.000, -52.000, 6.000] (epsg:4326))
2026-08-04 18:23:51,628 - snakemake_workflow - rasterdataset - DEBUG - Clip to [-56.000, -5.000, -55.000, -2.000] (epsg:4326))
2026-08-04 18:23:52,581 - snakemake_workflow - rasterdataset - INFO - Reading population raster data from D:\GFM\inputs\exposure\ppp_2020_1km_Aggregated.tif
2026-08-04 18:23:52,599 - snakemake_workflow - rasterdataset - DEBUG - Clip to [-40.000, -4.000, -38.000, -3.000] (epsg:4326))
2026-08-04 18:23:53,894 - snakemake_workflow - rasterdataset - INFO - Reading population raster data from D:\GFM\inputs\exposure\ppp_2020_1km_Aggregated.tif
2026-08-04 18:23:54,261 - snakemake_workflow - rasterdataset - DEBUG - Clip to [-62.000, -4.000, -61.000, -1.000] (epsg:4326))
2026-08-04 18:23:54,390 - snakemake_workflow - rasterdataset - INFO - Reading population raster data from D:\GFM\inputs\exposure\ppp_2020_1km_Aggregated.tif
2026-08-04 18:23:54,880 - snakemake_workflow - rasterdataset - DEBUG - Clip to [-74.000, -40.000, -73.000, -36.000] (epsg:4326))
2026-08-04 18:23:54,963 - snakemake_workflow - rasterdataset - INFO - Reading population raster data from D:\GFM\inputs\exposure\ppp_2020_1km_Aggregated.tif
2026-08-04 18:23:55,305 - snakemake_workflow - rasterdataset - DEBUG - Clip to [-64.000, 10.000, -63.000, 12.000] (epsg:4326))
2026-08-04 18:23:55,377 - snakemake_workflow - rasterdataset - INFO - Reading population raster data from D:\GFM\inputs\exposure\ppp_2020_1km_Aggregated.tif
2026-08-04 18:23:55,646 - snakemake_workflow - rasterdataset - DEBUG - Clip to [-65.000, 10.000, -63.000, 12.000] (epsg:4326))
2026-08-04 18:23:55,707 - snakemake_workflow - rasterdataset - INFO - Reading population raster data from D:\GFM\inputs\exposure\ppp_2020_1km_Aggregated.tif
2026-08-04 18:23:55,836 - snakemake_workflow - rasterdataset - DEBUG - Clip to [-62.000, 13.000, -61.000, 17.000] (epsg:4326))
2026-08-04 18:23:56,718 - snakemake_workflow - rasterdataset - INFO - Reading population raster data from D:\GFM\inputs\exposure\ppp_2020_1km_Aggregated.tif
2026-08-04 18:23:57,195 - snakemake_workflow - rasterdataset - DEBUG - Clip to [-74.000, -42.000, -73.000, -38.000] (epsg:4326))
2026-08-04 18:23:57,457 - snakemake_workflow - rasterdataset - INFO - Reading population raster data from D:\GFM\inputs\exposure\ppp_2020_1km_Aggregated.tif
2026-08-04 18:23:57,685 - snakemake_workflow - rasterdataset - DEBUG - Clip to [-67.000, 10.000, -63.000, 11.000] (epsg:4326))
2026-08-04 18:23:58,187 - snakemake_workflow - rasterdataset - INFO - Reading population raster data from D:\GFM\inputs\exposure\ppp_2020_1km_Aggregated.tif
2026-08-04 18:23:58,314 - snakemake_workflow - rasterdataset - DEBUG - Clip to [-72.000, -30.000, -71.000, -28.000] (epsg:4326))
2026-08-04 18:23:58,882 - snakemake_workflow - rasterdataset - INFO - Reading population raster data from D:\GFM\inputs\exposure\ppp_2020_1km_Aggregated.tif
2026-08-04 18:23:58,884 - snakemake_workflow - rasterdataset - INFO - Reading population raster data from D:\GFM\inputs\exposure\ppp_2020_1km_Aggregated.tif
2026-08-04 18:23:59,002 - snakemake_workflow - rasterdataset - INFO - Reading population raster data from D:\GFM\inputs\exposure\ppp_2020_1km_Aggregated.tif
2026-08-04 18:23:59,040 - snakemake_workflow - rasterdataset - DEBUG - Clip to [-74.000, -43.000, -73.000, -39.000] (epsg:4326))
2026-08-04 18:23:59,042 - snakemake_workflow - rasterdataset - DEBUG - Clip to [-72.000, -32.000, -71.000, -29.000] (epsg:4326))
2026-08-04 18:23:59,048 - snakemake_workflow - rasterdataset - DEBUG - Clip to [-62.000, 13.000, -60.000, 15.000] (epsg:4326))
2026-08-04 18:23:59,516 - snakemake_workflow - rasterdataset - INFO - Reading population raster data from D:\GFM\inputs\exposure\ppp_2020_1km_Aggregated.tif
2026-08-04 18:23:59,570 - snakemake_workflow - rasterdataset - INFO - Reading population raster data from D:\GFM\inputs\exposure\ppp_2020_1km_Aggregated.tif
2026-08-04 18:23:59,631 - snakemake_workflow - rasterdataset - DEBUG - Clip to [-61.000, 7.000, -59.000, 9.000] (epsg:4326))
2026-08-04 18:23:59,735 - snakemake_workflow - rasterdataset - DEBUG - Clip to [-74.000, -40.000, -73.000, -37.000] (epsg:4326))
2026-08-04 18:24:00,098 - snakemake_workflow - rasterdataset - INFO - Reading population raster data from D:\GFM\inputs\exposure\ppp_2020_1km_Aggregated.tif
2026-08-04 18:24:00,161 - snakemake_workflow - rasterdataset - DEBUG - Clip to [-62.000, 11.000, -61.000, 15.000] (epsg:4326))
2026-08-04 18:24:00,896 - snakemake_workflow - rasterdataset - INFO - Reading population raster data from D:\GFM\inputs\exposure\ppp_2020_1km_Aggregated.tif
2026-08-04 18:24:00,955 - snakemake_workflow - rasterdataset - INFO - Reading population raster data from D:\GFM\inputs\exposure\ppp_2020_1km_Aggregated.tif
2026-08-04 18:24:01,056 - snakemake_workflow - rasterdataset - INFO - Reading population raster data from D:\GFM\inputs\exposure\ppp_2020_1km_Aggregated.tif
2026-08-04 18:24:01,076 - snakemake_workflow - rasterdataset - DEBUG - Clip to [-59.000, 5.000, -58.000, 8.000] (epsg:4326))
2026-08-04 18:24:01,084 - snakemake_workflow - rasterdataset - DEBUG - Clip to [-62.000, 10.000, -61.000, 14.000] (epsg:4326))
2026-08-04 18:24:01,234 - snakemake_workflow - rasterdataset - DEBUG - Clip to [-57.000, 5.000, -53.000, 6.000] (epsg:4326))
2026-08-04 18:24:01,271 - snakemake_workflow - rasterdataset - INFO - Reading population raster data from D:\GFM\inputs\exposure\ppp_2020_1km_Aggregated.tif
2026-08-04 18:24:01,458 - snakemake_workflow - rasterdataset - DEBUG - Clip to [-75.000, 11.000, -72.000, 12.000] (epsg:4326))
2026-08-04 18:24:01,990 - snakemake_workflow - rasterdataset - INFO - Reading population raster data from D:\GFM\inputs\exposure\ppp_2020_1km_Aggregated.tif
2026-08-04 18:24:02,244 - snakemake_workflow - rasterdataset - DEBUG - Clip to [-72.000, -30.000, -71.000, -27.000] (epsg:4326))
2026-08-04 18:24:02,792 - snakemake_workflow - rasterdataset - INFO - Reading population raster data from D:\GFM\inputs\exposure\ppp_2020_1km_Aggregated.tif
2026-08-04 18:24:02,792 - snakemake_workflow - rasterdataset - INFO - Reading population raster data from D:\GFM\inputs\exposure\ppp_2020_1km_Aggregated.tif
2026-08-04 18:24:02,917 - snakemake_workflow - rasterdataset - DEBUG - Clip to [-78.000, 2.000, -77.000, 5.000] (epsg:4326))
2026-08-04 18:24:02,926 - snakemake_workflow - rasterdataset - DEBUG - Clip to [-63.000, 16.000, -61.000, 18.000] (epsg:4326))
2026-08-04 18:24:03,288 - snakemake_workflow - rasterdataset - INFO - Reading population raster data from D:\GFM\inputs\exposure\ppp_2020_1km_Aggregated.tif
2026-08-04 18:24:03,481 - snakemake_workflow - rasterdataset - DEBUG - Clip to [-87.000, 11.000, -83.000, 12.000] (epsg:4326))
2026-08-04 18:24:03,685 - snakemake_workflow - rasterdataset - INFO - Reading population raster data from D:\GFM\inputs\exposure\ppp_2020_1km_Aggregated.tif
2026-08-04 18:24:03,929 - snakemake_workflow - rasterdataset - DEBUG - Clip to [-71.000, -19.000, -70.000, -17.000] (epsg:4326))
2026-08-04 18:24:04,191 - snakemake_workflow - rasterdataset - INFO - Reading population raster data from D:\GFM\inputs\exposure\ppp_2020_1km_Aggregated.tif
2026-08-04 18:24:04,315 - snakemake_workflow - rasterdataset - DEBUG - Clip to [-65.000, 8.000, -63.000, 9.000] (epsg:4326))
2026-08-04 18:24:04,741 - snakemake_workflow - rasterdataset - INFO - Reading population raster data from D:\GFM\inputs\exposure\ppp_2020_1km_Aggregated.tif
2026-08-04 18:24:05,044 - snakemake_workflow - rasterdataset - DEBUG - Clip to [-71.000, -28.000, -70.000, -24.000] (epsg:4326))
2026-08-04 18:24:05,594 - snakemake_workflow - rasterdataset - INFO - Reading population raster data from D:\GFM\inputs\exposure\ppp_2020_1km_Aggregated.tif
2026-08-04 18:24:05,785 - snakemake_workflow - rasterdataset - INFO - Reading population raster data from D:\GFM\inputs\exposure\ppp_2020_1km_Aggregated.tif
2026-08-04 18:24:05,795 - snakemake_workflow - rasterdataset - DEBUG - Clip to [-71.000, -25.000, -70.000, -22.000] (epsg:4326))
2026-08-04 18:24:05,934 - snakemake_workflow - rasterdataset - DEBUG - Clip to [-79.000, 18.000, -77.000, 19.000] (epsg:4326))
2026-08-04 18:24:06,087 - snakemake_workflow - rasterdataset - INFO - Reading population raster data from D:\GFM\inputs\exposure\ppp_2020_1km_Aggregated.tif
2026-08-04 18:24:06,283 - snakemake_workflow - rasterdataset - DEBUG - Clip to [-72.000, -35.000, -71.000, -31.000] (epsg:4326))
2026-08-04 18:24:06,792 - snakemake_workflow - rasterdataset - INFO - Reading population raster data from D:\GFM\inputs\exposure\ppp_2020_1km_Aggregated.tif
2026-08-04 18:24:06,875 - snakemake_workflow - rasterdataset - DEBUG - Clip to [-84.000, 12.000, -81.000, 13.000] (epsg:4326))
2026-08-04 18:24:07,490 - snakemake_workflow - rasterdataset - INFO - Reading population raster data from D:\GFM\inputs\exposure\ppp_2020_1km_Aggregated.tif
2026-08-04 18:24:07,523 - snakemake_workflow - rasterdataset - INFO - Reading population raster data from D:\GFM\inputs\exposure\ppp_2020_1km_Aggregated.tif
2026-08-04 18:24:07,524 - snakemake_workflow - rasterdataset - INFO - Reading population raster data from D:\GFM\inputs\exposure\ppp_2020_1km_Aggregated.tif
2026-08-04 18:24:07,563 - snakemake_workflow - rasterdataset - DEBUG - Clip to [-71.000, -21.000, -70.000, -17.000] (epsg:4326))
2026-08-04 18:24:07,589 - snakemake_workflow - rasterdataset - DEBUG - Clip to [-87.000, 15.000, -85.000, 17.000] (epsg:4326))
2026-08-04 18:24:07,589 - snakemake_workflow - rasterdataset - DEBUG - Clip to [-90.000, 15.000, -88.000, 17.000] (epsg:4326))
2026-08-04 18:24:08,035 - snakemake_workflow - rasterdataset - INFO - Reading population raster data from D:\GFM\inputs\exposure\ppp_2020_1km_Aggregated.tif
2026-08-04 18:24:08,077 - snakemake_workflow - rasterdataset - DEBUG - Clip to [-63.000, 16.000, -61.000, 17.000] (epsg:4326))
2026-08-04 18:24:08,699 - snakemake_workflow - rasterdataset - INFO - Reading population raster data from D:\GFM\inputs\exposure\ppp_2020_1km_Aggregated.tif
2026-08-04 18:24:08,724 - snakemake_workflow - rasterdataset - INFO - Reading population raster data from D:\GFM\inputs\exposure\ppp_2020_1km_Aggregated.tif
2026-08-04 18:24:08,769 - snakemake_workflow - rasterdataset - DEBUG - Clip to [-71.000, -23.000, -70.000, -20.000] (epsg:4326))
2026-08-04 18:24:08,769 - snakemake_workflow - rasterdataset - DEBUG - Clip to [-79.000, 2.000, -77.000, 4.000] (epsg:4326))
2026-08-04 18:24:09,142 - snakemake_workflow - rasterdataset - INFO - Reading population raster data from D:\GFM\inputs\exposure\ppp_2020_1km_Aggregated.tif
2026-08-04 18:24:09,177 - snakemake_workflow - rasterdataset - DEBUG - Clip to [-89.000, 13.000, -87.000, 14.000] (epsg:4326))
2026-08-04 18:24:09,309 - snakemake_workflow - rasterdataset - INFO - Reading population raster data from D:\GFM\inputs\exposure\ppp_2020_1km_Aggregated.tif
2026-08-04 18:24:09,575 - snakemake_workflow - rasterdataset - DEBUG - Clip to [-84.000, 12.000, -83.000, 16.000] (epsg:4326))
2026-08-04 18:24:10,057 - snakemake_workflow - rasterdataset - INFO - Reading population raster data from D:\GFM\inputs\exposure\ppp_2020_1km_Aggregated.tif
2026-08-04 18:24:10,288 - snakemake_workflow - rasterdataset - DEBUG - Clip to [-94.000, 15.000, -93.000, 18.000] (epsg:4326))
2026-08-04 18:24:10,846 - snakemake_workflow - rasterdataset - INFO - Reading population raster data from D:\GFM\inputs\exposure\ppp_2020_1km_Aggregated.tif
2026-08-04 18:24:11,056 - snakemake_workflow - rasterdataset - INFO - Reading population raster data from D:\GFM\inputs\exposure\ppp_2020_1km_Aggregated.tif
2026-08-04 18:24:11,147 - snakemake_workflow - rasterdataset - DEBUG - Clip to [-84.000, 11.000, -83.000, 15.000] (epsg:4326))
2026-08-04 18:24:11,161 - snakemake_workflow - rasterdataset - DEBUG - Clip to [-90.000, 15.000, -86.000, 16.000] (epsg:4326))
2026-08-04 18:24:11,593 - snakemake_workflow - rasterdataset - INFO - Reading population raster data from D:\GFM\inputs\exposure\ppp_2020_1km_Aggregated.tif
2026-08-04 18:24:11,759 - snakemake_workflow - rasterdataset - INFO - Reading population raster data from D:\GFM\inputs\exposure\ppp_2020_1km_Aggregated.tif
2026-08-04 18:24:11,778 - snakemake_workflow - rasterdataset - DEBUG - Clip to [-80.000, 19.000, -79.000, 22.000] (epsg:4326))
2026-08-04 18:24:11,949 - snakemake_workflow - rasterdataset - DEBUG - Clip to [-92.000, 13.000, -88.000, 14.000] (epsg:4326))
2026-08-04 18:24:12,120 - snakemake_workflow - rasterdataset - INFO - Reading population raster data from D:\GFM\inputs\exposure\ppp_2020_1km_Aggregated.tif
2026-08-04 18:24:12,206 - snakemake_workflow - rasterdataset - DEBUG - Clip to [-97.000, 18.000, -95.000, 19.000] (epsg:4326))
2026-08-04 18:24:12,882 - snakemake_workflow - rasterdataset - INFO - Reading population raster data from D:\GFM\inputs\exposure\ppp_2020_1km_Aggregated.tif
2026-08-04 18:24:13,124 - snakemake_workflow - rasterdataset - DEBUG - Clip to [-101.000, 16.000, -99.000, 18.000] (epsg:4326))
2026-08-04 18:24:13,292 - snakemake_workflow - rasterdataset - INFO - Reading population raster data from D:\GFM\inputs\exposure\ppp_2020_1km_Aggregated.tif
2026-08-04 18:24:13,501 - snakemake_workflow - rasterdataset - DEBUG - Clip to [-88.000, 15.000, -84.000, 16.000] (epsg:4326))
2026-08-04 18:24:13,576 - snakemake_workflow - rasterdataset - INFO - Reading population raster data from D:\GFM\inputs\exposure\ppp_2020_1km_Aggregated.tif
2026-08-04 18:24:13,766 - snakemake_workflow - rasterdataset - DEBUG - Clip to [-92.000, 18.000, -90.000, 20.000] (epsg:4326))
2026-08-04 18:24:14,493 - snakemake_workflow - rasterdataset - INFO - Reading population raster data from D:\GFM\inputs\exposure\ppp_2020_1km_Aggregated.tif
2026-08-04 18:24:14,493 - snakemake_workflow - rasterdataset - INFO - Reading population raster data from D:\GFM\inputs\exposure\ppp_2020_1km_Aggregated.tif
2026-08-04 18:24:14,522 - snakemake_workflow - rasterdataset - DEBUG - Clip to [-81.000, -3.000, -80.000, 1.000] (epsg:4326))
2026-08-04 18:24:14,522 - snakemake_workflow - rasterdataset - DEBUG - Clip to [-81.000, -3.000, -80.000, 0.000] (epsg:4326))
2026-08-04 18:24:15,083 - snakemake_workflow - rasterdataset - INFO - Reading population raster data from D:\GFM\inputs\exposure\ppp_2020_1km_Aggregated.tif
2026-08-04 18:24:15,316 - snakemake_workflow - rasterdataset - DEBUG - Clip to [-97.000, 19.000, -95.000, 20.000] (epsg:4326))
2026-08-04 18:24:15,600 - snakemake_workflow - rasterdataset - INFO - Reading population raster data from D:\GFM\inputs\exposure\ppp_2020_1km_Aggregated.tif
2026-08-04 18:24:15,795 - snakemake_workflow - rasterdataset - INFO - Reading population raster data from D:\GFM\inputs\exposure\ppp_2020_1km_Aggregated.tif
2026-08-04 18:24:15,813 - snakemake_workflow - rasterdataset - DEBUG - Clip to [-103.000, 17.000, -101.000, 19.000] (epsg:4326))
2026-08-04 18:24:15,902 - snakemake_workflow - rasterdataset - DEBUG - Clip to [-92.000, 13.000, -90.000, 15.000] (epsg:4326))
2026-08-04 18:24:16,741 - snakemake_workflow - rasterdataset - INFO - Reading population raster data from D:\GFM\inputs\exposure\ppp_2020_1km_Aggregated.tif
2026-08-04 18:24:16,885 - snakemake_workflow - rasterdataset - INFO - Reading population raster data from D:\GFM\inputs\exposure\ppp_2020_1km_Aggregated.tif
2026-08-04 18:24:16,886 - snakemake_workflow - rasterdataset - INFO - Reading population raster data from D:\GFM\inputs\exposure\ppp_2020_1km_Aggregated.tif
2026-08-04 18:24:16,902 - snakemake_workflow - rasterdataset - DEBUG - Clip to [-91.000, 18.000, -90.000, 21.000] (epsg:4326))
2026-08-04 18:24:17,155 - snakemake_workflow - rasterdataset - DEBUG - Clip to [-101.000, 16.000, -97.000, 17.000] (epsg:4326))
2026-08-04 18:24:17,156 - snakemake_workflow - rasterdataset - DEBUG - Clip to [-98.000, 20.000, -97.000, 22.000] (epsg:4326))
2026-08-04 18:24:17,741 - snakemake_workflow - rasterdataset - INFO - Reading population raster data from D:\GFM\inputs\exposure\ppp_2020_1km_Aggregated.tif
2026-08-04 18:24:18,163 - snakemake_workflow - rasterdataset - DEBUG - Clip to [-96.000, 15.000, -95.000, 17.000] (epsg:4326))
2026-08-04 18:24:18,280 - snakemake_workflow - rasterdataset - INFO - Reading population raster data from D:\GFM\inputs\exposure\ppp_2020_1km_Aggregated.tif
2026-08-04 18:24:18,404 - snakemake_workflow - rasterdataset - DEBUG - Clip to [-98.000, 25.000, -97.000, 29.000] (epsg:4326))
2026-08-04 18:24:19,064 - snakemake_workflow - rasterdataset - INFO - Reading population raster data from D:\GFM\inputs\exposure\ppp_2020_1km_Aggregated.tif
2026-08-04 18:24:19,132 - snakemake_workflow - rasterdataset - INFO - Reading population raster data from D:\GFM\inputs\exposure\ppp_2020_1km_Aggregated.tif
2026-08-04 18:24:19,280 - snakemake_workflow - rasterdataset - INFO - Reading population raster data from D:\GFM\inputs\exposure\ppp_2020_1km_Aggregated.tif
2026-08-04 18:24:19,295 - snakemake_workflow - rasterdataset - DEBUG - Clip to [-103.000, 17.000, -100.000, 18.000] (epsg:4326))
2026-08-04 18:24:19,296 - snakemake_workflow - rasterdataset - DEBUG - Clip to [-108.000, 23.000, -106.000, 24.000] (epsg:4326))
2026-08-04 18:24:19,574 - snakemake_workflow - rasterdataset - INFO - Reading population raster data from D:\GFM\inputs\exposure\ppp_2020_1km_Aggregated.tif
2026-08-04 18:24:19,655 - snakemake_workflow - rasterdataset - DEBUG - Clip to [-81.000, 33.000, -79.000, 34.000] (epsg:4326))
2026-08-04 18:24:19,816 - snakemake_workflow - rasterdataset - DEBUG - Clip to [-89.000, 30.000, -85.000, 31.000] (epsg:4326))
2026-08-04 18:24:20,072 - snakemake_workflow - rasterdataset - INFO - Reading population raster data from D:\GFM\inputs\exposure\ppp_2020_1km_Aggregated.tif
2026-08-04 18:24:20,292 - snakemake_workflow - rasterdataset - DEBUG - Clip to [-96.000, 18.000, -95.000, 20.000] (epsg:4326))
2026-08-04 18:24:20,353 - snakemake_workflow - rasterdataset - INFO - Reading population raster data from D:\GFM\inputs\exposure\ppp_2020_1km_Aggregated.tif
2026-08-04 18:24:20,460 - snakemake_workflow - rasterdataset - DEBUG - Clip to [-82.000, 32.000, -79.000, 33.000] (epsg:4326))
2026-08-04 18:24:20,972 - snakemake_workflow - rasterdataset - INFO - Reading population raster data from D:\GFM\inputs\exposure\ppp_2020_1km_Aggregated.tif
2026-08-04 18:24:21,070 - snakemake_workflow - rasterdataset - INFO - Reading population raster data from D:\GFM\inputs\exposure\ppp_2020_1km_Aggregated.tif
2026-08-04 18:24:21,102 - snakemake_workflow - rasterdataset - DEBUG - Clip to [-70.000, 43.000, -68.000, 45.000] (epsg:4326))
2026-08-04 18:24:21,104 - snakemake_workflow - rasterdataset - DEBUG - Clip to [-110.000, 24.000, -109.000, 27.000] (epsg:4326))
2026-08-04 18:24:23,093 - snakemake_workflow - rasterdataset - INFO - Reading population raster data from D:\GFM\inputs\exposure\ppp_2020_1km_Aggregated.tif
2026-08-04 18:24:23,207 - snakemake_workflow - rasterdataset - DEBUG - Clip to [-105.000, 18.000, -102.000, 19.000] (epsg:4326))
2026-08-04 18:24:24,137 - snakemake_workflow - rasterdataset - INFO - Reading population raster data from D:\GFM\inputs\exposure\ppp_2020_1km_Aggregated.tif
2026-08-04 18:24:24,583 - snakemake_workflow - rasterdataset - DEBUG - Clip to [-106.000, 19.000, -105.000, 22.000] (epsg:4326))
2026-08-04 18:24:24,775 - snakemake_workflow - rasterdataset - INFO - Reading population raster data from D:\GFM\inputs\exposure\ppp_2020_1km_Aggregated.tif
2026-08-04 18:24:24,981 - snakemake_workflow - rasterdataset - DEBUG - Clip to [-74.000, 46.000, -70.000, 47.000] (epsg:4326))
2026-08-04 18:24:25,217 - snakemake_workflow - rasterdataset - INFO - Reading population raster data from D:\GFM\inputs\exposure\ppp_2020_1km_Aggregated.tif
2026-08-04 18:24:25,297 - snakemake_workflow - rasterdataset - INFO - Reading population raster data from D:\GFM\inputs\exposure\ppp_2020_1km_Aggregated.tif
2026-08-04 18:24:25,524 - snakemake_workflow - rasterdataset - DEBUG - Clip to [-96.000, 29.000, -93.000, 30.000] (epsg:4326))
2026-08-04 18:24:25,527 - snakemake_workflow - rasterdataset - DEBUG - Clip to [-110.000, 24.000, -109.000, 28.000] (epsg:4326))
2026-08-04 18:24:25,694 - snakemake_workflow - rasterdataset - INFO - Reading population raster data from D:\GFM\inputs\exposure\ppp_2020_1km_Aggregated.tif
2026-08-04 18:24:26,057 - snakemake_workflow - rasterdataset - DEBUG - Clip to [-125.000, 39.000, -123.000, 40.000] (epsg:4326))
2026-08-04 18:24:26,200 - snakemake_workflow - rasterdataset - INFO - Reading population raster data from D:\GFM\inputs\exposure\ppp_2020_1km_Aggregated.tif
2026-08-04 18:24:26,674 - snakemake_workflow - rasterdataset - DEBUG - Clip to [-71.000, 48.000, -68.000, 49.000] (epsg:4326))
2026-08-04 18:24:27,398 - snakemake_workflow - rasterdataset - INFO - Reading population raster data from D:\GFM\inputs\exposure\ppp_2020_1km_Aggregated.tif
2026-08-04 18:24:27,483 - snakemake_workflow - rasterdataset - DEBUG - Clip to [-98.000, 27.000, -96.000, 29.000] (epsg:4326))
2026-08-04 18:24:27,679 - snakemake_workflow - rasterdataset - INFO - Reading population raster data from D:\GFM\inputs\exposure\ppp_2020_1km_Aggregated.tif
2026-08-04 18:24:27,996 - snakemake_workflow - rasterdataset - INFO - Reading population raster data from D:\GFM\inputs\exposure\ppp_2020_1km_Aggregated.tif
2026-08-04 18:24:28,010 - snakemake_workflow - rasterdataset - DEBUG - Clip to [-63.000, 50.000, -59.000, 51.000] (epsg:4326))
2026-08-04 18:24:28,233 - snakemake_workflow - rasterdataset - DEBUG - Clip to [-71.000, 41.000, -69.000, 42.000] (epsg:4326))
2026-08-04 18:24:29,625 - snakemake_workflow - rasterdataset - INFO - Reading population raster data from D:\GFM\inputs\exposure\ppp_2020_1km_Aggregated.tif
2026-08-04 18:24:29,738 - snakemake_workflow - rasterdataset - INFO - Reading population raster data from D:\GFM\inputs\exposure\ppp_2020_1km_Aggregated.tif
2026-08-04 18:24:29,738 - snakemake_workflow - rasterdataset - INFO - Reading population raster data from D:\GFM\inputs\exposure\ppp_2020_1km_Aggregated.tif
2026-08-04 18:24:29,824 - snakemake_workflow - rasterdataset - DEBUG - Clip to [-108.000, 23.000, -106.000, 25.000] (epsg:4326))
2026-08-04 18:24:29,924 - snakemake_workflow - rasterdataset - INFO - Reading population raster data from D:\GFM\inputs\exposure\ppp_2020_1km_Aggregated.tif
2026-08-04 18:24:29,934 - snakemake_workflow - rasterdataset - DEBUG - Clip to [-122.000, 37.000, -120.000, 38.000] (epsg:4326))
2026-08-04 18:24:30,035 - snakemake_workflow - rasterdataset - INFO - Reading population raster data from D:\GFM\inputs\exposure\ppp_2020_1km_Aggregated.tif
2026-08-04 18:24:30,100 - snakemake_workflow - rasterdataset - DEBUG - Clip to [-124.000, 45.000, -121.000, 46.000] (epsg:4326))
2026-08-04 18:24:30,104 - snakemake_workflow - rasterdataset - DEBUG - Clip to [-125.000, 49.000, -121.000, 50.000] (epsg:4326))
2026-08-04 18:24:30,109 - snakemake_workflow - rasterdataset - DEBUG - Clip to [-71.000, 47.000, -69.000, 49.000] (epsg:4326))
2026-08-04 18:24:32,094 - snakemake_workflow - rasterdataset - INFO - Reading population raster data from D:\GFM\inputs\exposure\ppp_2020_1km_Aggregated.tif
2026-08-04 18:24:32,273 - snakemake_workflow - rasterdataset - INFO - Reading population raster data from D:\GFM\inputs\exposure\ppp_2020_1km_Aggregated.tif
2026-08-04 18:24:32,286 - snakemake_workflow - rasterdataset - DEBUG - Clip to [-74.000, 45.000, -72.000, 47.000] (epsg:4326))
2026-08-04 18:24:32,363 - snakemake_workflow - rasterdataset - INFO - Reading population raster data from D:\GFM\inputs\exposure\ppp_2020_1km_Aggregated.tif
2026-08-04 18:24:32,492 - snakemake_workflow - rasterdataset - DEBUG - Clip to [-125.000, 40.000, -123.000, 41.000] (epsg:4326))
2026-08-04 18:24:32,780 - snakemake_workflow - rasterdataset - DEBUG - Clip to [-64.000, 57.000, -62.000, 58.000] (epsg:4326))
2026-08-04 18:24:32,830 - snakemake_workflow - rasterdataset - INFO - Reading population raster data from D:\GFM\inputs\exposure\ppp_2020_1km_Aggregated.tif
2026-08-04 18:24:32,908 - snakemake_workflow - rasterdataset - INFO - Reading population raster data from D:\GFM\inputs\exposure\ppp_2020_1km_Aggregated.tif
2026-08-04 18:24:33,024 - snakemake_workflow - rasterdataset - INFO - Reading population raster data from D:\GFM\inputs\exposure\ppp_2020_1km_Aggregated.tif
2026-08-04 18:24:33,038 - snakemake_workflow - rasterdataset - DEBUG - Clip to [-64.000, 58.000, -62.000, 59.000] (epsg:4326))
2026-08-04 18:24:33,044 - snakemake_workflow - rasterdataset - INFO - Reading population raster data from D:\GFM\inputs\exposure\ppp_2020_1km_Aggregated.tif
2026-08-04 18:24:33,044 - snakemake_workflow - rasterdataset - DEBUG - Clip to [-122.000, 35.000, -121.000, 38.000] (epsg:4326))
2026-08-04 18:24:33,049 - snakemake_workflow - rasterdataset - DEBUG - Clip to [-123.000, 47.000, -121.000, 48.000] (epsg:4326))
2026-08-04 18:24:33,070 - snakemake_workflow - rasterdataset - DEBUG - Clip to [-69.000, 58.000, -66.000, 59.000] (epsg:4326))
2026-08-04 18:24:33,754 - snakemake_workflow - rasterdataset - INFO - Reading population raster data from D:\GFM\inputs\exposure\ppp_2020_1km_Aggregated.tif
2026-08-04 18:24:33,944 - snakemake_workflow - rasterdataset - DEBUG - Clip to [-125.000, 40.000, -124.000, 44.000] (epsg:4326))
2026-08-04 18:24:34,676 - snakemake_workflow - rasterdataset - INFO - Reading population raster data from D:\GFM\inputs\exposure\ppp_2020_1km_Aggregated.tif
2026-08-04 18:24:34,676 - snakemake_workflow - rasterdataset - INFO - Reading population raster data from D:\GFM\inputs\exposure\ppp_2020_1km_Aggregated.tif
2026-08-04 18:24:34,716 - snakemake_workflow - rasterdataset - DEBUG - Clip to [-62.000, 56.000, -60.000, 57.000] (epsg:4326))
2026-08-04 18:24:34,770 - snakemake_workflow - rasterdataset - DEBUG - Clip to [-70.000, 60.000, -67.000, 61.000] (epsg:4326))
2026-08-04 18:24:34,996 - snakemake_workflow - rasterdataset - INFO - Reading population raster data from D:\GFM\inputs\exposure\ppp_2020_1km_Aggregated.tif
2026-08-04 18:24:35,067 - snakemake_workflow - rasterdataset - DEBUG - Clip to [-124.000, 39.000, -123.000, 41.000] (epsg:4326))
2026-08-04 18:24:35,342 - snakemake_workflow - rasterdataset - INFO - Reading population raster data from D:\GFM\inputs\exposure\ppp_2020_1km_Aggregated.tif
2026-08-04 18:24:35,370 - snakemake_workflow - rasterdataset - DEBUG - Clip to [-61.000, 55.000, -60.000, 57.000] (epsg:4326))
2026-08-04 18:24:35,603 - snakemake_workflow - rasterdataset - INFO - Reading population raster data from D:\GFM\inputs\exposure\ppp_2020_1km_Aggregated.tif
2026-08-04 18:24:35,634 - snakemake_workflow - rasterdataset - DEBUG - Clip to [-81.000, 59.000, -78.000, 60.000] (epsg:4326))
2026-08-04 18:24:35,736 - snakemake_workflow - rasterdataset - INFO - Reading population raster data from D:\GFM\inputs\exposure\ppp_2020_1km_Aggregated.tif
2026-08-04 18:24:35,773 - snakemake_workflow - rasterdataset - INFO - Reading population raster data from D:\GFM\inputs\exposure\ppp_2020_1km_Aggregated.tif
2026-08-04 18:24:36,090 - snakemake_workflow - rasterdataset - DEBUG - Clip to [-87.000, 63.000, -83.000, 64.000] (epsg:4326))
2026-08-04 18:24:36,090 - snakemake_workflow - rasterdataset - DEBUG - Clip to [-132.000, 51.000, -131.000, 53.000] (epsg:4326))
2026-08-04 18:24:36,210 - snakemake_workflow - rasterdataset - INFO - Reading population raster data from D:\GFM\inputs\exposure\ppp_2020_1km_Aggregated.tif
2026-08-04 18:24:36,210 - snakemake_workflow - rasterdataset - INFO - Reading population raster data from D:\GFM\inputs\exposure\ppp_2020_1km_Aggregated.tif
2026-08-04 18:24:36,227 - snakemake_workflow - rasterdataset - INFO - Reading population raster data from D:\GFM\inputs\exposure\ppp_2020_1km_Aggregated.tif
2026-08-04 18:24:36,252 - snakemake_workflow - rasterdataset - DEBUG - Clip to [-142.000, 59.000, -138.000, 60.000] (epsg:4326))
2026-08-04 18:24:36,256 - snakemake_workflow - rasterdataset - DEBUG - Clip to [-63.000, 56.000, -61.000, 58.000] (epsg:4326))
2026-08-04 18:24:36,297 - snakemake_workflow - rasterdataset - DEBUG - Clip to [-95.000, 63.000, -93.000, 64.000] (epsg:4326))
2026-08-04 18:24:36,394 - snakemake_workflow - rasterdataset - INFO - Reading population raster data from D:\GFM\inputs\exposure\ppp_2020_1km_Aggregated.tif
2026-08-04 18:24:36,465 - snakemake_workflow - rasterdataset - INFO - Reading population raster data from D:\GFM\inputs\exposure\ppp_2020_1km_Aggregated.tif
2026-08-04 18:24:36,486 - snakemake_workflow - rasterdataset - DEBUG - Clip to [-146.000, 60.000, -142.000, 61.000] (epsg:4326))
2026-08-04 18:24:36,581 - snakemake_workflow - rasterdataset - DEBUG - Clip to [-62.000, 55.000, -60.000, 56.000] (epsg:4326))
2026-08-04 18:24:36,900 - snakemake_workflow - rasterdataset - INFO - Reading population raster data from D:\GFM\inputs\exposure\ppp_2020_1km_Aggregated.tif
2026-08-04 18:24:37,057 - snakemake_workflow - rasterdataset - DEBUG - Clip to [-75.000, 62.000, -71.000, 63.000] (epsg:4326))
2026-08-04 18:24:37,354 - snakemake_workflow - rasterdataset - INFO - Reading population raster data from D:\GFM\inputs\exposure\ppp_2020_1km_Aggregated.tif
2026-08-04 18:24:37,354 - snakemake_workflow - rasterdataset - INFO - Reading population raster data from D:\GFM\inputs\exposure\ppp_2020_1km_Aggregated.tif
2026-08-04 18:24:37,374 - snakemake_workflow - rasterdataset - INFO - Reading population raster data from D:\GFM\inputs\exposure\ppp_2020_1km_Aggregated.tif
2026-08-04 18:24:37,393 - snakemake_workflow - rasterdataset - DEBUG - Clip to [-145.000, 59.000, -143.000, 61.000] (epsg:4326))
2026-08-04 18:24:37,394 - snakemake_workflow - rasterdataset - DEBUG - Clip to [-77.000, 62.000, -73.000, 63.000] (epsg:4326))
2026-08-04 18:24:37,434 - snakemake_workflow - rasterdataset - DEBUG - Clip to [-87.000, 55.000, -83.000, 56.000] (epsg:4326))
2026-08-04 18:24:37,576 - snakemake_workflow - rasterdataset - INFO - Reading population raster data from D:\GFM\inputs\exposure\ppp_2020_1km_Aggregated.tif
2026-08-04 18:24:37,626 - snakemake_workflow - rasterdataset - DEBUG - Clip to [-95.000, 58.000, -94.000, 62.000] (epsg:4326))
2026-08-04 18:24:38,779 - snakemake_workflow - rasterdataset - INFO - Reading population raster data from D:\GFM\inputs\exposure\ppp_2020_1km_Aggregated.tif
2026-08-04 18:24:38,984 - snakemake_workflow - rasterdataset - DEBUG - Clip to [-130.000, 50.000, -127.000, 51.000] (epsg:4326))
2026-08-04 18:24:39,181 - snakemake_workflow - rasterdataset - INFO - Reading population raster data from D:\GFM\inputs\exposure\ppp_2020_1km_Aggregated.tif
2026-08-04 18:24:39,202 - snakemake_workflow - rasterdataset - INFO - Reading population raster data from D:\GFM\inputs\exposure\ppp_2020_1km_Aggregated.tif
2026-08-04 18:24:39,334 - snakemake_workflow - rasterdataset - DEBUG - Clip to [-144.000, 60.000, -141.000, 61.000] (epsg:4326))
2026-08-04 18:24:39,339 - snakemake_workflow - rasterdataset - DEBUG - Clip to [-77.000, 56.000, -75.000, 57.000] (epsg:4326))
2026-08-04 18:24:39,847 - snakemake_workflow - rasterdataset - INFO - Reading population raster data from D:\GFM\inputs\exposure\ppp_2020_1km_Aggregated.tif
2026-08-04 18:24:40,078 - snakemake_workflow - rasterdataset - DEBUG - Clip to [-90.000, 65.000, -89.000, 67.000] (epsg:4326))
2026-08-04 18:24:40,401 - snakemake_workflow - rasterdataset - INFO - Reading population raster data from D:\GFM\inputs\exposure\ppp_2020_1km_Aggregated.tif
2026-08-04 18:24:40,682 - snakemake_workflow - rasterdataset - INFO - Reading population raster data from D:\GFM\inputs\exposure\ppp_2020_1km_Aggregated.tif
2026-08-04 18:24:40,682 - snakemake_workflow - rasterdataset - INFO - Reading population raster data from D:\GFM\inputs\exposure\ppp_2020_1km_Aggregated.tif
2026-08-04 18:24:41,009 - snakemake_workflow - rasterdataset - DEBUG - Clip to [-70.000, 66.000, -66.000, 67.000] (epsg:4326))
2026-08-04 18:24:41,013 - snakemake_workflow - rasterdataset - DEBUG - Clip to [-95.000, 63.000, -93.000, 65.000] (epsg:4326))
2026-08-04 18:24:41,014 - snakemake_workflow - rasterdataset - DEBUG - Clip to [-97.000, 64.000, -94.000, 65.000] (epsg:4326))
2026-08-04 18:24:41,198 - snakemake_workflow - rasterdataset - INFO - Reading population raster data from D:\GFM\inputs\exposure\ppp_2020_1km_Aggregated.tif
2026-08-04 18:24:41,280 - snakemake_workflow - rasterdataset - DEBUG - Clip to [-90.000, 56.000, -88.000, 57.000] (epsg:4326))
2026-08-04 18:24:41,419 - snakemake_workflow - rasterdataset - INFO - Reading population raster data from D:\GFM\inputs\exposure\ppp_2020_1km_Aggregated.tif
2026-08-04 18:24:41,481 - snakemake_workflow - rasterdataset - INFO - Reading population raster data from D:\GFM\inputs\exposure\ppp_2020_1km_Aggregated.tif
2026-08-04 18:24:41,610 - snakemake_workflow - rasterdataset - INFO - Reading population raster data from D:\GFM\inputs\exposure\ppp_2020_1km_Aggregated.tif
2026-08-04 18:24:41,610 - snakemake_workflow - rasterdataset - INFO - Reading population raster data from D:\GFM\inputs\exposure\ppp_2020_1km_Aggregated.tif
2026-08-04 18:24:41,611 - snakemake_workflow - rasterdataset - INFO - Reading population raster data from D:\GFM\inputs\exposure\ppp_2020_1km_Aggregated.tif
2026-08-04 18:24:41,626 - snakemake_workflow - rasterdataset - DEBUG - Clip to [-105.000, 69.000, -104.000, 73.000] (epsg:4326))
2026-08-04 18:24:41,733 - snakemake_workflow - rasterdataset - DEBUG - Clip to [-88.000, 55.000, -86.000, 56.000] (epsg:4326))
2026-08-04 18:24:41,805 - snakemake_workflow - rasterdataset - DEBUG - Clip to [-170.000, 53.000, -166.000, 54.000] (epsg:4326))
2026-08-04 18:24:41,805 - snakemake_workflow - rasterdataset - DEBUG - Clip to [-170.000, 65.000, -166.000, 66.000] (epsg:4326))
2026-08-04 18:24:41,807 - snakemake_workflow - rasterdataset - DEBUG - Clip to [-96.000, 66.000, -95.000, 68.000] (epsg:4326))
2026-08-04 18:24:41,944 - snakemake_workflow - rasterdataset - INFO - Reading population raster data from D:\GFM\inputs\exposure\ppp_2020_1km_Aggregated.tif
2026-08-04 18:24:42,041 - snakemake_workflow - rasterdataset - DEBUG - Clip to [-157.000, 55.000, -156.000, 58.000] (epsg:4326))
2026-08-04 18:24:42,441 - snakemake_workflow - rasterdataset - INFO - Reading population raster data from D:\GFM\inputs\exposure\ppp_2020_1km_Aggregated.tif
2026-08-04 18:24:42,702 - snakemake_workflow - rasterdataset - DEBUG - Clip to [-90.000, 56.000, -87.000, 57.000] (epsg:4326))
2026-08-04 18:24:43,894 - snakemake_workflow - rasterdataset - INFO - Reading population raster data from D:\GFM\inputs\exposure\ppp_2020_1km_Aggregated.tif
2026-08-04 18:24:43,970 - snakemake_workflow - rasterdataset - DEBUG - Clip to [-83.000, 53.000, -82.000, 56.000] (epsg:4326))
2026-08-04 18:24:44,032 - snakemake_workflow - rasterdataset - INFO - Reading population raster data from D:\GFM\inputs\exposure\ppp_2020_1km_Aggregated.tif
2026-08-04 18:24:44,076 - snakemake_workflow - rasterdataset - DEBUG - Clip to [-172.000, 63.000, -168.000, 64.000] (epsg:4326))
2026-08-04 18:24:44,262 - snakemake_workflow - rasterdataset - INFO - Reading population raster data from D:\GFM\inputs\exposure\ppp_2020_1km_Aggregated.tif
2026-08-04 18:24:44,457 - snakemake_workflow - rasterdataset - DEBUG - Clip to [-94.000, 57.000, -92.000, 59.000] (epsg:4326))
2026-08-04 18:24:44,665 - snakemake_workflow - rasterdataset - INFO - Reading population raster data from D:\GFM\inputs\exposure\ppp_2020_1km_Aggregated.tif
2026-08-04 18:24:44,912 - snakemake_workflow - rasterdataset - DEBUG - Clip to [-161.000, 67.000, -157.000, 68.000] (epsg:4326))
2026-08-04 18:24:45,068 - snakemake_workflow - rasterdataset - INFO - Reading population raster data from D:\GFM\inputs\exposure\ppp_2020_1km_Aggregated.tif
2026-08-04 18:24:45,260 - snakemake_workflow - rasterdataset - DEBUG - Clip to [-114.000, 70.000, -111.000, 71.000] (epsg:4326))
2026-08-04 18:24:45,407 - snakemake_workflow - rasterdataset - INFO - Reading population raster data from D:\GFM\inputs\exposure\ppp_2020_1km_Aggregated.tif
2026-08-04 18:24:45,586 - snakemake_workflow - rasterdataset - DEBUG - Clip to [-114.000, 70.000, -112.000, 71.000] (epsg:4326))
2026-08-04 18:24:45,619 - snakemake_workflow - rasterdataset - INFO - Reading population raster data from D:\GFM\inputs\exposure\ppp_2020_1km_Aggregated.tif
2026-08-04 18:24:45,619 - snakemake_workflow - rasterdataset - INFO - Reading population raster data from D:\GFM\inputs\exposure\ppp_2020_1km_Aggregated.tif
2026-08-04 18:24:45,619 - snakemake_workflow - rasterdataset - INFO - Reading population raster data from D:\GFM\inputs\exposure\ppp_2020_1km_Aggregated.tif
2026-08-04 18:24:45,620 - snakemake_workflow - rasterdataset - INFO - Reading population raster data from D:\GFM\inputs\exposure\ppp_2020_1km_Aggregated.tif
2026-08-04 18:24:45,759 - snakemake_workflow - rasterdataset - DEBUG - Clip to [-160.000, 63.000, -157.000, 64.000] (epsg:4326))
2026-08-04 18:24:45,763 - snakemake_workflow - rasterdataset - DEBUG - Clip to [-125.000, 69.000, -122.000, 70.000] (epsg:4326))
2026-08-04 18:24:45,764 - snakemake_workflow - rasterdataset - INFO - Reading population raster data from D:\GFM\inputs\exposure\ppp_2020_1km_Aggregated.tif
2026-08-04 18:24:45,764 - snakemake_workflow - rasterdataset - DEBUG - Clip to [-111.000, 72.000, -110.000, 75.000] (epsg:4326))
2026-08-04 18:24:45,768 - snakemake_workflow - rasterdataset - DEBUG - Clip to [-170.000, 52.000, -168.000, 54.000] (epsg:4326))
2026-08-04 18:24:45,914 - snakemake_workflow - rasterdataset - DEBUG - Clip to [-167.000, 54.000, -163.000, 55.000] (epsg:4326))
2026-08-04 18:24:45,962 - snakemake_workflow - rasterdataset - INFO - Reading population raster data from D:\GFM\inputs\exposure\ppp_2020_1km_Aggregated.tif
2026-08-04 18:24:46,028 - snakemake_workflow - rasterdataset - DEBUG - Clip to [-94.000, 81.000, -91.000, 82.000] (epsg:4326))
2026-08-04 18:24:47,637 - snakemake_workflow - rasterdataset - INFO - Reading population raster data from D:\GFM\inputs\exposure\ppp_2020_1km_Aggregated.tif
2026-08-04 18:24:47,845 - snakemake_workflow - rasterdataset - DEBUG - Clip to [-164.000, 66.000, -163.000, 70.000] (epsg:4326))
2026-08-04 18:24:48,147 - snakemake_workflow - rasterdataset - INFO - Reading population raster data from D:\GFM\inputs\exposure\ppp_2020_1km_Aggregated.tif
2026-08-04 18:24:48,256 - snakemake_workflow - rasterdataset - DEBUG - Clip to [-167.000, 68.000, -165.000, 69.000] (epsg:4326))
2026-08-04 18:24:48,530 - snakemake_workflow - rasterdataset - INFO - Reading population raster data from D:\GFM\inputs\exposure\ppp_2020_1km_Aggregated.tif
2026-08-04 18:24:48,832 - snakemake_workflow - rasterdataset - INFO - Reading population raster data from D:\GFM\inputs\exposure\ppp_2020_1km_Aggregated.tif
2026-08-04 18:24:48,853 - snakemake_workflow - rasterdataset - DEBUG - Clip to [-176.000, 64.000, -173.000, 65.000] (epsg:4326))
2026-08-04 18:24:49,009 - snakemake_workflow - rasterdataset - DEBUG - Clip to [-177.000, 52.000, -173.000, 53.000] (epsg:4326))
2026-08-04 18:24:49,058 - snakemake_workflow - rasterdataset - INFO - Reading population raster data from D:\GFM\inputs\exposure\ppp_2020_1km_Aggregated.tif
2026-08-04 18:24:49,230 - snakemake_workflow - rasterdataset - DEBUG - Clip to [-113.000, 72.000, -109.000, 73.000] (epsg:4326))
2026-08-04 18:24:49,417 - snakemake_workflow - rasterdataset - INFO - Reading population raster data from D:\GFM\inputs\exposure\ppp_2020_1km_Aggregated.tif
2026-08-04 18:24:49,607 - snakemake_workflow - rasterdataset - DEBUG - Clip to [-177.000, 51.000, -175.000, 53.000] (epsg:4326))
2026-08-04 18:24:49,657 - snakemake_workflow - rasterdataset - INFO - Reading population raster data from D:\GFM\inputs\exposure\ppp_2020_1km_Aggregated.tif
2026-08-04 18:24:49,935 - snakemake_workflow - rasterdataset - DEBUG - Clip to [-125.000, 74.000, -122.000, 75.000] (epsg:4326))
2026-08-04 18:24:50,074 - snakemake_workflow - rasterdataset - INFO - Reading population raster data from D:\GFM\inputs\exposure\ppp_2020_1km_Aggregated.tif
2026-08-04 18:24:50,189 - snakemake_workflow - rasterdataset - DEBUG - Clip to [-123.000, 69.000, -119.000, 70.000] (epsg:4326))
2026-08-04 18:24:50,263 - snakemake_workflow - rasterdataset - INFO - Reading population raster data from D:\GFM\inputs\exposure\ppp_2020_1km_Aggregated.tif
2026-08-04 18:24:50,343 - snakemake_workflow - rasterdataset - INFO - Reading population raster data from D:\GFM\inputs\exposure\ppp_2020_1km_Aggregated.tif
2026-08-04 18:24:50,422 - snakemake_workflow - rasterdataset - DEBUG - Clip to [-174.000, 52.000, -170.000, 53.000] (epsg:4326))
2026-08-04 18:24:50,425 - snakemake_workflow - rasterdataset - DEBUG - Clip to [-125.000, 71.000, -122.000, 72.000] (epsg:4326))
2026-08-04 18:24:50,589 - snakemake_workflow - rasterdataset - INFO - Reading population raster data from D:\GFM\inputs\exposure\ppp_2020_1km_Aggregated.tif
2026-08-04 18:24:51,040 - snakemake_workflow - rasterdataset - DEBUG - Clip to [-180.000, 51.000, -176.000, 52.000] (epsg:4326))
2026-08-04 18:24:51,351 - snakemake_workflow - rasterdataset - INFO - Reading population raster data from D:\GFM\inputs\exposure\ppp_2020_1km_Aggregated.tif
2026-08-04 18:24:51,408 - snakemake_workflow - rasterdataset - INFO - Reading population raster data from D:\GFM\inputs\exposure\ppp_2020_1km_Aggregated.tif
2026-08-04 18:24:51,433 - snakemake_workflow - rasterdataset - DEBUG - Clip to [-140.000, 69.000, -137.000, 70.000] (epsg:4326))
2026-08-04 18:24:51,458 - snakemake_workflow - rasterdataset - DEBUG - Clip to [-163.000, 70.000, -159.000, 71.000] (epsg:4326))
2026-08-04 18:24:51,540 - snakemake_workflow - rasterdataset - INFO - Reading population raster data from D:\GFM\inputs\exposure\ppp_2020_1km_Aggregated.tif
2026-08-04 18:24:51,639 - snakemake_workflow - rasterdataset - DEBUG - Clip to [-176.000, 64.000, -175.000, 68.000] (epsg:4326))
2026-08-04 18:24:51,659 - snakemake_workflow - rasterdataset - INFO - Reading population raster data from D:\GFM\inputs\exposure\ppp_2020_1km_Aggregated.tif
2026-08-04 18:24:51,754 - snakemake_workflow - rasterdataset - DEBUG - Clip to [-134.000, 67.000, -131.000, 68.000] (epsg:4326))
2026-08-04 18:24:51,874 - snakemake_workflow - rasterdataset - INFO - Reading population raster data from D:\GFM\inputs\exposure\ppp_2020_1km_Aggregated.tif
2026-08-04 18:24:51,982 - snakemake_workflow - rasterdataset - DEBUG - Clip to [-74.000, 76.000, -72.000, 77.000] (epsg:4326))
2026-08-04 18:24:52,156 - snakemake_workflow - rasterdataset - INFO - Reading population raster data from D:\GFM\inputs\exposure\ppp_2020_1km_Aggregated.tif
2026-08-04 18:24:52,295 - snakemake_workflow - rasterdataset - DEBUG - Clip to [-123.000, 71.000, -120.000, 72.000] (epsg:4326))
2026-08-04 18:24:52,380 - snakemake_workflow - rasterdataset - INFO - Reading population raster data from D:\GFM\inputs\exposure\ppp_2020_1km_Aggregated.tif
2026-08-04 18:24:52,468 - snakemake_workflow - rasterdataset - DEBUG - Clip to [-147.000, 70.000, -143.000, 71.000] (epsg:4326))
2026-08-04 18:24:53,043 - snakemake_workflow - rasterdataset - INFO - Reading population raster data from D:\GFM\inputs\exposure\ppp_2020_1km_Aggregated.tif
2026-08-04 18:24:53,183 - snakemake_workflow - rasterdataset - DEBUG - Clip to [-160.000, 70.000, -157.000, 71.000] (epsg:4326))
2026-08-04 18:24:53,206 - snakemake_workflow - rasterdataset - INFO - Reading population raster data from D:\GFM\inputs\exposure\ppp_2020_1km_Aggregated.tif
2026-08-04 18:24:53,358 - snakemake_workflow - rasterdataset - DEBUG - Clip to [-124.000, 76.000, -122.000, 77.000] (epsg:4326))
2026-08-04 18:24:53,466 - snakemake_workflow - rasterdataset - INFO - Reading population raster data from D:\GFM\inputs\exposure\ppp_2020_1km_Aggregated.tif
2026-08-04 18:24:53,556 - snakemake_workflow - rasterdataset - DEBUG - Clip to [-151.000, 70.000, -147.000, 71.000] (epsg:4326))
2026-08-04 18:24:54,470 - snakemake_workflow - rasterdataset - INFO - Reading population raster data from D:\GFM\inputs\exposure\ppp_2020_1km_Aggregated.tif
2026-08-04 18:24:54,558 - snakemake_workflow - rasterdataset - DEBUG - Clip to [-180.000, 65.000, -176.000, 66.000] (epsg:4326))
2026-08-04 18:24:54,660 - snakemake_workflow - rasterdataset - INFO - Reading population raster data from D:\GFM\inputs\exposure\ppp_2020_1km_Aggregated.tif
2026-08-04 18:24:54,660 - snakemake_workflow - rasterdataset - INFO - Reading population raster data from D:\GFM\inputs\exposure\ppp_2020_1km_Aggregated.tif
2026-08-04 18:24:54,724 - snakemake_workflow - rasterdataset - DEBUG - Clip to [-178.000, 67.000, -175.000, 68.000] (epsg:4326))
2026-08-04 18:24:54,726 - snakemake_workflow - rasterdataset - DEBUG - Clip to [-143.000, 69.000, -139.000, 70.000] (epsg:4326))
2026-08-04 18:24:54,886 - snakemake_workflow - rasterdataset - INFO - Reading population raster data from D:\GFM\inputs\exposure\ppp_2020_1km_Aggregated.tif
2026-08-04 18:24:55,095 - snakemake_workflow - rasterdataset - DEBUG - Clip to [-134.000, 67.000, -130.000, 68.000] (epsg:4326))
2026-08-04 18:24:55,659 - snakemake_workflow - rasterdataset - INFO - Reading population raster data from D:\GFM\inputs\exposure\ppp_2020_1km_Aggregated.tif
2026-08-04 18:24:55,792 - snakemake_workflow - rasterdataset - DEBUG - Clip to [-155.000, 70.000, -151.000, 71.000] (epsg:4326))
2026-08-04 18:24:56,992 - snakemake_workflow - rasterdataset - INFO - Reading population raster data from D:\GFM\inputs\exposure\ppp_2020_1km_Aggregated.tif
2026-08-04 18:24:57,448 - snakemake_workflow - rasterdataset - DEBUG - Clip to [-180.000, 65.000, -178.000, 67.000] (epsg:4326))
2026-08-04 18:24:57,504 - snakemake_workflow - rasterdataset - INFO - Reading population raster data from D:\GFM\inputs\exposure\ppp_2020_1km_Aggregated.tif
2026-08-04 18:24:57,591 - snakemake_workflow - rasterdataset - DEBUG - Clip to [-152.000, 69.000, -150.000, 71.000] (epsg:4326))
2026-08-04 18:24:58,061 - snakemake_workflow - rasterdataset - INFO - Reading population raster data from D:\GFM\inputs\exposure\ppp_2020_1km_Aggregated.tif
2026-08-04 18:24:58,330 - snakemake_workflow - rasterdataset - DEBUG - Clip to [-125.000, 73.000, -123.000, 75.000] (epsg:4326))
2026-08-04 18:24:58,352 - snakemake_workflow - rasterdataset - INFO - Reading population raster data from D:\GFM\inputs\exposure\ppp_2020_1km_Aggregated.tif
2026-08-04 18:24:58,355 - snakemake_workflow - rasterdataset - INFO - Reading population raster data from D:\GFM\inputs\exposure\ppp_2020_1km_Aggregated.tif
2026-08-04 18:24:58,636 - snakemake_workflow - rasterdataset - DEBUG - Clip to [-59.000, 74.000, -57.000, 75.000] (epsg:4326))
2026-08-04 18:24:58,644 - snakemake_workflow - rasterdataset - DEBUG - Clip to [-145.000, 70.000, -142.000, 71.000] (epsg:4326))
2026-08-04 18:24:59,529 - snakemake_workflow - rasterdataset - INFO - Reading population raster data from D:\GFM\inputs\exposure\ppp_2020_1km_Aggregated.tif
2026-08-04 18:24:59,694 - snakemake_workflow - rasterdataset - DEBUG - Clip to [-178.000, 67.000, -176.000, 69.000] (epsg:4326))
2026-08-04 18:25:00,180 - snakemake_workflow - rasterdataset - INFO - Reading population raster data from D:\GFM\inputs\exposure\ppp_2020_1km_Aggregated.tif
2026-08-04 18:25:00,180 - snakemake_workflow - rasterdataset - INFO - Reading population raster data from D:\GFM\inputs\exposure\ppp_2020_1km_Aggregated.tif
2026-08-04 18:25:00,223 - snakemake_workflow - rasterdataset - DEBUG - Clip to [-65.000, 76.000, -61.000, 77.000] (epsg:4326))
2026-08-04 18:25:00,229 - snakemake_workflow - rasterdataset - DEBUG - Clip to [-58.000, 82.000, -54.000, 83.000] (epsg:4326))
2026-08-04 18:25:00,430 - snakemake_workflow - rasterdataset - INFO - Reading population raster data from D:\GFM\inputs\exposure\ppp_2020_1km_Aggregated.tif
2026-08-04 18:25:00,517 - snakemake_workflow - rasterdataset - INFO - Reading population raster data from D:\GFM\inputs\exposure\ppp_2020_1km_Aggregated.tif
2026-08-04 18:25:00,517 - snakemake_workflow - rasterdataset - INFO - Reading population raster data from D:\GFM\inputs\exposure\ppp_2020_1km_Aggregated.tif
2026-08-04 18:25:00,645 - snakemake_workflow - rasterdataset - DEBUG - Clip to [-52.000, 82.000, -49.000, 83.000] (epsg:4326))
2026-08-04 18:25:00,660 - snakemake_workflow - rasterdataset - DEBUG - Clip to [-153.000, 70.000, -150.000, 71.000] (epsg:4326))
2026-08-04 18:25:00,672 - snakemake_workflow - rasterdataset - INFO - Reading population raster data from D:\GFM\inputs\exposure\ppp_2020_1km_Aggregated.tif
2026-08-04 18:25:00,677 - snakemake_workflow - rasterdataset - DEBUG - Clip to [-180.000, 68.000, -177.000, 69.000] (epsg:4326))
2026-08-04 18:25:00,696 - snakemake_workflow - rasterdataset - INFO - Reading population raster data from D:\GFM\inputs\exposure\ppp_2020_1km_Aggregated.tif
2026-08-04 18:25:00,718 - snakemake_workflow - rasterdataset - DEBUG - Clip to [-51.000, 82.000, -47.000, 83.000] (epsg:4326))
2026-08-04 18:25:00,829 - snakemake_workflow - rasterdataset - DEBUG - Clip to [-66.000, 76.000, -63.000, 77.000] (epsg:4326))
2026-08-04 18:25:00,859 - snakemake_workflow - rasterdataset - INFO - Reading population raster data from D:\GFM\inputs\exposure\ppp_2020_1km_Aggregated.tif
2026-08-04 18:25:01,033 - snakemake_workflow - rasterdataset - INFO - Reading population raster data from D:\GFM\inputs\exposure\ppp_2020_1km_Aggregated.tif
2026-08-04 18:25:01,141 - snakemake_workflow - rasterdataset - DEBUG - Clip to [-60.000, 75.000, -58.000, 76.000] (epsg:4326))
2026-08-04 18:25:01,200 - snakemake_workflow - rasterdataset - INFO - Reading population raster data from D:\GFM\inputs\exposure\ppp_2020_1km_Aggregated.tif
2026-08-04 18:25:01,217 - snakemake_workflow - rasterdataset - DEBUG - Clip to [-55.000, 67.000, -53.000, 68.000] (epsg:4326))
2026-08-04 18:25:01,280 - snakemake_workflow - rasterdataset - DEBUG - Clip to [-60.000, 75.000, -57.000, 76.000] (epsg:4326))
2026-08-04 18:25:01,294 - snakemake_workflow - rasterdataset - INFO - Reading population raster data from D:\GFM\inputs\exposure\ppp_2020_1km_Aggregated.tif
2026-08-04 18:25:01,411 - snakemake_workflow - rasterdataset - DEBUG - Clip to [-60.000, 82.000, -56.000, 83.000] (epsg:4326))
2026-08-04 18:25:01,582 - snakemake_workflow - rasterdataset - INFO - Reading population raster data from D:\GFM\inputs\exposure\ppp_2020_1km_Aggregated.tif
2026-08-04 18:25:01,706 - snakemake_workflow - rasterdataset - DEBUG - Clip to [-50.000, 61.000, -48.000, 63.000] (epsg:4326))
2026-08-04 18:25:02,245 - snakemake_workflow - rasterdataset - INFO - Reading population raster data from D:\GFM\inputs\exposure\ppp_2020_1km_Aggregated.tif
2026-08-04 18:25:02,332 - snakemake_workflow - rasterdataset - DEBUG - Clip to [-43.000, 62.000, -41.000, 64.000] (epsg:4326))
2026-08-04 18:25:02,505 - snakemake_workflow - rasterdataset - INFO - Reading population raster data from D:\GFM\inputs\exposure\ppp_2020_1km_Aggregated.tif
2026-08-04 18:25:02,545 - snakemake_workflow - rasterdataset - DEBUG - Clip to [-43.000, 62.000, -41.000, 63.000] (epsg:4326))
2026-08-04 18:25:02,640 - snakemake_workflow - rasterdataset - INFO - Reading population raster data from D:\GFM\inputs\exposure\ppp_2020_1km_Aggregated.tif
2026-08-04 18:25:02,724 - snakemake_workflow - rasterdataset - INFO - Reading population raster data from D:\GFM\inputs\exposure\ppp_2020_1km_Aggregated.tif
2026-08-04 18:25:02,759 - snakemake_workflow - rasterdataset - DEBUG - Clip to [-36.000, 66.000, -34.000, 67.000] (epsg:4326))
2026-08-04 18:25:02,778 - snakemake_workflow - rasterdataset - DEBUG - Clip to [-35.000, 66.000, -33.000, 68.000] (epsg:4326))
2026-08-04 18:25:02,834 - snakemake_workflow - rasterdataset - INFO - Reading population raster data from D:\GFM\inputs\exposure\ppp_2020_1km_Aggregated.tif
2026-08-04 18:25:02,853 - snakemake_workflow - rasterdataset - INFO - Reading population raster data from D:\GFM\inputs\exposure\ppp_2020_1km_Aggregated.tif
2026-08-04 18:25:03,142 - snakemake_workflow - rasterdataset - INFO - Reading population raster data from D:\GFM\inputs\exposure\ppp_2020_1km_Aggregated.tif
2026-08-04 18:25:03,142 - snakemake_workflow - rasterdataset - INFO - Reading population raster data from D:\GFM\inputs\exposure\ppp_2020_1km_Aggregated.tif
2026-08-04 18:25:03,179 - snakemake_workflow - rasterdataset - DEBUG - Clip to [-36.000, 66.000, -33.000, 67.000] (epsg:4326))
2026-08-04 18:25:03,183 - snakemake_workflow - rasterdataset - DEBUG - Clip to [-33.000, 68.000, -29.000, 69.000] (epsg:4326))
2026-08-04 18:25:03,195 - snakemake_workflow - rasterdataset - INFO - Reading population raster data from D:\GFM\inputs\exposure\ppp_2020_1km_Aggregated.tif
2026-08-04 18:25:03,222 - snakemake_workflow - rasterdataset - DEBUG - Clip to [-51.000, 69.000, -49.000, 70.000] (epsg:4326))
2026-08-04 18:25:03,224 - snakemake_workflow - rasterdataset - DEBUG - Clip to [-28.000, 68.000, -26.000, 69.000] (epsg:4326))
2026-08-04 18:25:03,246 - snakemake_workflow - rasterdataset - INFO - Reading population raster data from D:\GFM\inputs\exposure\ppp_2020_1km_Aggregated.tif
2026-08-04 18:25:03,281 - snakemake_workflow - rasterdataset - INFO - Reading population raster data from D:\GFM\inputs\exposure\ppp_2020_1km_Aggregated.tif
2026-08-04 18:25:03,297 - snakemake_workflow - rasterdataset - DEBUG - Clip to [-34.000, 81.000, -32.000, 82.000] (epsg:4326))
2026-08-04 18:25:03,397 - snakemake_workflow - rasterdataset - INFO - Reading population raster data from D:\GFM\inputs\exposure\ppp_2020_1km_Aggregated.tif
2026-08-04 18:25:03,409 - snakemake_workflow - rasterdataset - DEBUG - Clip to [-28.000, 68.000, -25.000, 69.000] (epsg:4326))
2026-08-04 18:25:03,413 - snakemake_workflow - rasterdataset - DEBUG - Clip to [-30.000, 68.000, -27.000, 69.000] (epsg:4326))
2026-08-04 18:25:03,418 - snakemake_workflow - rasterdataset - INFO - Reading population raster data from D:\GFM\inputs\exposure\ppp_2020_1km_Aggregated.tif
2026-08-04 18:25:03,435 - snakemake_workflow - rasterdataset - INFO - Reading population raster data from D:\GFM\inputs\exposure\ppp_2020_1km_Aggregated.tif
2026-08-04 18:25:03,465 - snakemake_workflow - rasterdataset - DEBUG - Clip to [-16.000, 81.000, -12.000, 82.000] (epsg:4326))
2026-08-04 18:25:03,491 - snakemake_workflow - rasterdataset - INFO - Reading population raster data from D:\GFM\inputs\exposure\ppp_2020_1km_Aggregated.tif
2026-08-04 18:25:03,494 - snakemake_workflow - rasterdataset - INFO - Reading population raster data from D:\GFM\inputs\exposure\ppp_2020_1km_Aggregated.tif
2026-08-04 18:25:03,512 - snakemake_workflow - rasterdataset - DEBUG - Clip to [-30.000, 70.000, -27.000, 71.000] (epsg:4326))
2026-08-04 18:25:03,524 - snakemake_workflow - rasterdataset - INFO - Reading population raster data from D:\GFM\inputs\exposure\ppp_2020_1km_Aggregated.tif
2026-08-04 18:25:03,536 - snakemake_workflow - rasterdataset - DEBUG - Clip to [-28.000, 68.000, -27.000, 71.000] (epsg:4326))
2026-08-04 18:25:03,545 - snakemake_workflow - rasterdataset - DEBUG - Clip to [-15.000, 81.000, -11.000, 82.000] (epsg:4326))
2026-08-04 18:25:03,545 - snakemake_workflow - rasterdataset - INFO - Reading population raster data from D:\GFM\inputs\exposure\ppp_2020_1km_Aggregated.tif
2026-08-04 18:25:03,554 - snakemake_workflow - rasterdataset - DEBUG - Clip to [-146.000, 69.000, -144.000, 71.000] (epsg:4326))
2026-08-04 18:25:03,579 - snakemake_workflow - rasterdataset - INFO - Reading population raster data from D:\GFM\inputs\exposure\ppp_2020_1km_Aggregated.tif
2026-08-04 18:25:03,587 - snakemake_workflow - rasterdataset - DEBUG - Clip to [-24.000, 76.000, -22.000, 77.000] (epsg:4326))
2026-08-04 18:25:03,625 - snakemake_workflow - rasterdataset - DEBUG - Clip to [115.000, -21.000, 119.000, -20.000] (epsg:4326))
2026-08-04 18:25:03,647 - snakemake_workflow - rasterdataset - INFO - Reading population raster data from D:\GFM\inputs\exposure\ppp_2020_1km_Aggregated.tif
2026-08-04 18:25:03,795 - snakemake_workflow - rasterdataset - DEBUG - Clip to [120.000, -20.000, 122.000, -19.000] (epsg:4326))
2026-08-04 18:25:03,895 - snakemake_workflow - rasterdataset - DEBUG - Clip to [114.000, -31.000, 116.000, -29.000] (epsg:4326))
2026-08-04 18:25:05,360 - snakemake_workflow - rasterdataset - INFO - Reading population raster data from D:\GFM\inputs\exposure\ppp_2020_1km_Aggregated.tif
2026-08-04 18:25:05,478 - snakemake_workflow - rasterdataset - DEBUG - Clip to [-45.000, 82.000, -42.000, 83.000] (epsg:4326))
2026-08-04 18:25:05,632 - snakemake_workflow - rasterdataset - INFO - Reading population raster data from D:\GFM\inputs\exposure\ppp_2020_1km_Aggregated.tif
2026-08-04 18:25:05,757 - snakemake_workflow - rasterdataset - DEBUG - Clip to [-43.000, 82.000, -40.000, 83.000] (epsg:4326))
2026-08-04 18:25:05,892 - snakemake_workflow - rasterdataset - INFO - Reading population raster data from D:\GFM\inputs\exposure\ppp_2020_1km_Aggregated.tif
2026-08-04 18:25:05,894 - snakemake_workflow - rasterdataset - INFO - Reading population raster data from D:\GFM\inputs\exposure\ppp_2020_1km_Aggregated.tif
2026-08-04 18:25:05,994 - snakemake_workflow - rasterdataset - DEBUG - Clip to [114.000, -35.000, 116.000, -33.000] (epsg:4326))
2026-08-04 18:25:06,000 - snakemake_workflow - rasterdataset - DEBUG - Clip to [-41.000, 82.000, -39.000, 83.000] (epsg:4326))
2026-08-04 18:25:06,057 - snakemake_workflow - rasterdataset - INFO - Reading population raster data from D:\GFM\inputs\exposure\ppp_2020_1km_Aggregated.tif
2026-08-04 18:25:06,075 - snakemake_workflow - rasterdataset - INFO - Reading population raster data from D:\GFM\inputs\exposure\ppp_2020_1km_Aggregated.tif
2026-08-04 18:25:06,200 - snakemake_workflow - rasterdataset - DEBUG - Clip to [-50.000, 62.000, -48.000, 63.000] (epsg:4326))
2026-08-04 18:25:06,200 - snakemake_workflow - rasterdataset - DEBUG - Clip to [141.000, -16.000, 144.000, -15.000] (epsg:4326))
2026-08-04 18:25:06,954 - snakemake_workflow - rasterdataset - INFO - Reading population raster data from D:\GFM\inputs\exposure\ppp_2020_1km_Aggregated.tif
2026-08-04 18:25:07,019 - snakemake_workflow - rasterdataset - DEBUG - Clip to [143.000, -12.000, 145.000, -11.000] (epsg:4326))
2026-08-04 18:25:07,400 - snakemake_workflow - rasterdataset - INFO - Reading population raster data from D:\GFM\inputs\exposure\ppp_2020_1km_Aggregated.tif
2026-08-04 18:25:07,581 - snakemake_workflow - rasterdataset - INFO - Reading population raster data from D:\GFM\inputs\exposure\ppp_2020_1km_Aggregated.tif
2026-08-04 18:25:07,613 - snakemake_workflow - rasterdataset - DEBUG - Clip to [-41.000, 82.000, -38.000, 83.000] (epsg:4326))
2026-08-04 18:25:07,667 - snakemake_workflow - rasterdataset - INFO - Reading population raster data from D:\GFM\inputs\exposure\ppp_2020_1km_Aggregated.tif
2026-08-04 18:25:07,718 - snakemake_workflow - rasterdataset - DEBUG - Clip to [136.000, -17.000, 137.000, -15.000] (epsg:4326))
2026-08-04 18:25:07,734 - snakemake_workflow - rasterdataset - DEBUG - Clip to [128.000, -32.000, 131.000, -31.000] (epsg:4326))
2026-08-04 18:25:07,978 - snakemake_workflow - rasterdataset - INFO - Reading population raster data from D:\GFM\inputs\exposure\ppp_2020_1km_Aggregated.tif
2026-08-04 18:25:08,164 - snakemake_workflow - rasterdataset - DEBUG - Clip to [115.000, -22.000, 117.000, -20.000] (epsg:4326))
2026-08-04 18:25:08,326 - snakemake_workflow - rasterdataset - INFO - Reading population raster data from D:\GFM\inputs\exposure\ppp_2020_1km_Aggregated.tif
2026-08-04 18:25:08,535 - snakemake_workflow - rasterdataset - DEBUG - Clip to [145.000, -17.000, 146.000, -14.000] (epsg:4326))
2026-08-04 18:25:08,826 - snakemake_workflow - rasterdataset - INFO - Reading population raster data from D:\GFM\inputs\exposure\ppp_2020_1km_Aggregated.tif
2026-08-04 18:25:09,039 - snakemake_workflow - rasterdataset - DEBUG - Clip to [122.000, -34.000, 125.000, -33.000] (epsg:4326))
2026-08-04 18:25:09,501 - snakemake_workflow - rasterdataset - INFO - Reading population raster data from D:\GFM\inputs\exposure\ppp_2020_1km_Aggregated.tif
2026-08-04 18:25:09,559 - snakemake_workflow - rasterdataset - DEBUG - Clip to [115.000, -35.000, 116.000, -31.000] (epsg:4326))
2026-08-04 18:25:09,675 - snakemake_workflow - rasterdataset - INFO - Reading population raster data from D:\GFM\inputs\exposure\ppp_2020_1km_Aggregated.tif
2026-08-04 18:25:09,932 - snakemake_workflow - rasterdataset - DEBUG - Clip to [141.000, -17.000, 142.000, -15.000] (epsg:4326))
2026-08-04 18:25:10,231 - snakemake_workflow - rasterdataset - INFO - Reading population raster data from D:\GFM\inputs\exposure\ppp_2020_1km_Aggregated.tif
2026-08-04 18:25:10,272 - snakemake_workflow - rasterdataset - DEBUG - Clip to [143.000, -8.000, 147.000, -7.000] (epsg:4326))
2026-08-04 18:25:10,699 - snakemake_workflow - rasterdataset - INFO - Reading population raster data from D:\GFM\inputs\exposure\ppp_2020_1km_Aggregated.tif
2026-08-04 18:25:11,057 - snakemake_workflow - rasterdataset - INFO - Reading population raster data from D:\GFM\inputs\exposure\ppp_2020_1km_Aggregated.tif
2026-08-04 18:25:11,075 - snakemake_workflow - rasterdataset - DEBUG - Clip to [132.000, -14.000, 133.000, -11.000] (epsg:4326))
2026-08-04 18:25:11,107 - snakemake_workflow - rasterdataset - DEBUG - Clip to [143.000, -10.000, 145.000, -9.000] (epsg:4326))
2026-08-04 18:25:11,437 - snakemake_workflow - rasterdataset - INFO - Reading population raster data from D:\GFM\inputs\exposure\ppp_2020_1km_Aggregated.tif
2026-08-04 18:25:11,569 - snakemake_workflow - rasterdataset - DEBUG - Clip to [141.000, -17.000, 143.000, -15.000] (epsg:4326))
2026-08-04 18:25:11,659 - snakemake_workflow - rasterdataset - INFO - Reading population raster data from D:\GFM\inputs\exposure\ppp_2020_1km_Aggregated.tif
2026-08-04 18:25:11,872 - snakemake_workflow - rasterdataset - DEBUG - Clip to [143.000, -16.000, 144.000, -13.000] (epsg:4326))
2026-08-04 18:25:12,412 - snakemake_workflow - rasterdataset - INFO - Reading population raster data from D:\GFM\inputs\exposure\ppp_2020_1km_Aggregated.tif
2026-08-04 18:25:12,580 - snakemake_workflow - rasterdataset - INFO - Reading population raster data from D:\GFM\inputs\exposure\ppp_2020_1km_Aggregated.tif
2026-08-04 18:25:12,619 - snakemake_workflow - rasterdataset - DEBUG - Clip to [136.000, -17.000, 138.000, -15.000] (epsg:4326))
2026-08-04 18:25:12,635 - snakemake_workflow - rasterdataset - DEBUG - Clip to [146.000, -20.000, 147.000, -18.000] (epsg:4326))
2026-08-04 18:25:13,549 - snakemake_workflow - rasterdataset - INFO - Reading population raster data from D:\GFM\inputs\exposure\ppp_2020_1km_Aggregated.tif
2026-08-04 18:25:13,750 - snakemake_workflow - rasterdataset - DEBUG - Clip to [141.000, -17.000, 142.000, -13.000] (epsg:4326))
2026-08-04 18:25:13,871 - snakemake_workflow - rasterdataset - INFO - Reading population raster data from D:\GFM\inputs\exposure\ppp_2020_1km_Aggregated.tif
2026-08-04 18:25:13,994 - snakemake_workflow - rasterdataset - INFO - Reading population raster data from D:\GFM\inputs\exposure\ppp_2020_1km_Aggregated.tif
2026-08-04 18:25:14,000 - snakemake_workflow - rasterdataset - DEBUG - Clip to [124.000, -33.000, 127.000, -32.000] (epsg:4326))
2026-08-04 18:25:14,024 - snakemake_workflow - rasterdataset - DEBUG - Clip to [114.000, -31.000, 115.000, -28.000] (epsg:4326))
2026-08-04 18:25:14,460 - snakemake_workflow - rasterdataset - INFO - Reading population raster data from D:\GFM\inputs\exposure\ppp_2020_1km_Aggregated.tif
2026-08-04 18:25:14,520 - snakemake_workflow - rasterdataset - DEBUG - Clip to [138.000, -8.000, 139.000, -4.000] (epsg:4326))
2026-08-04 18:25:14,941 - snakemake_workflow - rasterdataset - INFO - Reading population raster data from D:\GFM\inputs\exposure\ppp_2020_1km_Aggregated.tif
2026-08-04 18:25:15,028 - snakemake_workflow - rasterdataset - DEBUG - Clip to [149.000, -23.000, 151.000, -21.000] (epsg:4326))
2026-08-04 18:25:15,030 - snakemake_workflow - rasterdataset - INFO - Reading population raster data from D:\GFM\inputs\exposure\ppp_2020_1km_Aggregated.tif
2026-08-04 18:25:15,168 - snakemake_workflow - rasterdataset - DEBUG - Clip to [130.000, -32.000, 133.000, -31.000] (epsg:4326))
2026-08-04 18:25:15,718 - snakemake_workflow - rasterdataset - INFO - Reading population raster data from D:\GFM\inputs\exposure\ppp_2020_1km_Aggregated.tif
2026-08-04 18:25:15,759 - snakemake_workflow - rasterdataset - DEBUG - Clip to [144.000, -5.000, 147.000, -4.000] (epsg:4326))
2026-08-04 18:25:16,515 - snakemake_workflow - rasterdataset - INFO - Reading population raster data from D:\GFM\inputs\exposure\ppp_2020_1km_Aggregated.tif
2026-08-04 18:25:16,553 - snakemake_workflow - rasterdataset - DEBUG - Clip to [131.000, -2.000, 132.000, 2.000] (epsg:4326))
2026-08-04 18:25:17,153 - snakemake_workflow - rasterdataset - INFO - Reading population raster data from D:\GFM\inputs\exposure\ppp_2020_1km_Aggregated.tif
2026-08-04 18:25:17,379 - snakemake_workflow - rasterdataset - DEBUG - Clip to [142.000, -4.000, 143.000, -1.000] (epsg:4326))
2026-08-04 18:25:17,942 - snakemake_workflow - rasterdataset - INFO - Reading population raster data from D:\GFM\inputs\exposure\ppp_2020_1km_Aggregated.tif
2026-08-04 18:25:18,022 - snakemake_workflow - rasterdataset - DEBUG - Clip to [148.000, -22.000, 150.000, -20.000] (epsg:4326))
2026-08-04 18:25:20,006 - snakemake_workflow - rasterdataset - INFO - Reading population raster data from D:\GFM\inputs\exposure\ppp_2020_1km_Aggregated.tif
2026-08-04 18:25:20,086 - snakemake_workflow - rasterdataset - INFO - Reading population raster data from D:\GFM\inputs\exposure\ppp_2020_1km_Aggregated.tif
2026-08-04 18:25:20,108 - snakemake_workflow - rasterdataset - DEBUG - Clip to [134.000, -8.000, 135.000, -4.000] (epsg:4326))
2026-08-04 18:25:20,164 - snakemake_workflow - rasterdataset - DEBUG - Clip to [132.000, -33.000, 134.000, -31.000] (epsg:4326))
2026-08-04 18:25:20,596 - snakemake_workflow - rasterdataset - INFO - Reading population raster data from D:\GFM\inputs\exposure\ppp_2020_1km_Aggregated.tif
2026-08-04 18:25:20,671 - snakemake_workflow - rasterdataset - DEBUG - Clip to [137.000, -6.000, 139.000, -4.000] (epsg:4326))
2026-08-04 18:25:20,680 - snakemake_workflow - rasterdataset - INFO - Reading population raster data from D:\GFM\inputs\exposure\ppp_2020_1km_Aggregated.tif
2026-08-04 18:25:20,795 - snakemake_workflow - rasterdataset - DEBUG - Clip to [122.000, -6.000, 125.000, -5.000] (epsg:4326))
2026-08-04 18:25:21,286 - snakemake_workflow - rasterdataset - INFO - Reading population raster data from D:\GFM\inputs\exposure\ppp_2020_1km_Aggregated.tif
2026-08-04 18:25:21,540 - snakemake_workflow - rasterdataset - DEBUG - Clip to [138.000, -3.000, 142.000, -2.000] (epsg:4326))
2026-08-04 18:25:22,150 - snakemake_workflow - rasterdataset - INFO - Reading population raster data from D:\GFM\inputs\exposure\ppp_2020_1km_Aggregated.tif
2026-08-04 18:25:22,350 - snakemake_workflow - rasterdataset - DEBUG - Clip to [139.000, -38.000, 140.000, -34.000] (epsg:4326))
2026-08-04 18:25:24,025 - snakemake_workflow - rasterdataset - INFO - Reading population raster data from D:\GFM\inputs\exposure\ppp_2020_1km_Aggregated.tif
2026-08-04 18:25:24,126 - snakemake_workflow - rasterdataset - DEBUG - Clip to [126.000, -9.000, 127.000, -6.000] (epsg:4326))
2026-08-04 18:25:24,269 - snakemake_workflow - rasterdataset - INFO - Reading population raster data from D:\GFM\inputs\exposure\ppp_2020_1km_Aggregated.tif
2026-08-04 18:25:24,350 - snakemake_workflow - rasterdataset - DEBUG - Clip to [146.000, -8.000, 147.000, -4.000] (epsg:4326))
2026-08-04 18:25:24,792 - snakemake_workflow - rasterdataset - INFO - Reading population raster data from D:\GFM\inputs\exposure\ppp_2020_1km_Aggregated.tif
2026-08-04 18:25:24,908 - snakemake_workflow - rasterdataset - DEBUG - Clip to [151.000, -25.000, 153.000, -23.000] (epsg:4326))
2026-08-04 18:25:24,981 - snakemake_workflow - rasterdataset - INFO - Reading population raster data from D:\GFM\inputs\exposure\ppp_2020_1km_Aggregated.tif
2026-08-04 18:25:25,072 - snakemake_workflow - rasterdataset - DEBUG - Clip to [132.000, -32.000, 134.000, -31.000] (epsg:4326))
2026-08-04 18:25:25,569 - snakemake_workflow - rasterdataset - INFO - Reading population raster data from D:\GFM\inputs\exposure\ppp_2020_1km_Aggregated.tif
2026-08-04 18:25:25,629 - snakemake_workflow - rasterdataset - DEBUG - Clip to [153.000, -30.000, 154.000, -27.000] (epsg:4326))
2026-08-04 18:25:26,256 - snakemake_workflow - rasterdataset - INFO - Reading population raster data from D:\GFM\inputs\exposure\ppp_2020_1km_Aggregated.tif
2026-08-04 18:25:26,360 - snakemake_workflow - rasterdataset - DEBUG - Clip to [136.000, -5.000, 139.000, -4.000] (epsg:4326))
2026-08-04 18:25:26,435 - snakemake_workflow - rasterdataset - INFO - Reading population raster data from D:\GFM\inputs\exposure\ppp_2020_1km_Aggregated.tif
2026-08-04 18:25:26,481 - snakemake_workflow - rasterdataset - INFO - Reading population raster data from D:\GFM\inputs\exposure\ppp_2020_1km_Aggregated.tif
2026-08-04 18:25:26,540 - snakemake_workflow - rasterdataset - DEBUG - Clip to [138.000, -35.000, 142.000, -34.000] (epsg:4326))
2026-08-04 18:25:26,562 - snakemake_workflow - rasterdataset - DEBUG - Clip to [120.000, -9.000, 124.000, -8.000] (epsg:4326))
2026-08-04 18:25:27,435 - snakemake_workflow - rasterdataset - INFO - Reading population raster data from D:\GFM\inputs\exposure\ppp_2020_1km_Aggregated.tif
2026-08-04 18:25:27,564 - snakemake_workflow - rasterdataset - DEBUG - Clip to [145.000, -6.000, 148.000, -5.000] (epsg:4326))
2026-08-04 18:25:28,337 - snakemake_workflow - rasterdataset - INFO - Reading population raster data from D:\GFM\inputs\exposure\ppp_2020_1km_Aggregated.tif
2026-08-04 18:25:28,373 - snakemake_workflow - rasterdataset - INFO - Reading population raster data from D:\GFM\inputs\exposure\ppp_2020_1km_Aggregated.tif
2026-08-04 18:25:28,419 - snakemake_workflow - rasterdataset - DEBUG - Clip to [134.000, -2.000, 135.000, 1.000] (epsg:4326))
2026-08-04 18:25:28,448 - snakemake_workflow - rasterdataset - DEBUG - Clip to [138.000, -35.000, 141.000, -34.000] (epsg:4326))
2026-08-04 18:25:28,670 - snakemake_workflow - rasterdataset - INFO - Reading population raster data from D:\GFM\inputs\exposure\ppp_2020_1km_Aggregated.tif
2026-08-04 18:25:28,742 - snakemake_workflow - rasterdataset - DEBUG - Clip to [117.000, -6.000, 120.000, -5.000] (epsg:4326))
2026-08-04 18:25:29,593 - snakemake_workflow - rasterdataset - INFO - Reading population raster data from D:\GFM\inputs\exposure\ppp_2020_1km_Aggregated.tif
2026-08-04 18:25:29,596 - snakemake_workflow - rasterdataset - INFO - Reading population raster data from D:\GFM\inputs\exposure\ppp_2020_1km_Aggregated.tif
2026-08-04 18:25:29,666 - snakemake_workflow - rasterdataset - DEBUG - Clip to [139.000, -38.000, 141.000, -36.000] (epsg:4326))
2026-08-04 18:25:29,703 - snakemake_workflow - rasterdataset - DEBUG - Clip to [120.000, -11.000, 124.000, -10.000] (epsg:4326))
2026-08-04 18:25:29,928 - snakemake_workflow - rasterdataset - INFO - Reading population raster data from D:\GFM\inputs\exposure\ppp_2020_1km_Aggregated.tif
2026-08-04 18:25:30,004 - snakemake_workflow - rasterdataset - DEBUG - Clip to [153.000, -12.000, 155.000, -11.000] (epsg:4326))
2026-08-04 18:25:30,320 - snakemake_workflow - rasterdataset - INFO - Reading population raster data from D:\GFM\inputs\exposure\ppp_2020_1km_Aggregated.tif
2026-08-04 18:25:30,406 - snakemake_workflow - rasterdataset - DEBUG - Clip to [140.000, -39.000, 144.000, -38.000] (epsg:4326))
2026-08-04 18:25:30,691 - snakemake_workflow - rasterdataset - INFO - Reading population raster data from D:\GFM\inputs\exposure\ppp_2020_1km_Aggregated.tif
2026-08-04 18:25:30,696 - snakemake_workflow - rasterdataset - INFO - Reading population raster data from D:\GFM\inputs\exposure\ppp_2020_1km_Aggregated.tif
2026-08-04 18:25:30,766 - snakemake_workflow - rasterdataset - DEBUG - Clip to [122.000, 0.000, 125.000, 1.000] (epsg:4326))
2026-08-04 18:25:30,797 - snakemake_workflow - rasterdataset - DEBUG - Clip to [150.000, -35.000, 152.000, -33.000] (epsg:4326))
2026-08-04 18:25:31,540 - snakemake_workflow - rasterdataset - INFO - Reading population raster data from D:\GFM\inputs\exposure\ppp_2020_1km_Aggregated.tif
2026-08-04 18:25:31,655 - snakemake_workflow - rasterdataset - DEBUG - Clip to [142.000, -2.000, 146.000, -1.000] (epsg:4326))
2026-08-04 18:25:32,595 - snakemake_workflow - rasterdataset - INFO - Reading population raster data from D:\GFM\inputs\exposure\ppp_2020_1km_Aggregated.tif
2026-08-04 18:25:32,655 - snakemake_workflow - rasterdataset - INFO - Reading population raster data from D:\GFM\inputs\exposure\ppp_2020_1km_Aggregated.tif
2026-08-04 18:25:32,671 - snakemake_workflow - rasterdataset - DEBUG - Clip to [140.000, -35.000, 142.000, -33.000] (epsg:4326))
2026-08-04 18:25:32,715 - snakemake_workflow - rasterdataset - DEBUG - Clip to [154.000, -7.000, 156.000, -5.000] (epsg:4326))
2026-08-04 18:25:33,300 - snakemake_workflow - rasterdataset - INFO - Reading population raster data from D:\GFM\inputs\exposure\ppp_2020_1km_Aggregated.tif
2026-08-04 18:25:33,401 - snakemake_workflow - rasterdataset - DEBUG - Clip to [123.000, -11.000, 124.000, -7.000] (epsg:4326))
2026-08-04 18:25:33,460 - snakemake_workflow - rasterdataset - INFO - Reading population raster data from D:\GFM\inputs\exposure\ppp_2020_1km_Aggregated.tif
2026-08-04 18:25:33,519 - snakemake_workflow - rasterdataset - DEBUG - Clip to [114.000, -7.000, 115.000, -3.000] (epsg:4326))
2026-08-04 18:25:34,043 - snakemake_workflow - rasterdataset - INFO - Reading population raster data from D:\GFM\inputs\exposure\ppp_2020_1km_Aggregated.tif
2026-08-04 18:25:34,137 - snakemake_workflow - rasterdataset - DEBUG - Clip to [149.000, -38.000, 151.000, -36.000] (epsg:4326))
2026-08-04 18:25:34,229 - snakemake_workflow - rasterdataset - INFO - Reading population raster data from D:\GFM\inputs\exposure\ppp_2020_1km_Aggregated.tif
2026-08-04 18:25:34,297 - snakemake_workflow - rasterdataset - DEBUG - Clip to [112.000, -7.000, 113.000, -5.000] (epsg:4326))
2026-08-04 18:25:35,252 - snakemake_workflow - rasterdataset - INFO - Reading population raster data from D:\GFM\inputs\exposure\ppp_2020_1km_Aggregated.tif
2026-08-04 18:25:35,305 - snakemake_workflow - rasterdataset - DEBUG - Clip to [154.000, -7.000, 155.000, -4.000] (epsg:4326))
2026-08-04 18:25:35,363 - snakemake_workflow - rasterdataset - INFO - Reading population raster data from D:\GFM\inputs\exposure\ppp_2020_1km_Aggregated.tif
2026-08-04 18:25:35,431 - snakemake_workflow - rasterdataset - DEBUG - Clip to [125.000, 1.000, 126.000, 4.000] (epsg:4326))
2026-08-04 18:25:35,519 - snakemake_workflow - rasterdataset - INFO - Reading population raster data from D:\GFM\inputs\exposure\ppp_2020_1km_Aggregated.tif
2026-08-04 18:25:35,578 - snakemake_workflow - rasterdataset - DEBUG - Clip to [152.000, -33.000, 153.000, -31.000] (epsg:4326))
2026-08-04 18:25:35,581 - snakemake_workflow - rasterdataset - INFO - Reading population raster data from D:\GFM\inputs\exposure\ppp_2020_1km_Aggregated.tif
2026-08-04 18:25:35,646 - snakemake_workflow - rasterdataset - DEBUG - Clip to [109.000, -7.000, 113.000, -6.000] (epsg:4326))
2026-08-04 18:25:36,534 - snakemake_workflow - rasterdataset - INFO - Reading population raster data from D:\GFM\inputs\exposure\ppp_2020_1km_Aggregated.tif
2026-08-04 18:25:36,613 - snakemake_workflow - rasterdataset - DEBUG - Clip to [114.000, -7.000, 117.000, -6.000] (epsg:4326))
2026-08-04 18:25:36,769 - snakemake_workflow - rasterdataset - INFO - Reading population raster data from D:\GFM\inputs\exposure\ppp_2020_1km_Aggregated.tif
2026-08-04 18:25:36,861 - snakemake_workflow - rasterdataset - DEBUG - Clip to [124.000, 1.000, 128.000, 2.000] (epsg:4326))
2026-08-04 18:25:37,020 - snakemake_workflow - rasterdataset - INFO - Reading population raster data from D:\GFM\inputs\exposure\ppp_2020_1km_Aggregated.tif
2026-08-04 18:25:37,096 - snakemake_workflow - rasterdataset - DEBUG - Clip to [120.000, 6.000, 123.000, 7.000] (epsg:4326))
2026-08-04 18:25:37,466 - snakemake_workflow - rasterdataset - INFO - Reading population raster data from D:\GFM\inputs\exposure\ppp_2020_1km_Aggregated.tif
2026-08-04 18:25:37,530 - snakemake_workflow - rasterdataset - INFO - Reading population raster data from D:\GFM\inputs\exposure\ppp_2020_1km_Aggregated.tif
2026-08-04 18:25:37,536 - snakemake_workflow - rasterdataset - DEBUG - Clip to [118.000, 5.000, 122.000, 6.000] (epsg:4326))
2026-08-04 18:25:37,614 - snakemake_workflow - rasterdataset - DEBUG - Clip to [110.000, -9.000, 113.000, -8.000] (epsg:4326))
2026-08-04 18:25:38,361 - snakemake_workflow - rasterdataset - INFO - Reading population raster data from D:\GFM\inputs\exposure\ppp_2020_1km_Aggregated.tif
2026-08-04 18:25:38,429 - snakemake_workflow - rasterdataset - INFO - Reading population raster data from D:\GFM\inputs\exposure\ppp_2020_1km_Aggregated.tif
2026-08-04 18:25:38,441 - snakemake_workflow - rasterdataset - DEBUG - Clip to [150.000, -38.000, 151.000, -34.000] (epsg:4326))
2026-08-04 18:25:38,495 - snakemake_workflow - rasterdataset - DEBUG - Clip to [110.000, -7.000, 111.000, -5.000] (epsg:4326))
2026-08-04 18:25:38,940 - snakemake_workflow - rasterdataset - INFO - Reading population raster data from D:\GFM\inputs\exposure\ppp_2020_1km_Aggregated.tif
2026-08-04 18:25:39,081 - snakemake_workflow - rasterdataset - DEBUG - Clip to [113.000, 4.000, 117.000, 5.000] (epsg:4326))
2026-08-04 18:25:39,231 - snakemake_workflow - rasterdataset - INFO - Reading population raster data from D:\GFM\inputs\exposure\ppp_2020_1km_Aggregated.tif
2026-08-04 18:25:39,333 - snakemake_workflow - rasterdataset - DEBUG - Clip to [112.000, 2.000, 114.000, 3.000] (epsg:4326))
2026-08-04 18:25:39,843 - snakemake_workflow - rasterdataset - INFO - Reading population raster data from D:\GFM\inputs\exposure\ppp_2020_1km_Aggregated.tif
2026-08-04 18:25:39,918 - snakemake_workflow - rasterdataset - DEBUG - Clip to [103.000, 2.000, 104.000, 5.000] (epsg:4326))
2026-08-04 18:25:40,007 - snakemake_workflow - rasterdataset - INFO - Reading population raster data from D:\GFM\inputs\exposure\ppp_2020_1km_Aggregated.tif
2026-08-04 18:25:40,092 - snakemake_workflow - rasterdataset - DEBUG - Clip to [124.000, 24.000, 126.000, 25.000] (epsg:4326))
2026-08-04 18:25:40,186 - snakemake_workflow - rasterdataset - INFO - Reading population raster data from D:\GFM\inputs\exposure\ppp_2020_1km_Aggregated.tif
2026-08-04 18:25:40,296 - snakemake_workflow - rasterdataset - DEBUG - Clip to [113.000, 3.000, 115.000, 5.000] (epsg:4326))
2026-08-04 18:25:41,065 - snakemake_workflow - rasterdataset - INFO - Reading population raster data from D:\GFM\inputs\exposure\ppp_2020_1km_Aggregated.tif
2026-08-04 18:25:41,146 - snakemake_workflow - rasterdataset - DEBUG - Clip to [103.000, 12.000, 104.000, 15.000] (epsg:4326))
2026-08-04 18:25:41,313 - snakemake_workflow - rasterdataset - INFO - Reading population raster data from D:\GFM\inputs\exposure\ppp_2020_1km_Aggregated.tif
2026-08-04 18:25:41,528 - snakemake_workflow - rasterdataset - DEBUG - Clip to [112.000, 3.000, 114.000, 4.000] (epsg:4326))
2026-08-04 18:25:41,955 - snakemake_workflow - rasterdataset - INFO - Reading population raster data from D:\GFM\inputs\exposure\ppp_2020_1km_Aggregated.tif
2026-08-04 18:25:42,032 - snakemake_workflow - rasterdataset - DEBUG - Clip to [100.000, 14.000, 101.000, 17.000] (epsg:4326))
2026-08-04 18:25:42,436 - snakemake_workflow - rasterdataset - INFO - Reading population raster data from D:\GFM\inputs\exposure\ppp_2020_1km_Aggregated.tif
2026-08-04 18:25:42,505 - snakemake_workflow - rasterdataset - DEBUG - Clip to [147.000, -38.000, 151.000, -37.000] (epsg:4326))
2026-08-04 18:25:42,843 - snakemake_workflow - rasterdataset - INFO - Reading population raster data from D:\GFM\inputs\exposure\ppp_2020_1km_Aggregated.tif
2026-08-04 18:25:42,930 - snakemake_workflow - rasterdataset - DEBUG - Clip to [100.000, -4.000, 104.000, -3.000] (epsg:4326))
2026-08-04 18:25:43,090 - snakemake_workflow - rasterdataset - INFO - Reading population raster data from D:\GFM\inputs\exposure\ppp_2020_1km_Aggregated.tif
2026-08-04 18:25:43,242 - snakemake_workflow - rasterdataset - DEBUG - Clip to [103.000, 2.000, 104.000, 6.000] (epsg:4326))
2026-08-04 18:25:43,308 - snakemake_workflow - rasterdataset - INFO - Reading population raster data from D:\GFM\inputs\exposure\ppp_2020_1km_Aggregated.tif
2026-08-04 18:25:43,554 - snakemake_workflow - rasterdataset - DEBUG - Clip to [145.000, -44.000, 146.000, -41.000] (epsg:4326))
2026-08-04 18:25:44,293 - snakemake_workflow - rasterdataset - INFO - Reading population raster data from D:\GFM\inputs\exposure\ppp_2020_1km_Aggregated.tif
2026-08-04 18:25:44,389 - snakemake_workflow - rasterdataset - DEBUG - Clip to [106.000, 21.000, 110.000, 22.000] (epsg:4326))
2026-08-04 18:25:45,449 - snakemake_workflow - rasterdataset - INFO - Reading population raster data from D:\GFM\inputs\exposure\ppp_2020_1km_Aggregated.tif
2026-08-04 18:25:45,643 - snakemake_workflow - rasterdataset - DEBUG - Clip to [120.000, 26.000, 121.000, 30.000] (epsg:4326))
2026-08-04 18:25:45,731 - snakemake_workflow - rasterdataset - INFO - Reading population raster data from D:\GFM\inputs\exposure\ppp_2020_1km_Aggregated.tif
2026-08-04 18:25:45,936 - snakemake_workflow - rasterdataset - DEBUG - Clip to [104.000, 21.000, 107.000, 22.000] (epsg:4326))
2026-08-04 18:25:46,528 - snakemake_workflow - rasterdataset - INFO - Reading population raster data from D:\GFM\inputs\exposure\ppp_2020_1km_Aggregated.tif
2026-08-04 18:25:46,644 - snakemake_workflow - rasterdataset - DEBUG - Clip to [145.000, -44.000, 148.000, -43.000] (epsg:4326))
2026-08-04 18:25:46,692 - snakemake_workflow - rasterdataset - INFO - Reading population raster data from D:\GFM\inputs\exposure\ppp_2020_1km_Aggregated.tif
2026-08-04 18:25:46,777 - snakemake_workflow - rasterdataset - DEBUG - Clip to [95.000, 5.000, 96.000, 7.000] (epsg:4326))
2026-08-04 18:25:47,375 - snakemake_workflow - rasterdataset - INFO - Reading population raster data from D:\GFM\inputs\exposure\ppp_2020_1km_Aggregated.tif
2026-08-04 18:25:47,587 - snakemake_workflow - rasterdataset - DEBUG - Clip to [100.000, -3.000, 102.000, -2.000] (epsg:4326))
2026-08-04 18:25:49,099 - snakemake_workflow - rasterdataset - INFO - Reading population raster data from D:\GFM\inputs\exposure\ppp_2020_1km_Aggregated.tif
2026-08-04 18:25:49,160 - snakemake_workflow - rasterdataset - INFO - Reading population raster data from D:\GFM\inputs\exposure\ppp_2020_1km_Aggregated.tif
2026-08-04 18:25:49,250 - snakemake_workflow - rasterdataset - DEBUG - Clip to [105.000, 10.000, 108.000, 11.000] (epsg:4326))
2026-08-04 18:25:49,339 - snakemake_workflow - rasterdataset - DEBUG - Clip to [117.000, 24.000, 121.000, 25.000] (epsg:4326))
2026-08-04 18:25:49,568 - snakemake_workflow - rasterdataset - INFO - Reading population raster data from D:\GFM\inputs\exposure\ppp_2020_1km_Aggregated.tif
2026-08-04 18:25:49,702 - snakemake_workflow - rasterdataset - DEBUG - Clip to [92.000, 19.000, 95.000, 20.000] (epsg:4326))
2026-08-04 18:25:49,855 - snakemake_workflow - rasterdataset - INFO - Reading population raster data from D:\GFM\inputs\exposure\ppp_2020_1km_Aggregated.tif
2026-08-04 18:25:50,015 - snakemake_workflow - rasterdataset - DEBUG - Clip to [112.000, 29.000, 114.000, 31.000] (epsg:4326))
2026-08-04 18:25:50,116 - snakemake_workflow - rasterdataset - INFO - Reading population raster data from D:\GFM\inputs\exposure\ppp_2020_1km_Aggregated.tif
2026-08-04 18:25:50,352 - snakemake_workflow - rasterdataset - DEBUG - Clip to [106.000, 16.000, 108.000, 18.000] (epsg:4326))
2026-08-04 18:25:50,496 - snakemake_workflow - rasterdataset - INFO - Reading population raster data from D:\GFM\inputs\exposure\ppp_2020_1km_Aggregated.tif
2026-08-04 18:25:50,681 - snakemake_workflow - rasterdataset - DEBUG - Clip to [116.000, 23.000, 118.000, 24.000] (epsg:4326))
2026-08-04 18:25:52,729 - snakemake_workflow - rasterdataset - INFO - Reading population raster data from D:\GFM\inputs\exposure\ppp_2020_1km_Aggregated.tif
2026-08-04 18:25:52,834 - snakemake_workflow - rasterdataset - DEBUG - Clip to [105.000, 10.000, 109.000, 11.000] (epsg:4326))
2026-08-04 18:25:53,257 - snakemake_workflow - rasterdataset - INFO - Reading population raster data from D:\GFM\inputs\exposure\ppp_2020_1km_Aggregated.tif
2026-08-04 18:25:53,463 - snakemake_workflow - rasterdataset - DEBUG - Clip to [107.000, 15.000, 109.000, 17.000] (epsg:4326))
2026-08-04 18:25:53,593 - snakemake_workflow - rasterdataset - INFO - Reading population raster data from D:\GFM\inputs\exposure\ppp_2020_1km_Aggregated.tif
2026-08-04 18:25:53,755 - snakemake_workflow - rasterdataset - DEBUG - Clip to [112.000, 30.000, 116.000, 31.000] (epsg:4326))
2026-08-04 18:25:54,067 - snakemake_workflow - rasterdataset - INFO - Reading population raster data from D:\GFM\inputs\exposure\ppp_2020_1km_Aggregated.tif
2026-08-04 18:25:54,186 - snakemake_workflow - rasterdataset - DEBUG - Clip to [117.000, 39.000, 118.000, 41.000] (epsg:4326))
2026-08-04 18:25:54,918 - snakemake_workflow - rasterdataset - INFO - Reading population raster data from D:\GFM\inputs\exposure\ppp_2020_1km_Aggregated.tif
2026-08-04 18:25:55,067 - snakemake_workflow - rasterdataset - DEBUG - Clip to [108.000, 14.000, 109.000, 17.000] (epsg:4326))
2026-08-04 18:25:55,656 - snakemake_workflow - rasterdataset - INFO - Reading population raster data from D:\GFM\inputs\exposure\ppp_2020_1km_Aggregated.tif
2026-08-04 18:25:55,781 - snakemake_workflow - rasterdataset - DEBUG - Clip to [109.000, 19.000, 112.000, 20.000] (epsg:4326))
2026-08-04 18:25:56,207 - snakemake_workflow - rasterdataset - INFO - Reading population raster data from D:\GFM\inputs\exposure\ppp_2020_1km_Aggregated.tif
2026-08-04 18:25:56,278 - snakemake_workflow - rasterdataset - INFO - Reading population raster data from D:\GFM\inputs\exposure\ppp_2020_1km_Aggregated.tif
2026-08-04 18:25:56,304 - snakemake_workflow - rasterdataset - DEBUG - Clip to [115.000, 32.000, 117.000, 33.000] (epsg:4326))
2026-08-04 18:25:56,427 - snakemake_workflow - rasterdataset - DEBUG - Clip to [86.000, 25.000, 90.000, 26.000] (epsg:4326))
2026-08-04 18:25:56,995 - snakemake_workflow - rasterdataset - INFO - Reading population raster data from D:\GFM\inputs\exposure\ppp_2020_1km_Aggregated.tif
2026-08-04 18:25:57,059 - snakemake_workflow - rasterdataset - DEBUG - Clip to [114.000, 37.000, 117.000, 38.000] (epsg:4326))
2026-08-04 18:25:57,523 - snakemake_workflow - rasterdataset - INFO - Reading population raster data from D:\GFM\inputs\exposure\ppp_2020_1km_Aggregated.tif
2026-08-04 18:25:57,728 - snakemake_workflow - rasterdataset - DEBUG - Clip to [87.000, 20.000, 88.000, 22.000] (epsg:4326))
2026-08-04 18:25:58,337 - snakemake_workflow - rasterdataset - INFO - Reading population raster data from D:\GFM\inputs\exposure\ppp_2020_1km_Aggregated.tif
2026-08-04 18:25:58,430 - snakemake_workflow - rasterdataset - DEBUG - Clip to [126.000, 33.000, 127.000, 35.000] (epsg:4326))
2026-08-04 18:25:58,700 - snakemake_workflow - rasterdataset - INFO - Reading population raster data from D:\GFM\inputs\exposure\ppp_2020_1km_Aggregated.tif
2026-08-04 18:25:58,959 - snakemake_workflow - rasterdataset - DEBUG - Clip to [92.000, 19.000, 94.000, 21.000] (epsg:4326))
2026-08-04 18:25:59,147 - snakemake_workflow - rasterdataset - INFO - Reading population raster data from D:\GFM\inputs\exposure\ppp_2020_1km_Aggregated.tif
2026-08-04 18:25:59,219 - snakemake_workflow - rasterdataset - DEBUG - Clip to [81.000, 16.000, 83.000, 18.000] (epsg:4326))
2026-08-04 18:25:59,868 - snakemake_workflow - rasterdataset - INFO - Reading population raster data from D:\GFM\inputs\exposure\ppp_2020_1km_Aggregated.tif
2026-08-04 18:25:59,959 - snakemake_workflow - rasterdataset - DEBUG - Clip to [86.000, 21.000, 89.000, 22.000] (epsg:4326))
2026-08-04 18:26:00,667 - snakemake_workflow - rasterdataset - INFO - Reading population raster data from D:\GFM\inputs\exposure\ppp_2020_1km_Aggregated.tif
2026-08-04 18:26:00,735 - snakemake_workflow - rasterdataset - DEBUG - Clip to [127.000, 37.000, 130.000, 38.000] (epsg:4326))
2026-08-04 18:26:01,175 - snakemake_workflow - rasterdataset - INFO - Reading population raster data from D:\GFM\inputs\exposure\ppp_2020_1km_Aggregated.tif
2026-08-04 18:26:01,519 - snakemake_workflow - rasterdataset - INFO - Reading population raster data from D:\GFM\inputs\exposure\ppp_2020_1km_Aggregated.tif
2026-08-04 18:26:01,769 - snakemake_workflow - rasterdataset - DEBUG - Clip to [86.000, 20.000, 88.000, 21.000] (epsg:4326))
2026-08-04 18:26:01,772 - snakemake_workflow - rasterdataset - DEBUG - Clip to [85.000, 19.000, 87.000, 21.000] (epsg:4326))
2026-08-04 18:26:03,147 - snakemake_workflow - rasterdataset - INFO - Reading population raster data from D:\GFM\inputs\exposure\ppp_2020_1km_Aggregated.tif
2026-08-04 18:26:03,236 - snakemake_workflow - rasterdataset - DEBUG - Clip to [106.000, 16.000, 107.000, 19.000] (epsg:4326))
2026-08-04 18:26:03,342 - snakemake_workflow - rasterdataset - INFO - Reading population raster data from D:\GFM\inputs\exposure\ppp_2020_1km_Aggregated.tif
2026-08-04 18:26:03,406 - snakemake_workflow - rasterdataset - DEBUG - Clip to [80.000, 15.000, 82.000, 16.000] (epsg:4326))
2026-08-04 18:26:03,591 - snakemake_workflow - rasterdataset - INFO - Reading population raster data from D:\GFM\inputs\exposure\ppp_2020_1km_Aggregated.tif
2026-08-04 18:26:03,645 - snakemake_workflow - rasterdataset - DEBUG - Clip to [116.000, 39.000, 120.000, 40.000] (epsg:4326))
2026-08-04 18:26:04,191 - snakemake_workflow - rasterdataset - INFO - Reading population raster data from D:\GFM\inputs\exposure\ppp_2020_1km_Aggregated.tif
2026-08-04 18:26:04,289 - snakemake_workflow - rasterdataset - DEBUG - Clip to [129.000, 34.000, 130.000, 38.000] (epsg:4326))
2026-08-04 18:26:04,753 - snakemake_workflow - rasterdataset - INFO - Reading population raster data from D:\GFM\inputs\exposure\ppp_2020_1km_Aggregated.tif
2026-08-04 18:26:04,885 - snakemake_workflow - rasterdataset - DEBUG - Clip to [129.000, 28.000, 130.000, 32.000] (epsg:4326))
2026-08-04 18:26:05,182 - snakemake_workflow - rasterdataset - INFO - Reading population raster data from D:\GFM\inputs\exposure\ppp_2020_1km_Aggregated.tif
2026-08-04 18:26:05,199 - snakemake_workflow - rasterdataset - INFO - Reading population raster data from D:\GFM\inputs\exposure\ppp_2020_1km_Aggregated.tif
2026-08-04 18:26:05,270 - snakemake_workflow - rasterdataset - DEBUG - Clip to [119.000, 40.000, 122.000, 41.000] (epsg:4326))
2026-08-04 18:26:05,271 - snakemake_workflow - rasterdataset - DEBUG - Clip to [80.000, 16.000, 82.000, 17.000] (epsg:4326))
2026-08-04 18:26:05,316 - snakemake_workflow - rasterdataset - INFO - Reading population raster data from D:\GFM\inputs\exposure\ppp_2020_1km_Aggregated.tif
2026-08-04 18:26:05,396 - snakemake_workflow - rasterdataset - DEBUG - Clip to [131.000, 42.000, 133.000, 44.000] (epsg:4326))
2026-08-04 18:26:07,072 - snakemake_workflow - rasterdataset - INFO - Reading population raster data from D:\GFM\inputs\exposure\ppp_2020_1km_Aggregated.tif
2026-08-04 18:26:07,160 - snakemake_workflow - rasterdataset - DEBUG - Clip to [128.000, 27.000, 130.000, 29.000] (epsg:4326))
2026-08-04 18:26:07,315 - snakemake_workflow - rasterdataset - INFO - Reading population raster data from D:\GFM\inputs\exposure\ppp_2020_1km_Aggregated.tif
2026-08-04 18:26:07,376 - snakemake_workflow - rasterdataset - DEBUG - Clip to [127.000, 37.000, 131.000, 38.000] (epsg:4326))
2026-08-04 18:26:07,636 - snakemake_workflow - rasterdataset - INFO - Reading population raster data from D:\GFM\inputs\exposure\ppp_2020_1km_Aggregated.tif
2026-08-04 18:26:07,749 - snakemake_workflow - rasterdataset - DEBUG - Clip to [79.000, 6.000, 80.000, 10.000] (epsg:4326))
2026-08-04 18:26:07,810 - snakemake_workflow - rasterdataset - INFO - Reading population raster data from D:\GFM\inputs\exposure\ppp_2020_1km_Aggregated.tif
2026-08-04 18:26:07,880 - snakemake_workflow - rasterdataset - DEBUG - Clip to [75.000, 10.000, 77.000, 12.000] (epsg:4326))
2026-08-04 18:26:08,051 - snakemake_workflow - rasterdataset - INFO - Reading population raster data from D:\GFM\inputs\exposure\ppp_2020_1km_Aggregated.tif
2026-08-04 18:26:08,133 - snakemake_workflow - rasterdataset - DEBUG - Clip to [129.000, 27.000, 130.000, 31.000] (epsg:4326))
2026-08-04 18:26:08,719 - snakemake_workflow - rasterdataset - INFO - Reading population raster data from D:\GFM\inputs\exposure\ppp_2020_1km_Aggregated.tif
2026-08-04 18:26:08,811 - snakemake_workflow - rasterdataset - DEBUG - Clip to [132.000, 42.000, 135.000, 43.000] (epsg:4326))
2026-08-04 18:26:09,575 - snakemake_workflow - rasterdataset - INFO - Reading population raster data from D:\GFM\inputs\exposure\ppp_2020_1km_Aggregated.tif
2026-08-04 18:26:09,649 - snakemake_workflow - rasterdataset - DEBUG - Clip to [130.000, 42.000, 133.000, 43.000] (epsg:4326))
2026-08-04 18:26:09,854 - snakemake_workflow - rasterdataset - INFO - Reading population raster data from D:\GFM\inputs\exposure\ppp_2020_1km_Aggregated.tif
2026-08-04 18:26:09,943 - snakemake_workflow - rasterdataset - DEBUG - Clip to [73.000, 15.000, 74.000, 19.000] (epsg:4326))
2026-08-04 18:26:10,216 - snakemake_workflow - rasterdataset - INFO - Reading population raster data from D:\GFM\inputs\exposure\ppp_2020_1km_Aggregated.tif
2026-08-04 18:26:10,438 - snakemake_workflow - rasterdataset - DEBUG - Clip to [129.000, 41.000, 131.000, 43.000] (epsg:4326))
2026-08-04 18:26:10,497 - snakemake_workflow - rasterdataset - INFO - Reading population raster data from D:\GFM\inputs\exposure\ppp_2020_1km_Aggregated.tif
2026-08-04 18:26:10,598 - snakemake_workflow - rasterdataset - DEBUG - Clip to [76.000, 8.000, 80.000, 9.000] (epsg:4326))
2026-08-04 18:26:10,687 - snakemake_workflow - rasterdataset - INFO - Reading population raster data from D:\GFM\inputs\exposure\ppp_2020_1km_Aggregated.tif
2026-08-04 18:26:10,749 - snakemake_workflow - rasterdataset - DEBUG - Clip to [127.000, 26.000, 129.000, 28.000] (epsg:4326))
2026-08-04 18:26:11,143 - snakemake_workflow - rasterdataset - INFO - Reading population raster data from D:\GFM\inputs\exposure\ppp_2020_1km_Aggregated.tif
2026-08-04 18:26:11,229 - snakemake_workflow - rasterdataset - DEBUG - Clip to [139.000, 32.000, 140.000, 36.000] (epsg:4326))
2026-08-04 18:26:11,668 - snakemake_workflow - rasterdataset - INFO - Reading population raster data from D:\GFM\inputs\exposure\ppp_2020_1km_Aggregated.tif
2026-08-04 18:26:11,736 - snakemake_workflow - rasterdataset - DEBUG - Clip to [140.000, 48.000, 141.000, 52.000] (epsg:4326))
2026-08-04 18:26:13,187 - snakemake_workflow - rasterdataset - INFO - Reading population raster data from D:\GFM\inputs\exposure\ppp_2020_1km_Aggregated.tif
2026-08-04 18:26:13,258 - snakemake_workflow - rasterdataset - DEBUG - Clip to [143.000, 51.000, 144.000, 54.000] (epsg:4326))
2026-08-04 18:26:13,399 - snakemake_workflow - rasterdataset - INFO - Reading population raster data from D:\GFM\inputs\exposure\ppp_2020_1km_Aggregated.tif
2026-08-04 18:26:13,445 - snakemake_workflow - rasterdataset - INFO - Reading population raster data from D:\GFM\inputs\exposure\ppp_2020_1km_Aggregated.tif
2026-08-04 18:26:13,452 - snakemake_workflow - rasterdataset - DEBUG - Clip to [79.000, 8.000, 82.000, 9.000] (epsg:4326))
2026-08-04 18:26:13,529 - snakemake_workflow - rasterdataset - DEBUG - Clip to [79.000, 9.000, 80.000, 13.000] (epsg:4326))
2026-08-04 18:26:13,570 - snakemake_workflow - rasterdataset - INFO - Reading population raster data from D:\GFM\inputs\exposure\ppp_2020_1km_Aggregated.tif
2026-08-04 18:26:13,628 - snakemake_workflow - rasterdataset - DEBUG - Clip to [141.000, 42.000, 145.000, 43.000] (epsg:4326))
2026-08-04 18:26:14,012 - snakemake_workflow - rasterdataset - INFO - Reading population raster data from D:\GFM\inputs\exposure\ppp_2020_1km_Aggregated.tif
2026-08-04 18:26:14,093 - snakemake_workflow - rasterdataset - DEBUG - Clip to [74.000, 12.000, 75.000, 16.000] (epsg:4326))
2026-08-04 18:26:15,328 - snakemake_workflow - rasterdataset - INFO - Reading population raster data from D:\GFM\inputs\exposure\ppp_2020_1km_Aggregated.tif
2026-08-04 18:26:15,544 - snakemake_workflow - rasterdataset - DEBUG - Clip to [138.000, 50.000, 139.000, 52.000] (epsg:4326))
2026-08-04 18:26:15,715 - snakemake_workflow - rasterdataset - INFO - Reading population raster data from D:\GFM\inputs\exposure\ppp_2020_1km_Aggregated.tif
2026-08-04 18:26:15,777 - snakemake_workflow - rasterdataset - INFO - Reading population raster data from D:\GFM\inputs\exposure\ppp_2020_1km_Aggregated.tif
2026-08-04 18:26:15,825 - snakemake_workflow - rasterdataset - DEBUG - Clip to [147.000, 45.000, 151.000, 46.000] (epsg:4326))
2026-08-04 18:26:15,869 - snakemake_workflow - rasterdataset - DEBUG - Clip to [76.000, 8.000, 77.000, 12.000] (epsg:4326))
2026-08-04 18:26:16,614 - snakemake_workflow - rasterdataset - INFO - Reading population raster data from D:\GFM\inputs\exposure\ppp_2020_1km_Aggregated.tif
2026-08-04 18:26:16,645 - snakemake_workflow - rasterdataset - INFO - Reading population raster data from D:\GFM\inputs\exposure\ppp_2020_1km_Aggregated.tif
2026-08-04 18:26:16,687 - snakemake_workflow - rasterdataset - DEBUG - Clip to [138.000, 54.000, 139.000, 58.000] (epsg:4326))
2026-08-04 18:26:16,720 - snakemake_workflow - rasterdataset - DEBUG - Clip to [139.000, 48.000, 142.000, 49.000] (epsg:4326))
2026-08-04 18:26:16,879 - snakemake_workflow - rasterdataset - INFO - Reading population raster data from D:\GFM\inputs\exposure\ppp_2020_1km_Aggregated.tif
2026-08-04 18:26:16,971 - snakemake_workflow - rasterdataset - DEBUG - Clip to [145.000, 44.000, 148.000, 45.000] (epsg:4326))
2026-08-04 18:26:17,549 - snakemake_workflow - rasterdataset - INFO - Reading population raster data from D:\GFM\inputs\exposure\ppp_2020_1km_Aggregated.tif
2026-08-04 18:26:17,632 - snakemake_workflow - rasterdataset - DEBUG - Clip to [141.000, 39.000, 143.000, 40.000] (epsg:4326))
2026-08-04 18:26:18,356 - snakemake_workflow - rasterdataset - INFO - Reading population raster data from D:\GFM\inputs\exposure\ppp_2020_1km_Aggregated.tif
2026-08-04 18:26:18,472 - snakemake_workflow - rasterdataset - DEBUG - Clip to [65.000, 25.000, 67.000, 26.000] (epsg:4326))
2026-08-04 18:26:18,580 - snakemake_workflow - rasterdataset - INFO - Reading population raster data from D:\GFM\inputs\exposure\ppp_2020_1km_Aggregated.tif
2026-08-04 18:26:18,580 - snakemake_workflow - rasterdataset - INFO - Reading population raster data from D:\GFM\inputs\exposure\ppp_2020_1km_Aggregated.tif
2026-08-04 18:26:18,650 - snakemake_workflow - rasterdataset - DEBUG - Clip to [142.000, 44.000, 146.000, 45.000] (epsg:4326))
2026-08-04 18:26:18,656 - snakemake_workflow - rasterdataset - DEBUG - Clip to [66.000, 24.000, 70.000, 25.000] (epsg:4326))
ERROR 1: TIFFFillTile:Read error at row 29440, col 4096, tile 4679; got 0 bytes, expected 304590
ERROR 1: TIFFReadEncodedTile() failed.
ERROR 1: TIFFFillTile:Read error at row 38400, col 2560, tile 3193; got 0 bytes, expected 160004
ERROR 1: TIFFReadEncodedTile() failed.
ERROR 1: D:/GFM/inputs/exposure/ppp_2020_1km_Aggregated.tif, band 1: IReadBlock failed at X offset 151, Y offset 18: TIFFReadEncodedTile() failed.
ERROR 1: D:/GFM/inputs/exposure/ppp_2020_1km_Aggregated.tif, band 1: IReadBlock failed at X offset 116, Y offset 27: TIFFReadEncodedTile() failed.
[retry 1/3] read failed: Read or write failed. IReadBlock failed at X offset 0, Y offset 0: TIFFReadEncodedTile() failed. - retrying in 5s
  WARNING: _has_exposure materialize failed for bbox=(66, 24, 70, 25) (RasterioIOError: Read or write failed. D:/GFM/inputs/exposure/ppp_2020_1km_Aggregated.tif, band 1: IReadBlock failed at X offset 116, Y offset 27: TIFFReadEncodedTile() failed.) - keeping chunk rather than silently dropping it
  WARNING: _has_exposure materialize failed for bbox=(142, 44, 146, 45) (RasterioIOError: Read or write failed. D:/GFM/inputs/exposure/ppp_2020_1km_Aggregated.tif, band 1: IReadBlock failed at X offset 151, Y offset 18: TIFFReadEncodedTile() failed.) - keeping chunk rather than silently dropping it
    [retry 1/3] failed to open D:\GFM\inputs\DeltaDTM_masks\DeltaDTM_v1_1_N25E065.tif: 'D:/GFM/inputs/DeltaDTM_masks/DeltaDTM_v1_1_N25E065.tif' not recognized as a supported file format. - retrying in 5s
    [retry 1/3] failed to open D:\GFM\inputs\DeltaDTM_masks\DeltaDTM_v1_1_N44E142.tif: 'D:/GFM/inputs/DeltaDTM_masks/DeltaDTM_v1_1_N44E142.tif' not recognized as a supported file format. - retrying in 5s
    [retry 1/3] failed to open D:\GFM\inputs\DeltaDTM_masks\DeltaDTM_v1_1_N24E066.tif: 'D:/GFM/inputs/DeltaDTM_masks/DeltaDTM_v1_1_N24E066.tif' not recognized as a supported file format. - retrying in 5s
[retry 1/3] read failed: Read or write failed. IReadBlock failed at X offset 0, Y offset 1: TIFFReadEncodedTile() failed. - retrying in 5s
[retry 1/3] read failed: Read or write failed. IReadBlock failed at X offset 0, Y offset 1: TIFFReadEncodedTile() failed. - retrying in 5s
    [retry 2/3] failed to open D:\GFM\inputs\DeltaDTM_masks\DeltaDTM_v1_1_N44E142.tif: D:/GFM/inputs/DeltaDTM_masks/DeltaDTM_v1_1_N44E142.tif: No such file or directory - retrying in 5s
    [retry 2/3] failed to open D:\GFM\inputs\DeltaDTM_masks\DeltaDTM_v1_1_N25E065.tif: D:/GFM/inputs/DeltaDTM_masks/DeltaDTM_v1_1_N25E065.tif: No such file or directory - retrying in 5s
    [retry 2/3] failed to open D:\GFM\inputs\DeltaDTM_masks\DeltaDTM_v1_1_N24E066.tif: D:/GFM/inputs/DeltaDTM_masks/DeltaDTM_v1_1_N24E066.tif: No such file or directory - retrying in 5s
[retry 2/3] read failed: Read or write failed. D:/GFM/inputs/DeltaDTM_masks/DeltaDTM_v1_1_N57E138.tif: No such file or directory - retrying in 5s
[retry 2/3] read failed: Read or write failed. D:/GFM/inputs/DeltaDTM_masks/DeltaDTM_v1_1_N39E142.tif: No such file or directory - retrying in 5s
[retry 2/3] read failed: Read or write failed. D:/GFM/inputs/DeltaDTM/DeltaDTM_v1_1_N44E147.tif: No such file or directory - retrying in 5s
    [retry 3/3] failed to open D:\GFM\inputs\DeltaDTM_masks\DeltaDTM_v1_1_N25E065.tif: D:/GFM/inputs/DeltaDTM_masks/DeltaDTM_v1_1_N25E065.tif: No such file or directory - retrying in 5s
    [retry 3/3] failed to open D:\GFM\inputs\DeltaDTM_masks\DeltaDTM_v1_1_N44E142.tif: D:/GFM/inputs/DeltaDTM_masks/DeltaDTM_v1_1_N44E142.tif: No such file or directory - retrying in 5s
    [retry 3/3] failed to open D:\GFM\inputs\DeltaDTM_masks\DeltaDTM_v1_1_N24E066.tif: D:/GFM/inputs/DeltaDTM_masks/DeltaDTM_v1_1_N24E066.tif: No such file or directory - retrying in 5s
[retry 3/3] read failed: Read or write failed. D:/GFM/inputs/DeltaDTM_masks/DeltaDTM_v1_1_N57E138.tif: No such file or directory - retrying in 5s
[retry 3/3] read failed: Read or write failed. D:/GFM/inputs/DeltaDTM_masks/DeltaDTM_v1_1_N39E142.tif: No such file or directory - retrying in 5s
[retry 3/3] read failed: Read or write failed. D:/GFM/inputs/DeltaDTM/DeltaDTM_v1_1_N44E147.tif: No such file or directory - retrying in 5s
[retry 1/3] get_rasterdataset failed: No such file found: D:\GFM\inputs\exposure\ppp_2020_1km_Aggregated.tif - retrying in 5s
[retry 1/3] get_rasterdataset failed: No such file found: D:\GFM\inputs\exposure\ppp_2020_1km_Aggregated.tif - retrying in 5s
[retry 1/3] get_rasterdataset failed: No such file found: D:\GFM\inputs\exposure\ppp_2020_1km_Aggregated.tif - retrying in 5s
[retry 1/3] get_rasterdataset failed: No such file found: D:\GFM\inputs\exposure\ppp_2020_1km_Aggregated.tif - retrying in 5s
[retry 1/3] get_rasterdataset failed: No such file found: D:\GFM\inputs\exposure\ppp_2020_1km_Aggregated.tif - retrying in 5s
[retry 1/3] get_rasterdataset failed: No such file found: D:\GFM\inputs\exposure\ppp_2020_1km_Aggregated.tif - retrying in 5s
[retry 2/3] get_rasterdataset failed: No such file found: D:\GFM\inputs\exposure\ppp_2020_1km_Aggregated.tif - retrying in 5s
[retry 2/3] get_rasterdataset failed: No such file found: D:\GFM\inputs\exposure\ppp_2020_1km_Aggregated.tif - retrying in 5s
[retry 2/3] get_rasterdataset failed: No such file found: D:\GFM\inputs\exposure\ppp_2020_1km_Aggregated.tif - retrying in 5s
[retry 2/3] get_rasterdataset failed: No such file found: D:\GFM\inputs\exposure\ppp_2020_1km_Aggregated.tif - retrying in 5s
[retry 2/3] get_rasterdataset failed: No such file found: D:\GFM\inputs\exposure\ppp_2020_1km_Aggregated.tif - retrying in 5s
[retry 2/3] get_rasterdataset failed: No such file found: D:\GFM\inputs\exposure\ppp_2020_1km_Aggregated.tif - retrying in 5s
2026-08-04 18:57:30,973 - snakemake_workflow - rasterdataset - INFO - Reading population raster data from D:\GFM\inputs\exposure\ppp_2020_1km_Aggregated.tif
2026-08-04 18:57:30,973 - snakemake_workflow - rasterdataset - INFO - Reading population raster data from D:\GFM\inputs\exposure\ppp_2020_1km_Aggregated.tif
2026-08-04 18:57:30,975 - snakemake_workflow - rasterdataset - INFO - Reading population raster data from D:\GFM\inputs\exposure\ppp_2020_1km_Aggregated.tif
2026-08-04 18:57:30,975 - snakemake_workflow - rasterdataset - INFO - Reading population raster data from D:\GFM\inputs\exposure\ppp_2020_1km_Aggregated.tif
2026-08-04 18:57:30,977 - snakemake_workflow - rasterdataset - INFO - Reading population raster data from D:\GFM\inputs\exposure\ppp_2020_1km_Aggregated.tif
2026-08-04 18:57:30,974 - snakemake_workflow - rasterdataset - INFO - Reading population raster data from D:\GFM\inputs\exposure\ppp_2020_1km_Aggregated.tif
2026-08-04 18:57:31,568 - snakemake_workflow - rasterdataset - DEBUG - Clip to [51.000, 25.000, 52.000, 29.000] (epsg:4326))
2026-08-04 18:57:31,758 - snakemake_workflow - rasterdataset - DEBUG - Clip to [151.000, 59.000, 155.000, 60.000] (epsg:4326))
2026-08-04 18:57:31,793 - snakemake_workflow - rasterdataset - DEBUG - Clip to [144.000, 59.000, 147.000, 60.000] (epsg:4326))
2026-08-04 18:57:31,868 - snakemake_workflow - rasterdataset - DEBUG - Clip to [50.000, 28.000, 52.000, 30.000] (epsg:4326))
2026-08-04 18:57:31,906 - snakemake_workflow - rasterdataset - DEBUG - Clip to [159.000, 58.000, 160.000, 60.000] (epsg:4326))
2026-08-04 18:57:31,970 - snakemake_workflow - rasterdataset - DEBUG - Clip to [150.000, 59.000, 154.000, 60.000] (epsg:4326))
2026-08-04 18:57:39,498 - snakemake_workflow - rasterdataset - INFO - Reading population raster data from D:\GFM\inputs\exposure\ppp_2020_1km_Aggregated.tif
2026-08-04 18:57:39,813 - snakemake_workflow - rasterdataset - DEBUG - Clip to [152.000, 59.000, 156.000, 60.000] (epsg:4326))
2026-08-04 18:57:40,104 - snakemake_workflow - rasterdataset - INFO - Reading population raster data from D:\GFM\inputs\exposure\ppp_2020_1km_Aggregated.tif
2026-08-04 18:57:40,313 - snakemake_workflow - rasterdataset - DEBUG - Clip to [57.000, 23.000, 60.000, 24.000] (epsg:4326))
2026-08-04 18:57:40,320 - snakemake_workflow - rasterdataset - INFO - Reading population raster data from D:\GFM\inputs\exposure\ppp_2020_1km_Aggregated.tif
2026-08-04 18:57:40,658 - snakemake_workflow - rasterdataset - DEBUG - Clip to [47.000, 30.000, 51.000, 31.000] (epsg:4326))
2026-08-04 18:57:41,735 - snakemake_workflow - rasterdataset - INFO - Reading population raster data from D:\GFM\inputs\exposure\ppp_2020_1km_Aggregated.tif
2026-08-04 18:57:42,173 - snakemake_workflow - rasterdataset - INFO - Reading population raster data from D:\GFM\inputs\exposure\ppp_2020_1km_Aggregated.tif
2026-08-04 18:57:42,174 - snakemake_workflow - rasterdataset - DEBUG - Clip to [53.000, 17.000, 57.000, 18.000] (epsg:4326))
2026-08-04 18:57:42,239 - snakemake_workflow - rasterdataset - INFO - Reading population raster data from D:\GFM\inputs\exposure\ppp_2020_1km_Aggregated.tif
2026-08-04 18:57:42,256 - snakemake_workflow - rasterdataset - DEBUG - Clip to [51.000, 26.000, 52.000, 30.000] (epsg:4326))
2026-08-04 18:57:42,335 - snakemake_workflow - rasterdataset - DEBUG - Clip to [48.000, 27.000, 49.000, 31.000] (epsg:4326))
2026-08-04 18:57:42,498 - snakemake_workflow - rasterdataset - INFO - Reading population raster data from D:\GFM\inputs\exposure\ppp_2020_1km_Aggregated.tif
2026-08-04 18:57:42,565 - snakemake_workflow - rasterdataset - DEBUG - Clip to [156.000, 61.000, 160.000, 62.000] (epsg:4326))
2026-08-04 18:57:43,473 - snakemake_workflow - rasterdataset - INFO - Reading population raster data from D:\GFM\inputs\exposure\ppp_2020_1km_Aggregated.tif
2026-08-04 18:57:43,542 - snakemake_workflow - rasterdataset - DEBUG - Clip to [156.000, 50.000, 157.000, 54.000] (epsg:4326))
2026-08-04 18:57:43,929 - snakemake_workflow - rasterdataset - INFO - Reading population raster data from D:\GFM\inputs\exposure\ppp_2020_1km_Aggregated.tif
2026-08-04 18:57:43,986 - snakemake_workflow - rasterdataset - DEBUG - Clip to [155.000, 53.000, 156.000, 57.000] (epsg:4326))
2026-08-04 18:57:45,178 - snakemake_workflow - rasterdataset - INFO - Reading population raster data from D:\GFM\inputs\exposure\ppp_2020_1km_Aggregated.tif
2026-08-04 18:57:45,254 - snakemake_workflow - rasterdataset - DEBUG - Clip to [157.000, 57.000, 159.000, 59.000] (epsg:4326))
2026-08-04 18:57:45,366 - snakemake_workflow - rasterdataset - INFO - Reading population raster data from D:\GFM\inputs\exposure\ppp_2020_1km_Aggregated.tif
2026-08-04 18:57:45,417 - snakemake_workflow - rasterdataset - DEBUG - Clip to [159.000, 56.000, 162.000, 57.000] (epsg:4326))
2026-08-04 18:57:46,067 - snakemake_workflow - rasterdataset - INFO - Reading population raster data from D:\GFM\inputs\exposure\ppp_2020_1km_Aggregated.tif
2026-08-04 18:57:46,159 - snakemake_workflow - rasterdataset - DEBUG - Clip to [159.000, 53.000, 161.000, 55.000] (epsg:4326))
2026-08-04 18:57:47,385 - snakemake_workflow - rasterdataset - INFO - Reading population raster data from D:\GFM\inputs\exposure\ppp_2020_1km_Aggregated.tif
2026-08-04 18:57:47,577 - snakemake_workflow - rasterdataset - INFO - Reading population raster data from D:\GFM\inputs\exposure\ppp_2020_1km_Aggregated.tif
2026-08-04 18:57:47,623 - snakemake_workflow - rasterdataset - DEBUG - Clip to [154.000, 59.000, 156.000, 61.000] (epsg:4326))
2026-08-04 18:57:47,667 - snakemake_workflow - rasterdataset - DEBUG - Clip to [148.000, 59.000, 152.000, 60.000] (epsg:4326))
2026-08-04 18:57:47,708 - snakemake_workflow - rasterdataset - INFO - Reading population raster data from D:\GFM\inputs\exposure\ppp_2020_1km_Aggregated.tif
2026-08-04 18:57:47,785 - snakemake_workflow - rasterdataset - DEBUG - Clip to [146.000, 59.000, 149.000, 60.000] (epsg:4326))
2026-08-04 18:57:48,439 - snakemake_workflow - rasterdataset - INFO - Reading population raster data from D:\GFM\inputs\exposure\ppp_2020_1km_Aggregated.tif
2026-08-04 18:57:48,525 - snakemake_workflow - rasterdataset - DEBUG - Clip to [53.000, 16.000, 55.000, 18.000] (epsg:4326))
2026-08-04 18:57:48,543 - snakemake_workflow - rasterdataset - INFO - Reading population raster data from D:\GFM\inputs\exposure\ppp_2020_1km_Aggregated.tif
2026-08-04 18:57:48,608 - snakemake_workflow - rasterdataset - DEBUG - Clip to [151.000, 58.000, 153.000, 60.000] (epsg:4326))
2026-08-04 18:57:49,450 - snakemake_workflow - rasterdataset - INFO - Reading population raster data from D:\GFM\inputs\exposure\ppp_2020_1km_Aggregated.tif
2026-08-04 18:57:49,477 - snakemake_workflow - rasterdataset - INFO - Reading population raster data from D:\GFM\inputs\exposure\ppp_2020_1km_Aggregated.tif
2026-08-04 18:57:49,519 - snakemake_workflow - rasterdataset - DEBUG - Clip to [150.000, 59.000, 153.000, 60.000] (epsg:4326))
2026-08-04 18:57:49,598 - snakemake_workflow - rasterdataset - DEBUG - Clip to [160.000, 61.000, 161.000, 63.000] (epsg:4326))
2026-08-04 18:57:50,080 - snakemake_workflow - rasterdataset - INFO - Reading population raster data from D:\GFM\inputs\exposure\ppp_2020_1km_Aggregated.tif
2026-08-04 18:57:50,133 - snakemake_workflow - rasterdataset - DEBUG - Clip to [164.000, 60.000, 168.000, 61.000] (epsg:4326))
2026-08-04 18:57:50,370 - snakemake_workflow - rasterdataset - INFO - Reading population raster data from D:\GFM\inputs\exposure\ppp_2020_1km_Aggregated.tif
2026-08-04 18:57:50,421 - snakemake_workflow - rasterdataset - DEBUG - Clip to [167.000, 60.000, 171.000, 61.000] (epsg:4326))
2026-08-04 18:57:50,768 - snakemake_workflow - rasterdataset - INFO - Reading population raster data from D:\GFM\inputs\exposure\ppp_2020_1km_Aggregated.tif
2026-08-04 18:57:50,778 - snakemake_workflow - rasterdataset - INFO - Reading population raster data from D:\GFM\inputs\exposure\ppp_2020_1km_Aggregated.tif
2026-08-04 18:57:50,831 - snakemake_workflow - rasterdataset - DEBUG - Clip to [170.000, 60.000, 173.000, 61.000] (epsg:4326))
2026-08-04 18:57:50,862 - snakemake_workflow - rasterdataset - DEBUG - Clip to [172.000, 61.000, 175.000, 62.000] (epsg:4326))
2026-08-04 18:57:50,881 - snakemake_workflow - rasterdataset - INFO - Reading population raster data from D:\GFM\inputs\exposure\ppp_2020_1km_Aggregated.tif
2026-08-04 18:57:50,943 - snakemake_workflow - rasterdataset - DEBUG - Clip to [38.000, 16.000, 42.000, 17.000] (epsg:4326))
2026-08-04 18:57:51,206 - snakemake_workflow - rasterdataset - INFO - Reading population raster data from D:\GFM\inputs\exposure\ppp_2020_1km_Aggregated.tif
2026-08-04 18:57:51,260 - snakemake_workflow - rasterdataset - DEBUG - Clip to [164.000, 62.000, 167.000, 63.000] (epsg:4326))
2026-08-04 18:57:53,040 - snakemake_workflow - rasterdataset - INFO - Reading population raster data from D:\GFM\inputs\exposure\ppp_2020_1km_Aggregated.tif
2026-08-04 18:57:53,093 - snakemake_workflow - rasterdataset - DEBUG - Clip to [47.000, 13.000, 49.000, 15.000] (epsg:4326))
2026-08-04 18:57:53,311 - snakemake_workflow - rasterdataset - INFO - Reading population raster data from D:\GFM\inputs\exposure\ppp_2020_1km_Aggregated.tif
2026-08-04 18:57:53,353 - snakemake_workflow - rasterdataset - INFO - Reading population raster data from D:\GFM\inputs\exposure\ppp_2020_1km_Aggregated.tif
2026-08-04 18:57:53,380 - snakemake_workflow - rasterdataset - DEBUG - Clip to [43.000, 10.000, 44.000, 13.000] (epsg:4326))
2026-08-04 18:57:53,407 - snakemake_workflow - rasterdataset - DEBUG - Clip to [168.000, 60.000, 172.000, 61.000] (epsg:4326))
2026-08-04 18:57:53,616 - snakemake_workflow - rasterdataset - INFO - Reading population raster data from D:\GFM\inputs\exposure\ppp_2020_1km_Aggregated.tif
2026-08-04 18:57:53,658 - snakemake_workflow - rasterdataset - DEBUG - Clip to [41.000, 16.000, 42.000, 20.000] (epsg:4326))
2026-08-04 18:57:53,792 - snakemake_workflow - rasterdataset - INFO - Reading population raster data from D:\GFM\inputs\exposure\ppp_2020_1km_Aggregated.tif
2026-08-04 18:57:53,846 - snakemake_workflow - rasterdataset - DEBUG - Clip to [46.000, 10.000, 48.000, 11.000] (epsg:4326))
2026-08-04 18:57:54,030 - snakemake_workflow - rasterdataset - INFO - Reading population raster data from D:\GFM\inputs\exposure\ppp_2020_1km_Aggregated.tif
2026-08-04 18:57:54,085 - snakemake_workflow - rasterdataset - DEBUG - Clip to [47.000, 14.000, 51.000, 15.000] (epsg:4326))
2026-08-04 18:57:55,000 - snakemake_workflow - rasterdataset - INFO - Reading population raster data from D:\GFM\inputs\exposure\ppp_2020_1km_Aggregated.tif
2026-08-04 18:57:55,053 - snakemake_workflow - rasterdataset - DEBUG - Clip to [174.000, 61.000, 176.000, 62.000] (epsg:4326))
2026-08-04 18:57:55,261 - snakemake_workflow - rasterdataset - INFO - Reading population raster data from D:\GFM\inputs\exposure\ppp_2020_1km_Aggregated.tif
2026-08-04 18:57:55,300 - snakemake_workflow - rasterdataset - DEBUG - Clip to [171.000, 60.000, 173.000, 62.000] (epsg:4326))
2026-08-04 18:57:55,343 - snakemake_workflow - rasterdataset - INFO - Reading population raster data from D:\GFM\inputs\exposure\ppp_2020_1km_Aggregated.tif
2026-08-04 18:57:55,382 - snakemake_workflow - rasterdataset - DEBUG - Clip to [165.000, 60.000, 169.000, 61.000] (epsg:4326))
2026-08-04 18:57:55,425 - snakemake_workflow - rasterdataset - INFO - Reading population raster data from D:\GFM\inputs\exposure\ppp_2020_1km_Aggregated.tif
2026-08-04 18:57:55,465 - snakemake_workflow - rasterdataset - DEBUG - Clip to [43.000, 12.000, 45.000, 13.000] (epsg:4326))
2026-08-04 18:57:55,882 - snakemake_workflow - rasterdataset - INFO - Reading population raster data from D:\GFM\inputs\exposure\ppp_2020_1km_Aggregated.tif
2026-08-04 18:57:55,928 - snakemake_workflow - rasterdataset - DEBUG - Clip to [174.000, 61.000, 176.000, 63.000] (epsg:4326))
2026-08-04 18:57:56,090 - snakemake_workflow - rasterdataset - INFO - Reading population raster data from D:\GFM\inputs\exposure\ppp_2020_1km_Aggregated.tif
2026-08-04 18:57:56,136 - snakemake_workflow - rasterdataset - DEBUG - Clip to [39.000, 16.000, 40.000, 18.000] (epsg:4326))
2026-08-04 18:57:56,305 - snakemake_workflow - rasterdataset - INFO - Reading population raster data from D:\GFM\inputs\exposure\ppp_2020_1km_Aggregated.tif
2026-08-04 18:57:56,322 - snakemake_workflow - rasterdataset - INFO - Reading population raster data from D:\GFM\inputs\exposure\ppp_2020_1km_Aggregated.tif
2026-08-04 18:57:56,412 - snakemake_workflow - rasterdataset - DEBUG - Clip to [43.000, 12.000, 46.000, 13.000] (epsg:4326))
2026-08-04 18:57:56,417 - snakemake_workflow - rasterdataset - DEBUG - Clip to [166.000, 62.000, 168.000, 63.000] (epsg:4326))
2026-08-04 18:57:56,983 - snakemake_workflow - rasterdataset - INFO - Reading population raster data from D:\GFM\inputs\exposure\ppp_2020_1km_Aggregated.tif
2026-08-04 18:57:57,029 - snakemake_workflow - rasterdataset - DEBUG - Clip to [38.000, 17.000, 40.000, 18.000] (epsg:4326))
2026-08-04 18:57:57,195 - snakemake_workflow - rasterdataset - INFO - Reading population raster data from D:\GFM\inputs\exposure\ppp_2020_1km_Aggregated.tif
2026-08-04 18:57:57,247 - snakemake_workflow - rasterdataset - DEBUG - Clip to [45.000, 13.000, 48.000, 14.000] (epsg:4326))
2026-08-04 18:57:57,302 - snakemake_workflow - rasterdataset - INFO - Reading population raster data from D:\GFM\inputs\exposure\ppp_2020_1km_Aggregated.tif
2026-08-04 18:57:57,358 - snakemake_workflow - rasterdataset - DEBUG - Clip to [43.000, 10.000, 47.000, 11.000] (epsg:4326))
2026-08-04 18:57:57,691 - snakemake_workflow - rasterdataset - INFO - Reading population raster data from D:\GFM\inputs\exposure\ppp_2020_1km_Aggregated.tif
2026-08-04 18:57:57,751 - snakemake_workflow - rasterdataset - DEBUG - Clip to [37.000, 18.000, 38.000, 22.000] (epsg:4326))
2026-08-04 18:57:57,825 - snakemake_workflow - rasterdataset - INFO - Reading population raster data from D:\GFM\inputs\exposure\ppp_2020_1km_Aggregated.tif
2026-08-04 18:57:57,904 - snakemake_workflow - rasterdataset - DEBUG - Clip to [35.000, 22.000, 37.000, 24.000] (epsg:4326))
2026-08-04 18:57:58,032 - snakemake_workflow - rasterdataset - INFO - Reading population raster data from D:\GFM\inputs\exposure\ppp_2020_1km_Aggregated.tif
2026-08-04 18:57:58,087 - snakemake_workflow - rasterdataset - DEBUG - Clip to [50.000, 8.000, 51.000, 12.000] (epsg:4326))
2026-08-04 18:57:58,623 - snakemake_workflow - rasterdataset - INFO - Reading population raster data from D:\GFM\inputs\exposure\ppp_2020_1km_Aggregated.tif
2026-08-04 18:57:58,671 - snakemake_workflow - rasterdataset - DEBUG - Clip to [47.000, 11.000, 51.000, 12.000] (epsg:4326))
2026-08-04 18:57:59,130 - snakemake_workflow - rasterdataset - INFO - Reading population raster data from D:\GFM\inputs\exposure\ppp_2020_1km_Aggregated.tif
2026-08-04 18:57:59,179 - snakemake_workflow - rasterdataset - DEBUG - Clip to [33.000, 31.000, 35.000, 32.000] (epsg:4326))
2026-08-04 18:57:59,649 - snakemake_workflow - rasterdataset - INFO - Reading population raster data from D:\GFM\inputs\exposure\ppp_2020_1km_Aggregated.tif
2026-08-04 18:57:59,723 - snakemake_workflow - rasterdataset - DEBUG - Clip to [40.000, -3.000, 42.000, -1.000] (epsg:4326))
2026-08-04 18:58:01,476 - snakemake_workflow - rasterdataset - INFO - Reading population raster data from D:\GFM\inputs\exposure\ppp_2020_1km_Aggregated.tif
2026-08-04 18:58:01,478 - snakemake_workflow - rasterdataset - INFO - Reading population raster data from D:\GFM\inputs\exposure\ppp_2020_1km_Aggregated.tif
2026-08-04 18:58:01,541 - snakemake_workflow - rasterdataset - DEBUG - Clip to [38.000, 21.000, 39.000, 25.000] (epsg:4326))
2026-08-04 18:58:01,561 - snakemake_workflow - rasterdataset - DEBUG - Clip to [27.000, 31.000, 29.000, 32.000] (epsg:4326))
2026-08-04 18:58:01,655 - snakemake_workflow - rasterdataset - INFO - Reading population raster data from D:\GFM\inputs\exposure\ppp_2020_1km_Aggregated.tif
2026-08-04 18:58:01,655 - snakemake_workflow - rasterdataset - INFO - Reading population raster data from D:\GFM\inputs\exposure\ppp_2020_1km_Aggregated.tif
2026-08-04 18:58:01,655 - snakemake_workflow - rasterdataset - INFO - Reading population raster data from D:\GFM\inputs\exposure\ppp_2020_1km_Aggregated.tif
2026-08-04 18:58:01,738 - snakemake_workflow - rasterdataset - DEBUG - Clip to [35.000, 36.000, 37.000, 37.000] (epsg:4326))
2026-08-04 18:58:01,747 - snakemake_workflow - rasterdataset - DEBUG - Clip to [50.000, 11.000, 52.000, 12.000] (epsg:4326))
2026-08-04 18:58:01,846 - snakemake_workflow - rasterdataset - DEBUG - Clip to [179.000, 64.000, 180.000, 66.000] (epsg:4326))
  WARNING: _has_exposure materialize failed for bbox=(179, 64, 180, 66) (MemoryError: Unable to allocate 3.01 GiB for an array with shape (1, 18720, 43200) and data type float32) - keeping chunk rather than silently dropping it
2026-08-04 18:58:02,970 - snakemake_workflow - rasterdataset - INFO - Reading population raster data from D:\GFM\inputs\exposure\ppp_2020_1km_Aggregated.tif
2026-08-04 18:58:03,066 - snakemake_workflow - rasterdataset - DEBUG - Clip to [50.000, 10.000, 52.000, 12.000] (epsg:4326))
2026-08-04 18:58:03,155 - snakemake_workflow - rasterdataset - INFO - Reading population raster data from D:\GFM\inputs\exposure\ppp_2020_1km_Aggregated.tif
2026-08-04 18:58:03,204 - snakemake_workflow - rasterdataset - DEBUG - Clip to [41.000, -3.000, 42.000, -1.000] (epsg:4326))
2026-08-04 18:58:03,461 - snakemake_workflow - rasterdataset - INFO - Reading population raster data from D:\GFM\inputs\exposure\ppp_2020_1km_Aggregated.tif
2026-08-04 18:58:03,542 - snakemake_workflow - rasterdataset - DEBUG - Clip to [23.000, 32.000, 25.000, 33.000] (epsg:4326))
2026-08-04 18:58:03,943 - snakemake_workflow - rasterdataset - INFO - Reading population raster data from D:\GFM\inputs\exposure\ppp_2020_1km_Aggregated.tif
2026-08-04 18:58:03,999 - snakemake_workflow - rasterdataset - DEBUG - Clip to [36.000, 21.000, 40.000, 22.000] (epsg:4326))
2026-08-04 18:58:04,122 - snakemake_workflow - rasterdataset - INFO - Reading population raster data from D:\GFM\inputs\exposure\ppp_2020_1km_Aggregated.tif
2026-08-04 18:58:04,177 - snakemake_workflow - rasterdataset - INFO - Reading population raster data from D:\GFM\inputs\exposure\ppp_2020_1km_Aggregated.tif
2026-08-04 18:58:04,210 - snakemake_workflow - rasterdataset - DEBUG - Clip to [24.000, 31.000, 28.000, 32.000] (epsg:4326))
2026-08-04 18:58:04,269 - snakemake_workflow - rasterdataset - DEBUG - Clip to [35.000, 32.000, 36.000, 35.000] (epsg:4326))
2026-08-04 18:58:04,785 - snakemake_workflow - rasterdataset - INFO - Reading population raster data from D:\GFM\inputs\exposure\ppp_2020_1km_Aggregated.tif
2026-08-04 18:58:04,842 - snakemake_workflow - rasterdataset - DEBUG - Clip to [34.000, 24.000, 35.000, 27.000] (epsg:4326))
2026-08-04 18:58:05,468 - snakemake_workflow - rasterdataset - INFO - Reading population raster data from D:\GFM\inputs\exposure\ppp_2020_1km_Aggregated.tif
2026-08-04 18:58:05,568 - snakemake_workflow - rasterdataset - DEBUG - Clip to [39.000, -6.000, 40.000, -4.000] (epsg:4326))
2026-08-04 18:58:05,727 - snakemake_workflow - rasterdataset - INFO - Reading population raster data from D:\GFM\inputs\exposure\ppp_2020_1km_Aggregated.tif
2026-08-04 18:58:05,827 - snakemake_workflow - rasterdataset - DEBUG - Clip to [39.000, -11.000, 40.000, -8.000] (epsg:4326))
2026-08-04 18:58:06,645 - snakemake_workflow - rasterdataset - INFO - Reading population raster data from D:\GFM\inputs\exposure\ppp_2020_1km_Aggregated.tif
2026-08-04 18:58:06,727 - snakemake_workflow - rasterdataset - DEBUG - Clip to [38.000, 21.000, 40.000, 23.000] (epsg:4326))
2026-08-04 18:58:07,148 - snakemake_workflow - rasterdataset - INFO - Reading population raster data from D:\GFM\inputs\exposure\ppp_2020_1km_Aggregated.tif
2026-08-04 18:58:07,192 - snakemake_workflow - rasterdataset - INFO - Reading population raster data from D:\GFM\inputs\exposure\ppp_2020_1km_Aggregated.tif
2026-08-04 18:58:07,227 - snakemake_workflow - rasterdataset - DEBUG - Clip to [40.000, -15.000, 41.000, -11.000] (epsg:4326))
2026-08-04 18:58:07,249 - snakemake_workflow - rasterdataset - DEBUG - Clip to [35.000, 34.000, 37.000, 35.000] (epsg:4326))
2026-08-04 18:58:07,277 - snakemake_workflow - rasterdataset - INFO - Reading population raster data from D:\GFM\inputs\exposure\ppp_2020_1km_Aggregated.tif
2026-08-04 18:58:07,360 - snakemake_workflow - rasterdataset - DEBUG - Clip to [34.000, 26.000, 37.000, 27.000] (epsg:4326))
2026-08-04 18:58:07,875 - snakemake_workflow - rasterdataset - INFO - Reading population raster data from D:\GFM\inputs\exposure\ppp_2020_1km_Aggregated.tif
2026-08-04 18:58:07,925 - snakemake_workflow - rasterdataset - DEBUG - Clip to [28.000, 36.000, 32.000, 37.000] (epsg:4326))
2026-08-04 18:58:08,400 - snakemake_workflow - rasterdataset - INFO - Reading population raster data from D:\GFM\inputs\exposure\ppp_2020_1km_Aggregated.tif
2026-08-04 18:58:08,441 - snakemake_workflow - rasterdataset - DEBUG - Clip to [20.000, 32.000, 24.000, 33.000] (epsg:4326))
2026-08-04 18:58:08,912 - snakemake_workflow - rasterdataset - INFO - Reading population raster data from D:\GFM\inputs\exposure\ppp_2020_1km_Aggregated.tif
2026-08-04 18:58:08,963 - snakemake_workflow - rasterdataset - DEBUG - Clip to [14.000, 31.000, 16.000, 33.000] (epsg:4326))
2026-08-04 18:58:09,193 - snakemake_workflow - rasterdataset - INFO - Reading population raster data from D:\GFM\inputs\exposure\ppp_2020_1km_Aggregated.tif
2026-08-04 18:58:09,237 - snakemake_workflow - rasterdataset - DEBUG - Clip to [39.000, -6.000, 40.000, -3.000] (epsg:4326))
2026-08-04 18:58:09,943 - snakemake_workflow - rasterdataset - INFO - Reading population raster data from D:\GFM\inputs\exposure\ppp_2020_1km_Aggregated.tif
2026-08-04 18:58:10,007 - snakemake_workflow - rasterdataset - DEBUG - Clip to [19.000, 40.000, 20.000, 43.000] (epsg:4326))
2026-08-04 18:58:11,661 - snakemake_workflow - rasterdataset - INFO - Reading population raster data from D:\GFM\inputs\exposure\ppp_2020_1km_Aggregated.tif
2026-08-04 18:58:11,721 - snakemake_workflow - rasterdataset - DEBUG - Clip to [19.000, 29.000, 20.000, 31.000] (epsg:4326))
2026-08-04 18:58:11,883 - snakemake_workflow - rasterdataset - INFO - Reading population raster data from D:\GFM\inputs\exposure\ppp_2020_1km_Aggregated.tif
2026-08-04 18:58:11,921 - snakemake_workflow - rasterdataset - DEBUG - Clip to [14.000, 31.000, 18.000, 32.000] (epsg:4326))
2026-08-04 18:58:12,332 - snakemake_workflow - rasterdataset - INFO - Reading population raster data from D:\GFM\inputs\exposure\ppp_2020_1km_Aggregated.tif
2026-08-04 18:58:12,382 - snakemake_workflow - rasterdataset - DEBUG - Clip to [17.000, 42.000, 20.000, 43.000] (epsg:4326))
2026-08-04 18:58:12,585 - snakemake_workflow - rasterdataset - INFO - Reading population raster data from D:\GFM\inputs\exposure\ppp_2020_1km_Aggregated.tif
2026-08-04 18:58:12,649 - snakemake_workflow - rasterdataset - DEBUG - Clip to [15.000, 41.000, 16.000, 45.000] (epsg:4326))
2026-08-04 18:58:12,944 - snakemake_workflow - rasterdataset - INFO - Reading population raster data from D:\GFM\inputs\exposure\ppp_2020_1km_Aggregated.tif
2026-08-04 18:58:12,990 - snakemake_workflow - rasterdataset - DEBUG - Clip to [39.000, -17.000, 41.000, -15.000] (epsg:4326))
2026-08-04 18:58:13,272 - snakemake_workflow - rasterdataset - INFO - Reading population raster data from D:\GFM\inputs\exposure\ppp_2020_1km_Aggregated.tif
2026-08-04 18:58:13,524 - snakemake_workflow - rasterdataset - DEBUG - Clip to [35.000, -18.000, 39.000, -17.000] (epsg:4326))
2026-08-04 18:58:14,260 - snakemake_workflow - rasterdataset - INFO - Reading population raster data from D:\GFM\inputs\exposure\ppp_2020_1km_Aggregated.tif
2026-08-04 18:58:14,327 - snakemake_workflow - rasterdataset - DEBUG - Clip to [17.000, 30.000, 20.000, 31.000] (epsg:4326))
2026-08-04 18:58:15,220 - snakemake_workflow - rasterdataset - INFO - Reading population raster data from D:\GFM\inputs\exposure\ppp_2020_1km_Aggregated.tif
2026-08-04 18:58:15,314 - snakemake_workflow - rasterdataset - DEBUG - Clip to [40.000, -17.000, 41.000, -14.000] (epsg:4326))
2026-08-04 18:58:15,414 - snakemake_workflow - rasterdataset - INFO - Reading population raster data from D:\GFM\inputs\exposure\ppp_2020_1km_Aggregated.tif
2026-08-04 18:58:15,530 - snakemake_workflow - rasterdataset - DEBUG - Clip to [35.000, -19.000, 37.000, -17.000] (epsg:4326))
2026-08-04 18:58:17,198 - snakemake_workflow - rasterdataset - INFO - Reading population raster data from D:\GFM\inputs\exposure\ppp_2020_1km_Aggregated.tif
2026-08-04 18:58:17,295 - snakemake_workflow - rasterdataset - DEBUG - Clip to [26.000, 78.000, 28.000, 80.000] (epsg:4326))
2026-08-04 18:58:17,746 - snakemake_workflow - rasterdataset - INFO - Reading population raster data from D:\GFM\inputs\exposure\ppp_2020_1km_Aggregated.tif
2026-08-04 18:58:17,794 - snakemake_workflow - rasterdataset - DEBUG - Clip to [11.000, 32.000, 15.000, 33.000] (epsg:4326))
2026-08-04 18:58:18,203 - snakemake_workflow - rasterdataset - INFO - Reading population raster data from D:\GFM\inputs\exposure\ppp_2020_1km_Aggregated.tif
2026-08-04 18:58:18,329 - snakemake_workflow - rasterdataset - DEBUG - Clip to [0.000, 36.000, 3.000, 37.000] (epsg:4326))
2026-08-04 18:58:18,479 - snakemake_workflow - rasterdataset - INFO - Reading population raster data from D:\GFM\inputs\exposure\ppp_2020_1km_Aggregated.tif
2026-08-04 18:58:18,531 - snakemake_workflow - rasterdataset - DEBUG - Clip to [2.000, 36.000, 6.000, 37.000] (epsg:4326))
2026-08-04 18:58:19,658 - snakemake_workflow - rasterdataset - INFO - Reading population raster data from D:\GFM\inputs\exposure\ppp_2020_1km_Aggregated.tif
2026-08-04 18:58:19,717 - snakemake_workflow - rasterdataset - DEBUG - Clip to [28.000, 43.000, 29.000, 45.000] (epsg:4326))
2026-08-04 18:58:19,783 - snakemake_workflow - rasterdataset - INFO - Reading population raster data from D:\GFM\inputs\exposure\ppp_2020_1km_Aggregated.tif
2026-08-04 18:58:19,855 - snakemake_workflow - rasterdataset - DEBUG - Clip to [40.000, -12.000, 41.000, -10.000] (epsg:4326))
2026-08-04 18:58:19,897 - snakemake_workflow - rasterdataset - INFO - Reading population raster data from D:\GFM\inputs\exposure\ppp_2020_1km_Aggregated.tif
2026-08-04 18:58:19,967 - snakemake_workflow - rasterdataset - DEBUG - Clip to [35.000, -23.000, 36.000, -21.000] (epsg:4326))
2026-08-04 18:58:20,717 - snakemake_workflow - rasterdataset - INFO - Reading population raster data from D:\GFM\inputs\exposure\ppp_2020_1km_Aggregated.tif
2026-08-04 18:58:20,795 - snakemake_workflow - rasterdataset - DEBUG - Clip to [4.000, 43.000, 8.000, 44.000] (epsg:4326))
2026-08-04 18:58:21,959 - snakemake_workflow - rasterdataset - INFO - Reading population raster data from D:\GFM\inputs\exposure\ppp_2020_1km_Aggregated.tif
2026-08-04 18:58:21,980 - snakemake_workflow - rasterdataset - DEBUG - Clip to [32.000, -29.000, 33.000, -25.000] (epsg:4326))
2026-08-04 18:58:22,141 - snakemake_workflow - rasterdataset - INFO - Reading population raster data from D:\GFM\inputs\exposure\ppp_2020_1km_Aggregated.tif
2026-08-04 18:58:22,167 - snakemake_workflow - rasterdataset - DEBUG - Clip to [28.000, 41.000, 32.000, 42.000] (epsg:4326))
2026-08-04 18:58:22,399 - snakemake_workflow - rasterdataset - INFO - Reading population raster data from D:\GFM\inputs\exposure\ppp_2020_1km_Aggregated.tif
2026-08-04 18:58:22,526 - snakemake_workflow - rasterdataset - INFO - Reading population raster data from D:\GFM\inputs\exposure\ppp_2020_1km_Aggregated.tif
2026-08-04 18:58:22,541 - snakemake_workflow - rasterdataset - DEBUG - Clip to [49.000, 79.000, 52.000, 81.000] (epsg:4326))
2026-08-04 18:58:22,550 - snakemake_workflow - rasterdataset - DEBUG - Clip to [31.000, 41.000, 34.000, 42.000] (epsg:4326))
2026-08-04 18:58:23,360 - snakemake_workflow - rasterdataset - INFO - Reading population raster data from D:\GFM\inputs\exposure\ppp_2020_1km_Aggregated.tif
2026-08-04 18:58:23,418 - snakemake_workflow - rasterdataset - DEBUG - Clip to [35.000, -25.000, 36.000, -21.000] (epsg:4326))
2026-08-04 18:58:23,543 - snakemake_workflow - rasterdataset - INFO - Reading population raster data from D:\GFM\inputs\exposure\ppp_2020_1km_Aggregated.tif
2026-08-04 18:58:23,591 - snakemake_workflow - rasterdataset - DEBUG - Clip to [38.000, -18.000, 40.000, -16.000] (epsg:4326))
2026-08-04 18:58:23,814 - snakemake_workflow - rasterdataset - INFO - Reading population raster data from D:\GFM\inputs\exposure\ppp_2020_1km_Aggregated.tif
2026-08-04 18:58:23,933 - snakemake_workflow - rasterdataset - DEBUG - Clip to [0.000, 41.000, 4.000, 42.000] (epsg:4326))
2026-08-04 18:58:25,338 - snakemake_workflow - rasterdataset - INFO - Reading population raster data from D:\GFM\inputs\exposure\ppp_2020_1km_Aggregated.tif
2026-08-04 18:58:25,375 - snakemake_workflow - rasterdataset - DEBUG - Clip to [-1.000, 37.000, 0.000, 40.000] (epsg:4326))
2026-08-04 18:58:26,086 - snakemake_workflow - rasterdataset - INFO - Reading population raster data from D:\GFM\inputs\exposure\ppp_2020_1km_Aggregated.tif
2026-08-04 18:58:26,134 - snakemake_workflow - rasterdataset - DEBUG - Clip to [-10.000, 29.000, -9.000, 33.000] (epsg:4326))
2026-08-04 18:58:26,554 - snakemake_workflow - rasterdataset - INFO - Reading population raster data from D:\GFM\inputs\exposure\ppp_2020_1km_Aggregated.tif
2026-08-04 18:58:26,690 - snakemake_workflow - rasterdataset - DEBUG - Clip to [14.000, 35.000, 15.000, 38.000] (epsg:4326))
2026-08-04 18:58:26,980 - snakemake_workflow - rasterdataset - INFO - Reading population raster data from D:\GFM\inputs\exposure\ppp_2020_1km_Aggregated.tif
2026-08-04 18:58:26,980 - snakemake_workflow - rasterdataset - INFO - Reading population raster data from D:\GFM\inputs\exposure\ppp_2020_1km_Aggregated.tif
2026-08-04 18:58:27,036 - snakemake_workflow - rasterdataset - INFO - Reading population raster data from D:\GFM\inputs\exposure\ppp_2020_1km_Aggregated.tif
2026-08-04 18:58:27,047 - snakemake_workflow - rasterdataset - DEBUG - Clip to [35.000, 41.000, 38.000, 42.000] (epsg:4326))
2026-08-04 18:58:27,055 - snakemake_workflow - rasterdataset - DEBUG - Clip to [30.000, 46.000, 34.000, 47.000] (epsg:4326))
2026-08-04 18:58:27,071 - snakemake_workflow - rasterdataset - DEBUG - Clip to [-10.000, 42.000, -8.000, 44.000] (epsg:4326))
2026-08-04 18:58:28,002 - snakemake_workflow - rasterdataset - INFO - Reading population raster data from D:\GFM\inputs\exposure\ppp_2020_1km_Aggregated.tif
  filter_and_shave_chunks: 1200/3719 checked, 1102 kept so far (2960s elapsed)
  filter_and_shave_chunks: 1400/3719 checked, 1272 kept so far (2960s elapsed)
2026-08-04 18:58:28,043 - snakemake_workflow - rasterdataset - DEBUG - Clip to [-7.000, 43.000, -3.000, 44.000] (epsg:4326))
2026-08-04 18:58:28,110 - snakemake_workflow - rasterdataset - INFO - Reading population raster data from D:\GFM\inputs\exposure\ppp_2020_1km_Aggregated.tif
2026-08-04 18:58:28,185 - snakemake_workflow - rasterdataset - DEBUG - Clip to [0.000, 39.000, 4.000, 40.000] (epsg:4326))
2026-08-04 18:58:29,419 - snakemake_workflow - rasterdataset - INFO - Reading population raster data from D:\GFM\inputs\exposure\ppp_2020_1km_Aggregated.tif
2026-08-04 18:58:29,444 - snakemake_workflow - rasterdataset - DEBUG - Clip to [-9.000, 37.000, -8.000, 40.000] (epsg:4326))
2026-08-04 18:58:29,748 - snakemake_workflow - rasterdataset - INFO - Reading population raster data from D:\GFM\inputs\exposure\ppp_2020_1km_Aggregated.tif
2026-08-04 18:58:29,779 - snakemake_workflow - rasterdataset - DEBUG - Clip to [-3.000, 35.000, 1.000, 36.000] (epsg:4326))
2026-08-04 18:58:29,946 - snakemake_workflow - rasterdataset - INFO - Reading population raster data from D:\GFM\inputs\exposure\ppp_2020_1km_Aggregated.tif
2026-08-04 18:58:29,975 - snakemake_workflow - rasterdataset - DEBUG - Clip to [-19.000, 28.000, -15.000, 29.000] (epsg:4326))
2026-08-04 18:58:30,842 - snakemake_workflow - rasterdataset - INFO - Reading population raster data from D:\GFM\inputs\exposure\ppp_2020_1km_Aggregated.tif
2026-08-04 18:58:30,871 - snakemake_workflow - rasterdataset - DEBUG - Clip to [-9.000, 43.000, -6.000, 44.000] (epsg:4326))
2026-08-04 18:58:31,548 - snakemake_workflow - rasterdataset - INFO - Reading population raster data from D:\GFM\inputs\exposure\ppp_2020_1km_Aggregated.tif
2026-08-04 18:58:31,578 - snakemake_workflow - rasterdataset - DEBUG - Clip to [-9.000, 41.000, -8.000, 44.000] (epsg:4326))
2026-08-04 18:58:32,429 - snakemake_workflow - rasterdataset - INFO - Reading population raster data from D:\GFM\inputs\exposure\ppp_2020_1km_Aggregated.tif
2026-08-04 18:58:32,466 - snakemake_workflow - rasterdataset - DEBUG - Clip to [25.000, -34.000, 28.000, -33.000] (epsg:4326))
2026-08-04 18:58:32,561 - snakemake_workflow - rasterdataset - INFO - Reading population raster data from D:\GFM\inputs\exposure\ppp_2020_1km_Aggregated.tif
2026-08-04 18:58:32,659 - snakemake_workflow - rasterdataset - DEBUG - Clip to [3.000, 39.000, 5.000, 41.000] (epsg:4326))
2026-08-04 18:58:32,662 - snakemake_workflow - rasterdataset - INFO - Reading population raster data from D:\GFM\inputs\exposure\ppp_2020_1km_Aggregated.tif
2026-08-04 18:58:32,763 - snakemake_workflow - rasterdataset - INFO - Reading population raster data from D:\GFM\inputs\exposure\ppp_2020_1km_Aggregated.tif
2026-08-04 18:58:32,811 - snakemake_workflow - rasterdataset - DEBUG - Clip to [25.000, -34.000, 27.000, -33.000] (epsg:4326))
2026-08-04 18:58:32,837 - snakemake_workflow - rasterdataset - DEBUG - Clip to [-4.000, 35.000, 0.000, 36.000] (epsg:4326))
2026-08-04 18:58:33,167 - snakemake_workflow - rasterdataset - INFO - Reading population raster data from D:\GFM\inputs\exposure\ppp_2020_1km_Aggregated.tif
2026-08-04 18:58:33,225 - snakemake_workflow - rasterdataset - DEBUG - Clip to [-14.000, 28.000, -10.000, 29.000] (epsg:4326))
2026-08-04 18:58:33,454 - snakemake_workflow - rasterdataset - INFO - Reading population raster data from D:\GFM\inputs\exposure\ppp_2020_1km_Aggregated.tif
2026-08-04 18:58:33,496 - snakemake_workflow - rasterdataset - DEBUG - Clip to [38.000, 47.000, 41.000, 48.000] (epsg:4326))
2026-08-04 18:58:33,769 - snakemake_workflow - rasterdataset - INFO - Reading population raster data from D:\GFM\inputs\exposure\ppp_2020_1km_Aggregated.tif
2026-08-04 18:58:33,822 - snakemake_workflow - rasterdataset - DEBUG - Clip to [-9.000, 39.000, -8.000, 43.000] (epsg:4326))
2026-08-04 18:58:33,872 - snakemake_workflow - rasterdataset - INFO - Reading population raster data from D:\GFM\inputs\exposure\ppp_2020_1km_Aggregated.tif
2026-08-04 18:58:33,913 - snakemake_workflow - rasterdataset - DEBUG - Clip to [3.000, 39.000, 4.000, 42.000] (epsg:4326))
2026-08-04 18:58:34,542 - snakemake_workflow - rasterdataset - INFO - Reading population raster data from D:\GFM\inputs\exposure\ppp_2020_1km_Aggregated.tif
2026-08-04 18:58:34,611 - snakemake_workflow - rasterdataset - DEBUG - Clip to [-15.000, 28.000, -11.000, 29.000] (epsg:4326))
2026-08-04 18:58:34,761 - snakemake_workflow - rasterdataset - INFO - Reading population raster data from D:\GFM\inputs\exposure\ppp_2020_1km_Aggregated.tif
2026-08-04 18:58:34,818 - snakemake_workflow - rasterdataset - DEBUG - Clip to [18.000, -35.000, 22.000, -34.000] (epsg:4326))
2026-08-04 18:58:35,186 - snakemake_workflow - rasterdataset - INFO - Reading population raster data from D:\GFM\inputs\exposure\ppp_2020_1km_Aggregated.tif
2026-08-04 18:58:35,230 - snakemake_workflow - rasterdataset - DEBUG - Clip to [-17.000, 21.000, -16.000, 24.000] (epsg:4326))
2026-08-04 18:58:35,387 - snakemake_workflow - rasterdataset - INFO - Reading population raster data from D:\GFM\inputs\exposure\ppp_2020_1km_Aggregated.tif
2026-08-04 18:58:35,435 - snakemake_workflow - rasterdataset - DEBUG - Clip to [-14.000, 27.000, -12.000, 29.000] (epsg:4326))
2026-08-04 18:58:35,519 - snakemake_workflow - rasterdataset - INFO - Reading population raster data from D:\GFM\inputs\exposure\ppp_2020_1km_Aggregated.tif
2026-08-04 18:58:35,568 - snakemake_workflow - rasterdataset - DEBUG - Clip to [-7.000, 33.000, -6.000, 37.000] (epsg:4326))
2026-08-04 18:58:36,295 - snakemake_workflow - rasterdataset - INFO - Reading population raster data from D:\GFM\inputs\exposure\ppp_2020_1km_Aggregated.tif
2026-08-04 18:58:36,351 - snakemake_workflow - rasterdataset - DEBUG - Clip to [-10.000, 38.000, -8.000, 40.000] (epsg:4326))
2026-08-04 18:58:36,751 - snakemake_workflow - rasterdataset - INFO - Reading population raster data from D:\GFM\inputs\exposure\ppp_2020_1km_Aggregated.tif
2026-08-04 18:58:36,773 - snakemake_workflow - rasterdataset - INFO - Reading population raster data from D:\GFM\inputs\exposure\ppp_2020_1km_Aggregated.tif
2026-08-04 18:58:36,787 - snakemake_workflow - rasterdataset - DEBUG - Clip to [-15.000, 13.000, -13.000, 14.000] (epsg:4326))
2026-08-04 18:58:36,819 - snakemake_workflow - rasterdataset - DEBUG - Clip to [38.000, 47.000, 42.000, 48.000] (epsg:4326))
2026-08-04 18:58:37,007 - snakemake_workflow - rasterdataset - INFO - Reading population raster data from D:\GFM\inputs\exposure\ppp_2020_1km_Aggregated.tif
2026-08-04 18:58:37,162 - snakemake_workflow - rasterdataset - DEBUG - Clip to [-19.000, 27.000, -17.000, 29.000] (epsg:4326))
2026-08-04 18:58:38,279 - snakemake_workflow - rasterdataset - INFO - Reading population raster data from D:\GFM\inputs\exposure\ppp_2020_1km_Aggregated.tif
2026-08-04 18:58:38,350 - snakemake_workflow - rasterdataset - DEBUG - Clip to [-14.000, 26.000, -13.000, 30.000] (epsg:4326))
2026-08-04 18:58:38,815 - snakemake_workflow - rasterdataset - INFO - Reading population raster data from D:\GFM\inputs\exposure\ppp_2020_1km_Aggregated.tif
2026-08-04 18:58:38,851 - snakemake_workflow - rasterdataset - DEBUG - Clip to [-4.000, 43.000, -1.000, 44.000] (epsg:4326))
2026-08-04 18:58:38,963 - snakemake_workflow - rasterdataset - INFO - Reading population raster data from D:\GFM\inputs\exposure\ppp_2020_1km_Aggregated.tif
2026-08-04 18:58:39,007 - snakemake_workflow - rasterdataset - DEBUG - Clip to [-18.000, 20.000, -16.000, 22.000] (epsg:4326))
2026-08-04 18:58:39,035 - snakemake_workflow - rasterdataset - INFO - Reading population raster data from D:\GFM\inputs\exposure\ppp_2020_1km_Aggregated.tif
2026-08-04 18:58:39,047 - snakemake_workflow - rasterdataset - INFO - Reading population raster data from D:\GFM\inputs\exposure\ppp_2020_1km_Aggregated.tif
2026-08-04 18:58:39,070 - snakemake_workflow - rasterdataset - DEBUG - Clip to [-6.000, 48.000, -5.000, 51.000] (epsg:4326))
2026-08-04 18:58:39,082 - snakemake_workflow - rasterdataset - DEBUG - Clip to [-5.000, 43.000, -3.000, 44.000] (epsg:4326))
2026-08-04 18:58:39,213 - snakemake_workflow - rasterdataset - INFO - Reading population raster data from D:\GFM\inputs\exposure\ppp_2020_1km_Aggregated.tif
2026-08-04 18:58:39,309 - snakemake_workflow - rasterdataset - DEBUG - Clip to [-15.000, 9.000, -13.000, 11.000] (epsg:4326))
2026-08-04 18:58:39,613 - snakemake_workflow - rasterdataset - INFO - Reading population raster data from D:\GFM\inputs\exposure\ppp_2020_1km_Aggregated.tif
2026-08-04 18:58:39,743 - snakemake_workflow - rasterdataset - DEBUG - Clip to [-9.000, 57.000, -5.000, 58.000] (epsg:4326))
2026-08-04 18:58:39,858 - snakemake_workflow - rasterdataset - INFO - Reading population raster data from D:\GFM\inputs\exposure\ppp_2020_1km_Aggregated.tif
2026-08-04 18:58:39,858 - snakemake_workflow - rasterdataset - INFO - Reading population raster data from D:\GFM\inputs\exposure\ppp_2020_1km_Aggregated.tif
2026-08-04 18:58:39,888 - snakemake_workflow - rasterdataset - DEBUG - Clip to [12.000, -16.000, 13.000, -12.000] (epsg:4326))
2026-08-04 18:58:39,890 - snakemake_workflow - rasterdataset - DEBUG - Clip to [-3.000, 59.000, -1.000, 61.000] (epsg:4326))
2026-08-04 18:58:41,191 - snakemake_workflow - rasterdataset - INFO - Reading population raster data from D:\GFM\inputs\exposure\ppp_2020_1km_Aggregated.tif
2026-08-04 18:58:41,212 - snakemake_workflow - rasterdataset - DEBUG - Clip to [-6.000, 5.000, -2.000, 6.000] (epsg:4326))
2026-08-04 18:58:41,470 - snakemake_workflow - rasterdataset - INFO - Reading population raster data from D:\GFM\inputs\exposure\ppp_2020_1km_Aggregated.tif
2026-08-04 18:58:41,551 - snakemake_workflow - rasterdataset - DEBUG - Clip to [17.000, -32.000, 18.000, -29.000] (epsg:4326))
2026-08-04 18:58:42,198 - snakemake_workflow - rasterdataset - INFO - Reading population raster data from D:\GFM\inputs\exposure\ppp_2020_1km_Aggregated.tif
2026-08-04 18:58:42,233 - snakemake_workflow - rasterdataset - DEBUG - Clip to [-3.000, 47.000, 1.000, 48.000] (epsg:4326))
2026-08-04 18:58:42,233 - snakemake_workflow - rasterdataset - INFO - Reading population raster data from D:\GFM\inputs\exposure\ppp_2020_1km_Aggregated.tif
2026-08-04 18:58:42,381 - snakemake_workflow - rasterdataset - DEBUG - Clip to [-15.000, 9.000, -14.000, 12.000] (epsg:4326))
2026-08-04 18:58:43,717 - snakemake_workflow - rasterdataset - INFO - Reading population raster data from D:\GFM\inputs\exposure\ppp_2020_1km_Aggregated.tif
2026-08-04 18:58:43,739 - snakemake_workflow - rasterdataset - DEBUG - Clip to [14.000, -24.000, 15.000, -22.000] (epsg:4326))
2026-08-04 18:58:43,908 - snakemake_workflow - rasterdataset - INFO - Reading population raster data from D:\GFM\inputs\exposure\ppp_2020_1km_Aggregated.tif
2026-08-04 18:58:44,145 - snakemake_workflow - rasterdataset - DEBUG - Clip to [-7.000, 4.000, -5.000, 5.000] (epsg:4326))
2026-08-04 18:58:44,294 - snakemake_workflow - rasterdataset - INFO - Reading population raster data from D:\GFM\inputs\exposure\ppp_2020_1km_Aggregated.tif
2026-08-04 18:58:44,314 - snakemake_workflow - rasterdataset - DEBUG - Clip to [-6.000, 56.000, -5.000, 60.000] (epsg:4326))
2026-08-04 18:58:44,677 - snakemake_workflow - rasterdataset - INFO - Reading population raster data from D:\GFM\inputs\exposure\ppp_2020_1km_Aggregated.tif
2026-08-04 18:58:44,677 - snakemake_workflow - rasterdataset - INFO - Reading population raster data from D:\GFM\inputs\exposure\ppp_2020_1km_Aggregated.tif
2026-08-04 18:58:44,703 - snakemake_workflow - rasterdataset - DEBUG - Clip to [14.000, -27.000, 15.000, -23.000] (epsg:4326))
2026-08-04 18:58:44,704 - snakemake_workflow - rasterdataset - DEBUG - Clip to [11.000, -19.000, 12.000, -15.000] (epsg:4326))
2026-08-04 18:58:45,205 - snakemake_workflow - rasterdataset - INFO - Reading population raster data from D:\GFM\inputs\exposure\ppp_2020_1km_Aggregated.tif
2026-08-04 18:58:45,227 - snakemake_workflow - rasterdataset - DEBUG - Clip to [-17.000, 19.000, -16.000, 23.000] (epsg:4326))
2026-08-04 18:58:45,774 - snakemake_workflow - rasterdataset - INFO - Reading population raster data from D:\GFM\inputs\exposure\ppp_2020_1km_Aggregated.tif
2026-08-04 18:58:45,798 - snakemake_workflow - rasterdataset - DEBUG - Clip to [-7.000, 4.000, -5.000, 6.000] (epsg:4326))
2026-08-04 18:58:46,093 - snakemake_workflow - rasterdataset - INFO - Reading population raster data from D:\GFM\inputs\exposure\ppp_2020_1km_Aggregated.tif
2026-08-04 18:58:46,122 - snakemake_workflow - rasterdataset - DEBUG - Clip to [12.000, 52.000, 16.000, 53.000] (epsg:4326))
2026-08-04 18:58:46,470 - snakemake_workflow - rasterdataset - INFO - Reading population raster data from D:\GFM\inputs\exposure\ppp_2020_1km_Aggregated.tif
2026-08-04 18:58:46,490 - snakemake_workflow - rasterdataset - DEBUG - Clip to [14.000, -24.000, 15.000, -21.000] (epsg:4326))
2026-08-04 18:58:47,872 - snakemake_workflow - rasterdataset - INFO - Reading population raster data from D:\GFM\inputs\exposure\ppp_2020_1km_Aggregated.tif
2026-08-04 18:58:47,892 - snakemake_workflow - rasterdataset - INFO - Reading population raster data from D:\GFM\inputs\exposure\ppp_2020_1km_Aggregated.tif
2026-08-04 18:58:47,913 - snakemake_workflow - rasterdataset - INFO - Reading population raster data from D:\GFM\inputs\exposure\ppp_2020_1km_Aggregated.tif
2026-08-04 18:58:47,917 - snakemake_workflow - rasterdataset - DEBUG - Clip to [13.000, -13.000, 14.000, -11.000] (epsg:4326))
2026-08-04 18:58:47,938 - snakemake_workflow - rasterdataset - DEBUG - Clip to [-3.000, 57.000, -2.000, 61.000] (epsg:4326))
2026-08-04 18:58:48,014 - snakemake_workflow - rasterdataset - DEBUG - Clip to [-3.000, 57.000, -1.000, 58.000] (epsg:4326))
2026-08-04 18:58:48,361 - snakemake_workflow - rasterdataset - INFO - Reading population raster data from D:\GFM\inputs\exposure\ppp_2020_1km_Aggregated.tif
2026-08-04 18:58:48,408 - snakemake_workflow - rasterdataset - DEBUG - Clip to [-6.000, 48.000, -4.000, 49.000] (epsg:4326))
2026-08-04 18:58:48,452 - snakemake_workflow - rasterdataset - INFO - Reading population raster data from D:\GFM\inputs\exposure\ppp_2020_1km_Aggregated.tif
2026-08-04 18:58:48,860 - snakemake_workflow - rasterdataset - DEBUG - Clip to [-10.000, 4.000, -8.000, 6.000] (epsg:4326))
2026-08-04 18:58:49,385 - snakemake_workflow - rasterdataset - INFO - Reading population raster data from D:\GFM\inputs\exposure\ppp_2020_1km_Aggregated.tif
2026-08-04 18:58:49,421 - snakemake_workflow - rasterdataset - DEBUG - Clip to [13.000, -10.000, 14.000, -7.000] (epsg:4326))
2026-08-04 18:58:49,597 - snakemake_workflow - rasterdataset - INFO - Reading population raster data from D:\GFM\inputs\exposure\ppp_2020_1km_Aggregated.tif
2026-08-04 18:58:49,627 - snakemake_workflow - rasterdataset - DEBUG - Clip to [-11.000, 5.000, -9.000, 7.000] (epsg:4326))
2026-08-04 18:58:50,412 - snakemake_workflow - rasterdataset - INFO - Reading population raster data from D:\GFM\inputs\exposure\ppp_2020_1km_Aggregated.tif
2026-08-04 18:58:50,433 - snakemake_workflow - rasterdataset - DEBUG - Clip to [-9.000, 4.000, -6.000, 5.000] (epsg:4326))
2026-08-04 18:58:50,663 - snakemake_workflow - rasterdataset - INFO - Reading population raster data from D:\GFM\inputs\exposure\ppp_2020_1km_Aggregated.tif
2026-08-04 18:58:50,693 - snakemake_workflow - rasterdataset - DEBUG - Clip to [-4.000, 5.000, -1.000, 6.000] (epsg:4326))
concurrent.futures.process._RemoteTraceback: 
"""
Traceback (most recent call last):
  File "rasterio\\_io.pyx", line 977, in rasterio._io.DatasetReaderBase._read
  File "rasterio\\_io.pyx", line 215, in rasterio._io.io_multi_band
  File "rasterio\\_err.pyx", line 195, in rasterio._err.exc_wrap_int
rasterio._err.CPLE_OpenFailedError: D:/GFM/inputs/DeltaDTM_masks/DeltaDTM_v1_1_N39E142.tif: No such file or directory

During handling of the above exception, another exception occurred:

Traceback (most recent call last):
  File "C:\Users\Schlu005\GFM\.pixi\envs\default\Lib\concurrent\futures\process.py", line 261, in _process_worker
    r = call_item.fn(*call_item.args, **call_item.kwargs)
        ^^^^^^^^^^^^^^^^^^^^^^^^^^^^^^^^^^^^^^^^^^^^^^^^^
  File "C:\Users\Schlu005\GFM\.pixi\envs\default\Lib\concurrent\futures\process.py", line 210, in _process_chunk
    return [fn(*args) for args in chunk]
           ^^^^^^^^^^^^^^^^^^^^^^^^^^^^^
  File "C:\Users\Schlu005\GFM\.pixi\envs\default\Lib\concurrent\futures\process.py", line 210, in <listcomp>
    return [fn(*args) for args in chunk]
            ^^^^^^^^^
  File "C:\Users\Schlu005\GFM\snakemake_workflow\src\tile_chunking.py", line 1354, in _stage_a_one
    shaved = _shave_chunk(
             ^^^^^^^^^^^^^
  File "C:\Users\Schlu005\GFM\snakemake_workflow\src\tile_chunking.py", line 1223, in _shave_chunk
    sample_result = _mosaic_nearest_coarse(bbox, mask_index, dem_index, sample_resolution_m)
                    ^^^^^^^^^^^^^^^^^^^^^^^^^^^^^^^^^^^^^^^^^^^^^^^^^^^^^^^^^^^^^^^^^^^^^^^^
  File "C:\Users\Schlu005\GFM\snakemake_workflow\src\tile_chunking.py", line 1181, in _mosaic_nearest_coarse
    mask_out[r0:r0 + h, c0:c0 + w] = retry_transient_io(
                                     ^^^^^^^^^^^^^^^^^^^
  File "C:\Users\Schlu005\GFM\snakemake_workflow\src\config_utils.py", line 68, in retry_transient_io
    raise last_err
  File "C:\Users\Schlu005\GFM\snakemake_workflow\src\config_utils.py", line 58, in retry_transient_io
    return fn(*args, **kwargs)
           ^^^^^^^^^^^^^^^^^^^
  File "rasterio\\_io.pyx", line 694, in rasterio._io.DatasetReaderBase.read
  File "rasterio\\_io.pyx", line 696, in rasterio._io.DatasetReaderBase.read
  File "rasterio\\_io.pyx", line 980, in rasterio._io.DatasetReaderBase._read
rasterio.errors.RasterioIOError: Read or write failed. D:/GFM/inputs/DeltaDTM_masks/DeltaDTM_v1_1_N39E142.tif: No such file or directory
"""

The above exception was the direct cause of the following exception:

Traceback (most recent call last):
  File "C:\Users\Schlu005\GFM\snakemake_workflow\preparation\run_preparation.py", line 99, in _run_step
    fn(**kwargs)
  File "C:\Users\Schlu005\GFM\snakemake_workflow\preparation\build_tile_manifest.py", line 200, in run
    shaved, dropped_exposure = filter_and_shave_chunks(
                               ^^^^^^^^^^^^^^^^^^^^^^^^
  File "C:\Users\Schlu005\GFM\snakemake_workflow\src\tile_chunking.py", line 1388, in filter_and_shave_chunks
    for i, (input_bbox, (reason, result)) in enumerate(zip(bboxes, ex.map(_stage_a_one, bboxes, chunksize=4))):
  File "C:\Users\Schlu005\GFM\.pixi\envs\default\Lib\concurrent\futures\process.py", line 620, in _chain_from_iterable_of_lists
    for element in iterable:
  File "C:\Users\Schlu005\GFM\.pixi\envs\default\Lib\concurrent\futures\_base.py", line 619, in result_iterator
    yield _result_or_cancel(fs.pop())
          ^^^^^^^^^^^^^^^^^^^^^^^^^^^
  File "C:\Users\Schlu005\GFM\.pixi\envs\default\Lib\concurrent\futures\_base.py", line 317, in _result_or_cancel
    return fut.result(timeout)
           ^^^^^^^^^^^^^^^^^^^
  File "C:\Users\Schlu005\GFM\.pixi\envs\default\Lib\concurrent\futures\_base.py", line 449, in result
    return self.__get_result()
           ^^^^^^^^^^^^^^^^^^^
  File "C:\Users\Schlu005\GFM\.pixi\envs\default\Lib\concurrent\futures\_base.py", line 401, in __get_result
    raise self._exception
rasterio.errors.RasterioIOError: Read or write failed. D:/GFM/inputs/DeltaDTM_masks/DeltaDTM_v1_1_N39E142.tif: No such file or directory

  [FAIL] FAILED after 4684s - Build DeltaDTM-tile chunk manifest -> tile_grid.path

  [ SKIP ] Connectivity map

  [ SKIP ] Boundary conditions

============================================================
  Preparation pipeline complete  (78.1 min)
============================================================
  [FAIL]  tile_generation

  Some steps failed � check output above.
